startTime,neId,counterCode,counterValue,granularity,neType,vendorName
1696907700000,BCN014_01,DCR_DEN,1311.0,900,NRCell,Huawei
1696907700000,BCN014_01,DCR_NUM,0.0,900,NRCell,Huawei
1696907700000,BCN014_01,DROP_CALL_VOLTE_DEN,7.0,900,NRCell,Huawei
1696907700000,BCN014_01,DROP_CALL_VOLTE_NUM,0.0,900,NRCell,Huawei
1696907700000,BCN014_01,ERAB_SR_DEN,1308.0,900,NRCell,Huawei
1696907700000,BCN014_01,ERAB_SR_NUM,1308.0,900,NRCell,Huawei
1696907700000,BCN014_01,INTEGRITY_NGBR_QCI_9,17311470400.0,900,NRCell,Huawei
1696907700000,BCN014_01,INTRA_FREQUENCY_HO_OUT_ATT,112.0,900,NRCell,Huawei
1696907700000,BCN014_01,INTRA_FREQUENCY_HO_OUT_SUCC,112.0,900,NRCell,Huawei
1696907700000,BCN014_01,RRC_SETUP_ATT,779.0,900,NRCell,Huawei
1696907700000,BCN014_01,RRC_SETUP_SUCC,773.0,900,NRCell,Huawei
1696907700000,BCN014_01,S1SIG_Connection_Setup_SR_DEN,773.0,900,NRCell,Huawei
1696907700000,BCN014_01,S1SIG_Connection_Setup_SR_NUM,773.0,900,NRCell,Huawei
1696907700000,BCN014_01,SERVICE_LATENCY_OVER_AIR_INTERFACE_DEN,461766.0,900,NRCell,Huawei
1696907700000,BCN014_01,SERVICE_LATENCY_OVER_AIR_INTERFACE_NUM,751177.0,900,NRCell,Huawei
1696907700000,BCN014_01,VOICE_TRAFFIC,2321.0,900,NRCell,Huawei
1696907700000,BCN014_01,VOLTE_CALL_SETUP_ATT,5.0,900,NRCell,Huawei
1696907700000,BCN014_01,VOLTE_CALL_SETUP_SUCC,5.0,900,NRCell,Huawei
1696907700000,BIL001_01,DCR_DEN,1510.0,900,NRCell,Huawei
1696907700000,BIL001_01,DCR_NUM,3.0,900,NRCell,Huawei
1696907700000,BIL001_01,DROP_CALL_VOLTE_DEN,13.0,900,NRCell,Huawei
1696907700000,BIL001_01,DROP_CALL_VOLTE_NUM,0.0,900,NRCell,Huawei
1696907700000,BIL001_01,ERAB_SR_DEN,1492.0,900,NRCell,Huawei
1696907700000,BIL001_01,ERAB_SR_NUM,1492.0,900,NRCell,Huawei
1696907700000,BIL001_01,INTEGRITY_NGBR_QCI_9,13959039752.0,900,NRCell,Huawei
1696907700000,BIL001_01,INTRA_FREQUENCY_HO_OUT_ATT,128.0,900,NRCell,Huawei
1696907700000,BIL001_01,INTRA_FREQUENCY_HO_OUT_SUCC,128.0,900,NRCell,Huawei
1696907700000,BIL001_01,RRC_SETUP_ATT,922.0,900,NRCell,Huawei
1696907700000,BIL001_01,RRC_SETUP_SUCC,921.0,900,NRCell,Huawei
1696907700000,BIL001_01,S1SIG_Connection_Setup_SR_DEN,921.0,900,NRCell,Huawei
1696907700000,BIL001_01,S1SIG_Connection_Setup_SR_NUM,921.0,900,NRCell,Huawei
1696907700000,BIL001_01,SERVICE_LATENCY_OVER_AIR_INTERFACE_DEN,385897.0,900,NRCell,Huawei
1696907700000,BIL001_01,SERVICE_LATENCY_OVER_AIR_INTERFACE_NUM,529201.0,900,NRCell,Huawei
1696907700000,BIL001_01,VOICE_TRAFFIC,19118.0,900,NRCell,Huawei
1696907700000,BIL001_01,VOLTE_CALL_SETUP_ATT,11.0,900,NRCell,Huawei
1696907700000,BIL001_01,VOLTE_CALL_SETUP_SUCC,11.0,900,NRCell,Huawei
1696907700000,MAD033_01,DCR_DEN,565.0,900,NRCell,Huawei
1696907700000,MAD033_01,DCR_NUM,0.0,900,NRCell,Huawei
1696907700000,MAD033_01,DROP_CALL_VOLTE_DEN,6.0,900,NRCell,Huawei
1696907700000,MAD033_01,DROP_CALL_VOLTE_NUM,0.0,900,NRCell,Huawei
1696907700000,MAD033_01,ERAB_SR_DEN,576.0,900,NRCell,Huawei
1696907700000,MAD033_01,ERAB_SR_NUM,576.0,900,NRCell,Huawei
1696907700000,MAD033_01,INTEGRITY_NGBR_QCI_9,4820535280.0,900,NRCell,Huawei
1696907700000,MAD033_01,INTRA_FREQUENCY_HO_OUT_ATT,24.0,900,NRCell,Huawei
1696907700000,MAD033_01,INTRA_FREQUENCY_HO_OUT_SUCC,24.0,900,NRCell,Huawei
1696907700000,MAD033_01,RRC_SETUP_ATT,341.0,900,NRCell,Huawei
1696907700000,MAD033_01,RRC_SETUP_SUCC,341.0,900,NRCell,Huawei
1696907700000,MAD033_01,S1SIG_Connection_Setup_SR_DEN,341.0,900,NRCell,Huawei
1696907700000,MAD033_01,S1SIG_Connection_Setup_SR_NUM,341.0,900,NRCell,Huawei
1696907700000,MAD033_01,SERVICE_LATENCY_OVER_AIR_INTERFACE_DEN,120126.0,900,NRCell,Huawei
1696907700000,MAD033_01,SERVICE_LATENCY_OVER_AIR_INTERFACE_NUM,161366.0,900,NRCell,Huawei
1696907700000,MAD033_01,VOICE_TRAFFIC,18881.0,900,NRCell,Huawei
1696907700000,MAD033_01,VOLTE_CALL_SETUP_ATT,7.0,900,NRCell,Huawei
1696907700000,MAD033_01,VOLTE_CALL_SETUP_SUCC,7.0,900,NRCell,Huawei
1696907700000,SAL030_01,DCR_DEN,139.0,900,NRCell,Huawei
1696907700000,SAL030_01,DCR_NUM,0.0,900,NRCell,Huawei
1696907700000,SAL030_01,DROP_CALL_VOLTE_DEN,2.0,900,NRCell,Huawei
1696907700000,SAL030_01,DROP_CALL_VOLTE_NUM,0.0,900,NRCell,Huawei
1696907700000,SAL030_01,ERAB_SR_DEN,131.0,900,NRCell,Huawei
1696907700000,SAL030_01,ERAB_SR_NUM,131.0,900,NRCell,Huawei
1696907700000,SAL030_01,INTEGRITY_NGBR_QCI_9,2357901048.0,900,NRCell,Huawei
1696907700000,SAL030_01,INTRA_FREQUENCY_HO_OUT_ATT,2.0,900,NRCell,Huawei
1696907700000,SAL030_01,INTRA_FREQUENCY_HO_OUT_SUCC,2.0,900,NRCell,Huawei
1696907700000,SAL030_01,RRC_SETUP_ATT,85.0,900,NRCell,Huawei
1696907700000,SAL030_01,RRC_SETUP_SUCC,85.0,900,NRCell,Huawei
1696907700000,SAL030_01,S1SIG_Connection_Setup_SR_DEN,85.0,900,NRCell,Huawei
1696907700000,SAL030_01,S1SIG_Connection_Setup_SR_NUM,85.0,900,NRCell,Huawei
1696907700000,SAL030_01,SERVICE_LATENCY_OVER_AIR_INTERFACE_DEN,63554.0,900,NRCell,Huawei
1696907700000,SAL030_01,SERVICE_LATENCY_OVER_AIR_INTERFACE_NUM,115462.0,900,NRCell,Huawei
1696907700000,SAL030_01,VOICE_TRAFFIC,8008.0,900,NRCell,Huawei
1696907700000,SAL030_01,VOLTE_CALL_SETUP_ATT,0.0,900,NRCell,Huawei
1696907700000,SAL030_01,VOLTE_CALL_SETUP_SUCC,0.0,900,NRCell,Huawei
1696907700000,SEV001_01,DCR_DEN,2167.0,900,NRCell,Huawei
1696907700000,SEV001_01,DCR_NUM,6.0,900,NRCell,Huawei
1696907700000,SEV001_01,DROP_CALL_VOLTE_DEN,10.0,900,NRCell,Huawei
1696907700000,SEV001_01,DROP_CALL_VOLTE_NUM,0.0,900,NRCell,Huawei
1696907700000,SEV001_01,ERAB_SR_DEN,2159.0,900,NRCell,Huawei
1696907700000,SEV001_01,ERAB_SR_NUM,2158.0,900,NRCell,Huawei
1696907700000,SEV001_01,INTEGRITY_NGBR_QCI_9,15443356736.0,900,NRCell,Huawei
1696907700000,SEV001_01,INTRA_FREQUENCY_HO_OUT_ATT,40.0,900,NRCell,Huawei
1696907700000,SEV001_01,INTRA_FREQUENCY_HO_OUT_SUCC,40.0,900,NRCell,Huawei
1696907700000,SEV001_01,RRC_SETUP_ATT,1198.0,900,NRCell,Huawei
1696907700000,SEV001_01,RRC_SETUP_SUCC,1198.0,900,NRCell,Huawei
1696907700000,SEV001_01,S1SIG_Connection_Setup_SR_DEN,1198.0,900,NRCell,Huawei
1696907700000,SEV001_01,S1SIG_Connection_Setup_SR_NUM,1198.0,900,NRCell,Huawei
1696907700000,SEV001_01,SERVICE_LATENCY_OVER_AIR_INTERFACE_DEN,555720.0,900,NRCell,Huawei
1696907700000,SEV001_01,SERVICE_LATENCY_OVER_AIR_INTERFACE_NUM,1336395.0,900,NRCell,Huawei
1696907700000,SEV001_01,VOICE_TRAFFIC,35544.0,900,NRCell,Huawei
1696907700000,SEV001_01,VOLTE_CALL_SETUP_ATT,11.0,900,NRCell,Huawei
1696907700000,SEV001_01,VOLTE_CALL_SETUP_SUCC,11.0,900,NRCell,Huawei
1696907700000,SNT002_01,DCR_DEN,738.0,900,NRCell,Huawei
1696907700000,SNT002_01,DCR_NUM,0.0,900,NRCell,Huawei
1696907700000,SNT002_01,DROP_CALL_VOLTE_DEN,5.0,900,NRCell,Huawei
1696907700000,SNT002_01,DROP_CALL_VOLTE_NUM,0.0,900,NRCell,Huawei
1696907700000,SNT002_01,ERAB_SR_DEN,727.0,900,NRCell,Huawei
1696907700000,SNT002_01,ERAB_SR_NUM,727.0,900,NRCell,Huawei
1696907700000,SNT002_01,INTEGRITY_NGBR_QCI_9,9373886736.0,900,NRCell,Huawei
1696907700000,SNT002_01,INTRA_FREQUENCY_HO_OUT_ATT,31.0,900,NRCell,Huawei
1696907700000,SNT002_01,INTRA_FREQUENCY_HO_OUT_SUCC,31.0,900,NRCell,Huawei
1696907700000,SNT002_01,RRC_SETUP_ATT,434.0,900,NRCell,Huawei
1696907700000,SNT002_01,RRC_SETUP_SUCC,432.0,900,NRCell,Huawei
1696907700000,SNT002_01,S1SIG_Connection_Setup_SR_DEN,432.0,900,NRCell,Huawei
1696907700000,SNT002_01,S1SIG_Connection_Setup_SR_NUM,432.0,900,NRCell,Huawei
1696907700000,SNT002_01,SERVICE_LATENCY_OVER_AIR_INTERFACE_DEN,388491.0,900,NRCell,Huawei
1696907700000,SNT002_01,SERVICE_LATENCY_OVER_AIR_INTERFACE_NUM,433282.0,900,NRCell,Huawei
1696907700000,SNT002_01,VOICE_TRAFFIC,4820.0,900,NRCell,Huawei
1696907700000,SNT002_01,VOLTE_CALL_SETUP_ATT,2.0,900,NRCell,Huawei
1696907700000,SNT002_01,VOLTE_CALL_SETUP_SUCC,2.0,900,NRCell,Huawei
1696907700000,TAR015_01,DCR_DEN,2352.0,900,NRCell,Huawei
1696907700000,TAR015_01,DCR_NUM,2.0,900,NRCell,Huawei
1696907700000,TAR015_01,DROP_CALL_VOLTE_DEN,21.0,900,NRCell,Huawei
1696907700000,TAR015_01,DROP_CALL_VOLTE_NUM,0.0,900,NRCell,Huawei
1696907700000,TAR015_01,ERAB_SR_DEN,2383.0,900,NRCell,Huawei
1696907700000,TAR015_01,ERAB_SR_NUM,2379.0,900,NRCell,Huawei
1696907700000,TAR015_01,INTEGRITY_NGBR_QCI_9,16055212568.0,900,NRCell,Huawei
1696907700000,TAR015_01,INTRA_FREQUENCY_HO_OUT_ATT,63.0,900,NRCell,Huawei
1696907700000,TAR015_01,INTRA_FREQUENCY_HO_OUT_SUCC,63.0,900,NRCell,Huawei
1696907700000,TAR015_01,RRC_SETUP_ATT,1333.0,900,NRCell,Huawei
1696907700000,TAR015_01,RRC_SETUP_SUCC,1333.0,900,NRCell,Huawei
1696907700000,TAR015_01,S1SIG_Connection_Setup_SR_DEN,1333.0,900,NRCell,Huawei
1696907700000,TAR015_01,S1SIG_Connection_Setup_SR_NUM,1333.0,900,NRCell,Huawei
1696907700000,TAR015_01,SERVICE_LATENCY_OVER_AIR_INTERFACE_DEN,479757.0,900,NRCell,Huawei
1696907700000,TAR015_01,SERVICE_LATENCY_OVER_AIR_INTERFACE_NUM,1494280.0,900,NRCell,Huawei
1696907700000,TAR015_01,VOICE_TRAFFIC,21891.0,900,NRCell,Huawei
1696907700000,TAR015_01,VOLTE_CALL_SETUP_ATT,20.0,900,NRCell,Huawei
1696907700000,TAR015_01,VOLTE_CALL_SETUP_SUCC,20.0,900,NRCell,Huawei
1696907700000,TOL034_01,DCR_DEN,50.0,900,NRCell,Huawei
1696907700000,TOL034_01,DCR_NUM,0.0,900,NRCell,Huawei
1696907700000,TOL034_01,DROP_CALL_VOLTE_DEN,0.0,900,NRCell,Huawei
1696907700000,TOL034_01,DROP_CALL_VOLTE_NUM,0.0,900,NRCell,Huawei
1696907700000,TOL034_01,ERAB_SR_DEN,52.0,900,NRCell,Huawei
1696907700000,TOL034_01,ERAB_SR_NUM,52.0,900,NRCell,Huawei
1696907700000,TOL034_01,INTEGRITY_NGBR_QCI_9,3402149784.0,900,NRCell,Huawei
1696907700000,TOL034_01,INTRA_FREQUENCY_HO_OUT_ATT,6.0,900,NRCell,Huawei
1696907700000,TOL034_01,INTRA_FREQUENCY_HO_OUT_SUCC,6.0,900,NRCell,Huawei
1696907700000,TOL034_01,RRC_SETUP_ATT,49.0,900,NRCell,Huawei
1696907700000,TOL034_01,RRC_SETUP_SUCC,49.0,900,NRCell,Huawei
1696907700000,TOL034_01,S1SIG_Connection_Setup_SR_DEN,49.0,900,NRCell,Huawei
1696907700000,TOL034_01,S1SIG_Connection_Setup_SR_NUM,49.0,900,NRCell,Huawei
1696907700000,TOL034_01,SERVICE_LATENCY_OVER_AIR_INTERFACE_DEN,23571.0,900,NRCell,Huawei
1696907700000,TOL034_01,SERVICE_LATENCY_OVER_AIR_INTERFACE_NUM,39955.0,900,NRCell,Huawei
1696907700000,TOL034_01,VOICE_TRAFFIC,0.0,900,NRCell,Huawei
1696907700000,TOL034_01,VOLTE_CALL_SETUP_ATT,0.0,900,NRCell,Huawei
1696907700000,TOL034_01,VOLTE_CALL_SETUP_SUCC,0.0,900,NRCell,Huawei
1696907700000,VAL002_01,DCR_DEN,6.0,900,NRCell,Huawei
1696907700000,VAL002_01,DCR_NUM,0.0,900,NRCell,Huawei
1696907700000,VAL002_01,DROP_CALL_VOLTE_DEN,0.0,900,NRCell,Huawei
1696907700000,VAL002_01,DROP_CALL_VOLTE_NUM,0.0,900,NRCell,Huawei
1696907700000,VAL002_01,ERAB_SR_DEN,3.0,900,NRCell,Huawei
1696907700000,VAL002_01,ERAB_SR_NUM,3.0,900,NRCell,Huawei
1696907700000,VAL002_01,INTEGRITY_NGBR_QCI_9,6834992.0,900,NRCell,Huawei
1696907700000,VAL002_01,INTRA_FREQUENCY_HO_OUT_ATT,0.0,900,NRCell,Huawei
1696907700000,VAL002_01,INTRA_FREQUENCY_HO_OUT_SUCC,0.0,900,NRCell,Huawei
1696907700000,VAL002_01,RRC_SETUP_ATT,4.0,900,NRCell,Huawei
1696907700000,VAL002_01,RRC_SETUP_SUCC,4.0,900,NRCell,Huawei
1696907700000,VAL002_01,S1SIG_Connection_Setup_SR_DEN,4.0,900,NRCell,Huawei
1696907700000,VAL002_01,S1SIG_Connection_Setup_SR_NUM,4.0,900,NRCell,Huawei
1696907700000,VAL002_01,SERVICE_LATENCY_OVER_AIR_INTERFACE_DEN,1339.0,900,NRCell,Huawei
1696907700000,VAL002_01,SERVICE_LATENCY_OVER_AIR_INTERFACE_NUM,1409.0,900,NRCell,Huawei
1696907700000,VAL002_01,VOICE_TRAFFIC,0.0,900,NRCell,Huawei
1696907700000,VAL002_01,VOLTE_CALL_SETUP_ATT,0.0,900,NRCell,Huawei
1696907700000,VAL002_01,VOLTE_CALL_SETUP_SUCC,0.0,900,NRCell,Huawei
