startTime,neId,counterCode,counterValue,granularity,neType,vendorName
1696740300000,BCN014_01,DCR_DEN,2268.0,900,NRCell,Huawei
1696740300000,BCN014_01,DCR_NUM,0.0,900,NRCell,Huawei
1696740300000,BCN014_01,DROP_CALL_VOLTE_DEN,4.0,900,NRCell,Huawei
1696740300000,BCN014_01,DROP_CALL_VOLTE_NUM,0.0,900,NRCell,Huawei
1696740300000,BCN014_01,ERAB_SR_DEN,2230.0,900,NRCell,Huawei
1696740300000,BCN014_01,ERAB_SR_NUM,2226.0,900,NRCell,Huawei
1696740300000,BCN014_01,INTEGRITY_NGBR_QCI_9,14092508016.0,900,NRCell,Huawei
1696740300000,BCN014_01,INTRA_FREQUENCY_HO_OUT_ATT,103.0,900,NRCell,Huawei
1696740300000,BCN014_01,INTRA_FREQUENCY_HO_OUT_SUCC,103.0,900,NRCell,Huawei
1696740300000,BCN014_01,RRC_SETUP_ATT,1290.0,900,NRCell,Huawei
1696740300000,BCN014_01,RRC_SETUP_SUCC,1289.0,900,NRCell,Huawei
1696740300000,BCN014_01,S1SIG_Connection_Setup_SR_DEN,1289.0,900,NRCell,Huawei
1696740300000,BCN014_01,S1SIG_Connection_Setup_SR_NUM,1289.0,900,NRCell,Huawei
1696740300000,BCN014_01,SERVICE_LATENCY_OVER_AIR_INTERFACE_DEN,400834.0,900,NRCell,Huawei
1696740300000,BCN014_01,SERVICE_LATENCY_OVER_AIR_INTERFACE_NUM,583538.0,900,NRCell,Huawei
1696740300000,BCN014_01,VOICE_TRAFFIC,27597.0,900,NRCell,Huawei
1696740300000,BCN014_01,VOLTE_CALL_SETUP_ATT,5.0,900,NRCell,Huawei
1696740300000,BCN014_01,VOLTE_CALL_SETUP_SUCC,5.0,900,NRCell,Huawei
1696740300000,BIL001_01,DCR_DEN,1760.0,900,NRCell,Huawei
1696740300000,BIL001_01,DCR_NUM,0.0,900,NRCell,Huawei
1696740300000,BIL001_01,DROP_CALL_VOLTE_DEN,6.0,900,NRCell,Huawei
1696740300000,BIL001_01,DROP_CALL_VOLTE_NUM,0.0,900,NRCell,Huawei
1696740300000,BIL001_01,ERAB_SR_DEN,1836.0,900,NRCell,Huawei
1696740300000,BIL001_01,ERAB_SR_NUM,1832.0,900,NRCell,Huawei
1696740300000,BIL001_01,INTEGRITY_NGBR_QCI_9,13773726680.0,900,NRCell,Huawei
1696740300000,BIL001_01,INTRA_FREQUENCY_HO_OUT_ATT,93.0,900,NRCell,Huawei
1696740300000,BIL001_01,INTRA_FREQUENCY_HO_OUT_SUCC,93.0,900,NRCell,Huawei
1696740300000,BIL001_01,RRC_SETUP_ATT,1126.0,900,NRCell,Huawei
1696740300000,BIL001_01,RRC_SETUP_SUCC,1125.0,900,NRCell,Huawei
1696740300000,BIL001_01,S1SIG_Connection_Setup_SR_DEN,1125.0,900,NRCell,Huawei
1696740300000,BIL001_01,S1SIG_Connection_Setup_SR_NUM,1125.0,900,NRCell,Huawei
1696740300000,BIL001_01,SERVICE_LATENCY_OVER_AIR_INTERFACE_DEN,322221.0,900,NRCell,Huawei
1696740300000,BIL001_01,SERVICE_LATENCY_OVER_AIR_INTERFACE_NUM,490075.0,900,NRCell,Huawei
1696740300000,BIL001_01,VOICE_TRAFFIC,16428.0,900,NRCell,Huawei
1696740300000,BIL001_01,VOLTE_CALL_SETUP_ATT,4.0,900,NRCell,Huawei
1696740300000,BIL001_01,VOLTE_CALL_SETUP_SUCC,4.0,900,NRCell,Huawei
1696740300000,MAD033_01,DCR_DEN,594.0,900,NRCell,Huawei
1696740300000,MAD033_01,DCR_NUM,3.0,900,NRCell,Huawei
1696740300000,MAD033_01,DROP_CALL_VOLTE_DEN,4.0,900,NRCell,Huawei
1696740300000,MAD033_01,DROP_CALL_VOLTE_NUM,0.0,900,NRCell,Huawei
1696740300000,MAD033_01,ERAB_SR_DEN,564.0,900,NRCell,Huawei
1696740300000,MAD033_01,ERAB_SR_NUM,564.0,900,NRCell,Huawei
1696740300000,MAD033_01,INTEGRITY_NGBR_QCI_9,6089344088.0,900,NRCell,Huawei
1696740300000,MAD033_01,INTRA_FREQUENCY_HO_OUT_ATT,34.0,900,NRCell,Huawei
1696740300000,MAD033_01,INTRA_FREQUENCY_HO_OUT_SUCC,34.0,900,NRCell,Huawei
1696740300000,MAD033_01,RRC_SETUP_ATT,331.0,900,NRCell,Huawei
1696740300000,MAD033_01,RRC_SETUP_SUCC,331.0,900,NRCell,Huawei
1696740300000,MAD033_01,S1SIG_Connection_Setup_SR_DEN,331.0,900,NRCell,Huawei
1696740300000,MAD033_01,S1SIG_Connection_Setup_SR_NUM,331.0,900,NRCell,Huawei
1696740300000,MAD033_01,SERVICE_LATENCY_OVER_AIR_INTERFACE_DEN,147617.0,900,NRCell,Huawei
1696740300000,MAD033_01,SERVICE_LATENCY_OVER_AIR_INTERFACE_NUM,175901.0,900,NRCell,Huawei
1696740300000,MAD033_01,VOICE_TRAFFIC,1538.0,900,NRCell,Huawei
1696740300000,MAD033_01,VOLTE_CALL_SETUP_ATT,2.0,900,NRCell,Huawei
1696740300000,MAD033_01,VOLTE_CALL_SETUP_SUCC,2.0,900,NRCell,Huawei
1696740300000,SAL030_01,DCR_DEN,129.0,900,NRCell,Huawei
1696740300000,SAL030_01,DCR_NUM,0.0,900,NRCell,Huawei
1696740300000,SAL030_01,DROP_CALL_VOLTE_DEN,6.0,900,NRCell,Huawei
1696740300000,SAL030_01,DROP_CALL_VOLTE_NUM,0.0,900,NRCell,Huawei
1696740300000,SAL030_01,ERAB_SR_DEN,117.0,900,NRCell,Huawei
1696740300000,SAL030_01,ERAB_SR_NUM,116.0,900,NRCell,Huawei
1696740300000,SAL030_01,INTEGRITY_NGBR_QCI_9,2580855616.0,900,NRCell,Huawei
1696740300000,SAL030_01,INTRA_FREQUENCY_HO_OUT_ATT,4.0,900,NRCell,Huawei
1696740300000,SAL030_01,INTRA_FREQUENCY_HO_OUT_SUCC,4.0,900,NRCell,Huawei
1696740300000,SAL030_01,RRC_SETUP_ATT,63.0,900,NRCell,Huawei
1696740300000,SAL030_01,RRC_SETUP_SUCC,63.0,900,NRCell,Huawei
1696740300000,SAL030_01,S1SIG_Connection_Setup_SR_DEN,63.0,900,NRCell,Huawei
1696740300000,SAL030_01,S1SIG_Connection_Setup_SR_NUM,63.0,900,NRCell,Huawei
1696740300000,SAL030_01,SERVICE_LATENCY_OVER_AIR_INTERFACE_DEN,31094.0,900,NRCell,Huawei
1696740300000,SAL030_01,SERVICE_LATENCY_OVER_AIR_INTERFACE_NUM,63262.0,900,NRCell,Huawei
1696740300000,SAL030_01,VOICE_TRAFFIC,3701.0,900,NRCell,Huawei
1696740300000,SAL030_01,VOLTE_CALL_SETUP_ATT,7.0,900,NRCell,Huawei
1696740300000,SAL030_01,VOLTE_CALL_SETUP_SUCC,7.0,900,NRCell,Huawei
1696740300000,SEV001_01,DCR_DEN,2291.0,900,NRCell,Huawei
1696740300000,SEV001_01,DCR_NUM,5.0,900,NRCell,Huawei
1696740300000,SEV001_01,DROP_CALL_VOLTE_DEN,11.0,900,NRCell,Huawei
1696740300000,SEV001_01,DROP_CALL_VOLTE_NUM,1.0,900,NRCell,Huawei
1696740300000,SEV001_01,ERAB_SR_DEN,2291.0,900,NRCell,Huawei
1696740300000,SEV001_01,ERAB_SR_NUM,2290.0,900,NRCell,Huawei
1696740300000,SEV001_01,INTEGRITY_NGBR_QCI_9,13612757856.0,900,NRCell,Huawei
1696740300000,SEV001_01,INTRA_FREQUENCY_HO_OUT_ATT,54.0,900,NRCell,Huawei
1696740300000,SEV001_01,INTRA_FREQUENCY_HO_OUT_SUCC,54.0,900,NRCell,Huawei
1696740300000,SEV001_01,RRC_SETUP_ATT,1304.0,900,NRCell,Huawei
1696740300000,SEV001_01,RRC_SETUP_SUCC,1304.0,900,NRCell,Huawei
1696740300000,SEV001_01,S1SIG_Connection_Setup_SR_DEN,1304.0,900,NRCell,Huawei
1696740300000,SEV001_01,S1SIG_Connection_Setup_SR_NUM,1304.0,900,NRCell,Huawei
1696740300000,SEV001_01,SERVICE_LATENCY_OVER_AIR_INTERFACE_DEN,339536.0,900,NRCell,Huawei
1696740300000,SEV001_01,SERVICE_LATENCY_OVER_AIR_INTERFACE_NUM,702614.0,900,NRCell,Huawei
1696740300000,SEV001_01,VOICE_TRAFFIC,9282.0,900,NRCell,Huawei
1696740300000,SEV001_01,VOLTE_CALL_SETUP_ATT,9.0,900,NRCell,Huawei
1696740300000,SEV001_01,VOLTE_CALL_SETUP_SUCC,9.0,900,NRCell,Huawei
1696740300000,SNT002_01,DCR_DEN,525.0,900,NRCell,Huawei
1696740300000,SNT002_01,DCR_NUM,1.0,900,NRCell,Huawei
1696740300000,SNT002_01,DROP_CALL_VOLTE_DEN,3.0,900,NRCell,Huawei
1696740300000,SNT002_01,DROP_CALL_VOLTE_NUM,0.0,900,NRCell,Huawei
1696740300000,SNT002_01,ERAB_SR_DEN,523.0,900,NRCell,Huawei
1696740300000,SNT002_01,ERAB_SR_NUM,523.0,900,NRCell,Huawei
1696740300000,SNT002_01,INTEGRITY_NGBR_QCI_9,1696513712.0,900,NRCell,Huawei
1696740300000,SNT002_01,INTRA_FREQUENCY_HO_OUT_ATT,24.0,900,NRCell,Huawei
1696740300000,SNT002_01,INTRA_FREQUENCY_HO_OUT_SUCC,24.0,900,NRCell,Huawei
1696740300000,SNT002_01,RRC_SETUP_ATT,298.0,900,NRCell,Huawei
1696740300000,SNT002_01,RRC_SETUP_SUCC,297.0,900,NRCell,Huawei
1696740300000,SNT002_01,S1SIG_Connection_Setup_SR_DEN,297.0,900,NRCell,Huawei
1696740300000,SNT002_01,S1SIG_Connection_Setup_SR_NUM,297.0,900,NRCell,Huawei
1696740300000,SNT002_01,SERVICE_LATENCY_OVER_AIR_INTERFACE_DEN,72326.0,900,NRCell,Huawei
1696740300000,SNT002_01,SERVICE_LATENCY_OVER_AIR_INTERFACE_NUM,106082.0,900,NRCell,Huawei
1696740300000,SNT002_01,VOICE_TRAFFIC,5110.0,900,NRCell,Huawei
1696740300000,SNT002_01,VOLTE_CALL_SETUP_ATT,4.0,900,NRCell,Huawei
1696740300000,SNT002_01,VOLTE_CALL_SETUP_SUCC,4.0,900,NRCell,Huawei
1696740300000,TAR015_01,DCR_DEN,2612.0,900,NRCell,Huawei
1696740300000,TAR015_01,DCR_NUM,0.0,900,NRCell,Huawei
1696740300000,TAR015_01,DROP_CALL_VOLTE_DEN,24.0,900,NRCell,Huawei
1696740300000,TAR015_01,DROP_CALL_VOLTE_NUM,0.0,900,NRCell,Huawei
1696740300000,TAR015_01,ERAB_SR_DEN,2567.0,900,NRCell,Huawei
1696740300000,TAR015_01,ERAB_SR_NUM,2562.0,900,NRCell,Huawei
1696740300000,TAR015_01,INTEGRITY_NGBR_QCI_9,15887204880.0,900,NRCell,Huawei
1696740300000,TAR015_01,INTRA_FREQUENCY_HO_OUT_ATT,81.0,900,NRCell,Huawei
1696740300000,TAR015_01,INTRA_FREQUENCY_HO_OUT_SUCC,81.0,900,NRCell,Huawei
1696740300000,TAR015_01,RRC_SETUP_ATT,1474.0,900,NRCell,Huawei
1696740300000,TAR015_01,RRC_SETUP_SUCC,1474.0,900,NRCell,Huawei
1696740300000,TAR015_01,S1SIG_Connection_Setup_SR_DEN,1474.0,900,NRCell,Huawei
1696740300000,TAR015_01,S1SIG_Connection_Setup_SR_NUM,1474.0,900,NRCell,Huawei
1696740300000,TAR015_01,SERVICE_LATENCY_OVER_AIR_INTERFACE_DEN,539425.0,900,NRCell,Huawei
1696740300000,TAR015_01,SERVICE_LATENCY_OVER_AIR_INTERFACE_NUM,1487712.0,900,NRCell,Huawei
1696740300000,TAR015_01,VOICE_TRAFFIC,35537.0,900,NRCell,Huawei
1696740300000,TAR015_01,VOLTE_CALL_SETUP_ATT,22.0,900,NRCell,Huawei
1696740300000,TAR015_01,VOLTE_CALL_SETUP_SUCC,22.0,900,NRCell,Huawei
1696740300000,TOL034_01,DCR_DEN,69.0,900,NRCell,Huawei
1696740300000,TOL034_01,DCR_NUM,0.0,900,NRCell,Huawei
1696740300000,TOL034_01,DROP_CALL_VOLTE_DEN,0.0,900,NRCell,Huawei
1696740300000,TOL034_01,DROP_CALL_VOLTE_NUM,0.0,900,NRCell,Huawei
1696740300000,TOL034_01,ERAB_SR_DEN,62.0,900,NRCell,Huawei
1696740300000,TOL034_01,ERAB_SR_NUM,62.0,900,NRCell,Huawei
1696740300000,TOL034_01,INTEGRITY_NGBR_QCI_9,6089045208.0,900,NRCell,Huawei
1696740300000,TOL034_01,INTRA_FREQUENCY_HO_OUT_ATT,10.0,900,NRCell,Huawei
1696740300000,TOL034_01,INTRA_FREQUENCY_HO_OUT_SUCC,10.0,900,NRCell,Huawei
1696740300000,TOL034_01,RRC_SETUP_ATT,44.0,900,NRCell,Huawei
1696740300000,TOL034_01,RRC_SETUP_SUCC,44.0,900,NRCell,Huawei
1696740300000,TOL034_01,S1SIG_Connection_Setup_SR_DEN,44.0,900,NRCell,Huawei
1696740300000,TOL034_01,S1SIG_Connection_Setup_SR_NUM,44.0,900,NRCell,Huawei
1696740300000,TOL034_01,SERVICE_LATENCY_OVER_AIR_INTERFACE_DEN,19316.0,900,NRCell,Huawei
1696740300000,TOL034_01,SERVICE_LATENCY_OVER_AIR_INTERFACE_NUM,49488.0,900,NRCell,Huawei
1696740300000,TOL034_01,VOICE_TRAFFIC,49.0,900,NRCell,Huawei
1696740300000,TOL034_01,VOLTE_CALL_SETUP_ATT,1.0,900,NRCell,Huawei
1696740300000,TOL034_01,VOLTE_CALL_SETUP_SUCC,1.0,900,NRCell,Huawei
1696740300000,VAL002_01,DCR_DEN,15.0,900,NRCell,Huawei
1696740300000,VAL002_01,DCR_NUM,0.0,900,NRCell,Huawei
1696740300000,VAL002_01,DROP_CALL_VOLTE_DEN,0.0,900,NRCell,Huawei
1696740300000,VAL002_01,DROP_CALL_VOLTE_NUM,0.0,900,NRCell,Huawei
1696740300000,VAL002_01,ERAB_SR_DEN,13.0,900,NRCell,Huawei
1696740300000,VAL002_01,ERAB_SR_NUM,13.0,900,NRCell,Huawei
1696740300000,VAL002_01,INTEGRITY_NGBR_QCI_9,646200.0,900,NRCell,Huawei
1696740300000,VAL002_01,INTRA_FREQUENCY_HO_OUT_ATT,1.0,900,NRCell,Huawei
1696740300000,VAL002_01,INTRA_FREQUENCY_HO_OUT_SUCC,1.0,900,NRCell,Huawei
1696740300000,VAL002_01,RRC_SETUP_ATT,13.0,900,NRCell,Huawei
1696740300000,VAL002_01,RRC_SETUP_SUCC,13.0,900,NRCell,Huawei
1696740300000,VAL002_01,S1SIG_Connection_Setup_SR_DEN,13.0,900,NRCell,Huawei
1696740300000,VAL002_01,S1SIG_Connection_Setup_SR_NUM,13.0,900,NRCell,Huawei
1696740300000,VAL002_01,SERVICE_LATENCY_OVER_AIR_INTERFACE_DEN,86.0,900,NRCell,Huawei
1696740300000,VAL002_01,SERVICE_LATENCY_OVER_AIR_INTERFACE_NUM,100.0,900,NRCell,Huawei
1696740300000,VAL002_01,VOICE_TRAFFIC,0.0,900,NRCell,Huawei
1696740300000,VAL002_01,VOLTE_CALL_SETUP_ATT,0.0,900,NRCell,Huawei
1696740300000,VAL002_01,VOLTE_CALL_SETUP_SUCC,0.0,900,NRCell,Huawei
