startTime,neId,counterCode,counterValue,granularity,neType,vendorName
1696805100000,BCN014_01,DCR_DEN,2371.0,900,NRCell,Huawei
1696805100000,BCN014_01,DCR_NUM,0.0,900,NRCell,Huawei
1696805100000,BCN014_01,DROP_CALL_VOLTE_DEN,17.0,900,NRCell,Huawei
1696805100000,BCN014_01,DROP_CALL_VOLTE_NUM,0.0,900,NRCell,Huawei
1696805100000,BCN014_01,ERAB_SR_DEN,2336.0,900,NRCell,Huawei
1696805100000,BCN014_01,ERAB_SR_NUM,2335.0,900,NRCell,Huawei
1696805100000,BCN014_01,INTEGRITY_NGBR_QCI_9,13219136416.0,900,NRCell,Huawei
1696805100000,BCN014_01,INTRA_FREQUENCY_HO_OUT_ATT,179.0,900,NRCell,Huawei
1696805100000,BCN014_01,INTRA_FREQUENCY_HO_OUT_SUCC,179.0,900,NRCell,Huawei
1696805100000,BCN014_01,RRC_SETUP_ATT,1392.0,900,NRCell,Huawei
1696805100000,BCN014_01,RRC_SETUP_SUCC,1388.0,900,NRCell,Huawei
1696805100000,BCN014_01,S1SIG_Connection_Setup_SR_DEN,1388.0,900,NRCell,Huawei
1696805100000,BCN014_01,S1SIG_Connection_Setup_SR_NUM,1387.0,900,NRCell,Huawei
1696805100000,BCN014_01,SERVICE_LATENCY_OVER_AIR_INTERFACE_DEN,504165.0,900,NRCell,Huawei
1696805100000,BCN014_01,SERVICE_LATENCY_OVER_AIR_INTERFACE_NUM,753426.0,900,NRCell,Huawei
1696805100000,BCN014_01,VOICE_TRAFFIC,28346.0,900,NRCell,Huawei
1696805100000,BCN014_01,VOLTE_CALL_SETUP_ATT,15.0,900,NRCell,Huawei
1696805100000,BCN014_01,VOLTE_CALL_SETUP_SUCC,15.0,900,NRCell,Huawei
1696805100000,BIL001_01,DCR_DEN,1942.0,900,NRCell,Huawei
1696805100000,BIL001_01,DCR_NUM,1.0,900,NRCell,Huawei
1696805100000,BIL001_01,DROP_CALL_VOLTE_DEN,12.0,900,NRCell,Huawei
1696805100000,BIL001_01,DROP_CALL_VOLTE_NUM,0.0,900,NRCell,Huawei
1696805100000,BIL001_01,ERAB_SR_DEN,1944.0,900,NRCell,Huawei
1696805100000,BIL001_01,ERAB_SR_NUM,1942.0,900,NRCell,Huawei
1696805100000,BIL001_01,INTEGRITY_NGBR_QCI_9,12585228496.0,900,NRCell,Huawei
1696805100000,BIL001_01,INTRA_FREQUENCY_HO_OUT_ATT,183.0,900,NRCell,Huawei
1696805100000,BIL001_01,INTRA_FREQUENCY_HO_OUT_SUCC,182.0,900,NRCell,Huawei
1696805100000,BIL001_01,RRC_SETUP_ATT,1207.0,900,NRCell,Huawei
1696805100000,BIL001_01,RRC_SETUP_SUCC,1198.0,900,NRCell,Huawei
1696805100000,BIL001_01,S1SIG_Connection_Setup_SR_DEN,1198.0,900,NRCell,Huawei
1696805100000,BIL001_01,S1SIG_Connection_Setup_SR_NUM,1198.0,900,NRCell,Huawei
1696805100000,BIL001_01,SERVICE_LATENCY_OVER_AIR_INTERFACE_DEN,365991.0,900,NRCell,Huawei
1696805100000,BIL001_01,SERVICE_LATENCY_OVER_AIR_INTERFACE_NUM,642135.0,900,NRCell,Huawei
1696805100000,BIL001_01,VOICE_TRAFFIC,10284.0,900,NRCell,Huawei
1696805100000,BIL001_01,VOLTE_CALL_SETUP_ATT,16.0,900,NRCell,Huawei
1696805100000,BIL001_01,VOLTE_CALL_SETUP_SUCC,16.0,900,NRCell,Huawei
1696805100000,MAD033_01,DCR_DEN,849.0,900,NRCell,Huawei
1696805100000,MAD033_01,DCR_NUM,0.0,900,NRCell,Huawei
1696805100000,MAD033_01,DROP_CALL_VOLTE_DEN,20.0,900,NRCell,Huawei
1696805100000,MAD033_01,DROP_CALL_VOLTE_NUM,0.0,900,NRCell,Huawei
1696805100000,MAD033_01,ERAB_SR_DEN,875.0,900,NRCell,Huawei
1696805100000,MAD033_01,ERAB_SR_NUM,874.0,900,NRCell,Huawei
1696805100000,MAD033_01,INTEGRITY_NGBR_QCI_9,4212969536.0,900,NRCell,Huawei
1696805100000,MAD033_01,INTRA_FREQUENCY_HO_OUT_ATT,71.0,900,NRCell,Huawei
1696805100000,MAD033_01,INTRA_FREQUENCY_HO_OUT_SUCC,71.0,900,NRCell,Huawei
1696805100000,MAD033_01,RRC_SETUP_ATT,525.0,900,NRCell,Huawei
1696805100000,MAD033_01,RRC_SETUP_SUCC,525.0,900,NRCell,Huawei
1696805100000,MAD033_01,S1SIG_Connection_Setup_SR_DEN,525.0,900,NRCell,Huawei
1696805100000,MAD033_01,S1SIG_Connection_Setup_SR_NUM,525.0,900,NRCell,Huawei
1696805100000,MAD033_01,SERVICE_LATENCY_OVER_AIR_INTERFACE_DEN,123144.0,900,NRCell,Huawei
1696805100000,MAD033_01,SERVICE_LATENCY_OVER_AIR_INTERFACE_NUM,158604.0,900,NRCell,Huawei
1696805100000,MAD033_01,VOICE_TRAFFIC,10353.0,900,NRCell,Huawei
1696805100000,MAD033_01,VOLTE_CALL_SETUP_ATT,20.0,900,NRCell,Huawei
1696805100000,MAD033_01,VOLTE_CALL_SETUP_SUCC,20.0,900,NRCell,Huawei
1696805100000,SAL030_01,DCR_DEN,240.0,900,NRCell,Huawei
1696805100000,SAL030_01,DCR_NUM,0.0,900,NRCell,Huawei
1696805100000,SAL030_01,DROP_CALL_VOLTE_DEN,1.0,900,NRCell,Huawei
1696805100000,SAL030_01,DROP_CALL_VOLTE_NUM,0.0,900,NRCell,Huawei
1696805100000,SAL030_01,ERAB_SR_DEN,222.0,900,NRCell,Huawei
1696805100000,SAL030_01,ERAB_SR_NUM,222.0,900,NRCell,Huawei
1696805100000,SAL030_01,INTEGRITY_NGBR_QCI_9,4563467184.0,900,NRCell,Huawei
1696805100000,SAL030_01,INTRA_FREQUENCY_HO_OUT_ATT,11.0,900,NRCell,Huawei
1696805100000,SAL030_01,INTRA_FREQUENCY_HO_OUT_SUCC,11.0,900,NRCell,Huawei
1696805100000,SAL030_01,RRC_SETUP_ATT,141.0,900,NRCell,Huawei
1696805100000,SAL030_01,RRC_SETUP_SUCC,141.0,900,NRCell,Huawei
1696805100000,SAL030_01,S1SIG_Connection_Setup_SR_DEN,141.0,900,NRCell,Huawei
1696805100000,SAL030_01,S1SIG_Connection_Setup_SR_NUM,141.0,900,NRCell,Huawei
1696805100000,SAL030_01,SERVICE_LATENCY_OVER_AIR_INTERFACE_DEN,161964.0,900,NRCell,Huawei
1696805100000,SAL030_01,SERVICE_LATENCY_OVER_AIR_INTERFACE_NUM,275369.0,900,NRCell,Huawei
1696805100000,SAL030_01,VOICE_TRAFFIC,297.0,900,NRCell,Huawei
1696805100000,SAL030_01,VOLTE_CALL_SETUP_ATT,1.0,900,NRCell,Huawei
1696805100000,SAL030_01,VOLTE_CALL_SETUP_SUCC,1.0,900,NRCell,Huawei
1696805100000,SEV001_01,DCR_DEN,2426.0,900,NRCell,Huawei
1696805100000,SEV001_01,DCR_NUM,1.0,900,NRCell,Huawei
1696805100000,SEV001_01,DROP_CALL_VOLTE_DEN,18.0,900,NRCell,Huawei
1696805100000,SEV001_01,DROP_CALL_VOLTE_NUM,0.0,900,NRCell,Huawei
1696805100000,SEV001_01,ERAB_SR_DEN,2396.0,900,NRCell,Huawei
1696805100000,SEV001_01,ERAB_SR_NUM,2395.0,900,NRCell,Huawei
1696805100000,SEV001_01,INTEGRITY_NGBR_QCI_9,10320055344.0,900,NRCell,Huawei
1696805100000,SEV001_01,INTRA_FREQUENCY_HO_OUT_ATT,99.0,900,NRCell,Huawei
1696805100000,SEV001_01,INTRA_FREQUENCY_HO_OUT_SUCC,99.0,900,NRCell,Huawei
1696805100000,SEV001_01,RRC_SETUP_ATT,1322.0,900,NRCell,Huawei
1696805100000,SEV001_01,RRC_SETUP_SUCC,1321.0,900,NRCell,Huawei
1696805100000,SEV001_01,S1SIG_Connection_Setup_SR_DEN,1321.0,900,NRCell,Huawei
1696805100000,SEV001_01,S1SIG_Connection_Setup_SR_NUM,1321.0,900,NRCell,Huawei
1696805100000,SEV001_01,SERVICE_LATENCY_OVER_AIR_INTERFACE_DEN,361691.0,900,NRCell,Huawei
1696805100000,SEV001_01,SERVICE_LATENCY_OVER_AIR_INTERFACE_NUM,948124.0,900,NRCell,Huawei
1696805100000,SEV001_01,VOICE_TRAFFIC,24068.0,900,NRCell,Huawei
1696805100000,SEV001_01,VOLTE_CALL_SETUP_ATT,14.0,900,NRCell,Huawei
1696805100000,SEV001_01,VOLTE_CALL_SETUP_SUCC,14.0,900,NRCell,Huawei
1696805100000,SNT002_01,DCR_DEN,789.0,900,NRCell,Huawei
1696805100000,SNT002_01,DCR_NUM,0.0,900,NRCell,Huawei
1696805100000,SNT002_01,DROP_CALL_VOLTE_DEN,10.0,900,NRCell,Huawei
1696805100000,SNT002_01,DROP_CALL_VOLTE_NUM,0.0,900,NRCell,Huawei
1696805100000,SNT002_01,ERAB_SR_DEN,795.0,900,NRCell,Huawei
1696805100000,SNT002_01,ERAB_SR_NUM,795.0,900,NRCell,Huawei
1696805100000,SNT002_01,INTEGRITY_NGBR_QCI_9,8949571760.0,900,NRCell,Huawei
1696805100000,SNT002_01,INTRA_FREQUENCY_HO_OUT_ATT,53.0,900,NRCell,Huawei
1696805100000,SNT002_01,INTRA_FREQUENCY_HO_OUT_SUCC,53.0,900,NRCell,Huawei
1696805100000,SNT002_01,RRC_SETUP_ATT,488.0,900,NRCell,Huawei
1696805100000,SNT002_01,RRC_SETUP_SUCC,487.0,900,NRCell,Huawei
1696805100000,SNT002_01,S1SIG_Connection_Setup_SR_DEN,487.0,900,NRCell,Huawei
1696805100000,SNT002_01,S1SIG_Connection_Setup_SR_NUM,487.0,900,NRCell,Huawei
1696805100000,SNT002_01,SERVICE_LATENCY_OVER_AIR_INTERFACE_DEN,142903.0,900,NRCell,Huawei
1696805100000,SNT002_01,SERVICE_LATENCY_OVER_AIR_INTERFACE_NUM,169809.0,900,NRCell,Huawei
1696805100000,SNT002_01,VOICE_TRAFFIC,4907.0,900,NRCell,Huawei
1696805100000,SNT002_01,VOLTE_CALL_SETUP_ATT,10.0,900,NRCell,Huawei
1696805100000,SNT002_01,VOLTE_CALL_SETUP_SUCC,10.0,900,NRCell,Huawei
1696805100000,TAR015_01,DCR_DEN,3077.0,900,NRCell,Huawei
1696805100000,TAR015_01,DCR_NUM,2.0,900,NRCell,Huawei
1696805100000,TAR015_01,DROP_CALL_VOLTE_DEN,13.0,900,NRCell,Huawei
1696805100000,TAR015_01,DROP_CALL_VOLTE_NUM,0.0,900,NRCell,Huawei
1696805100000,TAR015_01,ERAB_SR_DEN,3048.0,900,NRCell,Huawei
1696805100000,TAR015_01,ERAB_SR_NUM,3047.0,900,NRCell,Huawei
1696805100000,TAR015_01,INTEGRITY_NGBR_QCI_9,14911875568.0,900,NRCell,Huawei
1696805100000,TAR015_01,INTRA_FREQUENCY_HO_OUT_ATT,139.0,900,NRCell,Huawei
1696805100000,TAR015_01,INTRA_FREQUENCY_HO_OUT_SUCC,139.0,900,NRCell,Huawei
1696805100000,TAR015_01,RRC_SETUP_ATT,1656.0,900,NRCell,Huawei
1696805100000,TAR015_01,RRC_SETUP_SUCC,1655.0,900,NRCell,Huawei
1696805100000,TAR015_01,S1SIG_Connection_Setup_SR_DEN,1655.0,900,NRCell,Huawei
1696805100000,TAR015_01,S1SIG_Connection_Setup_SR_NUM,1654.0,900,NRCell,Huawei
1696805100000,TAR015_01,SERVICE_LATENCY_OVER_AIR_INTERFACE_DEN,483374.0,900,NRCell,Huawei
1696805100000,TAR015_01,SERVICE_LATENCY_OVER_AIR_INTERFACE_NUM,2007973.0,900,NRCell,Huawei
1696805100000,TAR015_01,VOICE_TRAFFIC,20794.0,900,NRCell,Huawei
1696805100000,TAR015_01,VOLTE_CALL_SETUP_ATT,15.0,900,NRCell,Huawei
1696805100000,TAR015_01,VOLTE_CALL_SETUP_SUCC,15.0,900,NRCell,Huawei
1696805100000,TOL034_01,DCR_DEN,215.0,900,NRCell,Huawei
1696805100000,TOL034_01,DCR_NUM,2.0,900,NRCell,Huawei
1696805100000,TOL034_01,DROP_CALL_VOLTE_DEN,0.0,900,NRCell,Huawei
1696805100000,TOL034_01,DROP_CALL_VOLTE_NUM,0.0,900,NRCell,Huawei
1696805100000,TOL034_01,ERAB_SR_DEN,214.0,900,NRCell,Huawei
1696805100000,TOL034_01,ERAB_SR_NUM,214.0,900,NRCell,Huawei
1696805100000,TOL034_01,INTEGRITY_NGBR_QCI_9,2177063400.0,900,NRCell,Huawei
1696805100000,TOL034_01,INTRA_FREQUENCY_HO_OUT_ATT,11.0,900,NRCell,Huawei
1696805100000,TOL034_01,INTRA_FREQUENCY_HO_OUT_SUCC,11.0,900,NRCell,Huawei
1696805100000,TOL034_01,RRC_SETUP_ATT,159.0,900,NRCell,Huawei
1696805100000,TOL034_01,RRC_SETUP_SUCC,159.0,900,NRCell,Huawei
1696805100000,TOL034_01,S1SIG_Connection_Setup_SR_DEN,159.0,900,NRCell,Huawei
1696805100000,TOL034_01,S1SIG_Connection_Setup_SR_NUM,158.0,900,NRCell,Huawei
1696805100000,TOL034_01,SERVICE_LATENCY_OVER_AIR_INTERFACE_DEN,36330.0,900,NRCell,Huawei
1696805100000,TOL034_01,SERVICE_LATENCY_OVER_AIR_INTERFACE_NUM,56370.0,900,NRCell,Huawei
1696805100000,TOL034_01,VOICE_TRAFFIC,957.0,900,NRCell,Huawei
1696805100000,TOL034_01,VOLTE_CALL_SETUP_ATT,0.0,900,NRCell,Huawei
1696805100000,TOL034_01,VOLTE_CALL_SETUP_SUCC,0.0,900,NRCell,Huawei
1696805100000,VAL002_01,DCR_DEN,74.0,900,NRCell,Huawei
1696805100000,VAL002_01,DCR_NUM,0.0,900,NRCell,Huawei
1696805100000,VAL002_01,DROP_CALL_VOLTE_DEN,0.0,900,NRCell,Huawei
1696805100000,VAL002_01,DROP_CALL_VOLTE_NUM,0.0,900,NRCell,Huawei
1696805100000,VAL002_01,ERAB_SR_DEN,80.0,900,NRCell,Huawei
1696805100000,VAL002_01,ERAB_SR_NUM,80.0,900,NRCell,Huawei
1696805100000,VAL002_01,INTEGRITY_NGBR_QCI_9,32219728.0,900,NRCell,Huawei
1696805100000,VAL002_01,INTRA_FREQUENCY_HO_OUT_ATT,4.0,900,NRCell,Huawei
1696805100000,VAL002_01,INTRA_FREQUENCY_HO_OUT_SUCC,4.0,900,NRCell,Huawei
1696805100000,VAL002_01,RRC_SETUP_ATT,49.0,900,NRCell,Huawei
1696805100000,VAL002_01,RRC_SETUP_SUCC,49.0,900,NRCell,Huawei
1696805100000,VAL002_01,S1SIG_Connection_Setup_SR_DEN,49.0,900,NRCell,Huawei
1696805100000,VAL002_01,S1SIG_Connection_Setup_SR_NUM,49.0,900,NRCell,Huawei
1696805100000,VAL002_01,SERVICE_LATENCY_OVER_AIR_INTERFACE_DEN,3625.0,900,NRCell,Huawei
1696805100000,VAL002_01,SERVICE_LATENCY_OVER_AIR_INTERFACE_NUM,4595.0,900,NRCell,Huawei
1696805100000,VAL002_01,VOICE_TRAFFIC,0.0,900,NRCell,Huawei
1696805100000,VAL002_01,VOLTE_CALL_SETUP_ATT,0.0,900,NRCell,Huawei
1696805100000,VAL002_01,VOLTE_CALL_SETUP_SUCC,0.0,900,NRCell,Huawei
