startTime,neId,counterCode,counterValue,granularity,neType,vendorName
1696588200000,BCN014_01,DCR_DEN,899.0,900,NRCell,Huawei
1696588200000,BCN014_01,DCR_NUM,0.0,900,NRCell,Huawei
1696588200000,BCN014_01,DROP_CALL_VOLTE_DEN,0.0,900,NRCell,Huawei
1696588200000,BCN014_01,DROP_CALL_VOLTE_NUM,0.0,900,NRCell,Huawei
1696588200000,BCN014_01,ERAB_SR_DEN,891.0,900,NRCell,Huawei
1696588200000,BCN014_01,ERAB_SR_NUM,891.0,900,NRCell,Huawei
1696588200000,BCN014_01,INTEGRITY_NGBR_QCI_9,246123512.0,900,NRCell,Huawei
1696588200000,BCN014_01,INTRA_FREQUENCY_HO_OUT_ATT,7.0,900,NRCell,Huawei
1696588200000,BCN014_01,INTRA_FREQUENCY_HO_OUT_SUCC,7.0,900,NRCell,Huawei
1696588200000,BCN014_01,RRC_SETUP_ATT,586.0,900,NRCell,Huawei
1696588200000,BCN014_01,RRC_SETUP_SUCC,586.0,900,NRCell,Huawei
1696588200000,BCN014_01,S1SIG_Connection_Setup_SR_DEN,586.0,900,NRCell,Huawei
1696588200000,BCN014_01,S1SIG_Connection_Setup_SR_NUM,586.0,900,NRCell,Huawei
1696588200000,BCN014_01,SERVICE_LATENCY_OVER_AIR_INTERFACE_DEN,21243.0,900,NRCell,Huawei
1696588200000,BCN014_01,SERVICE_LATENCY_OVER_AIR_INTERFACE_NUM,23143.0,900,NRCell,Huawei
1696588200000,BCN014_01,VOICE_TRAFFIC,557.0,900,NRCell,Huawei
1696588200000,BCN014_01,VOLTE_CALL_SETUP_ATT,0.0,900,NRCell,Huawei
1696588200000,BCN014_01,VOLTE_CALL_SETUP_SUCC,0.0,900,NRCell,Huawei
1696588200000,BIL001_01,DCR_DEN,708.0,900,NRCell,Huawei
1696588200000,BIL001_01,DCR_NUM,0.0,900,NRCell,Huawei
1696588200000,BIL001_01,DROP_CALL_VOLTE_DEN,0.0,900,NRCell,Huawei
1696588200000,BIL001_01,DROP_CALL_VOLTE_NUM,0.0,900,NRCell,Huawei
1696588200000,BIL001_01,ERAB_SR_DEN,711.0,900,NRCell,Huawei
1696588200000,BIL001_01,ERAB_SR_NUM,711.0,900,NRCell,Huawei
1696588200000,BIL001_01,INTEGRITY_NGBR_QCI_9,866710672.0,900,NRCell,Huawei
1696588200000,BIL001_01,INTRA_FREQUENCY_HO_OUT_ATT,8.0,900,NRCell,Huawei
1696588200000,BIL001_01,INTRA_FREQUENCY_HO_OUT_SUCC,8.0,900,NRCell,Huawei
1696588200000,BIL001_01,RRC_SETUP_ATT,502.0,900,NRCell,Huawei
1696588200000,BIL001_01,RRC_SETUP_SUCC,500.0,900,NRCell,Huawei
1696588200000,BIL001_01,S1SIG_Connection_Setup_SR_DEN,500.0,900,NRCell,Huawei
1696588200000,BIL001_01,S1SIG_Connection_Setup_SR_NUM,500.0,900,NRCell,Huawei
1696588200000,BIL001_01,SERVICE_LATENCY_OVER_AIR_INTERFACE_DEN,104299.0,900,NRCell,Huawei
1696588200000,BIL001_01,SERVICE_LATENCY_OVER_AIR_INTERFACE_NUM,107744.0,900,NRCell,Huawei
1696588200000,BIL001_01,VOICE_TRAFFIC,0.0,900,NRCell,Huawei
1696588200000,BIL001_01,VOLTE_CALL_SETUP_ATT,0.0,900,NRCell,Huawei
1696588200000,BIL001_01,VOLTE_CALL_SETUP_SUCC,0.0,900,NRCell,Huawei
1696588200000,MAD033_01,DCR_DEN,453.0,900,NRCell,Huawei
1696588200000,MAD033_01,DCR_NUM,0.0,900,NRCell,Huawei
1696588200000,MAD033_01,DROP_CALL_VOLTE_DEN,0.0,900,NRCell,Huawei
1696588200000,MAD033_01,DROP_CALL_VOLTE_NUM,0.0,900,NRCell,Huawei
1696588200000,MAD033_01,ERAB_SR_DEN,457.0,900,NRCell,Huawei
1696588200000,MAD033_01,ERAB_SR_NUM,457.0,900,NRCell,Huawei
1696588200000,MAD033_01,INTEGRITY_NGBR_QCI_9,202191232.0,900,NRCell,Huawei
1696588200000,MAD033_01,INTRA_FREQUENCY_HO_OUT_ATT,5.0,900,NRCell,Huawei
1696588200000,MAD033_01,INTRA_FREQUENCY_HO_OUT_SUCC,5.0,900,NRCell,Huawei
1696588200000,MAD033_01,RRC_SETUP_ATT,282.0,900,NRCell,Huawei
1696588200000,MAD033_01,RRC_SETUP_SUCC,282.0,900,NRCell,Huawei
1696588200000,MAD033_01,S1SIG_Connection_Setup_SR_DEN,282.0,900,NRCell,Huawei
1696588200000,MAD033_01,S1SIG_Connection_Setup_SR_NUM,282.0,900,NRCell,Huawei
1696588200000,MAD033_01,SERVICE_LATENCY_OVER_AIR_INTERFACE_DEN,12651.0,900,NRCell,Huawei
1696588200000,MAD033_01,SERVICE_LATENCY_OVER_AIR_INTERFACE_NUM,13771.0,900,NRCell,Huawei
1696588200000,MAD033_01,VOICE_TRAFFIC,0.0,900,NRCell,Huawei
1696588200000,MAD033_01,VOLTE_CALL_SETUP_ATT,0.0,900,NRCell,Huawei
1696588200000,MAD033_01,VOLTE_CALL_SETUP_SUCC,0.0,900,NRCell,Huawei
1696588200000,SAL030_01,DCR_DEN,101.0,900,NRCell,Huawei
1696588200000,SAL030_01,DCR_NUM,0.0,900,NRCell,Huawei
1696588200000,SAL030_01,DROP_CALL_VOLTE_DEN,0.0,900,NRCell,Huawei
1696588200000,SAL030_01,DROP_CALL_VOLTE_NUM,0.0,900,NRCell,Huawei
1696588200000,SAL030_01,ERAB_SR_DEN,99.0,900,NRCell,Huawei
1696588200000,SAL030_01,ERAB_SR_NUM,99.0,900,NRCell,Huawei
1696588200000,SAL030_01,INTEGRITY_NGBR_QCI_9,1502201776.0,900,NRCell,Huawei
1696588200000,SAL030_01,INTRA_FREQUENCY_HO_OUT_ATT,2.0,900,NRCell,Huawei
1696588200000,SAL030_01,INTRA_FREQUENCY_HO_OUT_SUCC,2.0,900,NRCell,Huawei
1696588200000,SAL030_01,RRC_SETUP_ATT,54.0,900,NRCell,Huawei
1696588200000,SAL030_01,RRC_SETUP_SUCC,54.0,900,NRCell,Huawei
1696588200000,SAL030_01,S1SIG_Connection_Setup_SR_DEN,54.0,900,NRCell,Huawei
1696588200000,SAL030_01,S1SIG_Connection_Setup_SR_NUM,54.0,900,NRCell,Huawei
1696588200000,SAL030_01,SERVICE_LATENCY_OVER_AIR_INTERFACE_DEN,4477.0,900,NRCell,Huawei
1696588200000,SAL030_01,SERVICE_LATENCY_OVER_AIR_INTERFACE_NUM,10127.0,900,NRCell,Huawei
1696588200000,SAL030_01,VOICE_TRAFFIC,0.0,900,NRCell,Huawei
1696588200000,SAL030_01,VOLTE_CALL_SETUP_ATT,0.0,900,NRCell,Huawei
1696588200000,SAL030_01,VOLTE_CALL_SETUP_SUCC,0.0,900,NRCell,Huawei
1696588200000,SEV001_01,DCR_DEN,1626.0,900,NRCell,Huawei
1696588200000,SEV001_01,DCR_NUM,0.0,900,NRCell,Huawei
1696588200000,SEV001_01,DROP_CALL_VOLTE_DEN,0.0,900,NRCell,Huawei
1696588200000,SEV001_01,DROP_CALL_VOLTE_NUM,0.0,900,NRCell,Huawei
1696588200000,SEV001_01,ERAB_SR_DEN,1624.0,900,NRCell,Huawei
1696588200000,SEV001_01,ERAB_SR_NUM,1624.0,900,NRCell,Huawei
1696588200000,SEV001_01,INTEGRITY_NGBR_QCI_9,2746223328.0,900,NRCell,Huawei
1696588200000,SEV001_01,INTRA_FREQUENCY_HO_OUT_ATT,4.0,900,NRCell,Huawei
1696588200000,SEV001_01,INTRA_FREQUENCY_HO_OUT_SUCC,4.0,900,NRCell,Huawei
1696588200000,SEV001_01,RRC_SETUP_ATT,977.0,900,NRCell,Huawei
1696588200000,SEV001_01,RRC_SETUP_SUCC,977.0,900,NRCell,Huawei
1696588200000,SEV001_01,S1SIG_Connection_Setup_SR_DEN,977.0,900,NRCell,Huawei
1696588200000,SEV001_01,S1SIG_Connection_Setup_SR_NUM,977.0,900,NRCell,Huawei
1696588200000,SEV001_01,SERVICE_LATENCY_OVER_AIR_INTERFACE_DEN,32940.0,900,NRCell,Huawei
1696588200000,SEV001_01,SERVICE_LATENCY_OVER_AIR_INTERFACE_NUM,49319.0,900,NRCell,Huawei
1696588200000,SEV001_01,VOICE_TRAFFIC,0.0,900,NRCell,Huawei
1696588200000,SEV001_01,VOLTE_CALL_SETUP_ATT,0.0,900,NRCell,Huawei
1696588200000,SEV001_01,VOLTE_CALL_SETUP_SUCC,0.0,900,NRCell,Huawei
1696588200000,SNT002_01,DCR_DEN,474.0,900,NRCell,Huawei
1696588200000,SNT002_01,DCR_NUM,0.0,900,NRCell,Huawei
1696588200000,SNT002_01,DROP_CALL_VOLTE_DEN,0.0,900,NRCell,Huawei
1696588200000,SNT002_01,DROP_CALL_VOLTE_NUM,0.0,900,NRCell,Huawei
1696588200000,SNT002_01,ERAB_SR_DEN,472.0,900,NRCell,Huawei
1696588200000,SNT002_01,ERAB_SR_NUM,472.0,900,NRCell,Huawei
1696588200000,SNT002_01,INTEGRITY_NGBR_QCI_9,180596672.0,900,NRCell,Huawei
1696588200000,SNT002_01,INTRA_FREQUENCY_HO_OUT_ATT,1.0,900,NRCell,Huawei
1696588200000,SNT002_01,INTRA_FREQUENCY_HO_OUT_SUCC,1.0,900,NRCell,Huawei
1696588200000,SNT002_01,RRC_SETUP_ATT,307.0,900,NRCell,Huawei
1696588200000,SNT002_01,RRC_SETUP_SUCC,307.0,900,NRCell,Huawei
1696588200000,SNT002_01,S1SIG_Connection_Setup_SR_DEN,307.0,900,NRCell,Huawei
1696588200000,SNT002_01,S1SIG_Connection_Setup_SR_NUM,307.0,900,NRCell,Huawei
1696588200000,SNT002_01,SERVICE_LATENCY_OVER_AIR_INTERFACE_DEN,16805.0,900,NRCell,Huawei
1696588200000,SNT002_01,SERVICE_LATENCY_OVER_AIR_INTERFACE_NUM,18293.0,900,NRCell,Huawei
1696588200000,SNT002_01,VOICE_TRAFFIC,0.0,900,NRCell,Huawei
1696588200000,SNT002_01,VOLTE_CALL_SETUP_ATT,0.0,900,NRCell,Huawei
1696588200000,SNT002_01,VOLTE_CALL_SETUP_SUCC,0.0,900,NRCell,Huawei
1696588200000,TAR015_01,DCR_DEN,2360.0,900,NRCell,Huawei
1696588200000,TAR015_01,DCR_NUM,0.0,900,NRCell,Huawei
1696588200000,TAR015_01,DROP_CALL_VOLTE_DEN,5.0,900,NRCell,Huawei
1696588200000,TAR015_01,DROP_CALL_VOLTE_NUM,0.0,900,NRCell,Huawei
1696588200000,TAR015_01,ERAB_SR_DEN,2353.0,900,NRCell,Huawei
1696588200000,TAR015_01,ERAB_SR_NUM,2352.0,900,NRCell,Huawei
1696588200000,TAR015_01,INTEGRITY_NGBR_QCI_9,2024434344.0,900,NRCell,Huawei
1696588200000,TAR015_01,INTRA_FREQUENCY_HO_OUT_ATT,16.0,900,NRCell,Huawei
1696588200000,TAR015_01,INTRA_FREQUENCY_HO_OUT_SUCC,16.0,900,NRCell,Huawei
1696588200000,TAR015_01,RRC_SETUP_ATT,1314.0,900,NRCell,Huawei
1696588200000,TAR015_01,RRC_SETUP_SUCC,1314.0,900,NRCell,Huawei
1696588200000,TAR015_01,S1SIG_Connection_Setup_SR_DEN,1314.0,900,NRCell,Huawei
1696588200000,TAR015_01,S1SIG_Connection_Setup_SR_NUM,1314.0,900,NRCell,Huawei
1696588200000,TAR015_01,SERVICE_LATENCY_OVER_AIR_INTERFACE_DEN,38435.0,900,NRCell,Huawei
1696588200000,TAR015_01,SERVICE_LATENCY_OVER_AIR_INTERFACE_NUM,43791.0,900,NRCell,Huawei
1696588200000,TAR015_01,VOICE_TRAFFIC,487.0,900,NRCell,Huawei
1696588200000,TAR015_01,VOLTE_CALL_SETUP_ATT,5.0,900,NRCell,Huawei
1696588200000,TAR015_01,VOLTE_CALL_SETUP_SUCC,5.0,900,NRCell,Huawei
1696588200000,TOL034_01,DCR_DEN,16.0,900,NRCell,Huawei
1696588200000,TOL034_01,DCR_NUM,0.0,900,NRCell,Huawei
1696588200000,TOL034_01,DROP_CALL_VOLTE_DEN,0.0,900,NRCell,Huawei
1696588200000,TOL034_01,DROP_CALL_VOLTE_NUM,0.0,900,NRCell,Huawei
1696588200000,TOL034_01,ERAB_SR_DEN,14.0,900,NRCell,Huawei
1696588200000,TOL034_01,ERAB_SR_NUM,14.0,900,NRCell,Huawei
1696588200000,TOL034_01,INTEGRITY_NGBR_QCI_9,1654056.0,900,NRCell,Huawei
1696588200000,TOL034_01,INTRA_FREQUENCY_HO_OUT_ATT,0.0,900,NRCell,Huawei
1696588200000,TOL034_01,INTRA_FREQUENCY_HO_OUT_SUCC,0.0,900,NRCell,Huawei
1696588200000,TOL034_01,RRC_SETUP_ATT,10.0,900,NRCell,Huawei
1696588200000,TOL034_01,RRC_SETUP_SUCC,10.0,900,NRCell,Huawei
1696588200000,TOL034_01,S1SIG_Connection_Setup_SR_DEN,10.0,900,NRCell,Huawei
1696588200000,TOL034_01,S1SIG_Connection_Setup_SR_NUM,10.0,900,NRCell,Huawei
1696588200000,TOL034_01,SERVICE_LATENCY_OVER_AIR_INTERFACE_DEN,1553.0,900,NRCell,Huawei
1696588200000,TOL034_01,SERVICE_LATENCY_OVER_AIR_INTERFACE_NUM,1579.0,900,NRCell,Huawei
1696588200000,TOL034_01,VOICE_TRAFFIC,0.0,900,NRCell,Huawei
1696588200000,TOL034_01,VOLTE_CALL_SETUP_ATT,0.0,900,NRCell,Huawei
1696588200000,TOL034_01,VOLTE_CALL_SETUP_SUCC,0.0,900,NRCell,Huawei
1696588200000,VAL002_01,DCR_DEN,52.0,900,NRCell,Huawei
1696588200000,VAL002_01,DCR_NUM,0.0,900,NRCell,Huawei
1696588200000,VAL002_01,DROP_CALL_VOLTE_DEN,0.0,900,NRCell,Huawei
1696588200000,VAL002_01,DROP_CALL_VOLTE_NUM,0.0,900,NRCell,Huawei
1696588200000,VAL002_01,ERAB_SR_DEN,52.0,900,NRCell,Huawei
1696588200000,VAL002_01,ERAB_SR_NUM,52.0,900,NRCell,Huawei
1696588200000,VAL002_01,INTEGRITY_NGBR_QCI_9,5851160.0,900,NRCell,Huawei
1696588200000,VAL002_01,INTRA_FREQUENCY_HO_OUT_ATT,0.0,900,NRCell,Huawei
1696588200000,VAL002_01,INTRA_FREQUENCY_HO_OUT_SUCC,0.0,900,NRCell,Huawei
1696588200000,VAL002_01,RRC_SETUP_ATT,26.0,900,NRCell,Huawei
1696588200000,VAL002_01,RRC_SETUP_SUCC,26.0,900,NRCell,Huawei
1696588200000,VAL002_01,S1SIG_Connection_Setup_SR_DEN,26.0,900,NRCell,Huawei
1696588200000,VAL002_01,S1SIG_Connection_Setup_SR_NUM,26.0,900,NRCell,Huawei
1696588200000,VAL002_01,SERVICE_LATENCY_OVER_AIR_INTERFACE_DEN,917.0,900,NRCell,Huawei
1696588200000,VAL002_01,SERVICE_LATENCY_OVER_AIR_INTERFACE_NUM,1938.0,900,NRCell,Huawei
1696588200000,VAL002_01,VOICE_TRAFFIC,0.0,900,NRCell,Huawei
1696588200000,VAL002_01,VOLTE_CALL_SETUP_ATT,0.0,900,NRCell,Huawei
1696588200000,VAL002_01,VOLTE_CALL_SETUP_SUCC,0.0,900,NRCell,Huawei
