startTime,neId,counterCode,counterValue,granularity,neType,vendorName
1696589100000,BCN014_01,DCR_DEN,901.0,900,NRCell,Huawei
1696589100000,BCN014_01,DCR_NUM,0.0,900,NRCell,Huawei
1696589100000,BCN014_01,DROP_CALL_VOLTE_DEN,0.0,900,NRCell,Huawei
1696589100000,BCN014_01,DROP_CALL_VOLTE_NUM,0.0,900,NRCell,Huawei
1696589100000,BCN014_01,ERAB_SR_DEN,907.0,900,NRCell,Huawei
1696589100000,BCN014_01,ERAB_SR_NUM,907.0,900,NRCell,Huawei
1696589100000,BCN014_01,INTEGRITY_NGBR_QCI_9,1319153352.0,900,NRCell,Huawei
1696589100000,BCN014_01,INTRA_FREQUENCY_HO_OUT_ATT,13.0,900,NRCell,Huawei
1696589100000,BCN014_01,INTRA_FREQUENCY_HO_OUT_SUCC,13.0,900,NRCell,Huawei
1696589100000,BCN014_01,RRC_SETUP_ATT,590.0,900,NRCell,Huawei
1696589100000,BCN014_01,RRC_SETUP_SUCC,590.0,900,NRCell,Huawei
1696589100000,BCN014_01,S1SIG_Connection_Setup_SR_DEN,590.0,900,NRCell,Huawei
1696589100000,BCN014_01,S1SIG_Connection_Setup_SR_NUM,590.0,900,NRCell,Huawei
1696589100000,BCN014_01,SERVICE_LATENCY_OVER_AIR_INTERFACE_DEN,39147.0,900,NRCell,Huawei
1696589100000,BCN014_01,SERVICE_LATENCY_OVER_AIR_INTERFACE_NUM,43008.0,900,NRCell,Huawei
1696589100000,BCN014_01,VOICE_TRAFFIC,0.0,900,NRCell,Huawei
1696589100000,BCN014_01,VOLTE_CALL_SETUP_ATT,0.0,900,NRCell,Huawei
1696589100000,BCN014_01,VOLTE_CALL_SETUP_SUCC,0.0,900,NRCell,Huawei
1696589100000,BIL001_01,DCR_DEN,742.0,900,NRCell,Huawei
1696589100000,BIL001_01,DCR_NUM,0.0,900,NRCell,Huawei
1696589100000,BIL001_01,DROP_CALL_VOLTE_DEN,2.0,900,NRCell,Huawei
1696589100000,BIL001_01,DROP_CALL_VOLTE_NUM,0.0,900,NRCell,Huawei
1696589100000,BIL001_01,ERAB_SR_DEN,759.0,900,NRCell,Huawei
1696589100000,BIL001_01,ERAB_SR_NUM,759.0,900,NRCell,Huawei
1696589100000,BIL001_01,INTEGRITY_NGBR_QCI_9,1086203736.0,900,NRCell,Huawei
1696589100000,BIL001_01,INTRA_FREQUENCY_HO_OUT_ATT,3.0,900,NRCell,Huawei
1696589100000,BIL001_01,INTRA_FREQUENCY_HO_OUT_SUCC,3.0,900,NRCell,Huawei
1696589100000,BIL001_01,RRC_SETUP_ATT,545.0,900,NRCell,Huawei
1696589100000,BIL001_01,RRC_SETUP_SUCC,545.0,900,NRCell,Huawei
1696589100000,BIL001_01,S1SIG_Connection_Setup_SR_DEN,545.0,900,NRCell,Huawei
1696589100000,BIL001_01,S1SIG_Connection_Setup_SR_NUM,545.0,900,NRCell,Huawei
1696589100000,BIL001_01,SERVICE_LATENCY_OVER_AIR_INTERFACE_DEN,100237.0,900,NRCell,Huawei
1696589100000,BIL001_01,SERVICE_LATENCY_OVER_AIR_INTERFACE_NUM,107413.0,900,NRCell,Huawei
1696589100000,BIL001_01,VOICE_TRAFFIC,672.0,900,NRCell,Huawei
1696589100000,BIL001_01,VOLTE_CALL_SETUP_ATT,2.0,900,NRCell,Huawei
1696589100000,BIL001_01,VOLTE_CALL_SETUP_SUCC,2.0,900,NRCell,Huawei
1696589100000,MAD033_01,DCR_DEN,574.0,900,NRCell,Huawei
1696589100000,MAD033_01,DCR_NUM,0.0,900,NRCell,Huawei
1696589100000,MAD033_01,DROP_CALL_VOLTE_DEN,0.0,900,NRCell,Huawei
1696589100000,MAD033_01,DROP_CALL_VOLTE_NUM,0.0,900,NRCell,Huawei
1696589100000,MAD033_01,ERAB_SR_DEN,572.0,900,NRCell,Huawei
1696589100000,MAD033_01,ERAB_SR_NUM,572.0,900,NRCell,Huawei
1696589100000,MAD033_01,INTEGRITY_NGBR_QCI_9,2006700192.0,900,NRCell,Huawei
1696589100000,MAD033_01,INTRA_FREQUENCY_HO_OUT_ATT,4.0,900,NRCell,Huawei
1696589100000,MAD033_01,INTRA_FREQUENCY_HO_OUT_SUCC,4.0,900,NRCell,Huawei
1696589100000,MAD033_01,RRC_SETUP_ATT,362.0,900,NRCell,Huawei
1696589100000,MAD033_01,RRC_SETUP_SUCC,362.0,900,NRCell,Huawei
1696589100000,MAD033_01,S1SIG_Connection_Setup_SR_DEN,362.0,900,NRCell,Huawei
1696589100000,MAD033_01,S1SIG_Connection_Setup_SR_NUM,362.0,900,NRCell,Huawei
1696589100000,MAD033_01,SERVICE_LATENCY_OVER_AIR_INTERFACE_DEN,60207.0,900,NRCell,Huawei
1696589100000,MAD033_01,SERVICE_LATENCY_OVER_AIR_INTERFACE_NUM,72886.0,900,NRCell,Huawei
1696589100000,MAD033_01,VOICE_TRAFFIC,0.0,900,NRCell,Huawei
1696589100000,MAD033_01,VOLTE_CALL_SETUP_ATT,0.0,900,NRCell,Huawei
1696589100000,MAD033_01,VOLTE_CALL_SETUP_SUCC,0.0,900,NRCell,Huawei
1696589100000,SAL030_01,DCR_DEN,126.0,900,NRCell,Huawei
1696589100000,SAL030_01,DCR_NUM,0.0,900,NRCell,Huawei
1696589100000,SAL030_01,DROP_CALL_VOLTE_DEN,0.0,900,NRCell,Huawei
1696589100000,SAL030_01,DROP_CALL_VOLTE_NUM,0.0,900,NRCell,Huawei
1696589100000,SAL030_01,ERAB_SR_DEN,126.0,900,NRCell,Huawei
1696589100000,SAL030_01,ERAB_SR_NUM,126.0,900,NRCell,Huawei
1696589100000,SAL030_01,INTEGRITY_NGBR_QCI_9,721414832.0,900,NRCell,Huawei
1696589100000,SAL030_01,INTRA_FREQUENCY_HO_OUT_ATT,2.0,900,NRCell,Huawei
1696589100000,SAL030_01,INTRA_FREQUENCY_HO_OUT_SUCC,2.0,900,NRCell,Huawei
1696589100000,SAL030_01,RRC_SETUP_ATT,67.0,900,NRCell,Huawei
1696589100000,SAL030_01,RRC_SETUP_SUCC,67.0,900,NRCell,Huawei
1696589100000,SAL030_01,S1SIG_Connection_Setup_SR_DEN,67.0,900,NRCell,Huawei
1696589100000,SAL030_01,S1SIG_Connection_Setup_SR_NUM,67.0,900,NRCell,Huawei
1696589100000,SAL030_01,SERVICE_LATENCY_OVER_AIR_INTERFACE_DEN,3161.0,900,NRCell,Huawei
1696589100000,SAL030_01,SERVICE_LATENCY_OVER_AIR_INTERFACE_NUM,4777.0,900,NRCell,Huawei
1696589100000,SAL030_01,VOICE_TRAFFIC,0.0,900,NRCell,Huawei
1696589100000,SAL030_01,VOLTE_CALL_SETUP_ATT,0.0,900,NRCell,Huawei
1696589100000,SAL030_01,VOLTE_CALL_SETUP_SUCC,0.0,900,NRCell,Huawei
1696589100000,SEV001_01,DCR_DEN,1651.0,900,NRCell,Huawei
1696589100000,SEV001_01,DCR_NUM,0.0,900,NRCell,Huawei
1696589100000,SEV001_01,DROP_CALL_VOLTE_DEN,0.0,900,NRCell,Huawei
1696589100000,SEV001_01,DROP_CALL_VOLTE_NUM,0.0,900,NRCell,Huawei
1696589100000,SEV001_01,ERAB_SR_DEN,1655.0,900,NRCell,Huawei
1696589100000,SEV001_01,ERAB_SR_NUM,1655.0,900,NRCell,Huawei
1696589100000,SEV001_01,INTEGRITY_NGBR_QCI_9,1717191576.0,900,NRCell,Huawei
1696589100000,SEV001_01,INTRA_FREQUENCY_HO_OUT_ATT,12.0,900,NRCell,Huawei
1696589100000,SEV001_01,INTRA_FREQUENCY_HO_OUT_SUCC,12.0,900,NRCell,Huawei
1696589100000,SEV001_01,RRC_SETUP_ATT,1011.0,900,NRCell,Huawei
1696589100000,SEV001_01,RRC_SETUP_SUCC,1011.0,900,NRCell,Huawei
1696589100000,SEV001_01,S1SIG_Connection_Setup_SR_DEN,1011.0,900,NRCell,Huawei
1696589100000,SEV001_01,S1SIG_Connection_Setup_SR_NUM,1011.0,900,NRCell,Huawei
1696589100000,SEV001_01,SERVICE_LATENCY_OVER_AIR_INTERFACE_DEN,43763.0,900,NRCell,Huawei
1696589100000,SEV001_01,SERVICE_LATENCY_OVER_AIR_INTERFACE_NUM,74028.0,900,NRCell,Huawei
1696589100000,SEV001_01,VOICE_TRAFFIC,0.0,900,NRCell,Huawei
1696589100000,SEV001_01,VOLTE_CALL_SETUP_ATT,0.0,900,NRCell,Huawei
1696589100000,SEV001_01,VOLTE_CALL_SETUP_SUCC,0.0,900,NRCell,Huawei
1696589100000,SNT002_01,DCR_DEN,493.0,900,NRCell,Huawei
1696589100000,SNT002_01,DCR_NUM,0.0,900,NRCell,Huawei
1696589100000,SNT002_01,DROP_CALL_VOLTE_DEN,0.0,900,NRCell,Huawei
1696589100000,SNT002_01,DROP_CALL_VOLTE_NUM,0.0,900,NRCell,Huawei
1696589100000,SNT002_01,ERAB_SR_DEN,489.0,900,NRCell,Huawei
1696589100000,SNT002_01,ERAB_SR_NUM,489.0,900,NRCell,Huawei
1696589100000,SNT002_01,INTEGRITY_NGBR_QCI_9,87777264.0,900,NRCell,Huawei
1696589100000,SNT002_01,INTRA_FREQUENCY_HO_OUT_ATT,3.0,900,NRCell,Huawei
1696589100000,SNT002_01,INTRA_FREQUENCY_HO_OUT_SUCC,3.0,900,NRCell,Huawei
1696589100000,SNT002_01,RRC_SETUP_ATT,318.0,900,NRCell,Huawei
1696589100000,SNT002_01,RRC_SETUP_SUCC,318.0,900,NRCell,Huawei
1696589100000,SNT002_01,S1SIG_Connection_Setup_SR_DEN,318.0,900,NRCell,Huawei
1696589100000,SNT002_01,S1SIG_Connection_Setup_SR_NUM,318.0,900,NRCell,Huawei
1696589100000,SNT002_01,SERVICE_LATENCY_OVER_AIR_INTERFACE_DEN,7909.0,900,NRCell,Huawei
1696589100000,SNT002_01,SERVICE_LATENCY_OVER_AIR_INTERFACE_NUM,8095.0,900,NRCell,Huawei
1696589100000,SNT002_01,VOICE_TRAFFIC,0.0,900,NRCell,Huawei
1696589100000,SNT002_01,VOLTE_CALL_SETUP_ATT,0.0,900,NRCell,Huawei
1696589100000,SNT002_01,VOLTE_CALL_SETUP_SUCC,0.0,900,NRCell,Huawei
1696589100000,TAR015_01,DCR_DEN,2304.0,900,NRCell,Huawei
1696589100000,TAR015_01,DCR_NUM,1.0,900,NRCell,Huawei
1696589100000,TAR015_01,DROP_CALL_VOLTE_DEN,1.0,900,NRCell,Huawei
1696589100000,TAR015_01,DROP_CALL_VOLTE_NUM,0.0,900,NRCell,Huawei
1696589100000,TAR015_01,ERAB_SR_DEN,2297.0,900,NRCell,Huawei
1696589100000,TAR015_01,ERAB_SR_NUM,2296.0,900,NRCell,Huawei
1696589100000,TAR015_01,INTEGRITY_NGBR_QCI_9,5017987664.0,900,NRCell,Huawei
1696589100000,TAR015_01,INTRA_FREQUENCY_HO_OUT_ATT,18.0,900,NRCell,Huawei
1696589100000,TAR015_01,INTRA_FREQUENCY_HO_OUT_SUCC,18.0,900,NRCell,Huawei
1696589100000,TAR015_01,RRC_SETUP_ATT,1287.0,900,NRCell,Huawei
1696589100000,TAR015_01,RRC_SETUP_SUCC,1287.0,900,NRCell,Huawei
1696589100000,TAR015_01,S1SIG_Connection_Setup_SR_DEN,1287.0,900,NRCell,Huawei
1696589100000,TAR015_01,S1SIG_Connection_Setup_SR_NUM,1287.0,900,NRCell,Huawei
1696589100000,TAR015_01,SERVICE_LATENCY_OVER_AIR_INTERFACE_DEN,53743.0,900,NRCell,Huawei
1696589100000,TAR015_01,SERVICE_LATENCY_OVER_AIR_INTERFACE_NUM,84946.0,900,NRCell,Huawei
1696589100000,TAR015_01,VOICE_TRAFFIC,267.0,900,NRCell,Huawei
1696589100000,TAR015_01,VOLTE_CALL_SETUP_ATT,1.0,900,NRCell,Huawei
1696589100000,TAR015_01,VOLTE_CALL_SETUP_SUCC,1.0,900,NRCell,Huawei
1696589100000,TOL034_01,DCR_DEN,22.0,900,NRCell,Huawei
1696589100000,TOL034_01,DCR_NUM,0.0,900,NRCell,Huawei
1696589100000,TOL034_01,DROP_CALL_VOLTE_DEN,0.0,900,NRCell,Huawei
1696589100000,TOL034_01,DROP_CALL_VOLTE_NUM,0.0,900,NRCell,Huawei
1696589100000,TOL034_01,ERAB_SR_DEN,23.0,900,NRCell,Huawei
1696589100000,TOL034_01,ERAB_SR_NUM,23.0,900,NRCell,Huawei
1696589100000,TOL034_01,INTEGRITY_NGBR_QCI_9,5319664.0,900,NRCell,Huawei
1696589100000,TOL034_01,INTRA_FREQUENCY_HO_OUT_ATT,5.0,900,NRCell,Huawei
1696589100000,TOL034_01,INTRA_FREQUENCY_HO_OUT_SUCC,5.0,900,NRCell,Huawei
1696589100000,TOL034_01,RRC_SETUP_ATT,15.0,900,NRCell,Huawei
1696589100000,TOL034_01,RRC_SETUP_SUCC,15.0,900,NRCell,Huawei
1696589100000,TOL034_01,S1SIG_Connection_Setup_SR_DEN,15.0,900,NRCell,Huawei
1696589100000,TOL034_01,S1SIG_Connection_Setup_SR_NUM,15.0,900,NRCell,Huawei
1696589100000,TOL034_01,SERVICE_LATENCY_OVER_AIR_INTERFACE_DEN,2270.0,900,NRCell,Huawei
1696589100000,TOL034_01,SERVICE_LATENCY_OVER_AIR_INTERFACE_NUM,2422.0,900,NRCell,Huawei
1696589100000,TOL034_01,VOICE_TRAFFIC,0.0,900,NRCell,Huawei
1696589100000,TOL034_01,VOLTE_CALL_SETUP_ATT,0.0,900,NRCell,Huawei
1696589100000,TOL034_01,VOLTE_CALL_SETUP_SUCC,0.0,900,NRCell,Huawei
1696589100000,VAL002_01,DCR_DEN,52.0,900,NRCell,Huawei
1696589100000,VAL002_01,DCR_NUM,0.0,900,NRCell,Huawei
1696589100000,VAL002_01,DROP_CALL_VOLTE_DEN,0.0,900,NRCell,Huawei
1696589100000,VAL002_01,DROP_CALL_VOLTE_NUM,0.0,900,NRCell,Huawei
1696589100000,VAL002_01,ERAB_SR_DEN,50.0,900,NRCell,Huawei
1696589100000,VAL002_01,ERAB_SR_NUM,50.0,900,NRCell,Huawei
1696589100000,VAL002_01,INTEGRITY_NGBR_QCI_9,6259568.0,900,NRCell,Huawei
1696589100000,VAL002_01,INTRA_FREQUENCY_HO_OUT_ATT,0.0,900,NRCell,Huawei
1696589100000,VAL002_01,INTRA_FREQUENCY_HO_OUT_SUCC,0.0,900,NRCell,Huawei
1696589100000,VAL002_01,RRC_SETUP_ATT,25.0,900,NRCell,Huawei
1696589100000,VAL002_01,RRC_SETUP_SUCC,25.0,900,NRCell,Huawei
1696589100000,VAL002_01,S1SIG_Connection_Setup_SR_DEN,25.0,900,NRCell,Huawei
1696589100000,VAL002_01,S1SIG_Connection_Setup_SR_NUM,25.0,900,NRCell,Huawei
1696589100000,VAL002_01,SERVICE_LATENCY_OVER_AIR_INTERFACE_DEN,751.0,900,NRCell,Huawei
1696589100000,VAL002_01,SERVICE_LATENCY_OVER_AIR_INTERFACE_NUM,1854.0,900,NRCell,Huawei
1696589100000,VAL002_01,VOICE_TRAFFIC,0.0,900,NRCell,Huawei
1696589100000,VAL002_01,VOLTE_CALL_SETUP_ATT,0.0,900,NRCell,Huawei
1696589100000,VAL002_01,VOLTE_CALL_SETUP_SUCC,0.0,900,NRCell,Huawei
