startTime,neId,counterCode,counterValue,granularity,neType,vendorName
1696840200000,BCN014_01,DCR_DEN,793.0,900,NRCell,Huawei
1696840200000,BCN014_01,DCR_NUM,0.0,900,NRCell,Huawei
1696840200000,BCN014_01,DROP_CALL_VOLTE_DEN,2.0,900,NRCell,Huawei
1696840200000,BCN014_01,DROP_CALL_VOLTE_NUM,0.0,900,NRCell,Huawei
1696840200000,BCN014_01,ERAB_SR_DEN,799.0,900,NRCell,Huawei
1696840200000,BCN014_01,ERAB_SR_NUM,799.0,900,NRCell,Huawei
1696840200000,BCN014_01,INTEGRITY_NGBR_QCI_9,2319347928.0,900,NRCell,Huawei
1696840200000,BCN014_01,INTRA_FREQUENCY_HO_OUT_ATT,7.0,900,NRCell,Huawei
1696840200000,BCN014_01,INTRA_FREQUENCY_HO_OUT_SUCC,7.0,900,NRCell,Huawei
1696840200000,BCN014_01,RRC_SETUP_ATT,519.0,900,NRCell,Huawei
1696840200000,BCN014_01,RRC_SETUP_SUCC,519.0,900,NRCell,Huawei
1696840200000,BCN014_01,S1SIG_Connection_Setup_SR_DEN,519.0,900,NRCell,Huawei
1696840200000,BCN014_01,S1SIG_Connection_Setup_SR_NUM,519.0,900,NRCell,Huawei
1696840200000,BCN014_01,SERVICE_LATENCY_OVER_AIR_INTERFACE_DEN,73742.0,900,NRCell,Huawei
1696840200000,BCN014_01,SERVICE_LATENCY_OVER_AIR_INTERFACE_NUM,82169.0,900,NRCell,Huawei
1696840200000,BCN014_01,VOICE_TRAFFIC,143.0,900,NRCell,Huawei
1696840200000,BCN014_01,VOLTE_CALL_SETUP_ATT,2.0,900,NRCell,Huawei
1696840200000,BCN014_01,VOLTE_CALL_SETUP_SUCC,2.0,900,NRCell,Huawei
1696840200000,BIL001_01,DCR_DEN,829.0,900,NRCell,Huawei
1696840200000,BIL001_01,DCR_NUM,0.0,900,NRCell,Huawei
1696840200000,BIL001_01,DROP_CALL_VOLTE_DEN,0.0,900,NRCell,Huawei
1696840200000,BIL001_01,DROP_CALL_VOLTE_NUM,0.0,900,NRCell,Huawei
1696840200000,BIL001_01,ERAB_SR_DEN,819.0,900,NRCell,Huawei
1696840200000,BIL001_01,ERAB_SR_NUM,819.0,900,NRCell,Huawei
1696840200000,BIL001_01,INTEGRITY_NGBR_QCI_9,832876440.0,900,NRCell,Huawei
1696840200000,BIL001_01,INTRA_FREQUENCY_HO_OUT_ATT,1.0,900,NRCell,Huawei
1696840200000,BIL001_01,INTRA_FREQUENCY_HO_OUT_SUCC,1.0,900,NRCell,Huawei
1696840200000,BIL001_01,RRC_SETUP_ATT,557.0,900,NRCell,Huawei
1696840200000,BIL001_01,RRC_SETUP_SUCC,557.0,900,NRCell,Huawei
1696840200000,BIL001_01,S1SIG_Connection_Setup_SR_DEN,557.0,900,NRCell,Huawei
1696840200000,BIL001_01,S1SIG_Connection_Setup_SR_NUM,557.0,900,NRCell,Huawei
1696840200000,BIL001_01,SERVICE_LATENCY_OVER_AIR_INTERFACE_DEN,62546.0,900,NRCell,Huawei
1696840200000,BIL001_01,SERVICE_LATENCY_OVER_AIR_INTERFACE_NUM,64787.0,900,NRCell,Huawei
1696840200000,BIL001_01,VOICE_TRAFFIC,8769.0,900,NRCell,Huawei
1696840200000,BIL001_01,VOLTE_CALL_SETUP_ATT,0.0,900,NRCell,Huawei
1696840200000,BIL001_01,VOLTE_CALL_SETUP_SUCC,0.0,900,NRCell,Huawei
1696840200000,MAD033_01,DCR_DEN,528.0,900,NRCell,Huawei
1696840200000,MAD033_01,DCR_NUM,0.0,900,NRCell,Huawei
1696840200000,MAD033_01,DROP_CALL_VOLTE_DEN,0.0,900,NRCell,Huawei
1696840200000,MAD033_01,DROP_CALL_VOLTE_NUM,0.0,900,NRCell,Huawei
1696840200000,MAD033_01,ERAB_SR_DEN,526.0,900,NRCell,Huawei
1696840200000,MAD033_01,ERAB_SR_NUM,526.0,900,NRCell,Huawei
1696840200000,MAD033_01,INTEGRITY_NGBR_QCI_9,75994632.0,900,NRCell,Huawei
1696840200000,MAD033_01,INTRA_FREQUENCY_HO_OUT_ATT,9.0,900,NRCell,Huawei
1696840200000,MAD033_01,INTRA_FREQUENCY_HO_OUT_SUCC,9.0,900,NRCell,Huawei
1696840200000,MAD033_01,RRC_SETUP_ATT,337.0,900,NRCell,Huawei
1696840200000,MAD033_01,RRC_SETUP_SUCC,337.0,900,NRCell,Huawei
1696840200000,MAD033_01,S1SIG_Connection_Setup_SR_DEN,337.0,900,NRCell,Huawei
1696840200000,MAD033_01,S1SIG_Connection_Setup_SR_NUM,337.0,900,NRCell,Huawei
1696840200000,MAD033_01,SERVICE_LATENCY_OVER_AIR_INTERFACE_DEN,8842.0,900,NRCell,Huawei
1696840200000,MAD033_01,SERVICE_LATENCY_OVER_AIR_INTERFACE_NUM,9184.0,900,NRCell,Huawei
1696840200000,MAD033_01,VOICE_TRAFFIC,0.0,900,NRCell,Huawei
1696840200000,MAD033_01,VOLTE_CALL_SETUP_ATT,0.0,900,NRCell,Huawei
1696840200000,MAD033_01,VOLTE_CALL_SETUP_SUCC,0.0,900,NRCell,Huawei
1696840200000,SAL030_01,DCR_DEN,134.0,900,NRCell,Huawei
1696840200000,SAL030_01,DCR_NUM,0.0,900,NRCell,Huawei
1696840200000,SAL030_01,DROP_CALL_VOLTE_DEN,0.0,900,NRCell,Huawei
1696840200000,SAL030_01,DROP_CALL_VOLTE_NUM,0.0,900,NRCell,Huawei
1696840200000,SAL030_01,ERAB_SR_DEN,137.0,900,NRCell,Huawei
1696840200000,SAL030_01,ERAB_SR_NUM,137.0,900,NRCell,Huawei
1696840200000,SAL030_01,INTEGRITY_NGBR_QCI_9,26805376.0,900,NRCell,Huawei
1696840200000,SAL030_01,INTRA_FREQUENCY_HO_OUT_ATT,0.0,900,NRCell,Huawei
1696840200000,SAL030_01,INTRA_FREQUENCY_HO_OUT_SUCC,0.0,900,NRCell,Huawei
1696840200000,SAL030_01,RRC_SETUP_ATT,78.0,900,NRCell,Huawei
1696840200000,SAL030_01,RRC_SETUP_SUCC,78.0,900,NRCell,Huawei
1696840200000,SAL030_01,S1SIG_Connection_Setup_SR_DEN,78.0,900,NRCell,Huawei
1696840200000,SAL030_01,S1SIG_Connection_Setup_SR_NUM,78.0,900,NRCell,Huawei
1696840200000,SAL030_01,SERVICE_LATENCY_OVER_AIR_INTERFACE_DEN,1615.0,900,NRCell,Huawei
1696840200000,SAL030_01,SERVICE_LATENCY_OVER_AIR_INTERFACE_NUM,2541.0,900,NRCell,Huawei
1696840200000,SAL030_01,VOICE_TRAFFIC,0.0,900,NRCell,Huawei
1696840200000,SAL030_01,VOLTE_CALL_SETUP_ATT,0.0,900,NRCell,Huawei
1696840200000,SAL030_01,VOLTE_CALL_SETUP_SUCC,0.0,900,NRCell,Huawei
1696840200000,SEV001_01,DCR_DEN,1878.0,900,NRCell,Huawei
1696840200000,SEV001_01,DCR_NUM,0.0,900,NRCell,Huawei
1696840200000,SEV001_01,DROP_CALL_VOLTE_DEN,2.0,900,NRCell,Huawei
1696840200000,SEV001_01,DROP_CALL_VOLTE_NUM,0.0,900,NRCell,Huawei
1696840200000,SEV001_01,ERAB_SR_DEN,1885.0,900,NRCell,Huawei
1696840200000,SEV001_01,ERAB_SR_NUM,1885.0,900,NRCell,Huawei
1696840200000,SEV001_01,INTEGRITY_NGBR_QCI_9,4778020864.0,900,NRCell,Huawei
1696840200000,SEV001_01,INTRA_FREQUENCY_HO_OUT_ATT,12.0,900,NRCell,Huawei
1696840200000,SEV001_01,INTRA_FREQUENCY_HO_OUT_SUCC,12.0,900,NRCell,Huawei
1696840200000,SEV001_01,RRC_SETUP_ATT,1082.0,900,NRCell,Huawei
1696840200000,SEV001_01,RRC_SETUP_SUCC,1082.0,900,NRCell,Huawei
1696840200000,SEV001_01,S1SIG_Connection_Setup_SR_DEN,1082.0,900,NRCell,Huawei
1696840200000,SEV001_01,S1SIG_Connection_Setup_SR_NUM,1082.0,900,NRCell,Huawei
1696840200000,SEV001_01,SERVICE_LATENCY_OVER_AIR_INTERFACE_DEN,191223.0,900,NRCell,Huawei
1696840200000,SEV001_01,SERVICE_LATENCY_OVER_AIR_INTERFACE_NUM,215161.0,900,NRCell,Huawei
1696840200000,SEV001_01,VOICE_TRAFFIC,4332.0,900,NRCell,Huawei
1696840200000,SEV001_01,VOLTE_CALL_SETUP_ATT,2.0,900,NRCell,Huawei
1696840200000,SEV001_01,VOLTE_CALL_SETUP_SUCC,2.0,900,NRCell,Huawei
1696840200000,SNT002_01,DCR_DEN,455.0,900,NRCell,Huawei
1696840200000,SNT002_01,DCR_NUM,0.0,900,NRCell,Huawei
1696840200000,SNT002_01,DROP_CALL_VOLTE_DEN,0.0,900,NRCell,Huawei
1696840200000,SNT002_01,DROP_CALL_VOLTE_NUM,0.0,900,NRCell,Huawei
1696840200000,SNT002_01,ERAB_SR_DEN,461.0,900,NRCell,Huawei
1696840200000,SNT002_01,ERAB_SR_NUM,461.0,900,NRCell,Huawei
1696840200000,SNT002_01,INTEGRITY_NGBR_QCI_9,47742192.0,900,NRCell,Huawei
1696840200000,SNT002_01,INTRA_FREQUENCY_HO_OUT_ATT,3.0,900,NRCell,Huawei
1696840200000,SNT002_01,INTRA_FREQUENCY_HO_OUT_SUCC,3.0,900,NRCell,Huawei
1696840200000,SNT002_01,RRC_SETUP_ATT,292.0,900,NRCell,Huawei
1696840200000,SNT002_01,RRC_SETUP_SUCC,292.0,900,NRCell,Huawei
1696840200000,SNT002_01,S1SIG_Connection_Setup_SR_DEN,292.0,900,NRCell,Huawei
1696840200000,SNT002_01,S1SIG_Connection_Setup_SR_NUM,292.0,900,NRCell,Huawei
1696840200000,SNT002_01,SERVICE_LATENCY_OVER_AIR_INTERFACE_DEN,6358.0,900,NRCell,Huawei
1696840200000,SNT002_01,SERVICE_LATENCY_OVER_AIR_INTERFACE_NUM,6842.0,900,NRCell,Huawei
1696840200000,SNT002_01,VOICE_TRAFFIC,0.0,900,NRCell,Huawei
1696840200000,SNT002_01,VOLTE_CALL_SETUP_ATT,0.0,900,NRCell,Huawei
1696840200000,SNT002_01,VOLTE_CALL_SETUP_SUCC,0.0,900,NRCell,Huawei
1696840200000,TAR015_01,DCR_DEN,2211.0,900,NRCell,Huawei
1696840200000,TAR015_01,DCR_NUM,0.0,900,NRCell,Huawei
1696840200000,TAR015_01,DROP_CALL_VOLTE_DEN,1.0,900,NRCell,Huawei
1696840200000,TAR015_01,DROP_CALL_VOLTE_NUM,0.0,900,NRCell,Huawei
1696840200000,TAR015_01,ERAB_SR_DEN,2223.0,900,NRCell,Huawei
1696840200000,TAR015_01,ERAB_SR_NUM,2223.0,900,NRCell,Huawei
1696840200000,TAR015_01,INTEGRITY_NGBR_QCI_9,1669274688.0,900,NRCell,Huawei
1696840200000,TAR015_01,INTRA_FREQUENCY_HO_OUT_ATT,8.0,900,NRCell,Huawei
1696840200000,TAR015_01,INTRA_FREQUENCY_HO_OUT_SUCC,8.0,900,NRCell,Huawei
1696840200000,TAR015_01,RRC_SETUP_ATT,1266.0,900,NRCell,Huawei
1696840200000,TAR015_01,RRC_SETUP_SUCC,1266.0,900,NRCell,Huawei
1696840200000,TAR015_01,S1SIG_Connection_Setup_SR_DEN,1266.0,900,NRCell,Huawei
1696840200000,TAR015_01,S1SIG_Connection_Setup_SR_NUM,1266.0,900,NRCell,Huawei
1696840200000,TAR015_01,SERVICE_LATENCY_OVER_AIR_INTERFACE_DEN,72119.0,900,NRCell,Huawei
1696840200000,TAR015_01,SERVICE_LATENCY_OVER_AIR_INTERFACE_NUM,85552.0,900,NRCell,Huawei
1696840200000,TAR015_01,VOICE_TRAFFIC,660.0,900,NRCell,Huawei
1696840200000,TAR015_01,VOLTE_CALL_SETUP_ATT,0.0,900,NRCell,Huawei
1696840200000,TAR015_01,VOLTE_CALL_SETUP_SUCC,0.0,900,NRCell,Huawei
1696840200000,TOL034_01,DCR_DEN,20.0,900,NRCell,Huawei
1696840200000,TOL034_01,DCR_NUM,0.0,900,NRCell,Huawei
1696840200000,TOL034_01,DROP_CALL_VOLTE_DEN,0.0,900,NRCell,Huawei
1696840200000,TOL034_01,DROP_CALL_VOLTE_NUM,0.0,900,NRCell,Huawei
1696840200000,TOL034_01,ERAB_SR_DEN,20.0,900,NRCell,Huawei
1696840200000,TOL034_01,ERAB_SR_NUM,20.0,900,NRCell,Huawei
1696840200000,TOL034_01,INTEGRITY_NGBR_QCI_9,1601897360.0,900,NRCell,Huawei
1696840200000,TOL034_01,INTRA_FREQUENCY_HO_OUT_ATT,0.0,900,NRCell,Huawei
1696840200000,TOL034_01,INTRA_FREQUENCY_HO_OUT_SUCC,0.0,900,NRCell,Huawei
1696840200000,TOL034_01,RRC_SETUP_ATT,15.0,900,NRCell,Huawei
1696840200000,TOL034_01,RRC_SETUP_SUCC,15.0,900,NRCell,Huawei
1696840200000,TOL034_01,S1SIG_Connection_Setup_SR_DEN,15.0,900,NRCell,Huawei
1696840200000,TOL034_01,S1SIG_Connection_Setup_SR_NUM,15.0,900,NRCell,Huawei
1696840200000,TOL034_01,SERVICE_LATENCY_OVER_AIR_INTERFACE_DEN,45270.0,900,NRCell,Huawei
1696840200000,TOL034_01,SERVICE_LATENCY_OVER_AIR_INTERFACE_NUM,47022.0,900,NRCell,Huawei
1696840200000,TOL034_01,VOICE_TRAFFIC,0.0,900,NRCell,Huawei
1696840200000,TOL034_01,VOLTE_CALL_SETUP_ATT,0.0,900,NRCell,Huawei
1696840200000,TOL034_01,VOLTE_CALL_SETUP_SUCC,0.0,900,NRCell,Huawei
1696840200000,VAL002_01,DCR_DEN,31.0,900,NRCell,Huawei
1696840200000,VAL002_01,DCR_NUM,0.0,900,NRCell,Huawei
1696840200000,VAL002_01,DROP_CALL_VOLTE_DEN,0.0,900,NRCell,Huawei
1696840200000,VAL002_01,DROP_CALL_VOLTE_NUM,0.0,900,NRCell,Huawei
1696840200000,VAL002_01,ERAB_SR_DEN,31.0,900,NRCell,Huawei
1696840200000,VAL002_01,ERAB_SR_NUM,31.0,900,NRCell,Huawei
1696840200000,VAL002_01,INTEGRITY_NGBR_QCI_9,8141720.0,900,NRCell,Huawei
1696840200000,VAL002_01,INTRA_FREQUENCY_HO_OUT_ATT,0.0,900,NRCell,Huawei
1696840200000,VAL002_01,INTRA_FREQUENCY_HO_OUT_SUCC,0.0,900,NRCell,Huawei
1696840200000,VAL002_01,RRC_SETUP_ATT,16.0,900,NRCell,Huawei
1696840200000,VAL002_01,RRC_SETUP_SUCC,16.0,900,NRCell,Huawei
1696840200000,VAL002_01,S1SIG_Connection_Setup_SR_DEN,16.0,900,NRCell,Huawei
1696840200000,VAL002_01,S1SIG_Connection_Setup_SR_NUM,16.0,900,NRCell,Huawei
1696840200000,VAL002_01,SERVICE_LATENCY_OVER_AIR_INTERFACE_DEN,729.0,900,NRCell,Huawei
1696840200000,VAL002_01,SERVICE_LATENCY_OVER_AIR_INTERFACE_NUM,1614.0,900,NRCell,Huawei
1696840200000,VAL002_01,VOICE_TRAFFIC,0.0,900,NRCell,Huawei
1696840200000,VAL002_01,VOLTE_CALL_SETUP_ATT,0.0,900,NRCell,Huawei
1696840200000,VAL002_01,VOLTE_CALL_SETUP_SUCC,0.0,900,NRCell,Huawei
