startTime,neId,counterCode,counterValue,granularity,neType,vendorName
1696487400000,BCN014_01,DCR_DEN,873.0,900,NRCell,Huawei
1696487400000,BCN014_01,DCR_NUM,0.0,900,NRCell,Huawei
1696487400000,BCN014_01,DROP_CALL_VOLTE_DEN,0.0,900,NRCell,Huawei
1696487400000,BCN014_01,DROP_CALL_VOLTE_NUM,0.0,900,NRCell,Huawei
1696487400000,BCN014_01,ERAB_SR_DEN,863.0,900,NRCell,Huawei
1696487400000,BCN014_01,ERAB_SR_NUM,863.0,900,NRCell,Huawei
1696487400000,BCN014_01,INTEGRITY_NGBR_QCI_9,5896941912.0,900,NRCell,Huawei
1696487400000,BCN014_01,INTRA_FREQUENCY_HO_OUT_ATT,21.0,900,NRCell,Huawei
1696487400000,BCN014_01,INTRA_FREQUENCY_HO_OUT_SUCC,21.0,900,NRCell,Huawei
1696487400000,BCN014_01,RRC_SETUP_ATT,551.0,900,NRCell,Huawei
1696487400000,BCN014_01,RRC_SETUP_SUCC,550.0,900,NRCell,Huawei
1696487400000,BCN014_01,S1SIG_Connection_Setup_SR_DEN,550.0,900,NRCell,Huawei
1696487400000,BCN014_01,S1SIG_Connection_Setup_SR_NUM,550.0,900,NRCell,Huawei
1696487400000,BCN014_01,SERVICE_LATENCY_OVER_AIR_INTERFACE_DEN,266415.0,900,NRCell,Huawei
1696487400000,BCN014_01,SERVICE_LATENCY_OVER_AIR_INTERFACE_NUM,287592.0,900,NRCell,Huawei
1696487400000,BCN014_01,VOICE_TRAFFIC,2816.0,900,NRCell,Huawei
1696487400000,BCN014_01,VOLTE_CALL_SETUP_ATT,0.0,900,NRCell,Huawei
1696487400000,BCN014_01,VOLTE_CALL_SETUP_SUCC,0.0,900,NRCell,Huawei
1696487400000,BIL001_01,DCR_DEN,873.0,900,NRCell,Huawei
1696487400000,BIL001_01,DCR_NUM,0.0,900,NRCell,Huawei
1696487400000,BIL001_01,DROP_CALL_VOLTE_DEN,0.0,900,NRCell,Huawei
1696487400000,BIL001_01,DROP_CALL_VOLTE_NUM,0.0,900,NRCell,Huawei
1696487400000,BIL001_01,ERAB_SR_DEN,892.0,900,NRCell,Huawei
1696487400000,BIL001_01,ERAB_SR_NUM,892.0,900,NRCell,Huawei
1696487400000,BIL001_01,INTEGRITY_NGBR_QCI_9,6878717224.0,900,NRCell,Huawei
1696487400000,BIL001_01,INTRA_FREQUENCY_HO_OUT_ATT,8.0,900,NRCell,Huawei
1696487400000,BIL001_01,INTRA_FREQUENCY_HO_OUT_SUCC,8.0,900,NRCell,Huawei
1696487400000,BIL001_01,RRC_SETUP_ATT,566.0,900,NRCell,Huawei
1696487400000,BIL001_01,RRC_SETUP_SUCC,566.0,900,NRCell,Huawei
1696487400000,BIL001_01,S1SIG_Connection_Setup_SR_DEN,566.0,900,NRCell,Huawei
1696487400000,BIL001_01,S1SIG_Connection_Setup_SR_NUM,566.0,900,NRCell,Huawei
1696487400000,BIL001_01,SERVICE_LATENCY_OVER_AIR_INTERFACE_DEN,122740.0,900,NRCell,Huawei
1696487400000,BIL001_01,SERVICE_LATENCY_OVER_AIR_INTERFACE_NUM,224941.0,900,NRCell,Huawei
1696487400000,BIL001_01,VOICE_TRAFFIC,6270.0,900,NRCell,Huawei
1696487400000,BIL001_01,VOLTE_CALL_SETUP_ATT,0.0,900,NRCell,Huawei
1696487400000,BIL001_01,VOLTE_CALL_SETUP_SUCC,0.0,900,NRCell,Huawei
1696487400000,MAD033_01,DCR_DEN,874.0,900,NRCell,Huawei
1696487400000,MAD033_01,DCR_NUM,0.0,900,NRCell,Huawei
1696487400000,MAD033_01,DROP_CALL_VOLTE_DEN,1.0,900,NRCell,Huawei
1696487400000,MAD033_01,DROP_CALL_VOLTE_NUM,0.0,900,NRCell,Huawei
1696487400000,MAD033_01,ERAB_SR_DEN,857.0,900,NRCell,Huawei
1696487400000,MAD033_01,ERAB_SR_NUM,857.0,900,NRCell,Huawei
1696487400000,MAD033_01,INTEGRITY_NGBR_QCI_9,1593046872.0,900,NRCell,Huawei
1696487400000,MAD033_01,INTRA_FREQUENCY_HO_OUT_ATT,14.0,900,NRCell,Huawei
1696487400000,MAD033_01,INTRA_FREQUENCY_HO_OUT_SUCC,14.0,900,NRCell,Huawei
1696487400000,MAD033_01,RRC_SETUP_ATT,515.0,900,NRCell,Huawei
1696487400000,MAD033_01,RRC_SETUP_SUCC,515.0,900,NRCell,Huawei
1696487400000,MAD033_01,S1SIG_Connection_Setup_SR_DEN,515.0,900,NRCell,Huawei
1696487400000,MAD033_01,S1SIG_Connection_Setup_SR_NUM,515.0,900,NRCell,Huawei
1696487400000,MAD033_01,SERVICE_LATENCY_OVER_AIR_INTERFACE_DEN,32410.0,900,NRCell,Huawei
1696487400000,MAD033_01,SERVICE_LATENCY_OVER_AIR_INTERFACE_NUM,41282.0,900,NRCell,Huawei
1696487400000,MAD033_01,VOICE_TRAFFIC,99.0,900,NRCell,Huawei
1696487400000,MAD033_01,VOLTE_CALL_SETUP_ATT,1.0,900,NRCell,Huawei
1696487400000,MAD033_01,VOLTE_CALL_SETUP_SUCC,1.0,900,NRCell,Huawei
1696487400000,SAL030_01,DCR_DEN,202.0,900,NRCell,Huawei
1696487400000,SAL030_01,DCR_NUM,0.0,900,NRCell,Huawei
1696487400000,SAL030_01,DROP_CALL_VOLTE_DEN,0.0,900,NRCell,Huawei
1696487400000,SAL030_01,DROP_CALL_VOLTE_NUM,0.0,900,NRCell,Huawei
1696487400000,SAL030_01,ERAB_SR_DEN,207.0,900,NRCell,Huawei
1696487400000,SAL030_01,ERAB_SR_NUM,207.0,900,NRCell,Huawei
1696487400000,SAL030_01,INTEGRITY_NGBR_QCI_9,739760232.0,900,NRCell,Huawei
1696487400000,SAL030_01,INTRA_FREQUENCY_HO_OUT_ATT,1.0,900,NRCell,Huawei
1696487400000,SAL030_01,INTRA_FREQUENCY_HO_OUT_SUCC,1.0,900,NRCell,Huawei
1696487400000,SAL030_01,RRC_SETUP_ATT,132.0,900,NRCell,Huawei
1696487400000,SAL030_01,RRC_SETUP_SUCC,131.0,900,NRCell,Huawei
1696487400000,SAL030_01,S1SIG_Connection_Setup_SR_DEN,131.0,900,NRCell,Huawei
1696487400000,SAL030_01,S1SIG_Connection_Setup_SR_NUM,131.0,900,NRCell,Huawei
1696487400000,SAL030_01,SERVICE_LATENCY_OVER_AIR_INTERFACE_DEN,29444.0,900,NRCell,Huawei
1696487400000,SAL030_01,SERVICE_LATENCY_OVER_AIR_INTERFACE_NUM,69024.0,900,NRCell,Huawei
1696487400000,SAL030_01,VOICE_TRAFFIC,0.0,900,NRCell,Huawei
1696487400000,SAL030_01,VOLTE_CALL_SETUP_ATT,0.0,900,NRCell,Huawei
1696487400000,SAL030_01,VOLTE_CALL_SETUP_SUCC,0.0,900,NRCell,Huawei
1696487400000,SEV001_01,DCR_DEN,2438.0,900,NRCell,Huawei
1696487400000,SEV001_01,DCR_NUM,1.0,900,NRCell,Huawei
1696487400000,SEV001_01,DROP_CALL_VOLTE_DEN,0.0,900,NRCell,Huawei
1696487400000,SEV001_01,DROP_CALL_VOLTE_NUM,0.0,900,NRCell,Huawei
1696487400000,SEV001_01,ERAB_SR_DEN,2426.0,900,NRCell,Huawei
1696487400000,SEV001_01,ERAB_SR_NUM,2426.0,900,NRCell,Huawei
1696487400000,SEV001_01,INTEGRITY_NGBR_QCI_9,8837089784.0,900,NRCell,Huawei
1696487400000,SEV001_01,INTRA_FREQUENCY_HO_OUT_ATT,20.0,900,NRCell,Huawei
1696487400000,SEV001_01,INTRA_FREQUENCY_HO_OUT_SUCC,20.0,900,NRCell,Huawei
1696487400000,SEV001_01,RRC_SETUP_ATT,1361.0,900,NRCell,Huawei
1696487400000,SEV001_01,RRC_SETUP_SUCC,1361.0,900,NRCell,Huawei
1696487400000,SEV001_01,S1SIG_Connection_Setup_SR_DEN,1361.0,900,NRCell,Huawei
1696487400000,SEV001_01,S1SIG_Connection_Setup_SR_NUM,1361.0,900,NRCell,Huawei
1696487400000,SEV001_01,SERVICE_LATENCY_OVER_AIR_INTERFACE_DEN,278016.0,900,NRCell,Huawei
1696487400000,SEV001_01,SERVICE_LATENCY_OVER_AIR_INTERFACE_NUM,340772.0,900,NRCell,Huawei
1696487400000,SEV001_01,VOICE_TRAFFIC,5806.0,900,NRCell,Huawei
1696487400000,SEV001_01,VOLTE_CALL_SETUP_ATT,1.0,900,NRCell,Huawei
1696487400000,SEV001_01,VOLTE_CALL_SETUP_SUCC,1.0,900,NRCell,Huawei
1696487400000,SNT002_01,DCR_DEN,759.0,900,NRCell,Huawei
1696487400000,SNT002_01,DCR_NUM,0.0,900,NRCell,Huawei
1696487400000,SNT002_01,DROP_CALL_VOLTE_DEN,1.0,900,NRCell,Huawei
1696487400000,SNT002_01,DROP_CALL_VOLTE_NUM,0.0,900,NRCell,Huawei
1696487400000,SNT002_01,ERAB_SR_DEN,765.0,900,NRCell,Huawei
1696487400000,SNT002_01,ERAB_SR_NUM,765.0,900,NRCell,Huawei
1696487400000,SNT002_01,INTEGRITY_NGBR_QCI_9,3053135248.0,900,NRCell,Huawei
1696487400000,SNT002_01,INTRA_FREQUENCY_HO_OUT_ATT,12.0,900,NRCell,Huawei
1696487400000,SNT002_01,INTRA_FREQUENCY_HO_OUT_SUCC,12.0,900,NRCell,Huawei
1696487400000,SNT002_01,RRC_SETUP_ATT,460.0,900,NRCell,Huawei
1696487400000,SNT002_01,RRC_SETUP_SUCC,460.0,900,NRCell,Huawei
1696487400000,SNT002_01,S1SIG_Connection_Setup_SR_DEN,460.0,900,NRCell,Huawei
1696487400000,SNT002_01,S1SIG_Connection_Setup_SR_NUM,460.0,900,NRCell,Huawei
1696487400000,SNT002_01,SERVICE_LATENCY_OVER_AIR_INTERFACE_DEN,139552.0,900,NRCell,Huawei
1696487400000,SNT002_01,SERVICE_LATENCY_OVER_AIR_INTERFACE_NUM,271932.0,900,NRCell,Huawei
1696487400000,SNT002_01,VOICE_TRAFFIC,0.0,900,NRCell,Huawei
1696487400000,SNT002_01,VOLTE_CALL_SETUP_ATT,1.0,900,NRCell,Huawei
1696487400000,SNT002_01,VOLTE_CALL_SETUP_SUCC,1.0,900,NRCell,Huawei
1696487400000,TAR015_01,DCR_DEN,2604.0,900,NRCell,Huawei
1696487400000,TAR015_01,DCR_NUM,1.0,900,NRCell,Huawei
1696487400000,TAR015_01,DROP_CALL_VOLTE_DEN,1.0,900,NRCell,Huawei
1696487400000,TAR015_01,DROP_CALL_VOLTE_NUM,0.0,900,NRCell,Huawei
1696487400000,TAR015_01,ERAB_SR_DEN,2611.0,900,NRCell,Huawei
1696487400000,TAR015_01,ERAB_SR_NUM,2609.0,900,NRCell,Huawei
1696487400000,TAR015_01,INTEGRITY_NGBR_QCI_9,11917411088.0,900,NRCell,Huawei
1696487400000,TAR015_01,INTRA_FREQUENCY_HO_OUT_ATT,21.0,900,NRCell,Huawei
1696487400000,TAR015_01,INTRA_FREQUENCY_HO_OUT_SUCC,21.0,900,NRCell,Huawei
1696487400000,TAR015_01,RRC_SETUP_ATT,1442.0,900,NRCell,Huawei
1696487400000,TAR015_01,RRC_SETUP_SUCC,1441.0,900,NRCell,Huawei
1696487400000,TAR015_01,S1SIG_Connection_Setup_SR_DEN,1441.0,900,NRCell,Huawei
1696487400000,TAR015_01,S1SIG_Connection_Setup_SR_NUM,1441.0,900,NRCell,Huawei
1696487400000,TAR015_01,SERVICE_LATENCY_OVER_AIR_INTERFACE_DEN,270822.0,900,NRCell,Huawei
1696487400000,TAR015_01,SERVICE_LATENCY_OVER_AIR_INTERFACE_NUM,378086.0,900,NRCell,Huawei
1696487400000,TAR015_01,VOICE_TRAFFIC,351.0,900,NRCell,Huawei
1696487400000,TAR015_01,VOLTE_CALL_SETUP_ATT,0.0,900,NRCell,Huawei
1696487400000,TAR015_01,VOLTE_CALL_SETUP_SUCC,0.0,900,NRCell,Huawei
1696487400000,TOL034_01,DCR_DEN,34.0,900,NRCell,Huawei
1696487400000,TOL034_01,DCR_NUM,0.0,900,NRCell,Huawei
1696487400000,TOL034_01,DROP_CALL_VOLTE_DEN,1.0,900,NRCell,Huawei
1696487400000,TOL034_01,DROP_CALL_VOLTE_NUM,0.0,900,NRCell,Huawei
1696487400000,TOL034_01,ERAB_SR_DEN,31.0,900,NRCell,Huawei
1696487400000,TOL034_01,ERAB_SR_NUM,31.0,900,NRCell,Huawei
1696487400000,TOL034_01,INTEGRITY_NGBR_QCI_9,782640048.0,900,NRCell,Huawei
1696487400000,TOL034_01,INTRA_FREQUENCY_HO_OUT_ATT,1.0,900,NRCell,Huawei
1696487400000,TOL034_01,INTRA_FREQUENCY_HO_OUT_SUCC,1.0,900,NRCell,Huawei
1696487400000,TOL034_01,RRC_SETUP_ATT,23.0,900,NRCell,Huawei
1696487400000,TOL034_01,RRC_SETUP_SUCC,23.0,900,NRCell,Huawei
1696487400000,TOL034_01,S1SIG_Connection_Setup_SR_DEN,23.0,900,NRCell,Huawei
1696487400000,TOL034_01,S1SIG_Connection_Setup_SR_NUM,23.0,900,NRCell,Huawei
1696487400000,TOL034_01,SERVICE_LATENCY_OVER_AIR_INTERFACE_DEN,47326.0,900,NRCell,Huawei
1696487400000,TOL034_01,SERVICE_LATENCY_OVER_AIR_INTERFACE_NUM,56322.0,900,NRCell,Huawei
1696487400000,TOL034_01,VOICE_TRAFFIC,139.0,900,NRCell,Huawei
1696487400000,TOL034_01,VOLTE_CALL_SETUP_ATT,1.0,900,NRCell,Huawei
1696487400000,TOL034_01,VOLTE_CALL_SETUP_SUCC,1.0,900,NRCell,Huawei
1696487400000,VAL002_01,DCR_DEN,1.0,900,NRCell,Huawei
1696487400000,VAL002_01,DCR_NUM,0.0,900,NRCell,Huawei
1696487400000,VAL002_01,DROP_CALL_VOLTE_DEN,0.0,900,NRCell,Huawei
1696487400000,VAL002_01,DROP_CALL_VOLTE_NUM,0.0,900,NRCell,Huawei
1696487400000,VAL002_01,ERAB_SR_DEN,1.0,900,NRCell,Huawei
1696487400000,VAL002_01,ERAB_SR_NUM,1.0,900,NRCell,Huawei
1696487400000,VAL002_01,INTEGRITY_NGBR_QCI_9,8416.0,900,NRCell,Huawei
1696487400000,VAL002_01,INTRA_FREQUENCY_HO_OUT_ATT,0.0,900,NRCell,Huawei
1696487400000,VAL002_01,INTRA_FREQUENCY_HO_OUT_SUCC,0.0,900,NRCell,Huawei
1696487400000,VAL002_01,RRC_SETUP_ATT,1.0,900,NRCell,Huawei
1696487400000,VAL002_01,RRC_SETUP_SUCC,1.0,900,NRCell,Huawei
1696487400000,VAL002_01,S1SIG_Connection_Setup_SR_DEN,1.0,900,NRCell,Huawei
1696487400000,VAL002_01,S1SIG_Connection_Setup_SR_NUM,1.0,900,NRCell,Huawei
1696487400000,VAL002_01,SERVICE_LATENCY_OVER_AIR_INTERFACE_DEN,1.0,900,NRCell,Huawei
1696487400000,VAL002_01,SERVICE_LATENCY_OVER_AIR_INTERFACE_NUM,1.0,900,NRCell,Huawei
1696487400000,VAL002_01,VOICE_TRAFFIC,0.0,900,NRCell,Huawei
1696487400000,VAL002_01,VOLTE_CALL_SETUP_ATT,0.0,900,NRCell,Huawei
1696487400000,VAL002_01,VOLTE_CALL_SETUP_SUCC,0.0,900,NRCell,Huawei
