startTime,neId,counterCode,counterValue,granularity,neType,vendorName
1696648500000,BCN014_01,DCR_DEN,2565.0,900,NRCell,Huawei
1696648500000,BCN014_01,DCR_NUM,1.0,900,NRCell,Huawei
1696648500000,BCN014_01,DROP_CALL_VOLTE_DEN,14.0,900,NRCell,Huawei
1696648500000,BCN014_01,DROP_CALL_VOLTE_NUM,0.0,900,NRCell,Huawei
1696648500000,BCN014_01,ERAB_SR_DEN,2537.0,900,NRCell,Huawei
1696648500000,BCN014_01,ERAB_SR_NUM,2535.0,900,NRCell,Huawei
1696648500000,BCN014_01,INTEGRITY_NGBR_QCI_9,14922820264.0,900,NRCell,Huawei
1696648500000,BCN014_01,INTRA_FREQUENCY_HO_OUT_ATT,160.0,900,NRCell,Huawei
1696648500000,BCN014_01,INTRA_FREQUENCY_HO_OUT_SUCC,160.0,900,NRCell,Huawei
1696648500000,BCN014_01,RRC_SETUP_ATT,1158.0,900,NRCell,Huawei
1696648500000,BCN014_01,RRC_SETUP_SUCC,1158.0,900,NRCell,Huawei
1696648500000,BCN014_01,S1SIG_Connection_Setup_SR_DEN,1158.0,900,NRCell,Huawei
1696648500000,BCN014_01,S1SIG_Connection_Setup_SR_NUM,1158.0,900,NRCell,Huawei
1696648500000,BCN014_01,SERVICE_LATENCY_OVER_AIR_INTERFACE_DEN,548521.0,900,NRCell,Huawei
1696648500000,BCN014_01,SERVICE_LATENCY_OVER_AIR_INTERFACE_NUM,822441.0,900,NRCell,Huawei
1696648500000,BCN014_01,VOICE_TRAFFIC,17373.0,900,NRCell,Huawei
1696648500000,BCN014_01,VOLTE_CALL_SETUP_ATT,13.0,900,NRCell,Huawei
1696648500000,BCN014_01,VOLTE_CALL_SETUP_SUCC,13.0,900,NRCell,Huawei
1696648500000,BIL001_01,DCR_DEN,1874.0,900,NRCell,Huawei
1696648500000,BIL001_01,DCR_NUM,1.0,900,NRCell,Huawei
1696648500000,BIL001_01,DROP_CALL_VOLTE_DEN,7.0,900,NRCell,Huawei
1696648500000,BIL001_01,DROP_CALL_VOLTE_NUM,0.0,900,NRCell,Huawei
1696648500000,BIL001_01,ERAB_SR_DEN,1868.0,900,NRCell,Huawei
1696648500000,BIL001_01,ERAB_SR_NUM,1867.0,900,NRCell,Huawei
1696648500000,BIL001_01,INTEGRITY_NGBR_QCI_9,13084683176.0,900,NRCell,Huawei
1696648500000,BIL001_01,INTRA_FREQUENCY_HO_OUT_ATT,156.0,900,NRCell,Huawei
1696648500000,BIL001_01,INTRA_FREQUENCY_HO_OUT_SUCC,156.0,900,NRCell,Huawei
1696648500000,BIL001_01,RRC_SETUP_ATT,1097.0,900,NRCell,Huawei
1696648500000,BIL001_01,RRC_SETUP_SUCC,1095.0,900,NRCell,Huawei
1696648500000,BIL001_01,S1SIG_Connection_Setup_SR_DEN,1095.0,900,NRCell,Huawei
1696648500000,BIL001_01,S1SIG_Connection_Setup_SR_NUM,1095.0,900,NRCell,Huawei
1696648500000,BIL001_01,SERVICE_LATENCY_OVER_AIR_INTERFACE_DEN,345842.0,900,NRCell,Huawei
1696648500000,BIL001_01,SERVICE_LATENCY_OVER_AIR_INTERFACE_NUM,591543.0,900,NRCell,Huawei
1696648500000,BIL001_01,VOICE_TRAFFIC,27300.0,900,NRCell,Huawei
1696648500000,BIL001_01,VOLTE_CALL_SETUP_ATT,10.0,900,NRCell,Huawei
1696648500000,BIL001_01,VOLTE_CALL_SETUP_SUCC,10.0,900,NRCell,Huawei
1696648500000,MAD033_01,DCR_DEN,877.0,900,NRCell,Huawei
1696648500000,MAD033_01,DCR_NUM,0.0,900,NRCell,Huawei
1696648500000,MAD033_01,DROP_CALL_VOLTE_DEN,15.0,900,NRCell,Huawei
1696648500000,MAD033_01,DROP_CALL_VOLTE_NUM,0.0,900,NRCell,Huawei
1696648500000,MAD033_01,ERAB_SR_DEN,913.0,900,NRCell,Huawei
1696648500000,MAD033_01,ERAB_SR_NUM,911.0,900,NRCell,Huawei
1696648500000,MAD033_01,INTEGRITY_NGBR_QCI_9,8735483864.0,900,NRCell,Huawei
1696648500000,MAD033_01,INTRA_FREQUENCY_HO_OUT_ATT,53.0,900,NRCell,Huawei
1696648500000,MAD033_01,INTRA_FREQUENCY_HO_OUT_SUCC,53.0,900,NRCell,Huawei
1696648500000,MAD033_01,RRC_SETUP_ATT,511.0,900,NRCell,Huawei
1696648500000,MAD033_01,RRC_SETUP_SUCC,510.0,900,NRCell,Huawei
1696648500000,MAD033_01,S1SIG_Connection_Setup_SR_DEN,510.0,900,NRCell,Huawei
1696648500000,MAD033_01,S1SIG_Connection_Setup_SR_NUM,510.0,900,NRCell,Huawei
1696648500000,MAD033_01,SERVICE_LATENCY_OVER_AIR_INTERFACE_DEN,263989.0,900,NRCell,Huawei
1696648500000,MAD033_01,SERVICE_LATENCY_OVER_AIR_INTERFACE_NUM,311417.0,900,NRCell,Huawei
1696648500000,MAD033_01,VOICE_TRAFFIC,8405.0,900,NRCell,Huawei
1696648500000,MAD033_01,VOLTE_CALL_SETUP_ATT,13.0,900,NRCell,Huawei
1696648500000,MAD033_01,VOLTE_CALL_SETUP_SUCC,13.0,900,NRCell,Huawei
1696648500000,SAL030_01,DCR_DEN,136.0,900,NRCell,Huawei
1696648500000,SAL030_01,DCR_NUM,0.0,900,NRCell,Huawei
1696648500000,SAL030_01,DROP_CALL_VOLTE_DEN,1.0,900,NRCell,Huawei
1696648500000,SAL030_01,DROP_CALL_VOLTE_NUM,0.0,900,NRCell,Huawei
1696648500000,SAL030_01,ERAB_SR_DEN,121.0,900,NRCell,Huawei
1696648500000,SAL030_01,ERAB_SR_NUM,121.0,900,NRCell,Huawei
1696648500000,SAL030_01,INTEGRITY_NGBR_QCI_9,2280633880.0,900,NRCell,Huawei
1696648500000,SAL030_01,INTRA_FREQUENCY_HO_OUT_ATT,4.0,900,NRCell,Huawei
1696648500000,SAL030_01,INTRA_FREQUENCY_HO_OUT_SUCC,4.0,900,NRCell,Huawei
1696648500000,SAL030_01,RRC_SETUP_ATT,75.0,900,NRCell,Huawei
1696648500000,SAL030_01,RRC_SETUP_SUCC,75.0,900,NRCell,Huawei
1696648500000,SAL030_01,S1SIG_Connection_Setup_SR_DEN,75.0,900,NRCell,Huawei
1696648500000,SAL030_01,S1SIG_Connection_Setup_SR_NUM,75.0,900,NRCell,Huawei
1696648500000,SAL030_01,SERVICE_LATENCY_OVER_AIR_INTERFACE_DEN,45979.0,900,NRCell,Huawei
1696648500000,SAL030_01,SERVICE_LATENCY_OVER_AIR_INTERFACE_NUM,75538.0,900,NRCell,Huawei
1696648500000,SAL030_01,VOICE_TRAFFIC,644.0,900,NRCell,Huawei
1696648500000,SAL030_01,VOLTE_CALL_SETUP_ATT,1.0,900,NRCell,Huawei
1696648500000,SAL030_01,VOLTE_CALL_SETUP_SUCC,1.0,900,NRCell,Huawei
1696648500000,SEV001_01,DCR_DEN,1693.0,900,NRCell,Huawei
1696648500000,SEV001_01,DCR_NUM,2.0,900,NRCell,Huawei
1696648500000,SEV001_01,DROP_CALL_VOLTE_DEN,14.0,900,NRCell,Huawei
1696648500000,SEV001_01,DROP_CALL_VOLTE_NUM,0.0,900,NRCell,Huawei
1696648500000,SEV001_01,ERAB_SR_DEN,1698.0,900,NRCell,Huawei
1696648500000,SEV001_01,ERAB_SR_NUM,1698.0,900,NRCell,Huawei
1696648500000,SEV001_01,INTEGRITY_NGBR_QCI_9,8351218128.0,900,NRCell,Huawei
1696648500000,SEV001_01,INTRA_FREQUENCY_HO_OUT_ATT,69.0,900,NRCell,Huawei
1696648500000,SEV001_01,INTRA_FREQUENCY_HO_OUT_SUCC,69.0,900,NRCell,Huawei
1696648500000,SEV001_01,RRC_SETUP_ATT,943.0,900,NRCell,Huawei
1696648500000,SEV001_01,RRC_SETUP_SUCC,941.0,900,NRCell,Huawei
1696648500000,SEV001_01,S1SIG_Connection_Setup_SR_DEN,941.0,900,NRCell,Huawei
1696648500000,SEV001_01,S1SIG_Connection_Setup_SR_NUM,941.0,900,NRCell,Huawei
1696648500000,SEV001_01,SERVICE_LATENCY_OVER_AIR_INTERFACE_DEN,293854.0,900,NRCell,Huawei
1696648500000,SEV001_01,SERVICE_LATENCY_OVER_AIR_INTERFACE_NUM,542624.0,900,NRCell,Huawei
1696648500000,SEV001_01,VOICE_TRAFFIC,19500.0,900,NRCell,Huawei
1696648500000,SEV001_01,VOLTE_CALL_SETUP_ATT,16.0,900,NRCell,Huawei
1696648500000,SEV001_01,VOLTE_CALL_SETUP_SUCC,16.0,900,NRCell,Huawei
1696648500000,SNT002_01,DCR_DEN,682.0,900,NRCell,Huawei
1696648500000,SNT002_01,DCR_NUM,0.0,900,NRCell,Huawei
1696648500000,SNT002_01,DROP_CALL_VOLTE_DEN,6.0,900,NRCell,Huawei
1696648500000,SNT002_01,DROP_CALL_VOLTE_NUM,0.0,900,NRCell,Huawei
1696648500000,SNT002_01,ERAB_SR_DEN,718.0,900,NRCell,Huawei
1696648500000,SNT002_01,ERAB_SR_NUM,718.0,900,NRCell,Huawei
1696648500000,SNT002_01,INTEGRITY_NGBR_QCI_9,9076249264.0,900,NRCell,Huawei
1696648500000,SNT002_01,INTRA_FREQUENCY_HO_OUT_ATT,57.0,900,NRCell,Huawei
1696648500000,SNT002_01,INTRA_FREQUENCY_HO_OUT_SUCC,57.0,900,NRCell,Huawei
1696648500000,SNT002_01,RRC_SETUP_ATT,434.0,900,NRCell,Huawei
1696648500000,SNT002_01,RRC_SETUP_SUCC,431.0,900,NRCell,Huawei
1696648500000,SNT002_01,S1SIG_Connection_Setup_SR_DEN,431.0,900,NRCell,Huawei
1696648500000,SNT002_01,S1SIG_Connection_Setup_SR_NUM,431.0,900,NRCell,Huawei
1696648500000,SNT002_01,SERVICE_LATENCY_OVER_AIR_INTERFACE_DEN,379111.0,900,NRCell,Huawei
1696648500000,SNT002_01,SERVICE_LATENCY_OVER_AIR_INTERFACE_NUM,454614.0,900,NRCell,Huawei
1696648500000,SNT002_01,VOICE_TRAFFIC,12122.0,900,NRCell,Huawei
1696648500000,SNT002_01,VOLTE_CALL_SETUP_ATT,8.0,900,NRCell,Huawei
1696648500000,SNT002_01,VOLTE_CALL_SETUP_SUCC,8.0,900,NRCell,Huawei
1696648500000,TAR015_01,DCR_DEN,2282.0,900,NRCell,Huawei
1696648500000,TAR015_01,DCR_NUM,0.0,900,NRCell,Huawei
1696648500000,TAR015_01,DROP_CALL_VOLTE_DEN,13.0,900,NRCell,Huawei
1696648500000,TAR015_01,DROP_CALL_VOLTE_NUM,0.0,900,NRCell,Huawei
1696648500000,TAR015_01,ERAB_SR_DEN,2272.0,900,NRCell,Huawei
1696648500000,TAR015_01,ERAB_SR_NUM,2269.0,900,NRCell,Huawei
1696648500000,TAR015_01,INTEGRITY_NGBR_QCI_9,15760154520.0,900,NRCell,Huawei
1696648500000,TAR015_01,INTRA_FREQUENCY_HO_OUT_ATT,106.0,900,NRCell,Huawei
1696648500000,TAR015_01,INTRA_FREQUENCY_HO_OUT_SUCC,106.0,900,NRCell,Huawei
1696648500000,TAR015_01,RRC_SETUP_ATT,1278.0,900,NRCell,Huawei
1696648500000,TAR015_01,RRC_SETUP_SUCC,1276.0,900,NRCell,Huawei
1696648500000,TAR015_01,S1SIG_Connection_Setup_SR_DEN,1276.0,900,NRCell,Huawei
1696648500000,TAR015_01,S1SIG_Connection_Setup_SR_NUM,1276.0,900,NRCell,Huawei
1696648500000,TAR015_01,SERVICE_LATENCY_OVER_AIR_INTERFACE_DEN,413076.0,900,NRCell,Huawei
1696648500000,TAR015_01,SERVICE_LATENCY_OVER_AIR_INTERFACE_NUM,1607239.0,900,NRCell,Huawei
1696648500000,TAR015_01,VOICE_TRAFFIC,25171.0,900,NRCell,Huawei
1696648500000,TAR015_01,VOLTE_CALL_SETUP_ATT,18.0,900,NRCell,Huawei
1696648500000,TAR015_01,VOLTE_CALL_SETUP_SUCC,18.0,900,NRCell,Huawei
1696648500000,TOL034_01,DCR_DEN,109.0,900,NRCell,Huawei
1696648500000,TOL034_01,DCR_NUM,0.0,900,NRCell,Huawei
1696648500000,TOL034_01,DROP_CALL_VOLTE_DEN,0.0,900,NRCell,Huawei
1696648500000,TOL034_01,DROP_CALL_VOLTE_NUM,0.0,900,NRCell,Huawei
1696648500000,TOL034_01,ERAB_SR_DEN,106.0,900,NRCell,Huawei
1696648500000,TOL034_01,ERAB_SR_NUM,106.0,900,NRCell,Huawei
1696648500000,TOL034_01,INTEGRITY_NGBR_QCI_9,2358919192.0,900,NRCell,Huawei
1696648500000,TOL034_01,INTRA_FREQUENCY_HO_OUT_ATT,22.0,900,NRCell,Huawei
1696648500000,TOL034_01,INTRA_FREQUENCY_HO_OUT_SUCC,22.0,900,NRCell,Huawei
1696648500000,TOL034_01,RRC_SETUP_ATT,74.0,900,NRCell,Huawei
1696648500000,TOL034_01,RRC_SETUP_SUCC,71.0,900,NRCell,Huawei
1696648500000,TOL034_01,S1SIG_Connection_Setup_SR_DEN,71.0,900,NRCell,Huawei
1696648500000,TOL034_01,S1SIG_Connection_Setup_SR_NUM,71.0,900,NRCell,Huawei
1696648500000,TOL034_01,SERVICE_LATENCY_OVER_AIR_INTERFACE_DEN,36931.0,900,NRCell,Huawei
1696648500000,TOL034_01,SERVICE_LATENCY_OVER_AIR_INTERFACE_NUM,77223.0,900,NRCell,Huawei
1696648500000,TOL034_01,VOICE_TRAFFIC,3057.0,900,NRCell,Huawei
1696648500000,TOL034_01,VOLTE_CALL_SETUP_ATT,0.0,900,NRCell,Huawei
1696648500000,TOL034_01,VOLTE_CALL_SETUP_SUCC,0.0,900,NRCell,Huawei
1696648500000,VAL002_01,DCR_DEN,58.0,900,NRCell,Huawei
1696648500000,VAL002_01,DCR_NUM,2.0,900,NRCell,Huawei
1696648500000,VAL002_01,DROP_CALL_VOLTE_DEN,0.0,900,NRCell,Huawei
1696648500000,VAL002_01,DROP_CALL_VOLTE_NUM,0.0,900,NRCell,Huawei
1696648500000,VAL002_01,ERAB_SR_DEN,54.0,900,NRCell,Huawei
1696648500000,VAL002_01,ERAB_SR_NUM,54.0,900,NRCell,Huawei
1696648500000,VAL002_01,INTEGRITY_NGBR_QCI_9,1499734544.0,900,NRCell,Huawei
1696648500000,VAL002_01,INTRA_FREQUENCY_HO_OUT_ATT,11.0,900,NRCell,Huawei
1696648500000,VAL002_01,INTRA_FREQUENCY_HO_OUT_SUCC,11.0,900,NRCell,Huawei
1696648500000,VAL002_01,RRC_SETUP_ATT,33.0,900,NRCell,Huawei
1696648500000,VAL002_01,RRC_SETUP_SUCC,33.0,900,NRCell,Huawei
1696648500000,VAL002_01,S1SIG_Connection_Setup_SR_DEN,33.0,900,NRCell,Huawei
1696648500000,VAL002_01,S1SIG_Connection_Setup_SR_NUM,33.0,900,NRCell,Huawei
1696648500000,VAL002_01,SERVICE_LATENCY_OVER_AIR_INTERFACE_DEN,41455.0,900,NRCell,Huawei
1696648500000,VAL002_01,SERVICE_LATENCY_OVER_AIR_INTERFACE_NUM,55202.0,900,NRCell,Huawei
1696648500000,VAL002_01,VOICE_TRAFFIC,0.0,900,NRCell,Huawei
1696648500000,VAL002_01,VOLTE_CALL_SETUP_ATT,0.0,900,NRCell,Huawei
1696648500000,VAL002_01,VOLTE_CALL_SETUP_SUCC,0.0,900,NRCell,Huawei
