startTime,neId,counterCode,counterValue,granularity,neType,vendorName
1696731300000,BCN014_01,DCR_DEN,2466.0,900,NRCell,Huawei
1696731300000,BCN014_01,DCR_NUM,0.0,900,NRCell,Huawei
1696731300000,BCN014_01,DROP_CALL_VOLTE_DEN,9.0,900,NRCell,Huawei
1696731300000,BCN014_01,DROP_CALL_VOLTE_NUM,0.0,900,NRCell,Huawei
1696731300000,BCN014_01,ERAB_SR_DEN,2489.0,900,NRCell,Huawei
1696731300000,BCN014_01,ERAB_SR_NUM,2484.0,900,NRCell,Huawei
1696731300000,BCN014_01,INTEGRITY_NGBR_QCI_9,15689779936.0,900,NRCell,Huawei
1696731300000,BCN014_01,INTRA_FREQUENCY_HO_OUT_ATT,237.0,900,NRCell,Huawei
1696731300000,BCN014_01,INTRA_FREQUENCY_HO_OUT_SUCC,237.0,900,NRCell,Huawei
1696731300000,BCN014_01,RRC_SETUP_ATT,1502.0,900,NRCell,Huawei
1696731300000,BCN014_01,RRC_SETUP_SUCC,1497.0,900,NRCell,Huawei
1696731300000,BCN014_01,S1SIG_Connection_Setup_SR_DEN,1497.0,900,NRCell,Huawei
1696731300000,BCN014_01,S1SIG_Connection_Setup_SR_NUM,1494.0,900,NRCell,Huawei
1696731300000,BCN014_01,SERVICE_LATENCY_OVER_AIR_INTERFACE_DEN,332864.0,900,NRCell,Huawei
1696731300000,BCN014_01,SERVICE_LATENCY_OVER_AIR_INTERFACE_NUM,805071.0,900,NRCell,Huawei
1696731300000,BCN014_01,VOICE_TRAFFIC,11011.0,900,NRCell,Huawei
1696731300000,BCN014_01,VOLTE_CALL_SETUP_ATT,11.0,900,NRCell,Huawei
1696731300000,BCN014_01,VOLTE_CALL_SETUP_SUCC,11.0,900,NRCell,Huawei
1696731300000,BIL001_01,DCR_DEN,2121.0,900,NRCell,Huawei
1696731300000,BIL001_01,DCR_NUM,1.0,900,NRCell,Huawei
1696731300000,BIL001_01,DROP_CALL_VOLTE_DEN,18.0,900,NRCell,Huawei
1696731300000,BIL001_01,DROP_CALL_VOLTE_NUM,0.0,900,NRCell,Huawei
1696731300000,BIL001_01,ERAB_SR_DEN,2146.0,900,NRCell,Huawei
1696731300000,BIL001_01,ERAB_SR_NUM,2146.0,900,NRCell,Huawei
1696731300000,BIL001_01,INTEGRITY_NGBR_QCI_9,15324947960.0,900,NRCell,Huawei
1696731300000,BIL001_01,INTRA_FREQUENCY_HO_OUT_ATT,181.0,900,NRCell,Huawei
1696731300000,BIL001_01,INTRA_FREQUENCY_HO_OUT_SUCC,181.0,900,NRCell,Huawei
1696731300000,BIL001_01,RRC_SETUP_ATT,1329.0,900,NRCell,Huawei
1696731300000,BIL001_01,RRC_SETUP_SUCC,1323.0,900,NRCell,Huawei
1696731300000,BIL001_01,S1SIG_Connection_Setup_SR_DEN,1323.0,900,NRCell,Huawei
1696731300000,BIL001_01,S1SIG_Connection_Setup_SR_NUM,1319.0,900,NRCell,Huawei
1696731300000,BIL001_01,SERVICE_LATENCY_OVER_AIR_INTERFACE_DEN,329426.0,900,NRCell,Huawei
1696731300000,BIL001_01,SERVICE_LATENCY_OVER_AIR_INTERFACE_NUM,642784.0,900,NRCell,Huawei
1696731300000,BIL001_01,VOICE_TRAFFIC,7588.0,900,NRCell,Huawei
1696731300000,BIL001_01,VOLTE_CALL_SETUP_ATT,12.0,900,NRCell,Huawei
1696731300000,BIL001_01,VOLTE_CALL_SETUP_SUCC,12.0,900,NRCell,Huawei
1696731300000,MAD033_01,DCR_DEN,1073.0,900,NRCell,Huawei
1696731300000,MAD033_01,DCR_NUM,0.0,900,NRCell,Huawei
1696731300000,MAD033_01,DROP_CALL_VOLTE_DEN,6.0,900,NRCell,Huawei
1696731300000,MAD033_01,DROP_CALL_VOLTE_NUM,0.0,900,NRCell,Huawei
1696731300000,MAD033_01,ERAB_SR_DEN,1070.0,900,NRCell,Huawei
1696731300000,MAD033_01,ERAB_SR_NUM,1070.0,900,NRCell,Huawei
1696731300000,MAD033_01,INTEGRITY_NGBR_QCI_9,8708464504.0,900,NRCell,Huawei
1696731300000,MAD033_01,INTRA_FREQUENCY_HO_OUT_ATT,81.0,900,NRCell,Huawei
1696731300000,MAD033_01,INTRA_FREQUENCY_HO_OUT_SUCC,81.0,900,NRCell,Huawei
1696731300000,MAD033_01,RRC_SETUP_ATT,619.0,900,NRCell,Huawei
1696731300000,MAD033_01,RRC_SETUP_SUCC,616.0,900,NRCell,Huawei
1696731300000,MAD033_01,S1SIG_Connection_Setup_SR_DEN,616.0,900,NRCell,Huawei
1696731300000,MAD033_01,S1SIG_Connection_Setup_SR_NUM,616.0,900,NRCell,Huawei
1696731300000,MAD033_01,SERVICE_LATENCY_OVER_AIR_INTERFACE_DEN,169996.0,900,NRCell,Huawei
1696731300000,MAD033_01,SERVICE_LATENCY_OVER_AIR_INTERFACE_NUM,204058.0,900,NRCell,Huawei
1696731300000,MAD033_01,VOICE_TRAFFIC,15100.0,900,NRCell,Huawei
1696731300000,MAD033_01,VOLTE_CALL_SETUP_ATT,6.0,900,NRCell,Huawei
1696731300000,MAD033_01,VOLTE_CALL_SETUP_SUCC,6.0,900,NRCell,Huawei
1696731300000,SAL030_01,DCR_DEN,128.0,900,NRCell,Huawei
1696731300000,SAL030_01,DCR_NUM,0.0,900,NRCell,Huawei
1696731300000,SAL030_01,DROP_CALL_VOLTE_DEN,3.0,900,NRCell,Huawei
1696731300000,SAL030_01,DROP_CALL_VOLTE_NUM,0.0,900,NRCell,Huawei
1696731300000,SAL030_01,ERAB_SR_DEN,137.0,900,NRCell,Huawei
1696731300000,SAL030_01,ERAB_SR_NUM,137.0,900,NRCell,Huawei
1696731300000,SAL030_01,INTEGRITY_NGBR_QCI_9,3274202064.0,900,NRCell,Huawei
1696731300000,SAL030_01,INTRA_FREQUENCY_HO_OUT_ATT,13.0,900,NRCell,Huawei
1696731300000,SAL030_01,INTRA_FREQUENCY_HO_OUT_SUCC,12.0,900,NRCell,Huawei
1696731300000,SAL030_01,RRC_SETUP_ATT,74.0,900,NRCell,Huawei
1696731300000,SAL030_01,RRC_SETUP_SUCC,74.0,900,NRCell,Huawei
1696731300000,SAL030_01,S1SIG_Connection_Setup_SR_DEN,74.0,900,NRCell,Huawei
1696731300000,SAL030_01,S1SIG_Connection_Setup_SR_NUM,74.0,900,NRCell,Huawei
1696731300000,SAL030_01,SERVICE_LATENCY_OVER_AIR_INTERFACE_DEN,86421.0,900,NRCell,Huawei
1696731300000,SAL030_01,SERVICE_LATENCY_OVER_AIR_INTERFACE_NUM,105933.0,900,NRCell,Huawei
1696731300000,SAL030_01,VOICE_TRAFFIC,3126.0,900,NRCell,Huawei
1696731300000,SAL030_01,VOLTE_CALL_SETUP_ATT,0.0,900,NRCell,Huawei
1696731300000,SAL030_01,VOLTE_CALL_SETUP_SUCC,0.0,900,NRCell,Huawei
1696731300000,SEV001_01,DCR_DEN,2356.0,900,NRCell,Huawei
1696731300000,SEV001_01,DCR_NUM,2.0,900,NRCell,Huawei
1696731300000,SEV001_01,DROP_CALL_VOLTE_DEN,22.0,900,NRCell,Huawei
1696731300000,SEV001_01,DROP_CALL_VOLTE_NUM,0.0,900,NRCell,Huawei
1696731300000,SEV001_01,ERAB_SR_DEN,2331.0,900,NRCell,Huawei
1696731300000,SEV001_01,ERAB_SR_NUM,2330.0,900,NRCell,Huawei
1696731300000,SEV001_01,INTEGRITY_NGBR_QCI_9,13018176760.0,900,NRCell,Huawei
1696731300000,SEV001_01,INTRA_FREQUENCY_HO_OUT_ATT,93.0,900,NRCell,Huawei
1696731300000,SEV001_01,INTRA_FREQUENCY_HO_OUT_SUCC,93.0,900,NRCell,Huawei
1696731300000,SEV001_01,RRC_SETUP_ATT,1298.0,900,NRCell,Huawei
1696731300000,SEV001_01,RRC_SETUP_SUCC,1298.0,900,NRCell,Huawei
1696731300000,SEV001_01,S1SIG_Connection_Setup_SR_DEN,1298.0,900,NRCell,Huawei
1696731300000,SEV001_01,S1SIG_Connection_Setup_SR_NUM,1295.0,900,NRCell,Huawei
1696731300000,SEV001_01,SERVICE_LATENCY_OVER_AIR_INTERFACE_DEN,337670.0,900,NRCell,Huawei
1696731300000,SEV001_01,SERVICE_LATENCY_OVER_AIR_INTERFACE_NUM,1204816.0,900,NRCell,Huawei
1696731300000,SEV001_01,VOICE_TRAFFIC,22557.0,900,NRCell,Huawei
1696731300000,SEV001_01,VOLTE_CALL_SETUP_ATT,21.0,900,NRCell,Huawei
1696731300000,SEV001_01,VOLTE_CALL_SETUP_SUCC,21.0,900,NRCell,Huawei
1696731300000,SNT002_01,DCR_DEN,991.0,900,NRCell,Huawei
1696731300000,SNT002_01,DCR_NUM,0.0,900,NRCell,Huawei
1696731300000,SNT002_01,DROP_CALL_VOLTE_DEN,3.0,900,NRCell,Huawei
1696731300000,SNT002_01,DROP_CALL_VOLTE_NUM,0.0,900,NRCell,Huawei
1696731300000,SNT002_01,ERAB_SR_DEN,996.0,900,NRCell,Huawei
1696731300000,SNT002_01,ERAB_SR_NUM,996.0,900,NRCell,Huawei
1696731300000,SNT002_01,INTEGRITY_NGBR_QCI_9,6426113552.0,900,NRCell,Huawei
1696731300000,SNT002_01,INTRA_FREQUENCY_HO_OUT_ATT,47.0,900,NRCell,Huawei
1696731300000,SNT002_01,INTRA_FREQUENCY_HO_OUT_SUCC,47.0,900,NRCell,Huawei
1696731300000,SNT002_01,RRC_SETUP_ATT,581.0,900,NRCell,Huawei
1696731300000,SNT002_01,RRC_SETUP_SUCC,578.0,900,NRCell,Huawei
1696731300000,SNT002_01,S1SIG_Connection_Setup_SR_DEN,578.0,900,NRCell,Huawei
1696731300000,SNT002_01,S1SIG_Connection_Setup_SR_NUM,578.0,900,NRCell,Huawei
1696731300000,SNT002_01,SERVICE_LATENCY_OVER_AIR_INTERFACE_DEN,142114.0,900,NRCell,Huawei
1696731300000,SNT002_01,SERVICE_LATENCY_OVER_AIR_INTERFACE_NUM,202264.0,900,NRCell,Huawei
1696731300000,SNT002_01,VOICE_TRAFFIC,4900.0,900,NRCell,Huawei
1696731300000,SNT002_01,VOLTE_CALL_SETUP_ATT,4.0,900,NRCell,Huawei
1696731300000,SNT002_01,VOLTE_CALL_SETUP_SUCC,4.0,900,NRCell,Huawei
1696731300000,TAR015_01,DCR_DEN,3014.0,900,NRCell,Huawei
1696731300000,TAR015_01,DCR_NUM,2.0,900,NRCell,Huawei
1696731300000,TAR015_01,DROP_CALL_VOLTE_DEN,22.0,900,NRCell,Huawei
1696731300000,TAR015_01,DROP_CALL_VOLTE_NUM,0.0,900,NRCell,Huawei
1696731300000,TAR015_01,ERAB_SR_DEN,2929.0,900,NRCell,Huawei
1696731300000,TAR015_01,ERAB_SR_NUM,2929.0,900,NRCell,Huawei
1696731300000,TAR015_01,INTEGRITY_NGBR_QCI_9,13509434904.0,900,NRCell,Huawei
1696731300000,TAR015_01,INTRA_FREQUENCY_HO_OUT_ATT,116.0,900,NRCell,Huawei
1696731300000,TAR015_01,INTRA_FREQUENCY_HO_OUT_SUCC,116.0,900,NRCell,Huawei
1696731300000,TAR015_01,RRC_SETUP_ATT,1593.0,900,NRCell,Huawei
1696731300000,TAR015_01,RRC_SETUP_SUCC,1593.0,900,NRCell,Huawei
1696731300000,TAR015_01,S1SIG_Connection_Setup_SR_DEN,1593.0,900,NRCell,Huawei
1696731300000,TAR015_01,S1SIG_Connection_Setup_SR_NUM,1591.0,900,NRCell,Huawei
1696731300000,TAR015_01,SERVICE_LATENCY_OVER_AIR_INTERFACE_DEN,613942.0,900,NRCell,Huawei
1696731300000,TAR015_01,SERVICE_LATENCY_OVER_AIR_INTERFACE_NUM,2723139.0,900,NRCell,Huawei
1696731300000,TAR015_01,VOICE_TRAFFIC,27107.0,900,NRCell,Huawei
1696731300000,TAR015_01,VOLTE_CALL_SETUP_ATT,26.0,900,NRCell,Huawei
1696731300000,TAR015_01,VOLTE_CALL_SETUP_SUCC,26.0,900,NRCell,Huawei
1696731300000,TOL034_01,DCR_DEN,172.0,900,NRCell,Huawei
1696731300000,TOL034_01,DCR_NUM,0.0,900,NRCell,Huawei
1696731300000,TOL034_01,DROP_CALL_VOLTE_DEN,1.0,900,NRCell,Huawei
1696731300000,TOL034_01,DROP_CALL_VOLTE_NUM,0.0,900,NRCell,Huawei
1696731300000,TOL034_01,ERAB_SR_DEN,185.0,900,NRCell,Huawei
1696731300000,TOL034_01,ERAB_SR_NUM,185.0,900,NRCell,Huawei
1696731300000,TOL034_01,INTEGRITY_NGBR_QCI_9,3745685936.0,900,NRCell,Huawei
1696731300000,TOL034_01,INTRA_FREQUENCY_HO_OUT_ATT,18.0,900,NRCell,Huawei
1696731300000,TOL034_01,INTRA_FREQUENCY_HO_OUT_SUCC,18.0,900,NRCell,Huawei
1696731300000,TOL034_01,RRC_SETUP_ATT,120.0,900,NRCell,Huawei
1696731300000,TOL034_01,RRC_SETUP_SUCC,120.0,900,NRCell,Huawei
1696731300000,TOL034_01,S1SIG_Connection_Setup_SR_DEN,120.0,900,NRCell,Huawei
1696731300000,TOL034_01,S1SIG_Connection_Setup_SR_NUM,120.0,900,NRCell,Huawei
1696731300000,TOL034_01,SERVICE_LATENCY_OVER_AIR_INTERFACE_DEN,37945.0,900,NRCell,Huawei
1696731300000,TOL034_01,SERVICE_LATENCY_OVER_AIR_INTERFACE_NUM,58803.0,900,NRCell,Huawei
1696731300000,TOL034_01,VOICE_TRAFFIC,252.0,900,NRCell,Huawei
1696731300000,TOL034_01,VOLTE_CALL_SETUP_ATT,1.0,900,NRCell,Huawei
1696731300000,TOL034_01,VOLTE_CALL_SETUP_SUCC,1.0,900,NRCell,Huawei
1696731300000,VAL002_01,DCR_DEN,34.0,900,NRCell,Huawei
1696731300000,VAL002_01,DCR_NUM,0.0,900,NRCell,Huawei
1696731300000,VAL002_01,DROP_CALL_VOLTE_DEN,0.0,900,NRCell,Huawei
1696731300000,VAL002_01,DROP_CALL_VOLTE_NUM,0.0,900,NRCell,Huawei
1696731300000,VAL002_01,ERAB_SR_DEN,33.0,900,NRCell,Huawei
1696731300000,VAL002_01,ERAB_SR_NUM,32.0,900,NRCell,Huawei
1696731300000,VAL002_01,INTEGRITY_NGBR_QCI_9,285386576.0,900,NRCell,Huawei
1696731300000,VAL002_01,INTRA_FREQUENCY_HO_OUT_ATT,3.0,900,NRCell,Huawei
1696731300000,VAL002_01,INTRA_FREQUENCY_HO_OUT_SUCC,3.0,900,NRCell,Huawei
1696731300000,VAL002_01,RRC_SETUP_ATT,29.0,900,NRCell,Huawei
1696731300000,VAL002_01,RRC_SETUP_SUCC,29.0,900,NRCell,Huawei
1696731300000,VAL002_01,S1SIG_Connection_Setup_SR_DEN,29.0,900,NRCell,Huawei
1696731300000,VAL002_01,S1SIG_Connection_Setup_SR_NUM,29.0,900,NRCell,Huawei
1696731300000,VAL002_01,SERVICE_LATENCY_OVER_AIR_INTERFACE_DEN,2978.0,900,NRCell,Huawei
1696731300000,VAL002_01,SERVICE_LATENCY_OVER_AIR_INTERFACE_NUM,4093.0,900,NRCell,Huawei
1696731300000,VAL002_01,VOICE_TRAFFIC,0.0,900,NRCell,Huawei
1696731300000,VAL002_01,VOLTE_CALL_SETUP_ATT,0.0,900,NRCell,Huawei
1696731300000,VAL002_01,VOLTE_CALL_SETUP_SUCC,0.0,900,NRCell,Huawei
