startTime,neId,counterCode,counterValue,granularity,neType,vendorName
1696722300000,BCN014_01,DCR_DEN,2474.0,900,NRCell,Huawei
1696722300000,BCN014_01,DCR_NUM,1.0,900,NRCell,Huawei
1696722300000,BCN014_01,DROP_CALL_VOLTE_DEN,19.0,900,NRCell,Huawei
1696722300000,BCN014_01,DROP_CALL_VOLTE_NUM,0.0,900,NRCell,Huawei
1696722300000,BCN014_01,ERAB_SR_DEN,2398.0,900,NRCell,Huawei
1696722300000,BCN014_01,ERAB_SR_NUM,2396.0,900,NRCell,Huawei
1696722300000,BCN014_01,INTEGRITY_NGBR_QCI_9,11260539768.0,900,NRCell,Huawei
1696722300000,BCN014_01,INTRA_FREQUENCY_HO_OUT_ATT,192.0,900,NRCell,Huawei
1696722300000,BCN014_01,INTRA_FREQUENCY_HO_OUT_SUCC,192.0,900,NRCell,Huawei
1696722300000,BCN014_01,RRC_SETUP_ATT,1473.0,900,NRCell,Huawei
1696722300000,BCN014_01,RRC_SETUP_SUCC,1469.0,900,NRCell,Huawei
1696722300000,BCN014_01,S1SIG_Connection_Setup_SR_DEN,1469.0,900,NRCell,Huawei
1696722300000,BCN014_01,S1SIG_Connection_Setup_SR_NUM,1468.0,900,NRCell,Huawei
1696722300000,BCN014_01,SERVICE_LATENCY_OVER_AIR_INTERFACE_DEN,339699.0,900,NRCell,Huawei
1696722300000,BCN014_01,SERVICE_LATENCY_OVER_AIR_INTERFACE_NUM,571313.0,900,NRCell,Huawei
1696722300000,BCN014_01,VOICE_TRAFFIC,23447.0,900,NRCell,Huawei
1696722300000,BCN014_01,VOLTE_CALL_SETUP_ATT,19.0,900,NRCell,Huawei
1696722300000,BCN014_01,VOLTE_CALL_SETUP_SUCC,19.0,900,NRCell,Huawei
1696722300000,BIL001_01,DCR_DEN,2509.0,900,NRCell,Huawei
1696722300000,BIL001_01,DCR_NUM,0.0,900,NRCell,Huawei
1696722300000,BIL001_01,DROP_CALL_VOLTE_DEN,15.0,900,NRCell,Huawei
1696722300000,BIL001_01,DROP_CALL_VOLTE_NUM,0.0,900,NRCell,Huawei
1696722300000,BIL001_01,ERAB_SR_DEN,2520.0,900,NRCell,Huawei
1696722300000,BIL001_01,ERAB_SR_NUM,2520.0,900,NRCell,Huawei
1696722300000,BIL001_01,INTEGRITY_NGBR_QCI_9,11226458112.0,900,NRCell,Huawei
1696722300000,BIL001_01,INTRA_FREQUENCY_HO_OUT_ATT,163.0,900,NRCell,Huawei
1696722300000,BIL001_01,INTRA_FREQUENCY_HO_OUT_SUCC,163.0,900,NRCell,Huawei
1696722300000,BIL001_01,RRC_SETUP_ATT,1586.0,900,NRCell,Huawei
1696722300000,BIL001_01,RRC_SETUP_SUCC,1574.0,900,NRCell,Huawei
1696722300000,BIL001_01,S1SIG_Connection_Setup_SR_DEN,1574.0,900,NRCell,Huawei
1696722300000,BIL001_01,S1SIG_Connection_Setup_SR_NUM,1573.0,900,NRCell,Huawei
1696722300000,BIL001_01,SERVICE_LATENCY_OVER_AIR_INTERFACE_DEN,237215.0,900,NRCell,Huawei
1696722300000,BIL001_01,SERVICE_LATENCY_OVER_AIR_INTERFACE_NUM,466328.0,900,NRCell,Huawei
1696722300000,BIL001_01,VOICE_TRAFFIC,15257.0,900,NRCell,Huawei
1696722300000,BIL001_01,VOLTE_CALL_SETUP_ATT,16.0,900,NRCell,Huawei
1696722300000,BIL001_01,VOLTE_CALL_SETUP_SUCC,16.0,900,NRCell,Huawei
1696722300000,MAD033_01,DCR_DEN,861.0,900,NRCell,Huawei
1696722300000,MAD033_01,DCR_NUM,0.0,900,NRCell,Huawei
1696722300000,MAD033_01,DROP_CALL_VOLTE_DEN,5.0,900,NRCell,Huawei
1696722300000,MAD033_01,DROP_CALL_VOLTE_NUM,0.0,900,NRCell,Huawei
1696722300000,MAD033_01,ERAB_SR_DEN,875.0,900,NRCell,Huawei
1696722300000,MAD033_01,ERAB_SR_NUM,875.0,900,NRCell,Huawei
1696722300000,MAD033_01,INTEGRITY_NGBR_QCI_9,1983496960.0,900,NRCell,Huawei
1696722300000,MAD033_01,INTRA_FREQUENCY_HO_OUT_ATT,90.0,900,NRCell,Huawei
1696722300000,MAD033_01,INTRA_FREQUENCY_HO_OUT_SUCC,90.0,900,NRCell,Huawei
1696722300000,MAD033_01,RRC_SETUP_ATT,528.0,900,NRCell,Huawei
1696722300000,MAD033_01,RRC_SETUP_SUCC,527.0,900,NRCell,Huawei
1696722300000,MAD033_01,S1SIG_Connection_Setup_SR_DEN,527.0,900,NRCell,Huawei
1696722300000,MAD033_01,S1SIG_Connection_Setup_SR_NUM,527.0,900,NRCell,Huawei
1696722300000,MAD033_01,SERVICE_LATENCY_OVER_AIR_INTERFACE_DEN,95421.0,900,NRCell,Huawei
1696722300000,MAD033_01,SERVICE_LATENCY_OVER_AIR_INTERFACE_NUM,134835.0,900,NRCell,Huawei
1696722300000,MAD033_01,VOICE_TRAFFIC,12535.0,900,NRCell,Huawei
1696722300000,MAD033_01,VOLTE_CALL_SETUP_ATT,4.0,900,NRCell,Huawei
1696722300000,MAD033_01,VOLTE_CALL_SETUP_SUCC,4.0,900,NRCell,Huawei
1696722300000,SAL030_01,DCR_DEN,139.0,900,NRCell,Huawei
1696722300000,SAL030_01,DCR_NUM,0.0,900,NRCell,Huawei
1696722300000,SAL030_01,DROP_CALL_VOLTE_DEN,1.0,900,NRCell,Huawei
1696722300000,SAL030_01,DROP_CALL_VOLTE_NUM,0.0,900,NRCell,Huawei
1696722300000,SAL030_01,ERAB_SR_DEN,124.0,900,NRCell,Huawei
1696722300000,SAL030_01,ERAB_SR_NUM,124.0,900,NRCell,Huawei
1696722300000,SAL030_01,INTEGRITY_NGBR_QCI_9,3357489720.0,900,NRCell,Huawei
1696722300000,SAL030_01,INTRA_FREQUENCY_HO_OUT_ATT,16.0,900,NRCell,Huawei
1696722300000,SAL030_01,INTRA_FREQUENCY_HO_OUT_SUCC,16.0,900,NRCell,Huawei
1696722300000,SAL030_01,RRC_SETUP_ATT,74.0,900,NRCell,Huawei
1696722300000,SAL030_01,RRC_SETUP_SUCC,74.0,900,NRCell,Huawei
1696722300000,SAL030_01,S1SIG_Connection_Setup_SR_DEN,74.0,900,NRCell,Huawei
1696722300000,SAL030_01,S1SIG_Connection_Setup_SR_NUM,73.0,900,NRCell,Huawei
1696722300000,SAL030_01,SERVICE_LATENCY_OVER_AIR_INTERFACE_DEN,23632.0,900,NRCell,Huawei
1696722300000,SAL030_01,SERVICE_LATENCY_OVER_AIR_INTERFACE_NUM,53503.0,900,NRCell,Huawei
1696722300000,SAL030_01,VOICE_TRAFFIC,442.0,900,NRCell,Huawei
1696722300000,SAL030_01,VOLTE_CALL_SETUP_ATT,1.0,900,NRCell,Huawei
1696722300000,SAL030_01,VOLTE_CALL_SETUP_SUCC,1.0,900,NRCell,Huawei
1696722300000,SEV001_01,DCR_DEN,2662.0,900,NRCell,Huawei
1696722300000,SEV001_01,DCR_NUM,0.0,900,NRCell,Huawei
1696722300000,SEV001_01,DROP_CALL_VOLTE_DEN,13.0,900,NRCell,Huawei
1696722300000,SEV001_01,DROP_CALL_VOLTE_NUM,0.0,900,NRCell,Huawei
1696722300000,SEV001_01,ERAB_SR_DEN,2665.0,900,NRCell,Huawei
1696722300000,SEV001_01,ERAB_SR_NUM,2655.0,900,NRCell,Huawei
1696722300000,SEV001_01,INTEGRITY_NGBR_QCI_9,13535738408.0,900,NRCell,Huawei
1696722300000,SEV001_01,INTRA_FREQUENCY_HO_OUT_ATT,130.0,900,NRCell,Huawei
1696722300000,SEV001_01,INTRA_FREQUENCY_HO_OUT_SUCC,130.0,900,NRCell,Huawei
1696722300000,SEV001_01,RRC_SETUP_ATT,1496.0,900,NRCell,Huawei
1696722300000,SEV001_01,RRC_SETUP_SUCC,1494.0,900,NRCell,Huawei
1696722300000,SEV001_01,S1SIG_Connection_Setup_SR_DEN,1494.0,900,NRCell,Huawei
1696722300000,SEV001_01,S1SIG_Connection_Setup_SR_NUM,1494.0,900,NRCell,Huawei
1696722300000,SEV001_01,SERVICE_LATENCY_OVER_AIR_INTERFACE_DEN,411150.0,900,NRCell,Huawei
1696722300000,SEV001_01,SERVICE_LATENCY_OVER_AIR_INTERFACE_NUM,742580.0,900,NRCell,Huawei
1696722300000,SEV001_01,VOICE_TRAFFIC,17167.0,900,NRCell,Huawei
1696722300000,SEV001_01,VOLTE_CALL_SETUP_ATT,12.0,900,NRCell,Huawei
1696722300000,SEV001_01,VOLTE_CALL_SETUP_SUCC,12.0,900,NRCell,Huawei
1696722300000,SNT002_01,DCR_DEN,701.0,900,NRCell,Huawei
1696722300000,SNT002_01,DCR_NUM,0.0,900,NRCell,Huawei
1696722300000,SNT002_01,DROP_CALL_VOLTE_DEN,3.0,900,NRCell,Huawei
1696722300000,SNT002_01,DROP_CALL_VOLTE_NUM,0.0,900,NRCell,Huawei
1696722300000,SNT002_01,ERAB_SR_DEN,745.0,900,NRCell,Huawei
1696722300000,SNT002_01,ERAB_SR_NUM,745.0,900,NRCell,Huawei
1696722300000,SNT002_01,INTEGRITY_NGBR_QCI_9,2958295400.0,900,NRCell,Huawei
1696722300000,SNT002_01,INTRA_FREQUENCY_HO_OUT_ATT,67.0,900,NRCell,Huawei
1696722300000,SNT002_01,INTRA_FREQUENCY_HO_OUT_SUCC,67.0,900,NRCell,Huawei
1696722300000,SNT002_01,RRC_SETUP_ATT,443.0,900,NRCell,Huawei
1696722300000,SNT002_01,RRC_SETUP_SUCC,443.0,900,NRCell,Huawei
1696722300000,SNT002_01,S1SIG_Connection_Setup_SR_DEN,443.0,900,NRCell,Huawei
1696722300000,SNT002_01,S1SIG_Connection_Setup_SR_NUM,443.0,900,NRCell,Huawei
1696722300000,SNT002_01,SERVICE_LATENCY_OVER_AIR_INTERFACE_DEN,74279.0,900,NRCell,Huawei
1696722300000,SNT002_01,SERVICE_LATENCY_OVER_AIR_INTERFACE_NUM,89925.0,900,NRCell,Huawei
1696722300000,SNT002_01,VOICE_TRAFFIC,1541.0,900,NRCell,Huawei
1696722300000,SNT002_01,VOLTE_CALL_SETUP_ATT,5.0,900,NRCell,Huawei
1696722300000,SNT002_01,VOLTE_CALL_SETUP_SUCC,5.0,900,NRCell,Huawei
1696722300000,TAR015_01,DCR_DEN,2880.0,900,NRCell,Huawei
1696722300000,TAR015_01,DCR_NUM,1.0,900,NRCell,Huawei
1696722300000,TAR015_01,DROP_CALL_VOLTE_DEN,25.0,900,NRCell,Huawei
1696722300000,TAR015_01,DROP_CALL_VOLTE_NUM,0.0,900,NRCell,Huawei
1696722300000,TAR015_01,ERAB_SR_DEN,2844.0,900,NRCell,Huawei
1696722300000,TAR015_01,ERAB_SR_NUM,2844.0,900,NRCell,Huawei
1696722300000,TAR015_01,INTEGRITY_NGBR_QCI_9,13568439456.0,900,NRCell,Huawei
1696722300000,TAR015_01,INTRA_FREQUENCY_HO_OUT_ATT,130.0,900,NRCell,Huawei
1696722300000,TAR015_01,INTRA_FREQUENCY_HO_OUT_SUCC,130.0,900,NRCell,Huawei
1696722300000,TAR015_01,RRC_SETUP_ATT,1568.0,900,NRCell,Huawei
1696722300000,TAR015_01,RRC_SETUP_SUCC,1564.0,900,NRCell,Huawei
1696722300000,TAR015_01,S1SIG_Connection_Setup_SR_DEN,1564.0,900,NRCell,Huawei
1696722300000,TAR015_01,S1SIG_Connection_Setup_SR_NUM,1564.0,900,NRCell,Huawei
1696722300000,TAR015_01,SERVICE_LATENCY_OVER_AIR_INTERFACE_DEN,486303.0,900,NRCell,Huawei
1696722300000,TAR015_01,SERVICE_LATENCY_OVER_AIR_INTERFACE_NUM,1851463.0,900,NRCell,Huawei
1696722300000,TAR015_01,VOICE_TRAFFIC,32843.0,900,NRCell,Huawei
1696722300000,TAR015_01,VOLTE_CALL_SETUP_ATT,22.0,900,NRCell,Huawei
1696722300000,TAR015_01,VOLTE_CALL_SETUP_SUCC,22.0,900,NRCell,Huawei
1696722300000,TOL034_01,DCR_DEN,150.0,900,NRCell,Huawei
1696722300000,TOL034_01,DCR_NUM,1.0,900,NRCell,Huawei
1696722300000,TOL034_01,DROP_CALL_VOLTE_DEN,1.0,900,NRCell,Huawei
1696722300000,TOL034_01,DROP_CALL_VOLTE_NUM,0.0,900,NRCell,Huawei
1696722300000,TOL034_01,ERAB_SR_DEN,144.0,900,NRCell,Huawei
1696722300000,TOL034_01,ERAB_SR_NUM,144.0,900,NRCell,Huawei
1696722300000,TOL034_01,INTEGRITY_NGBR_QCI_9,3884541968.0,900,NRCell,Huawei
1696722300000,TOL034_01,INTRA_FREQUENCY_HO_OUT_ATT,19.0,900,NRCell,Huawei
1696722300000,TOL034_01,INTRA_FREQUENCY_HO_OUT_SUCC,19.0,900,NRCell,Huawei
1696722300000,TOL034_01,RRC_SETUP_ATT,110.0,900,NRCell,Huawei
1696722300000,TOL034_01,RRC_SETUP_SUCC,109.0,900,NRCell,Huawei
1696722300000,TOL034_01,S1SIG_Connection_Setup_SR_DEN,109.0,900,NRCell,Huawei
1696722300000,TOL034_01,S1SIG_Connection_Setup_SR_NUM,109.0,900,NRCell,Huawei
1696722300000,TOL034_01,SERVICE_LATENCY_OVER_AIR_INTERFACE_DEN,47585.0,900,NRCell,Huawei
1696722300000,TOL034_01,SERVICE_LATENCY_OVER_AIR_INTERFACE_NUM,89589.0,900,NRCell,Huawei
1696722300000,TOL034_01,VOICE_TRAFFIC,627.0,900,NRCell,Huawei
1696722300000,TOL034_01,VOLTE_CALL_SETUP_ATT,0.0,900,NRCell,Huawei
1696722300000,TOL034_01,VOLTE_CALL_SETUP_SUCC,0.0,900,NRCell,Huawei
1696722300000,VAL002_01,DCR_DEN,59.0,900,NRCell,Huawei
1696722300000,VAL002_01,DCR_NUM,0.0,900,NRCell,Huawei
1696722300000,VAL002_01,DROP_CALL_VOLTE_DEN,0.0,900,NRCell,Huawei
1696722300000,VAL002_01,DROP_CALL_VOLTE_NUM,0.0,900,NRCell,Huawei
1696722300000,VAL002_01,ERAB_SR_DEN,64.0,900,NRCell,Huawei
1696722300000,VAL002_01,ERAB_SR_NUM,64.0,900,NRCell,Huawei
1696722300000,VAL002_01,INTEGRITY_NGBR_QCI_9,55931576.0,900,NRCell,Huawei
1696722300000,VAL002_01,INTRA_FREQUENCY_HO_OUT_ATT,6.0,900,NRCell,Huawei
1696722300000,VAL002_01,INTRA_FREQUENCY_HO_OUT_SUCC,6.0,900,NRCell,Huawei
1696722300000,VAL002_01,RRC_SETUP_ATT,46.0,900,NRCell,Huawei
1696722300000,VAL002_01,RRC_SETUP_SUCC,46.0,900,NRCell,Huawei
1696722300000,VAL002_01,S1SIG_Connection_Setup_SR_DEN,46.0,900,NRCell,Huawei
1696722300000,VAL002_01,S1SIG_Connection_Setup_SR_NUM,46.0,900,NRCell,Huawei
1696722300000,VAL002_01,SERVICE_LATENCY_OVER_AIR_INTERFACE_DEN,5345.0,900,NRCell,Huawei
1696722300000,VAL002_01,SERVICE_LATENCY_OVER_AIR_INTERFACE_NUM,11734.0,900,NRCell,Huawei
1696722300000,VAL002_01,VOICE_TRAFFIC,0.0,900,NRCell,Huawei
1696722300000,VAL002_01,VOLTE_CALL_SETUP_ATT,0.0,900,NRCell,Huawei
1696722300000,VAL002_01,VOLTE_CALL_SETUP_SUCC,0.0,900,NRCell,Huawei
