startTime,neId,counterCode,counterValue,granularity,neType,vendorName
1696546800000,BCN014_01,DCR_DEN,4092.0,900,NRCell,Huawei
1696546800000,BCN014_01,DCR_NUM,1.0,900,NRCell,Huawei
1696546800000,BCN014_01,DROP_CALL_VOLTE_DEN,44.0,900,NRCell,Huawei
1696546800000,BCN014_01,DROP_CALL_VOLTE_NUM,0.0,900,NRCell,Huawei
1696546800000,BCN014_01,ERAB_SR_DEN,3991.0,900,NRCell,Huawei
1696546800000,BCN014_01,ERAB_SR_NUM,3988.0,900,NRCell,Huawei
1696546800000,BCN014_01,INTEGRITY_NGBR_QCI_9,13710428088.0,900,NRCell,Huawei
1696546800000,BCN014_01,INTRA_FREQUENCY_HO_OUT_ATT,209.0,900,NRCell,Huawei
1696546800000,BCN014_01,INTRA_FREQUENCY_HO_OUT_SUCC,209.0,900,NRCell,Huawei
1696546800000,BCN014_01,RRC_SETUP_ATT,2226.0,900,NRCell,Huawei
1696546800000,BCN014_01,RRC_SETUP_SUCC,2219.0,900,NRCell,Huawei
1696546800000,BCN014_01,S1SIG_Connection_Setup_SR_DEN,2219.0,900,NRCell,Huawei
1696546800000,BCN014_01,S1SIG_Connection_Setup_SR_NUM,2219.0,900,NRCell,Huawei
1696546800000,BCN014_01,SERVICE_LATENCY_OVER_AIR_INTERFACE_DEN,542414.0,900,NRCell,Huawei
1696546800000,BCN014_01,SERVICE_LATENCY_OVER_AIR_INTERFACE_NUM,1016777.0,900,NRCell,Huawei
1696546800000,BCN014_01,VOICE_TRAFFIC,28998.0,900,NRCell,Huawei
1696546800000,BCN014_01,VOLTE_CALL_SETUP_ATT,38.0,900,NRCell,Huawei
1696546800000,BCN014_01,VOLTE_CALL_SETUP_SUCC,38.0,900,NRCell,Huawei
1696546800000,BIL001_01,DCR_DEN,3468.0,900,NRCell,Huawei
1696546800000,BIL001_01,DCR_NUM,1.0,900,NRCell,Huawei
1696546800000,BIL001_01,DROP_CALL_VOLTE_DEN,26.0,900,NRCell,Huawei
1696546800000,BIL001_01,DROP_CALL_VOLTE_NUM,0.0,900,NRCell,Huawei
1696546800000,BIL001_01,ERAB_SR_DEN,3534.0,900,NRCell,Huawei
1696546800000,BIL001_01,ERAB_SR_NUM,3532.0,900,NRCell,Huawei
1696546800000,BIL001_01,INTEGRITY_NGBR_QCI_9,15297560296.0,900,NRCell,Huawei
1696546800000,BIL001_01,INTRA_FREQUENCY_HO_OUT_ATT,149.0,900,NRCell,Huawei
1696546800000,BIL001_01,INTRA_FREQUENCY_HO_OUT_SUCC,149.0,900,NRCell,Huawei
1696546800000,BIL001_01,RRC_SETUP_ATT,1974.0,900,NRCell,Huawei
1696546800000,BIL001_01,RRC_SETUP_SUCC,1969.0,900,NRCell,Huawei
1696546800000,BIL001_01,S1SIG_Connection_Setup_SR_DEN,1969.0,900,NRCell,Huawei
1696546800000,BIL001_01,S1SIG_Connection_Setup_SR_NUM,1969.0,900,NRCell,Huawei
1696546800000,BIL001_01,SERVICE_LATENCY_OVER_AIR_INTERFACE_DEN,376083.0,900,NRCell,Huawei
1696546800000,BIL001_01,SERVICE_LATENCY_OVER_AIR_INTERFACE_NUM,703950.0,900,NRCell,Huawei
1696546800000,BIL001_01,VOICE_TRAFFIC,22425.0,900,NRCell,Huawei
1696546800000,BIL001_01,VOLTE_CALL_SETUP_ATT,32.0,900,NRCell,Huawei
1696546800000,BIL001_01,VOLTE_CALL_SETUP_SUCC,32.0,900,NRCell,Huawei
1696546800000,MAD033_01,DCR_DEN,1972.0,900,NRCell,Huawei
1696546800000,MAD033_01,DCR_NUM,0.0,900,NRCell,Huawei
1696546800000,MAD033_01,DROP_CALL_VOLTE_DEN,24.0,900,NRCell,Huawei
1696546800000,MAD033_01,DROP_CALL_VOLTE_NUM,0.0,900,NRCell,Huawei
1696546800000,MAD033_01,ERAB_SR_DEN,2001.0,900,NRCell,Huawei
1696546800000,MAD033_01,ERAB_SR_NUM,1999.0,900,NRCell,Huawei
1696546800000,MAD033_01,INTEGRITY_NGBR_QCI_9,9714569256.0,900,NRCell,Huawei
1696546800000,MAD033_01,INTRA_FREQUENCY_HO_OUT_ATT,160.0,900,NRCell,Huawei
1696546800000,MAD033_01,INTRA_FREQUENCY_HO_OUT_SUCC,160.0,900,NRCell,Huawei
1696546800000,MAD033_01,RRC_SETUP_ATT,1153.0,900,NRCell,Huawei
1696546800000,MAD033_01,RRC_SETUP_SUCC,1150.0,900,NRCell,Huawei
1696546800000,MAD033_01,S1SIG_Connection_Setup_SR_DEN,1150.0,900,NRCell,Huawei
1696546800000,MAD033_01,S1SIG_Connection_Setup_SR_NUM,1150.0,900,NRCell,Huawei
1696546800000,MAD033_01,SERVICE_LATENCY_OVER_AIR_INTERFACE_DEN,241306.0,900,NRCell,Huawei
1696546800000,MAD033_01,SERVICE_LATENCY_OVER_AIR_INTERFACE_NUM,373447.0,900,NRCell,Huawei
1696546800000,MAD033_01,VOICE_TRAFFIC,22963.0,900,NRCell,Huawei
1696546800000,MAD033_01,VOLTE_CALL_SETUP_ATT,20.0,900,NRCell,Huawei
1696546800000,MAD033_01,VOLTE_CALL_SETUP_SUCC,20.0,900,NRCell,Huawei
1696546800000,SAL030_01,DCR_DEN,521.0,900,NRCell,Huawei
1696546800000,SAL030_01,DCR_NUM,0.0,900,NRCell,Huawei
1696546800000,SAL030_01,DROP_CALL_VOLTE_DEN,2.0,900,NRCell,Huawei
1696546800000,SAL030_01,DROP_CALL_VOLTE_NUM,0.0,900,NRCell,Huawei
1696546800000,SAL030_01,ERAB_SR_DEN,529.0,900,NRCell,Huawei
1696546800000,SAL030_01,ERAB_SR_NUM,529.0,900,NRCell,Huawei
1696546800000,SAL030_01,INTEGRITY_NGBR_QCI_9,3364688488.0,900,NRCell,Huawei
1696546800000,SAL030_01,INTRA_FREQUENCY_HO_OUT_ATT,9.0,900,NRCell,Huawei
1696546800000,SAL030_01,INTRA_FREQUENCY_HO_OUT_SUCC,9.0,900,NRCell,Huawei
1696546800000,SAL030_01,RRC_SETUP_ATT,287.0,900,NRCell,Huawei
1696546800000,SAL030_01,RRC_SETUP_SUCC,287.0,900,NRCell,Huawei
1696546800000,SAL030_01,S1SIG_Connection_Setup_SR_DEN,287.0,900,NRCell,Huawei
1696546800000,SAL030_01,S1SIG_Connection_Setup_SR_NUM,287.0,900,NRCell,Huawei
1696546800000,SAL030_01,SERVICE_LATENCY_OVER_AIR_INTERFACE_DEN,49838.0,900,NRCell,Huawei
1696546800000,SAL030_01,SERVICE_LATENCY_OVER_AIR_INTERFACE_NUM,96194.0,900,NRCell,Huawei
1696546800000,SAL030_01,VOICE_TRAFFIC,4022.0,900,NRCell,Huawei
1696546800000,SAL030_01,VOLTE_CALL_SETUP_ATT,3.0,900,NRCell,Huawei
1696546800000,SAL030_01,VOLTE_CALL_SETUP_SUCC,3.0,900,NRCell,Huawei
1696546800000,SEV001_01,DCR_DEN,4471.0,900,NRCell,Huawei
1696546800000,SEV001_01,DCR_NUM,4.0,900,NRCell,Huawei
1696546800000,SEV001_01,DROP_CALL_VOLTE_DEN,30.0,900,NRCell,Huawei
1696546800000,SEV001_01,DROP_CALL_VOLTE_NUM,0.0,900,NRCell,Huawei
1696546800000,SEV001_01,ERAB_SR_DEN,4501.0,900,NRCell,Huawei
1696546800000,SEV001_01,ERAB_SR_NUM,4493.0,900,NRCell,Huawei
1696546800000,SEV001_01,INTEGRITY_NGBR_QCI_9,19941207960.0,900,NRCell,Huawei
1696546800000,SEV001_01,INTRA_FREQUENCY_HO_OUT_ATT,119.0,900,NRCell,Huawei
1696546800000,SEV001_01,INTRA_FREQUENCY_HO_OUT_SUCC,119.0,900,NRCell,Huawei
1696546800000,SEV001_01,RRC_SETUP_ATT,2424.0,900,NRCell,Huawei
1696546800000,SEV001_01,RRC_SETUP_SUCC,2421.0,900,NRCell,Huawei
1696546800000,SEV001_01,S1SIG_Connection_Setup_SR_DEN,2421.0,900,NRCell,Huawei
1696546800000,SEV001_01,S1SIG_Connection_Setup_SR_NUM,2421.0,900,NRCell,Huawei
1696546800000,SEV001_01,SERVICE_LATENCY_OVER_AIR_INTERFACE_DEN,492806.0,900,NRCell,Huawei
1696546800000,SEV001_01,SERVICE_LATENCY_OVER_AIR_INTERFACE_NUM,1715518.0,900,NRCell,Huawei
1696546800000,SEV001_01,VOICE_TRAFFIC,28423.0,900,NRCell,Huawei
1696546800000,SEV001_01,VOLTE_CALL_SETUP_ATT,34.0,900,NRCell,Huawei
1696546800000,SEV001_01,VOLTE_CALL_SETUP_SUCC,34.0,900,NRCell,Huawei
1696546800000,SNT002_01,DCR_DEN,1957.0,900,NRCell,Huawei
1696546800000,SNT002_01,DCR_NUM,3.0,900,NRCell,Huawei
1696546800000,SNT002_01,DROP_CALL_VOLTE_DEN,16.0,900,NRCell,Huawei
1696546800000,SNT002_01,DROP_CALL_VOLTE_NUM,0.0,900,NRCell,Huawei
1696546800000,SNT002_01,ERAB_SR_DEN,2021.0,900,NRCell,Huawei
1696546800000,SNT002_01,ERAB_SR_NUM,2021.0,900,NRCell,Huawei
1696546800000,SNT002_01,INTEGRITY_NGBR_QCI_9,8127951208.0,900,NRCell,Huawei
1696546800000,SNT002_01,INTRA_FREQUENCY_HO_OUT_ATT,120.0,900,NRCell,Huawei
1696546800000,SNT002_01,INTRA_FREQUENCY_HO_OUT_SUCC,120.0,900,NRCell,Huawei
1696546800000,SNT002_01,RRC_SETUP_ATT,1136.0,900,NRCell,Huawei
1696546800000,SNT002_01,RRC_SETUP_SUCC,1131.0,900,NRCell,Huawei
1696546800000,SNT002_01,S1SIG_Connection_Setup_SR_DEN,1131.0,900,NRCell,Huawei
1696546800000,SNT002_01,S1SIG_Connection_Setup_SR_NUM,1131.0,900,NRCell,Huawei
1696546800000,SNT002_01,SERVICE_LATENCY_OVER_AIR_INTERFACE_DEN,310445.0,900,NRCell,Huawei
1696546800000,SNT002_01,SERVICE_LATENCY_OVER_AIR_INTERFACE_NUM,408533.0,900,NRCell,Huawei
1696546800000,SNT002_01,VOICE_TRAFFIC,13273.0,900,NRCell,Huawei
1696546800000,SNT002_01,VOLTE_CALL_SETUP_ATT,15.0,900,NRCell,Huawei
1696546800000,SNT002_01,VOLTE_CALL_SETUP_SUCC,15.0,900,NRCell,Huawei
1696546800000,TAR015_01,DCR_DEN,4189.0,900,NRCell,Huawei
1696546800000,TAR015_01,DCR_NUM,3.0,900,NRCell,Huawei
1696546800000,TAR015_01,DROP_CALL_VOLTE_DEN,57.0,900,NRCell,Huawei
1696546800000,TAR015_01,DROP_CALL_VOLTE_NUM,0.0,900,NRCell,Huawei
1696546800000,TAR015_01,ERAB_SR_DEN,4153.0,900,NRCell,Huawei
1696546800000,TAR015_01,ERAB_SR_NUM,4146.0,900,NRCell,Huawei
1696546800000,TAR015_01,INTEGRITY_NGBR_QCI_9,21736770736.0,900,NRCell,Huawei
1696546800000,TAR015_01,INTRA_FREQUENCY_HO_OUT_ATT,178.0,900,NRCell,Huawei
1696546800000,TAR015_01,INTRA_FREQUENCY_HO_OUT_SUCC,178.0,900,NRCell,Huawei
1696546800000,TAR015_01,RRC_SETUP_ATT,2263.0,900,NRCell,Huawei
1696546800000,TAR015_01,RRC_SETUP_SUCC,2257.0,900,NRCell,Huawei
1696546800000,TAR015_01,S1SIG_Connection_Setup_SR_DEN,2257.0,900,NRCell,Huawei
1696546800000,TAR015_01,S1SIG_Connection_Setup_SR_NUM,2257.0,900,NRCell,Huawei
1696546800000,TAR015_01,SERVICE_LATENCY_OVER_AIR_INTERFACE_DEN,837230.0,900,NRCell,Huawei
1696546800000,TAR015_01,SERVICE_LATENCY_OVER_AIR_INTERFACE_NUM,3086155.0,900,NRCell,Huawei
1696546800000,TAR015_01,VOICE_TRAFFIC,98417.0,900,NRCell,Huawei
1696546800000,TAR015_01,VOLTE_CALL_SETUP_ATT,52.0,900,NRCell,Huawei
1696546800000,TAR015_01,VOLTE_CALL_SETUP_SUCC,52.0,900,NRCell,Huawei
1696546800000,TOL034_01,DCR_DEN,326.0,900,NRCell,Huawei
1696546800000,TOL034_01,DCR_NUM,0.0,900,NRCell,Huawei
1696546800000,TOL034_01,DROP_CALL_VOLTE_DEN,2.0,900,NRCell,Huawei
1696546800000,TOL034_01,DROP_CALL_VOLTE_NUM,0.0,900,NRCell,Huawei
1696546800000,TOL034_01,ERAB_SR_DEN,315.0,900,NRCell,Huawei
1696546800000,TOL034_01,ERAB_SR_NUM,315.0,900,NRCell,Huawei
1696546800000,TOL034_01,INTEGRITY_NGBR_QCI_9,1163129136.0,900,NRCell,Huawei
1696546800000,TOL034_01,INTRA_FREQUENCY_HO_OUT_ATT,12.0,900,NRCell,Huawei
1696546800000,TOL034_01,INTRA_FREQUENCY_HO_OUT_SUCC,12.0,900,NRCell,Huawei
1696546800000,TOL034_01,RRC_SETUP_ATT,198.0,900,NRCell,Huawei
1696546800000,TOL034_01,RRC_SETUP_SUCC,196.0,900,NRCell,Huawei
1696546800000,TOL034_01,S1SIG_Connection_Setup_SR_DEN,196.0,900,NRCell,Huawei
1696546800000,TOL034_01,S1SIG_Connection_Setup_SR_NUM,196.0,900,NRCell,Huawei
1696546800000,TOL034_01,SERVICE_LATENCY_OVER_AIR_INTERFACE_DEN,32939.0,900,NRCell,Huawei
1696546800000,TOL034_01,SERVICE_LATENCY_OVER_AIR_INTERFACE_NUM,42878.0,900,NRCell,Huawei
1696546800000,TOL034_01,VOICE_TRAFFIC,289.0,900,NRCell,Huawei
1696546800000,TOL034_01,VOLTE_CALL_SETUP_ATT,1.0,900,NRCell,Huawei
1696546800000,TOL034_01,VOLTE_CALL_SETUP_SUCC,1.0,900,NRCell,Huawei
1696546800000,VAL002_01,DCR_DEN,86.0,900,NRCell,Huawei
1696546800000,VAL002_01,DCR_NUM,0.0,900,NRCell,Huawei
1696546800000,VAL002_01,DROP_CALL_VOLTE_DEN,1.0,900,NRCell,Huawei
1696546800000,VAL002_01,DROP_CALL_VOLTE_NUM,0.0,900,NRCell,Huawei
1696546800000,VAL002_01,ERAB_SR_DEN,85.0,900,NRCell,Huawei
1696546800000,VAL002_01,ERAB_SR_NUM,85.0,900,NRCell,Huawei
1696546800000,VAL002_01,INTEGRITY_NGBR_QCI_9,1199159088.0,900,NRCell,Huawei
1696546800000,VAL002_01,INTRA_FREQUENCY_HO_OUT_ATT,12.0,900,NRCell,Huawei
1696546800000,VAL002_01,INTRA_FREQUENCY_HO_OUT_SUCC,12.0,900,NRCell,Huawei
1696546800000,VAL002_01,RRC_SETUP_ATT,65.0,900,NRCell,Huawei
1696546800000,VAL002_01,RRC_SETUP_SUCC,65.0,900,NRCell,Huawei
1696546800000,VAL002_01,S1SIG_Connection_Setup_SR_DEN,65.0,900,NRCell,Huawei
1696546800000,VAL002_01,S1SIG_Connection_Setup_SR_NUM,65.0,900,NRCell,Huawei
1696546800000,VAL002_01,SERVICE_LATENCY_OVER_AIR_INTERFACE_DEN,55849.0,900,NRCell,Huawei
1696546800000,VAL002_01,SERVICE_LATENCY_OVER_AIR_INTERFACE_NUM,65679.0,900,NRCell,Huawei
1696546800000,VAL002_01,VOICE_TRAFFIC,413.0,900,NRCell,Huawei
1696546800000,VAL002_01,VOLTE_CALL_SETUP_ATT,1.0,900,NRCell,Huawei
1696546800000,VAL002_01,VOLTE_CALL_SETUP_SUCC,1.0,900,NRCell,Huawei
