startTime,neId,counterCode,counterValue,granularity,neType,vendorName
1696661100000,BCN014_01,DCR_DEN,1246.0,900,NRCell,Huawei
1696661100000,BCN014_01,DCR_NUM,0.0,900,NRCell,Huawei
1696661100000,BCN014_01,DROP_CALL_VOLTE_DEN,0.0,900,NRCell,Huawei
1696661100000,BCN014_01,DROP_CALL_VOLTE_NUM,0.0,900,NRCell,Huawei
1696661100000,BCN014_01,ERAB_SR_DEN,1259.0,900,NRCell,Huawei
1696661100000,BCN014_01,ERAB_SR_NUM,1259.0,900,NRCell,Huawei
1696661100000,BCN014_01,INTEGRITY_NGBR_QCI_9,6673885376.0,900,NRCell,Huawei
1696661100000,BCN014_01,INTRA_FREQUENCY_HO_OUT_ATT,37.0,900,NRCell,Huawei
1696661100000,BCN014_01,INTRA_FREQUENCY_HO_OUT_SUCC,36.0,900,NRCell,Huawei
1696661100000,BCN014_01,RRC_SETUP_ATT,754.0,900,NRCell,Huawei
1696661100000,BCN014_01,RRC_SETUP_SUCC,753.0,900,NRCell,Huawei
1696661100000,BCN014_01,S1SIG_Connection_Setup_SR_DEN,753.0,900,NRCell,Huawei
1696661100000,BCN014_01,S1SIG_Connection_Setup_SR_NUM,753.0,900,NRCell,Huawei
1696661100000,BCN014_01,SERVICE_LATENCY_OVER_AIR_INTERFACE_DEN,140200.0,900,NRCell,Huawei
1696661100000,BCN014_01,SERVICE_LATENCY_OVER_AIR_INTERFACE_NUM,167598.0,900,NRCell,Huawei
1696661100000,BCN014_01,VOICE_TRAFFIC,321.0,900,NRCell,Huawei
1696661100000,BCN014_01,VOLTE_CALL_SETUP_ATT,0.0,900,NRCell,Huawei
1696661100000,BCN014_01,VOLTE_CALL_SETUP_SUCC,0.0,900,NRCell,Huawei
1696661100000,BIL001_01,DCR_DEN,1216.0,900,NRCell,Huawei
1696661100000,BIL001_01,DCR_NUM,0.0,900,NRCell,Huawei
1696661100000,BIL001_01,DROP_CALL_VOLTE_DEN,0.0,900,NRCell,Huawei
1696661100000,BIL001_01,DROP_CALL_VOLTE_NUM,0.0,900,NRCell,Huawei
1696661100000,BIL001_01,ERAB_SR_DEN,1205.0,900,NRCell,Huawei
1696661100000,BIL001_01,ERAB_SR_NUM,1205.0,900,NRCell,Huawei
1696661100000,BIL001_01,INTEGRITY_NGBR_QCI_9,3264678464.0,900,NRCell,Huawei
1696661100000,BIL001_01,INTRA_FREQUENCY_HO_OUT_ATT,37.0,900,NRCell,Huawei
1696661100000,BIL001_01,INTRA_FREQUENCY_HO_OUT_SUCC,37.0,900,NRCell,Huawei
1696661100000,BIL001_01,RRC_SETUP_ATT,769.0,900,NRCell,Huawei
1696661100000,BIL001_01,RRC_SETUP_SUCC,769.0,900,NRCell,Huawei
1696661100000,BIL001_01,S1SIG_Connection_Setup_SR_DEN,769.0,900,NRCell,Huawei
1696661100000,BIL001_01,S1SIG_Connection_Setup_SR_NUM,769.0,900,NRCell,Huawei
1696661100000,BIL001_01,SERVICE_LATENCY_OVER_AIR_INTERFACE_DEN,97827.0,900,NRCell,Huawei
1696661100000,BIL001_01,SERVICE_LATENCY_OVER_AIR_INTERFACE_NUM,110353.0,900,NRCell,Huawei
1696661100000,BIL001_01,VOICE_TRAFFIC,0.0,900,NRCell,Huawei
1696661100000,BIL001_01,VOLTE_CALL_SETUP_ATT,0.0,900,NRCell,Huawei
1696661100000,BIL001_01,VOLTE_CALL_SETUP_SUCC,0.0,900,NRCell,Huawei
1696661100000,MAD033_01,DCR_DEN,635.0,900,NRCell,Huawei
1696661100000,MAD033_01,DCR_NUM,0.0,900,NRCell,Huawei
1696661100000,MAD033_01,DROP_CALL_VOLTE_DEN,3.0,900,NRCell,Huawei
1696661100000,MAD033_01,DROP_CALL_VOLTE_NUM,0.0,900,NRCell,Huawei
1696661100000,MAD033_01,ERAB_SR_DEN,625.0,900,NRCell,Huawei
1696661100000,MAD033_01,ERAB_SR_NUM,625.0,900,NRCell,Huawei
1696661100000,MAD033_01,INTEGRITY_NGBR_QCI_9,1043844960.0,900,NRCell,Huawei
1696661100000,MAD033_01,INTRA_FREQUENCY_HO_OUT_ATT,18.0,900,NRCell,Huawei
1696661100000,MAD033_01,INTRA_FREQUENCY_HO_OUT_SUCC,18.0,900,NRCell,Huawei
1696661100000,MAD033_01,RRC_SETUP_ATT,365.0,900,NRCell,Huawei
1696661100000,MAD033_01,RRC_SETUP_SUCC,365.0,900,NRCell,Huawei
1696661100000,MAD033_01,S1SIG_Connection_Setup_SR_DEN,365.0,900,NRCell,Huawei
1696661100000,MAD033_01,S1SIG_Connection_Setup_SR_NUM,365.0,900,NRCell,Huawei
1696661100000,MAD033_01,SERVICE_LATENCY_OVER_AIR_INTERFACE_DEN,50345.0,900,NRCell,Huawei
1696661100000,MAD033_01,SERVICE_LATENCY_OVER_AIR_INTERFACE_NUM,57566.0,900,NRCell,Huawei
1696661100000,MAD033_01,VOICE_TRAFFIC,16528.0,900,NRCell,Huawei
1696661100000,MAD033_01,VOLTE_CALL_SETUP_ATT,2.0,900,NRCell,Huawei
1696661100000,MAD033_01,VOLTE_CALL_SETUP_SUCC,2.0,900,NRCell,Huawei
1696661100000,SAL030_01,DCR_DEN,83.0,900,NRCell,Huawei
1696661100000,SAL030_01,DCR_NUM,0.0,900,NRCell,Huawei
1696661100000,SAL030_01,DROP_CALL_VOLTE_DEN,0.0,900,NRCell,Huawei
1696661100000,SAL030_01,DROP_CALL_VOLTE_NUM,0.0,900,NRCell,Huawei
1696661100000,SAL030_01,ERAB_SR_DEN,84.0,900,NRCell,Huawei
1696661100000,SAL030_01,ERAB_SR_NUM,84.0,900,NRCell,Huawei
1696661100000,SAL030_01,INTEGRITY_NGBR_QCI_9,938389680.0,900,NRCell,Huawei
1696661100000,SAL030_01,INTRA_FREQUENCY_HO_OUT_ATT,0.0,900,NRCell,Huawei
1696661100000,SAL030_01,INTRA_FREQUENCY_HO_OUT_SUCC,0.0,900,NRCell,Huawei
1696661100000,SAL030_01,RRC_SETUP_ATT,54.0,900,NRCell,Huawei
1696661100000,SAL030_01,RRC_SETUP_SUCC,54.0,900,NRCell,Huawei
1696661100000,SAL030_01,S1SIG_Connection_Setup_SR_DEN,54.0,900,NRCell,Huawei
1696661100000,SAL030_01,S1SIG_Connection_Setup_SR_NUM,54.0,900,NRCell,Huawei
1696661100000,SAL030_01,SERVICE_LATENCY_OVER_AIR_INTERFACE_DEN,46884.0,900,NRCell,Huawei
1696661100000,SAL030_01,SERVICE_LATENCY_OVER_AIR_INTERFACE_NUM,121690.0,900,NRCell,Huawei
1696661100000,SAL030_01,VOICE_TRAFFIC,0.0,900,NRCell,Huawei
1696661100000,SAL030_01,VOLTE_CALL_SETUP_ATT,0.0,900,NRCell,Huawei
1696661100000,SAL030_01,VOLTE_CALL_SETUP_SUCC,0.0,900,NRCell,Huawei
1696661100000,SEV001_01,DCR_DEN,1986.0,900,NRCell,Huawei
1696661100000,SEV001_01,DCR_NUM,0.0,900,NRCell,Huawei
1696661100000,SEV001_01,DROP_CALL_VOLTE_DEN,7.0,900,NRCell,Huawei
1696661100000,SEV001_01,DROP_CALL_VOLTE_NUM,0.0,900,NRCell,Huawei
1696661100000,SEV001_01,ERAB_SR_DEN,1969.0,900,NRCell,Huawei
1696661100000,SEV001_01,ERAB_SR_NUM,1969.0,900,NRCell,Huawei
1696661100000,SEV001_01,INTEGRITY_NGBR_QCI_9,8713515536.0,900,NRCell,Huawei
1696661100000,SEV001_01,INTRA_FREQUENCY_HO_OUT_ATT,21.0,900,NRCell,Huawei
1696661100000,SEV001_01,INTRA_FREQUENCY_HO_OUT_SUCC,21.0,900,NRCell,Huawei
1696661100000,SEV001_01,RRC_SETUP_ATT,1123.0,900,NRCell,Huawei
1696661100000,SEV001_01,RRC_SETUP_SUCC,1122.0,900,NRCell,Huawei
1696661100000,SEV001_01,S1SIG_Connection_Setup_SR_DEN,1122.0,900,NRCell,Huawei
1696661100000,SEV001_01,S1SIG_Connection_Setup_SR_NUM,1122.0,900,NRCell,Huawei
1696661100000,SEV001_01,SERVICE_LATENCY_OVER_AIR_INTERFACE_DEN,317813.0,900,NRCell,Huawei
1696661100000,SEV001_01,SERVICE_LATENCY_OVER_AIR_INTERFACE_NUM,474158.0,900,NRCell,Huawei
1696661100000,SEV001_01,VOICE_TRAFFIC,11723.0,900,NRCell,Huawei
1696661100000,SEV001_01,VOLTE_CALL_SETUP_ATT,5.0,900,NRCell,Huawei
1696661100000,SEV001_01,VOLTE_CALL_SETUP_SUCC,5.0,900,NRCell,Huawei
1696661100000,SNT002_01,DCR_DEN,581.0,900,NRCell,Huawei
1696661100000,SNT002_01,DCR_NUM,0.0,900,NRCell,Huawei
1696661100000,SNT002_01,DROP_CALL_VOLTE_DEN,3.0,900,NRCell,Huawei
1696661100000,SNT002_01,DROP_CALL_VOLTE_NUM,0.0,900,NRCell,Huawei
1696661100000,SNT002_01,ERAB_SR_DEN,564.0,900,NRCell,Huawei
1696661100000,SNT002_01,ERAB_SR_NUM,564.0,900,NRCell,Huawei
1696661100000,SNT002_01,INTEGRITY_NGBR_QCI_9,4142841088.0,900,NRCell,Huawei
1696661100000,SNT002_01,INTRA_FREQUENCY_HO_OUT_ATT,8.0,900,NRCell,Huawei
1696661100000,SNT002_01,INTRA_FREQUENCY_HO_OUT_SUCC,8.0,900,NRCell,Huawei
1696661100000,SNT002_01,RRC_SETUP_ATT,326.0,900,NRCell,Huawei
1696661100000,SNT002_01,RRC_SETUP_SUCC,326.0,900,NRCell,Huawei
1696661100000,SNT002_01,S1SIG_Connection_Setup_SR_DEN,326.0,900,NRCell,Huawei
1696661100000,SNT002_01,S1SIG_Connection_Setup_SR_NUM,326.0,900,NRCell,Huawei
1696661100000,SNT002_01,SERVICE_LATENCY_OVER_AIR_INTERFACE_DEN,66171.0,900,NRCell,Huawei
1696661100000,SNT002_01,SERVICE_LATENCY_OVER_AIR_INTERFACE_NUM,76227.0,900,NRCell,Huawei
1696661100000,SNT002_01,VOICE_TRAFFIC,473.0,900,NRCell,Huawei
1696661100000,SNT002_01,VOLTE_CALL_SETUP_ATT,3.0,900,NRCell,Huawei
1696661100000,SNT002_01,VOLTE_CALL_SETUP_SUCC,3.0,900,NRCell,Huawei
1696661100000,TAR015_01,DCR_DEN,2592.0,900,NRCell,Huawei
1696661100000,TAR015_01,DCR_NUM,2.0,900,NRCell,Huawei
1696661100000,TAR015_01,DROP_CALL_VOLTE_DEN,1.0,900,NRCell,Huawei
1696661100000,TAR015_01,DROP_CALL_VOLTE_NUM,0.0,900,NRCell,Huawei
1696661100000,TAR015_01,ERAB_SR_DEN,2574.0,900,NRCell,Huawei
1696661100000,TAR015_01,ERAB_SR_NUM,2574.0,900,NRCell,Huawei
1696661100000,TAR015_01,INTEGRITY_NGBR_QCI_9,5850742968.0,900,NRCell,Huawei
1696661100000,TAR015_01,INTRA_FREQUENCY_HO_OUT_ATT,16.0,900,NRCell,Huawei
1696661100000,TAR015_01,INTRA_FREQUENCY_HO_OUT_SUCC,16.0,900,NRCell,Huawei
1696661100000,TAR015_01,RRC_SETUP_ATT,1450.0,900,NRCell,Huawei
1696661100000,TAR015_01,RRC_SETUP_SUCC,1450.0,900,NRCell,Huawei
1696661100000,TAR015_01,S1SIG_Connection_Setup_SR_DEN,1450.0,900,NRCell,Huawei
1696661100000,TAR015_01,S1SIG_Connection_Setup_SR_NUM,1450.0,900,NRCell,Huawei
1696661100000,TAR015_01,SERVICE_LATENCY_OVER_AIR_INTERFACE_DEN,265107.0,900,NRCell,Huawei
1696661100000,TAR015_01,SERVICE_LATENCY_OVER_AIR_INTERFACE_NUM,316797.0,900,NRCell,Huawei
1696661100000,TAR015_01,VOICE_TRAFFIC,9082.0,900,NRCell,Huawei
1696661100000,TAR015_01,VOLTE_CALL_SETUP_ATT,2.0,900,NRCell,Huawei
1696661100000,TAR015_01,VOLTE_CALL_SETUP_SUCC,2.0,900,NRCell,Huawei
1696661100000,TOL034_01,DCR_DEN,41.0,900,NRCell,Huawei
1696661100000,TOL034_01,DCR_NUM,0.0,900,NRCell,Huawei
1696661100000,TOL034_01,DROP_CALL_VOLTE_DEN,0.0,900,NRCell,Huawei
1696661100000,TOL034_01,DROP_CALL_VOLTE_NUM,0.0,900,NRCell,Huawei
1696661100000,TOL034_01,ERAB_SR_DEN,36.0,900,NRCell,Huawei
1696661100000,TOL034_01,ERAB_SR_NUM,36.0,900,NRCell,Huawei
1696661100000,TOL034_01,INTEGRITY_NGBR_QCI_9,1533260504.0,900,NRCell,Huawei
1696661100000,TOL034_01,INTRA_FREQUENCY_HO_OUT_ATT,2.0,900,NRCell,Huawei
1696661100000,TOL034_01,INTRA_FREQUENCY_HO_OUT_SUCC,2.0,900,NRCell,Huawei
1696661100000,TOL034_01,RRC_SETUP_ATT,24.0,900,NRCell,Huawei
1696661100000,TOL034_01,RRC_SETUP_SUCC,24.0,900,NRCell,Huawei
1696661100000,TOL034_01,S1SIG_Connection_Setup_SR_DEN,24.0,900,NRCell,Huawei
1696661100000,TOL034_01,S1SIG_Connection_Setup_SR_NUM,24.0,900,NRCell,Huawei
1696661100000,TOL034_01,SERVICE_LATENCY_OVER_AIR_INTERFACE_DEN,21136.0,900,NRCell,Huawei
1696661100000,TOL034_01,SERVICE_LATENCY_OVER_AIR_INTERFACE_NUM,27809.0,900,NRCell,Huawei
1696661100000,TOL034_01,VOICE_TRAFFIC,0.0,900,NRCell,Huawei
1696661100000,TOL034_01,VOLTE_CALL_SETUP_ATT,0.0,900,NRCell,Huawei
1696661100000,TOL034_01,VOLTE_CALL_SETUP_SUCC,0.0,900,NRCell,Huawei
1696661100000,VAL002_01,DCR_DEN,12.0,900,NRCell,Huawei
1696661100000,VAL002_01,DCR_NUM,0.0,900,NRCell,Huawei
1696661100000,VAL002_01,DROP_CALL_VOLTE_DEN,0.0,900,NRCell,Huawei
1696661100000,VAL002_01,DROP_CALL_VOLTE_NUM,0.0,900,NRCell,Huawei
1696661100000,VAL002_01,ERAB_SR_DEN,12.0,900,NRCell,Huawei
1696661100000,VAL002_01,ERAB_SR_NUM,12.0,900,NRCell,Huawei
1696661100000,VAL002_01,INTEGRITY_NGBR_QCI_9,887192.0,900,NRCell,Huawei
1696661100000,VAL002_01,INTRA_FREQUENCY_HO_OUT_ATT,0.0,900,NRCell,Huawei
1696661100000,VAL002_01,INTRA_FREQUENCY_HO_OUT_SUCC,0.0,900,NRCell,Huawei
1696661100000,VAL002_01,RRC_SETUP_ATT,8.0,900,NRCell,Huawei
1696661100000,VAL002_01,RRC_SETUP_SUCC,8.0,900,NRCell,Huawei
1696661100000,VAL002_01,S1SIG_Connection_Setup_SR_DEN,8.0,900,NRCell,Huawei
1696661100000,VAL002_01,S1SIG_Connection_Setup_SR_NUM,8.0,900,NRCell,Huawei
1696661100000,VAL002_01,SERVICE_LATENCY_OVER_AIR_INTERFACE_DEN,187.0,900,NRCell,Huawei
1696661100000,VAL002_01,SERVICE_LATENCY_OVER_AIR_INTERFACE_NUM,246.0,900,NRCell,Huawei
1696661100000,VAL002_01,VOICE_TRAFFIC,0.0,900,NRCell,Huawei
1696661100000,VAL002_01,VOLTE_CALL_SETUP_ATT,0.0,900,NRCell,Huawei
1696661100000,VAL002_01,VOLTE_CALL_SETUP_SUCC,0.0,900,NRCell,Huawei
