startTime,neId,counterCode,counterValue,granularity,neType,vendorName
1696492800000,BCN014_01,DCR_DEN,1030.0,900,NRCell,Huawei
1696492800000,BCN014_01,DCR_NUM,0.0,900,NRCell,Huawei
1696492800000,BCN014_01,DROP_CALL_VOLTE_DEN,2.0,900,NRCell,Huawei
1696492800000,BCN014_01,DROP_CALL_VOLTE_NUM,0.0,900,NRCell,Huawei
1696492800000,BCN014_01,ERAB_SR_DEN,1039.0,900,NRCell,Huawei
1696492800000,BCN014_01,ERAB_SR_NUM,1039.0,900,NRCell,Huawei
1696492800000,BCN014_01,INTEGRITY_NGBR_QCI_9,1706812424.0,900,NRCell,Huawei
1696492800000,BCN014_01,INTRA_FREQUENCY_HO_OUT_ATT,7.0,900,NRCell,Huawei
1696492800000,BCN014_01,INTRA_FREQUENCY_HO_OUT_SUCC,7.0,900,NRCell,Huawei
1696492800000,BCN014_01,RRC_SETUP_ATT,654.0,900,NRCell,Huawei
1696492800000,BCN014_01,RRC_SETUP_SUCC,654.0,900,NRCell,Huawei
1696492800000,BCN014_01,S1SIG_Connection_Setup_SR_DEN,654.0,900,NRCell,Huawei
1696492800000,BCN014_01,S1SIG_Connection_Setup_SR_NUM,654.0,900,NRCell,Huawei
1696492800000,BCN014_01,SERVICE_LATENCY_OVER_AIR_INTERFACE_DEN,51128.0,900,NRCell,Huawei
1696492800000,BCN014_01,SERVICE_LATENCY_OVER_AIR_INTERFACE_NUM,55383.0,900,NRCell,Huawei
1696492800000,BCN014_01,VOICE_TRAFFIC,132.0,900,NRCell,Huawei
1696492800000,BCN014_01,VOLTE_CALL_SETUP_ATT,2.0,900,NRCell,Huawei
1696492800000,BCN014_01,VOLTE_CALL_SETUP_SUCC,2.0,900,NRCell,Huawei
1696492800000,BIL001_01,DCR_DEN,816.0,900,NRCell,Huawei
1696492800000,BIL001_01,DCR_NUM,0.0,900,NRCell,Huawei
1696492800000,BIL001_01,DROP_CALL_VOLTE_DEN,0.0,900,NRCell,Huawei
1696492800000,BIL001_01,DROP_CALL_VOLTE_NUM,0.0,900,NRCell,Huawei
1696492800000,BIL001_01,ERAB_SR_DEN,813.0,900,NRCell,Huawei
1696492800000,BIL001_01,ERAB_SR_NUM,813.0,900,NRCell,Huawei
1696492800000,BIL001_01,INTEGRITY_NGBR_QCI_9,2587608016.0,900,NRCell,Huawei
1696492800000,BIL001_01,INTRA_FREQUENCY_HO_OUT_ATT,6.0,900,NRCell,Huawei
1696492800000,BIL001_01,INTRA_FREQUENCY_HO_OUT_SUCC,6.0,900,NRCell,Huawei
1696492800000,BIL001_01,RRC_SETUP_ATT,592.0,900,NRCell,Huawei
1696492800000,BIL001_01,RRC_SETUP_SUCC,592.0,900,NRCell,Huawei
1696492800000,BIL001_01,S1SIG_Connection_Setup_SR_DEN,592.0,900,NRCell,Huawei
1696492800000,BIL001_01,S1SIG_Connection_Setup_SR_NUM,592.0,900,NRCell,Huawei
1696492800000,BIL001_01,SERVICE_LATENCY_OVER_AIR_INTERFACE_DEN,53898.0,900,NRCell,Huawei
1696492800000,BIL001_01,SERVICE_LATENCY_OVER_AIR_INTERFACE_NUM,56704.0,900,NRCell,Huawei
1696492800000,BIL001_01,VOICE_TRAFFIC,0.0,900,NRCell,Huawei
1696492800000,BIL001_01,VOLTE_CALL_SETUP_ATT,0.0,900,NRCell,Huawei
1696492800000,BIL001_01,VOLTE_CALL_SETUP_SUCC,0.0,900,NRCell,Huawei
1696492800000,MAD033_01,DCR_DEN,822.0,900,NRCell,Huawei
1696492800000,MAD033_01,DCR_NUM,0.0,900,NRCell,Huawei
1696492800000,MAD033_01,DROP_CALL_VOLTE_DEN,0.0,900,NRCell,Huawei
1696492800000,MAD033_01,DROP_CALL_VOLTE_NUM,0.0,900,NRCell,Huawei
1696492800000,MAD033_01,ERAB_SR_DEN,838.0,900,NRCell,Huawei
1696492800000,MAD033_01,ERAB_SR_NUM,838.0,900,NRCell,Huawei
1696492800000,MAD033_01,INTEGRITY_NGBR_QCI_9,308428528.0,900,NRCell,Huawei
1696492800000,MAD033_01,INTRA_FREQUENCY_HO_OUT_ATT,5.0,900,NRCell,Huawei
1696492800000,MAD033_01,INTRA_FREQUENCY_HO_OUT_SUCC,5.0,900,NRCell,Huawei
1696492800000,MAD033_01,RRC_SETUP_ATT,513.0,900,NRCell,Huawei
1696492800000,MAD033_01,RRC_SETUP_SUCC,513.0,900,NRCell,Huawei
1696492800000,MAD033_01,S1SIG_Connection_Setup_SR_DEN,513.0,900,NRCell,Huawei
1696492800000,MAD033_01,S1SIG_Connection_Setup_SR_NUM,513.0,900,NRCell,Huawei
1696492800000,MAD033_01,SERVICE_LATENCY_OVER_AIR_INTERFACE_DEN,11949.0,900,NRCell,Huawei
1696492800000,MAD033_01,SERVICE_LATENCY_OVER_AIR_INTERFACE_NUM,12754.0,900,NRCell,Huawei
1696492800000,MAD033_01,VOICE_TRAFFIC,0.0,900,NRCell,Huawei
1696492800000,MAD033_01,VOLTE_CALL_SETUP_ATT,0.0,900,NRCell,Huawei
1696492800000,MAD033_01,VOLTE_CALL_SETUP_SUCC,0.0,900,NRCell,Huawei
1696492800000,SAL030_01,DCR_DEN,132.0,900,NRCell,Huawei
1696492800000,SAL030_01,DCR_NUM,0.0,900,NRCell,Huawei
1696492800000,SAL030_01,DROP_CALL_VOLTE_DEN,0.0,900,NRCell,Huawei
1696492800000,SAL030_01,DROP_CALL_VOLTE_NUM,0.0,900,NRCell,Huawei
1696492800000,SAL030_01,ERAB_SR_DEN,137.0,900,NRCell,Huawei
1696492800000,SAL030_01,ERAB_SR_NUM,137.0,900,NRCell,Huawei
1696492800000,SAL030_01,INTEGRITY_NGBR_QCI_9,20228384.0,900,NRCell,Huawei
1696492800000,SAL030_01,INTRA_FREQUENCY_HO_OUT_ATT,0.0,900,NRCell,Huawei
1696492800000,SAL030_01,INTRA_FREQUENCY_HO_OUT_SUCC,0.0,900,NRCell,Huawei
1696492800000,SAL030_01,RRC_SETUP_ATT,90.0,900,NRCell,Huawei
1696492800000,SAL030_01,RRC_SETUP_SUCC,89.0,900,NRCell,Huawei
1696492800000,SAL030_01,S1SIG_Connection_Setup_SR_DEN,89.0,900,NRCell,Huawei
1696492800000,SAL030_01,S1SIG_Connection_Setup_SR_NUM,89.0,900,NRCell,Huawei
1696492800000,SAL030_01,SERVICE_LATENCY_OVER_AIR_INTERFACE_DEN,1791.0,900,NRCell,Huawei
1696492800000,SAL030_01,SERVICE_LATENCY_OVER_AIR_INTERFACE_NUM,3231.0,900,NRCell,Huawei
1696492800000,SAL030_01,VOICE_TRAFFIC,0.0,900,NRCell,Huawei
1696492800000,SAL030_01,VOLTE_CALL_SETUP_ATT,0.0,900,NRCell,Huawei
1696492800000,SAL030_01,VOLTE_CALL_SETUP_SUCC,0.0,900,NRCell,Huawei
1696492800000,SEV001_01,DCR_DEN,2850.0,900,NRCell,Huawei
1696492800000,SEV001_01,DCR_NUM,0.0,900,NRCell,Huawei
1696492800000,SEV001_01,DROP_CALL_VOLTE_DEN,0.0,900,NRCell,Huawei
1696492800000,SEV001_01,DROP_CALL_VOLTE_NUM,0.0,900,NRCell,Huawei
1696492800000,SEV001_01,ERAB_SR_DEN,2834.0,900,NRCell,Huawei
1696492800000,SEV001_01,ERAB_SR_NUM,2834.0,900,NRCell,Huawei
1696492800000,SEV001_01,INTEGRITY_NGBR_QCI_9,2797636808.0,900,NRCell,Huawei
1696492800000,SEV001_01,INTRA_FREQUENCY_HO_OUT_ATT,10.0,900,NRCell,Huawei
1696492800000,SEV001_01,INTRA_FREQUENCY_HO_OUT_SUCC,10.0,900,NRCell,Huawei
1696492800000,SEV001_01,RRC_SETUP_ATT,1590.0,900,NRCell,Huawei
1696492800000,SEV001_01,RRC_SETUP_SUCC,1590.0,900,NRCell,Huawei
1696492800000,SEV001_01,S1SIG_Connection_Setup_SR_DEN,1590.0,900,NRCell,Huawei
1696492800000,SEV001_01,S1SIG_Connection_Setup_SR_NUM,1590.0,900,NRCell,Huawei
1696492800000,SEV001_01,SERVICE_LATENCY_OVER_AIR_INTERFACE_DEN,74789.0,900,NRCell,Huawei
1696492800000,SEV001_01,SERVICE_LATENCY_OVER_AIR_INTERFACE_NUM,93587.0,900,NRCell,Huawei
1696492800000,SEV001_01,VOICE_TRAFFIC,962.0,900,NRCell,Huawei
1696492800000,SEV001_01,VOLTE_CALL_SETUP_ATT,1.0,900,NRCell,Huawei
1696492800000,SEV001_01,VOLTE_CALL_SETUP_SUCC,1.0,900,NRCell,Huawei
1696492800000,SNT002_01,DCR_DEN,701.0,900,NRCell,Huawei
1696492800000,SNT002_01,DCR_NUM,0.0,900,NRCell,Huawei
1696492800000,SNT002_01,DROP_CALL_VOLTE_DEN,1.0,900,NRCell,Huawei
1696492800000,SNT002_01,DROP_CALL_VOLTE_NUM,0.0,900,NRCell,Huawei
1696492800000,SNT002_01,ERAB_SR_DEN,703.0,900,NRCell,Huawei
1696492800000,SNT002_01,ERAB_SR_NUM,703.0,900,NRCell,Huawei
1696492800000,SNT002_01,INTEGRITY_NGBR_QCI_9,696235920.0,900,NRCell,Huawei
1696492800000,SNT002_01,INTRA_FREQUENCY_HO_OUT_ATT,1.0,900,NRCell,Huawei
1696492800000,SNT002_01,INTRA_FREQUENCY_HO_OUT_SUCC,1.0,900,NRCell,Huawei
1696492800000,SNT002_01,RRC_SETUP_ATT,440.0,900,NRCell,Huawei
1696492800000,SNT002_01,RRC_SETUP_SUCC,440.0,900,NRCell,Huawei
1696492800000,SNT002_01,S1SIG_Connection_Setup_SR_DEN,440.0,900,NRCell,Huawei
1696492800000,SNT002_01,S1SIG_Connection_Setup_SR_NUM,440.0,900,NRCell,Huawei
1696492800000,SNT002_01,SERVICE_LATENCY_OVER_AIR_INTERFACE_DEN,36157.0,900,NRCell,Huawei
1696492800000,SNT002_01,SERVICE_LATENCY_OVER_AIR_INTERFACE_NUM,48306.0,900,NRCell,Huawei
1696492800000,SNT002_01,VOICE_TRAFFIC,0.0,900,NRCell,Huawei
1696492800000,SNT002_01,VOLTE_CALL_SETUP_ATT,1.0,900,NRCell,Huawei
1696492800000,SNT002_01,VOLTE_CALL_SETUP_SUCC,1.0,900,NRCell,Huawei
1696492800000,TAR015_01,DCR_DEN,2647.0,900,NRCell,Huawei
1696492800000,TAR015_01,DCR_NUM,0.0,900,NRCell,Huawei
1696492800000,TAR015_01,DROP_CALL_VOLTE_DEN,2.0,900,NRCell,Huawei
1696492800000,TAR015_01,DROP_CALL_VOLTE_NUM,0.0,900,NRCell,Huawei
1696492800000,TAR015_01,ERAB_SR_DEN,2659.0,900,NRCell,Huawei
1696492800000,TAR015_01,ERAB_SR_NUM,2659.0,900,NRCell,Huawei
1696492800000,TAR015_01,INTEGRITY_NGBR_QCI_9,4167103624.0,900,NRCell,Huawei
1696492800000,TAR015_01,INTRA_FREQUENCY_HO_OUT_ATT,8.0,900,NRCell,Huawei
1696492800000,TAR015_01,INTRA_FREQUENCY_HO_OUT_SUCC,8.0,900,NRCell,Huawei
1696492800000,TAR015_01,RRC_SETUP_ATT,1520.0,900,NRCell,Huawei
1696492800000,TAR015_01,RRC_SETUP_SUCC,1518.0,900,NRCell,Huawei
1696492800000,TAR015_01,S1SIG_Connection_Setup_SR_DEN,1518.0,900,NRCell,Huawei
1696492800000,TAR015_01,S1SIG_Connection_Setup_SR_NUM,1518.0,900,NRCell,Huawei
1696492800000,TAR015_01,SERVICE_LATENCY_OVER_AIR_INTERFACE_DEN,131693.0,900,NRCell,Huawei
1696492800000,TAR015_01,SERVICE_LATENCY_OVER_AIR_INTERFACE_NUM,148492.0,900,NRCell,Huawei
1696492800000,TAR015_01,VOICE_TRAFFIC,297.0,900,NRCell,Huawei
1696492800000,TAR015_01,VOLTE_CALL_SETUP_ATT,2.0,900,NRCell,Huawei
1696492800000,TAR015_01,VOLTE_CALL_SETUP_SUCC,2.0,900,NRCell,Huawei
1696492800000,TOL034_01,DCR_DEN,51.0,900,NRCell,Huawei
1696492800000,TOL034_01,DCR_NUM,0.0,900,NRCell,Huawei
1696492800000,TOL034_01,DROP_CALL_VOLTE_DEN,0.0,900,NRCell,Huawei
1696492800000,TOL034_01,DROP_CALL_VOLTE_NUM,0.0,900,NRCell,Huawei
1696492800000,TOL034_01,ERAB_SR_DEN,49.0,900,NRCell,Huawei
1696492800000,TOL034_01,ERAB_SR_NUM,49.0,900,NRCell,Huawei
1696492800000,TOL034_01,INTEGRITY_NGBR_QCI_9,148149712.0,900,NRCell,Huawei
1696492800000,TOL034_01,INTRA_FREQUENCY_HO_OUT_ATT,0.0,900,NRCell,Huawei
1696492800000,TOL034_01,INTRA_FREQUENCY_HO_OUT_SUCC,0.0,900,NRCell,Huawei
1696492800000,TOL034_01,RRC_SETUP_ATT,27.0,900,NRCell,Huawei
1696492800000,TOL034_01,RRC_SETUP_SUCC,27.0,900,NRCell,Huawei
1696492800000,TOL034_01,S1SIG_Connection_Setup_SR_DEN,27.0,900,NRCell,Huawei
1696492800000,TOL034_01,S1SIG_Connection_Setup_SR_NUM,27.0,900,NRCell,Huawei
1696492800000,TOL034_01,SERVICE_LATENCY_OVER_AIR_INTERFACE_DEN,12520.0,900,NRCell,Huawei
1696492800000,TOL034_01,SERVICE_LATENCY_OVER_AIR_INTERFACE_NUM,14141.0,900,NRCell,Huawei
1696492800000,TOL034_01,VOICE_TRAFFIC,0.0,900,NRCell,Huawei
1696492800000,TOL034_01,VOLTE_CALL_SETUP_ATT,0.0,900,NRCell,Huawei
1696492800000,TOL034_01,VOLTE_CALL_SETUP_SUCC,0.0,900,NRCell,Huawei
1696492800000,VAL002_01,DCR_DEN,2.0,900,NRCell,Huawei
1696492800000,VAL002_01,DCR_NUM,0.0,900,NRCell,Huawei
1696492800000,VAL002_01,DROP_CALL_VOLTE_DEN,0.0,900,NRCell,Huawei
1696492800000,VAL002_01,DROP_CALL_VOLTE_NUM,0.0,900,NRCell,Huawei
1696492800000,VAL002_01,ERAB_SR_DEN,0.0,900,NRCell,Huawei
1696492800000,VAL002_01,ERAB_SR_NUM,0.0,900,NRCell,Huawei
1696492800000,VAL002_01,INTEGRITY_NGBR_QCI_9,0.0,900,NRCell,Huawei
1696492800000,VAL002_01,INTRA_FREQUENCY_HO_OUT_ATT,0.0,900,NRCell,Huawei
1696492800000,VAL002_01,INTRA_FREQUENCY_HO_OUT_SUCC,0.0,900,NRCell,Huawei
1696492800000,VAL002_01,RRC_SETUP_ATT,0.0,900,NRCell,Huawei
1696492800000,VAL002_01,RRC_SETUP_SUCC,0.0,900,NRCell,Huawei
1696492800000,VAL002_01,S1SIG_Connection_Setup_SR_DEN,0.0,900,NRCell,Huawei
1696492800000,VAL002_01,S1SIG_Connection_Setup_SR_NUM,0.0,900,NRCell,Huawei
1696492800000,VAL002_01,SERVICE_LATENCY_OVER_AIR_INTERFACE_DEN,2.0,900,NRCell,Huawei
1696492800000,VAL002_01,SERVICE_LATENCY_OVER_AIR_INTERFACE_NUM,2.0,900,NRCell,Huawei
1696492800000,VAL002_01,VOICE_TRAFFIC,0.0,900,NRCell,Huawei
1696492800000,VAL002_01,VOLTE_CALL_SETUP_ATT,0.0,900,NRCell,Huawei
1696492800000,VAL002_01,VOLTE_CALL_SETUP_SUCC,0.0,900,NRCell,Huawei
