startTime,neId,counterCode,counterValue,granularity,neType,vendorName
1696630500000,BCN014_01,DCR_DEN,3642.0,900,NRCell,Huawei
1696630500000,BCN014_01,DCR_NUM,14.0,900,NRCell,Huawei
1696630500000,BCN014_01,DROP_CALL_VOLTE_DEN,33.0,900,NRCell,Huawei
1696630500000,BCN014_01,DROP_CALL_VOLTE_NUM,0.0,900,NRCell,Huawei
1696630500000,BCN014_01,ERAB_SR_DEN,3644.0,900,NRCell,Huawei
1696630500000,BCN014_01,ERAB_SR_NUM,3644.0,900,NRCell,Huawei
1696630500000,BCN014_01,INTEGRITY_NGBR_QCI_9,16045630752.0,900,NRCell,Huawei
1696630500000,BCN014_01,INTRA_FREQUENCY_HO_OUT_ATT,256.0,900,NRCell,Huawei
1696630500000,BCN014_01,INTRA_FREQUENCY_HO_OUT_SUCC,256.0,900,NRCell,Huawei
1696630500000,BCN014_01,RRC_SETUP_ATT,2112.0,900,NRCell,Huawei
1696630500000,BCN014_01,RRC_SETUP_SUCC,2110.0,900,NRCell,Huawei
1696630500000,BCN014_01,S1SIG_Connection_Setup_SR_DEN,2110.0,900,NRCell,Huawei
1696630500000,BCN014_01,S1SIG_Connection_Setup_SR_NUM,2110.0,900,NRCell,Huawei
1696630500000,BCN014_01,SERVICE_LATENCY_OVER_AIR_INTERFACE_DEN,416590.0,900,NRCell,Huawei
1696630500000,BCN014_01,SERVICE_LATENCY_OVER_AIR_INTERFACE_NUM,1131908.0,900,NRCell,Huawei
1696630500000,BCN014_01,VOICE_TRAFFIC,37639.0,900,NRCell,Huawei
1696630500000,BCN014_01,VOLTE_CALL_SETUP_ATT,33.0,900,NRCell,Huawei
1696630500000,BCN014_01,VOLTE_CALL_SETUP_SUCC,33.0,900,NRCell,Huawei
1696630500000,BIL001_01,DCR_DEN,3334.0,900,NRCell,Huawei
1696630500000,BIL001_01,DCR_NUM,7.0,900,NRCell,Huawei
1696630500000,BIL001_01,DROP_CALL_VOLTE_DEN,41.0,900,NRCell,Huawei
1696630500000,BIL001_01,DROP_CALL_VOLTE_NUM,0.0,900,NRCell,Huawei
1696630500000,BIL001_01,ERAB_SR_DEN,3309.0,900,NRCell,Huawei
1696630500000,BIL001_01,ERAB_SR_NUM,3303.0,900,NRCell,Huawei
1696630500000,BIL001_01,INTEGRITY_NGBR_QCI_9,10997603952.0,900,NRCell,Huawei
1696630500000,BIL001_01,INTRA_FREQUENCY_HO_OUT_ATT,182.0,900,NRCell,Huawei
1696630500000,BIL001_01,INTRA_FREQUENCY_HO_OUT_SUCC,181.0,900,NRCell,Huawei
1696630500000,BIL001_01,RRC_SETUP_ATT,1925.0,900,NRCell,Huawei
1696630500000,BIL001_01,RRC_SETUP_SUCC,1912.0,900,NRCell,Huawei
1696630500000,BIL001_01,S1SIG_Connection_Setup_SR_DEN,1912.0,900,NRCell,Huawei
1696630500000,BIL001_01,S1SIG_Connection_Setup_SR_NUM,1912.0,900,NRCell,Huawei
1696630500000,BIL001_01,SERVICE_LATENCY_OVER_AIR_INTERFACE_DEN,308735.0,900,NRCell,Huawei
1696630500000,BIL001_01,SERVICE_LATENCY_OVER_AIR_INTERFACE_NUM,759672.0,900,NRCell,Huawei
1696630500000,BIL001_01,VOICE_TRAFFIC,19901.0,900,NRCell,Huawei
1696630500000,BIL001_01,VOLTE_CALL_SETUP_ATT,33.0,900,NRCell,Huawei
1696630500000,BIL001_01,VOLTE_CALL_SETUP_SUCC,33.0,900,NRCell,Huawei
1696630500000,MAD033_01,DCR_DEN,1477.0,900,NRCell,Huawei
1696630500000,MAD033_01,DCR_NUM,1.0,900,NRCell,Huawei
1696630500000,MAD033_01,DROP_CALL_VOLTE_DEN,21.0,900,NRCell,Huawei
1696630500000,MAD033_01,DROP_CALL_VOLTE_NUM,0.0,900,NRCell,Huawei
1696630500000,MAD033_01,ERAB_SR_DEN,1480.0,900,NRCell,Huawei
1696630500000,MAD033_01,ERAB_SR_NUM,1479.0,900,NRCell,Huawei
1696630500000,MAD033_01,INTEGRITY_NGBR_QCI_9,4939089184.0,900,NRCell,Huawei
1696630500000,MAD033_01,INTRA_FREQUENCY_HO_OUT_ATT,118.0,900,NRCell,Huawei
1696630500000,MAD033_01,INTRA_FREQUENCY_HO_OUT_SUCC,118.0,900,NRCell,Huawei
1696630500000,MAD033_01,RRC_SETUP_ATT,861.0,900,NRCell,Huawei
1696630500000,MAD033_01,RRC_SETUP_SUCC,860.0,900,NRCell,Huawei
1696630500000,MAD033_01,S1SIG_Connection_Setup_SR_DEN,860.0,900,NRCell,Huawei
1696630500000,MAD033_01,S1SIG_Connection_Setup_SR_NUM,860.0,900,NRCell,Huawei
1696630500000,MAD033_01,SERVICE_LATENCY_OVER_AIR_INTERFACE_DEN,124429.0,900,NRCell,Huawei
1696630500000,MAD033_01,SERVICE_LATENCY_OVER_AIR_INTERFACE_NUM,179963.0,900,NRCell,Huawei
1696630500000,MAD033_01,VOICE_TRAFFIC,12717.0,900,NRCell,Huawei
1696630500000,MAD033_01,VOLTE_CALL_SETUP_ATT,18.0,900,NRCell,Huawei
1696630500000,MAD033_01,VOLTE_CALL_SETUP_SUCC,18.0,900,NRCell,Huawei
1696630500000,SAL030_01,DCR_DEN,189.0,900,NRCell,Huawei
1696630500000,SAL030_01,DCR_NUM,3.0,900,NRCell,Huawei
1696630500000,SAL030_01,DROP_CALL_VOLTE_DEN,1.0,900,NRCell,Huawei
1696630500000,SAL030_01,DROP_CALL_VOLTE_NUM,1.0,900,NRCell,Huawei
1696630500000,SAL030_01,ERAB_SR_DEN,157.0,900,NRCell,Huawei
1696630500000,SAL030_01,ERAB_SR_NUM,157.0,900,NRCell,Huawei
1696630500000,SAL030_01,INTEGRITY_NGBR_QCI_9,3378334136.0,900,NRCell,Huawei
1696630500000,SAL030_01,INTRA_FREQUENCY_HO_OUT_ATT,16.0,900,NRCell,Huawei
1696630500000,SAL030_01,INTRA_FREQUENCY_HO_OUT_SUCC,16.0,900,NRCell,Huawei
1696630500000,SAL030_01,RRC_SETUP_ATT,88.0,900,NRCell,Huawei
1696630500000,SAL030_01,RRC_SETUP_SUCC,88.0,900,NRCell,Huawei
1696630500000,SAL030_01,S1SIG_Connection_Setup_SR_DEN,88.0,900,NRCell,Huawei
1696630500000,SAL030_01,S1SIG_Connection_Setup_SR_NUM,88.0,900,NRCell,Huawei
1696630500000,SAL030_01,SERVICE_LATENCY_OVER_AIR_INTERFACE_DEN,58580.0,900,NRCell,Huawei
1696630500000,SAL030_01,SERVICE_LATENCY_OVER_AIR_INTERFACE_NUM,93529.0,900,NRCell,Huawei
1696630500000,SAL030_01,VOICE_TRAFFIC,502.0,900,NRCell,Huawei
1696630500000,SAL030_01,VOLTE_CALL_SETUP_ATT,3.0,900,NRCell,Huawei
1696630500000,SAL030_01,VOLTE_CALL_SETUP_SUCC,3.0,900,NRCell,Huawei
1696630500000,SEV001_01,DCR_DEN,3366.0,900,NRCell,Huawei
1696630500000,SEV001_01,DCR_NUM,4.0,900,NRCell,Huawei
1696630500000,SEV001_01,DROP_CALL_VOLTE_DEN,44.0,900,NRCell,Huawei
1696630500000,SEV001_01,DROP_CALL_VOLTE_NUM,1.0,900,NRCell,Huawei
1696630500000,SEV001_01,ERAB_SR_DEN,3390.0,900,NRCell,Huawei
1696630500000,SEV001_01,ERAB_SR_NUM,3389.0,900,NRCell,Huawei
1696630500000,SEV001_01,INTEGRITY_NGBR_QCI_9,13792772536.0,900,NRCell,Huawei
1696630500000,SEV001_01,INTRA_FREQUENCY_HO_OUT_ATT,134.0,900,NRCell,Huawei
1696630500000,SEV001_01,INTRA_FREQUENCY_HO_OUT_SUCC,134.0,900,NRCell,Huawei
1696630500000,SEV001_01,RRC_SETUP_ATT,1838.0,900,NRCell,Huawei
1696630500000,SEV001_01,RRC_SETUP_SUCC,1835.0,900,NRCell,Huawei
1696630500000,SEV001_01,S1SIG_Connection_Setup_SR_DEN,1835.0,900,NRCell,Huawei
1696630500000,SEV001_01,S1SIG_Connection_Setup_SR_NUM,1835.0,900,NRCell,Huawei
1696630500000,SEV001_01,SERVICE_LATENCY_OVER_AIR_INTERFACE_DEN,439402.0,900,NRCell,Huawei
1696630500000,SEV001_01,SERVICE_LATENCY_OVER_AIR_INTERFACE_NUM,783710.0,900,NRCell,Huawei
1696630500000,SEV001_01,VOICE_TRAFFIC,26605.0,900,NRCell,Huawei
1696630500000,SEV001_01,VOLTE_CALL_SETUP_ATT,38.0,900,NRCell,Huawei
1696630500000,SEV001_01,VOLTE_CALL_SETUP_SUCC,38.0,900,NRCell,Huawei
1696630500000,SNT002_01,DCR_DEN,1521.0,900,NRCell,Huawei
1696630500000,SNT002_01,DCR_NUM,1.0,900,NRCell,Huawei
1696630500000,SNT002_01,DROP_CALL_VOLTE_DEN,14.0,900,NRCell,Huawei
1696630500000,SNT002_01,DROP_CALL_VOLTE_NUM,0.0,900,NRCell,Huawei
1696630500000,SNT002_01,ERAB_SR_DEN,1550.0,900,NRCell,Huawei
1696630500000,SNT002_01,ERAB_SR_NUM,1550.0,900,NRCell,Huawei
1696630500000,SNT002_01,INTEGRITY_NGBR_QCI_9,6083233128.0,900,NRCell,Huawei
1696630500000,SNT002_01,INTRA_FREQUENCY_HO_OUT_ATT,107.0,900,NRCell,Huawei
1696630500000,SNT002_01,INTRA_FREQUENCY_HO_OUT_SUCC,107.0,900,NRCell,Huawei
1696630500000,SNT002_01,RRC_SETUP_ATT,886.0,900,NRCell,Huawei
1696630500000,SNT002_01,RRC_SETUP_SUCC,885.0,900,NRCell,Huawei
1696630500000,SNT002_01,S1SIG_Connection_Setup_SR_DEN,885.0,900,NRCell,Huawei
1696630500000,SNT002_01,S1SIG_Connection_Setup_SR_NUM,885.0,900,NRCell,Huawei
1696630500000,SNT002_01,SERVICE_LATENCY_OVER_AIR_INTERFACE_DEN,197468.0,900,NRCell,Huawei
1696630500000,SNT002_01,SERVICE_LATENCY_OVER_AIR_INTERFACE_NUM,229060.0,900,NRCell,Huawei
1696630500000,SNT002_01,VOICE_TRAFFIC,15605.0,900,NRCell,Huawei
1696630500000,SNT002_01,VOLTE_CALL_SETUP_ATT,13.0,900,NRCell,Huawei
1696630500000,SNT002_01,VOLTE_CALL_SETUP_SUCC,13.0,900,NRCell,Huawei
1696630500000,TAR015_01,DCR_DEN,3800.0,900,NRCell,Huawei
1696630500000,TAR015_01,DCR_NUM,3.0,900,NRCell,Huawei
1696630500000,TAR015_01,DROP_CALL_VOLTE_DEN,39.0,900,NRCell,Huawei
1696630500000,TAR015_01,DROP_CALL_VOLTE_NUM,0.0,900,NRCell,Huawei
1696630500000,TAR015_01,ERAB_SR_DEN,3756.0,900,NRCell,Huawei
1696630500000,TAR015_01,ERAB_SR_NUM,3754.0,900,NRCell,Huawei
1696630500000,TAR015_01,INTEGRITY_NGBR_QCI_9,19946441176.0,900,NRCell,Huawei
1696630500000,TAR015_01,INTRA_FREQUENCY_HO_OUT_ATT,159.0,900,NRCell,Huawei
1696630500000,TAR015_01,INTRA_FREQUENCY_HO_OUT_SUCC,159.0,900,NRCell,Huawei
1696630500000,TAR015_01,RRC_SETUP_ATT,2005.0,900,NRCell,Huawei
1696630500000,TAR015_01,RRC_SETUP_SUCC,2005.0,900,NRCell,Huawei
1696630500000,TAR015_01,S1SIG_Connection_Setup_SR_DEN,2005.0,900,NRCell,Huawei
1696630500000,TAR015_01,S1SIG_Connection_Setup_SR_NUM,2005.0,900,NRCell,Huawei
1696630500000,TAR015_01,SERVICE_LATENCY_OVER_AIR_INTERFACE_DEN,691005.0,900,NRCell,Huawei
1696630500000,TAR015_01,SERVICE_LATENCY_OVER_AIR_INTERFACE_NUM,2335760.0,900,NRCell,Huawei
1696630500000,TAR015_01,VOICE_TRAFFIC,51541.0,900,NRCell,Huawei
1696630500000,TAR015_01,VOLTE_CALL_SETUP_ATT,47.0,900,NRCell,Huawei
1696630500000,TAR015_01,VOLTE_CALL_SETUP_SUCC,47.0,900,NRCell,Huawei
1696630500000,TOL034_01,DCR_DEN,293.0,900,NRCell,Huawei
1696630500000,TOL034_01,DCR_NUM,1.0,900,NRCell,Huawei
1696630500000,TOL034_01,DROP_CALL_VOLTE_DEN,1.0,900,NRCell,Huawei
1696630500000,TOL034_01,DROP_CALL_VOLTE_NUM,0.0,900,NRCell,Huawei
1696630500000,TOL034_01,ERAB_SR_DEN,272.0,900,NRCell,Huawei
1696630500000,TOL034_01,ERAB_SR_NUM,269.0,900,NRCell,Huawei
1696630500000,TOL034_01,INTEGRITY_NGBR_QCI_9,3368925216.0,900,NRCell,Huawei
1696630500000,TOL034_01,INTRA_FREQUENCY_HO_OUT_ATT,22.0,900,NRCell,Huawei
1696630500000,TOL034_01,INTRA_FREQUENCY_HO_OUT_SUCC,22.0,900,NRCell,Huawei
1696630500000,TOL034_01,RRC_SETUP_ATT,191.0,900,NRCell,Huawei
1696630500000,TOL034_01,RRC_SETUP_SUCC,190.0,900,NRCell,Huawei
1696630500000,TOL034_01,S1SIG_Connection_Setup_SR_DEN,190.0,900,NRCell,Huawei
1696630500000,TOL034_01,S1SIG_Connection_Setup_SR_NUM,190.0,900,NRCell,Huawei
1696630500000,TOL034_01,SERVICE_LATENCY_OVER_AIR_INTERFACE_DEN,86135.0,900,NRCell,Huawei
1696630500000,TOL034_01,SERVICE_LATENCY_OVER_AIR_INTERFACE_NUM,112011.0,900,NRCell,Huawei
1696630500000,TOL034_01,VOICE_TRAFFIC,585.0,900,NRCell,Huawei
1696630500000,TOL034_01,VOLTE_CALL_SETUP_ATT,1.0,900,NRCell,Huawei
1696630500000,TOL034_01,VOLTE_CALL_SETUP_SUCC,1.0,900,NRCell,Huawei
1696630500000,VAL002_01,DCR_DEN,76.0,900,NRCell,Huawei
1696630500000,VAL002_01,DCR_NUM,0.0,900,NRCell,Huawei
1696630500000,VAL002_01,DROP_CALL_VOLTE_DEN,1.0,900,NRCell,Huawei
1696630500000,VAL002_01,DROP_CALL_VOLTE_NUM,0.0,900,NRCell,Huawei
1696630500000,VAL002_01,ERAB_SR_DEN,79.0,900,NRCell,Huawei
1696630500000,VAL002_01,ERAB_SR_NUM,79.0,900,NRCell,Huawei
1696630500000,VAL002_01,INTEGRITY_NGBR_QCI_9,23667760.0,900,NRCell,Huawei
1696630500000,VAL002_01,INTRA_FREQUENCY_HO_OUT_ATT,8.0,900,NRCell,Huawei
1696630500000,VAL002_01,INTRA_FREQUENCY_HO_OUT_SUCC,8.0,900,NRCell,Huawei
1696630500000,VAL002_01,RRC_SETUP_ATT,58.0,900,NRCell,Huawei
1696630500000,VAL002_01,RRC_SETUP_SUCC,57.0,900,NRCell,Huawei
1696630500000,VAL002_01,S1SIG_Connection_Setup_SR_DEN,57.0,900,NRCell,Huawei
1696630500000,VAL002_01,S1SIG_Connection_Setup_SR_NUM,57.0,900,NRCell,Huawei
1696630500000,VAL002_01,SERVICE_LATENCY_OVER_AIR_INTERFACE_DEN,2822.0,900,NRCell,Huawei
1696630500000,VAL002_01,SERVICE_LATENCY_OVER_AIR_INTERFACE_NUM,6253.0,900,NRCell,Huawei
1696630500000,VAL002_01,VOICE_TRAFFIC,650.0,900,NRCell,Huawei
1696630500000,VAL002_01,VOLTE_CALL_SETUP_ATT,2.0,900,NRCell,Huawei
1696630500000,VAL002_01,VOLTE_CALL_SETUP_SUCC,2.0,900,NRCell,Huawei
