startTime,neId,counterCode,counterValue,granularity,neType,vendorName
1696689900000,BCN014_01,DCR_DEN,2393.0,900,NRCell,Huawei
1696689900000,BCN014_01,DCR_NUM,0.0,900,NRCell,Huawei
1696689900000,BCN014_01,DROP_CALL_VOLTE_DEN,17.0,900,NRCell,Huawei
1696689900000,BCN014_01,DROP_CALL_VOLTE_NUM,0.0,900,NRCell,Huawei
1696689900000,BCN014_01,ERAB_SR_DEN,2338.0,900,NRCell,Huawei
1696689900000,BCN014_01,ERAB_SR_NUM,2338.0,900,NRCell,Huawei
1696689900000,BCN014_01,INTEGRITY_NGBR_QCI_9,11919860048.0,900,NRCell,Huawei
1696689900000,BCN014_01,INTRA_FREQUENCY_HO_OUT_ATT,143.0,900,NRCell,Huawei
1696689900000,BCN014_01,INTRA_FREQUENCY_HO_OUT_SUCC,143.0,900,NRCell,Huawei
1696689900000,BCN014_01,RRC_SETUP_ATT,1395.0,900,NRCell,Huawei
1696689900000,BCN014_01,RRC_SETUP_SUCC,1393.0,900,NRCell,Huawei
1696689900000,BCN014_01,S1SIG_Connection_Setup_SR_DEN,1393.0,900,NRCell,Huawei
1696689900000,BCN014_01,S1SIG_Connection_Setup_SR_NUM,1393.0,900,NRCell,Huawei
1696689900000,BCN014_01,SERVICE_LATENCY_OVER_AIR_INTERFACE_DEN,409382.0,900,NRCell,Huawei
1696689900000,BCN014_01,SERVICE_LATENCY_OVER_AIR_INTERFACE_NUM,526852.0,900,NRCell,Huawei
1696689900000,BCN014_01,VOICE_TRAFFIC,20769.0,900,NRCell,Huawei
1696689900000,BCN014_01,VOLTE_CALL_SETUP_ATT,18.0,900,NRCell,Huawei
1696689900000,BCN014_01,VOLTE_CALL_SETUP_SUCC,18.0,900,NRCell,Huawei
1696689900000,BIL001_01,DCR_DEN,2153.0,900,NRCell,Huawei
1696689900000,BIL001_01,DCR_NUM,1.0,900,NRCell,Huawei
1696689900000,BIL001_01,DROP_CALL_VOLTE_DEN,12.0,900,NRCell,Huawei
1696689900000,BIL001_01,DROP_CALL_VOLTE_NUM,0.0,900,NRCell,Huawei
1696689900000,BIL001_01,ERAB_SR_DEN,2184.0,900,NRCell,Huawei
1696689900000,BIL001_01,ERAB_SR_NUM,2184.0,900,NRCell,Huawei
1696689900000,BIL001_01,INTEGRITY_NGBR_QCI_9,12739947400.0,900,NRCell,Huawei
1696689900000,BIL001_01,INTRA_FREQUENCY_HO_OUT_ATT,150.0,900,NRCell,Huawei
1696689900000,BIL001_01,INTRA_FREQUENCY_HO_OUT_SUCC,150.0,900,NRCell,Huawei
1696689900000,BIL001_01,RRC_SETUP_ATT,1300.0,900,NRCell,Huawei
1696689900000,BIL001_01,RRC_SETUP_SUCC,1294.0,900,NRCell,Huawei
1696689900000,BIL001_01,S1SIG_Connection_Setup_SR_DEN,1294.0,900,NRCell,Huawei
1696689900000,BIL001_01,S1SIG_Connection_Setup_SR_NUM,1294.0,900,NRCell,Huawei
1696689900000,BIL001_01,SERVICE_LATENCY_OVER_AIR_INTERFACE_DEN,268781.0,900,NRCell,Huawei
1696689900000,BIL001_01,SERVICE_LATENCY_OVER_AIR_INTERFACE_NUM,356356.0,900,NRCell,Huawei
1696689900000,BIL001_01,VOICE_TRAFFIC,8409.0,900,NRCell,Huawei
1696689900000,BIL001_01,VOLTE_CALL_SETUP_ATT,13.0,900,NRCell,Huawei
1696689900000,BIL001_01,VOLTE_CALL_SETUP_SUCC,13.0,900,NRCell,Huawei
1696689900000,MAD033_01,DCR_DEN,1320.0,900,NRCell,Huawei
1696689900000,MAD033_01,DCR_NUM,0.0,900,NRCell,Huawei
1696689900000,MAD033_01,DROP_CALL_VOLTE_DEN,10.0,900,NRCell,Huawei
1696689900000,MAD033_01,DROP_CALL_VOLTE_NUM,0.0,900,NRCell,Huawei
1696689900000,MAD033_01,ERAB_SR_DEN,1322.0,900,NRCell,Huawei
1696689900000,MAD033_01,ERAB_SR_NUM,1322.0,900,NRCell,Huawei
1696689900000,MAD033_01,INTEGRITY_NGBR_QCI_9,4087220304.0,900,NRCell,Huawei
1696689900000,MAD033_01,INTRA_FREQUENCY_HO_OUT_ATT,92.0,900,NRCell,Huawei
1696689900000,MAD033_01,INTRA_FREQUENCY_HO_OUT_SUCC,92.0,900,NRCell,Huawei
1696689900000,MAD033_01,RRC_SETUP_ATT,747.0,900,NRCell,Huawei
1696689900000,MAD033_01,RRC_SETUP_SUCC,747.0,900,NRCell,Huawei
1696689900000,MAD033_01,S1SIG_Connection_Setup_SR_DEN,747.0,900,NRCell,Huawei
1696689900000,MAD033_01,S1SIG_Connection_Setup_SR_NUM,747.0,900,NRCell,Huawei
1696689900000,MAD033_01,SERVICE_LATENCY_OVER_AIR_INTERFACE_DEN,112844.0,900,NRCell,Huawei
1696689900000,MAD033_01,SERVICE_LATENCY_OVER_AIR_INTERFACE_NUM,129142.0,900,NRCell,Huawei
1696689900000,MAD033_01,VOICE_TRAFFIC,10779.0,900,NRCell,Huawei
1696689900000,MAD033_01,VOLTE_CALL_SETUP_ATT,11.0,900,NRCell,Huawei
1696689900000,MAD033_01,VOLTE_CALL_SETUP_SUCC,11.0,900,NRCell,Huawei
1696689900000,SAL030_01,DCR_DEN,191.0,900,NRCell,Huawei
1696689900000,SAL030_01,DCR_NUM,2.0,900,NRCell,Huawei
1696689900000,SAL030_01,DROP_CALL_VOLTE_DEN,6.0,900,NRCell,Huawei
1696689900000,SAL030_01,DROP_CALL_VOLTE_NUM,0.0,900,NRCell,Huawei
1696689900000,SAL030_01,ERAB_SR_DEN,198.0,900,NRCell,Huawei
1696689900000,SAL030_01,ERAB_SR_NUM,196.0,900,NRCell,Huawei
1696689900000,SAL030_01,INTEGRITY_NGBR_QCI_9,2229047608.0,900,NRCell,Huawei
1696689900000,SAL030_01,INTRA_FREQUENCY_HO_OUT_ATT,4.0,900,NRCell,Huawei
1696689900000,SAL030_01,INTRA_FREQUENCY_HO_OUT_SUCC,4.0,900,NRCell,Huawei
1696689900000,SAL030_01,RRC_SETUP_ATT,147.0,900,NRCell,Huawei
1696689900000,SAL030_01,RRC_SETUP_SUCC,147.0,900,NRCell,Huawei
1696689900000,SAL030_01,S1SIG_Connection_Setup_SR_DEN,147.0,900,NRCell,Huawei
1696689900000,SAL030_01,S1SIG_Connection_Setup_SR_NUM,147.0,900,NRCell,Huawei
1696689900000,SAL030_01,SERVICE_LATENCY_OVER_AIR_INTERFACE_DEN,56097.0,900,NRCell,Huawei
1696689900000,SAL030_01,SERVICE_LATENCY_OVER_AIR_INTERFACE_NUM,87775.0,900,NRCell,Huawei
1696689900000,SAL030_01,VOICE_TRAFFIC,1482.0,900,NRCell,Huawei
1696689900000,SAL030_01,VOLTE_CALL_SETUP_ATT,5.0,900,NRCell,Huawei
1696689900000,SAL030_01,VOLTE_CALL_SETUP_SUCC,5.0,900,NRCell,Huawei
1696689900000,SEV001_01,DCR_DEN,2796.0,900,NRCell,Huawei
1696689900000,SEV001_01,DCR_NUM,7.0,900,NRCell,Huawei
1696689900000,SEV001_01,DROP_CALL_VOLTE_DEN,21.0,900,NRCell,Huawei
1696689900000,SEV001_01,DROP_CALL_VOLTE_NUM,0.0,900,NRCell,Huawei
1696689900000,SEV001_01,ERAB_SR_DEN,2815.0,900,NRCell,Huawei
1696689900000,SEV001_01,ERAB_SR_NUM,2813.0,900,NRCell,Huawei
1696689900000,SEV001_01,INTEGRITY_NGBR_QCI_9,13287272552.0,900,NRCell,Huawei
1696689900000,SEV001_01,INTRA_FREQUENCY_HO_OUT_ATT,138.0,900,NRCell,Huawei
1696689900000,SEV001_01,INTRA_FREQUENCY_HO_OUT_SUCC,138.0,900,NRCell,Huawei
1696689900000,SEV001_01,RRC_SETUP_ATT,1546.0,900,NRCell,Huawei
1696689900000,SEV001_01,RRC_SETUP_SUCC,1546.0,900,NRCell,Huawei
1696689900000,SEV001_01,S1SIG_Connection_Setup_SR_DEN,1546.0,900,NRCell,Huawei
1696689900000,SEV001_01,S1SIG_Connection_Setup_SR_NUM,1546.0,900,NRCell,Huawei
1696689900000,SEV001_01,SERVICE_LATENCY_OVER_AIR_INTERFACE_DEN,296413.0,900,NRCell,Huawei
1696689900000,SEV001_01,SERVICE_LATENCY_OVER_AIR_INTERFACE_NUM,539084.0,900,NRCell,Huawei
1696689900000,SEV001_01,VOICE_TRAFFIC,18302.0,900,NRCell,Huawei
1696689900000,SEV001_01,VOLTE_CALL_SETUP_ATT,22.0,900,NRCell,Huawei
1696689900000,SEV001_01,VOLTE_CALL_SETUP_SUCC,22.0,900,NRCell,Huawei
1696689900000,SNT002_01,DCR_DEN,1381.0,900,NRCell,Huawei
1696689900000,SNT002_01,DCR_NUM,0.0,900,NRCell,Huawei
1696689900000,SNT002_01,DROP_CALL_VOLTE_DEN,17.0,900,NRCell,Huawei
1696689900000,SNT002_01,DROP_CALL_VOLTE_NUM,0.0,900,NRCell,Huawei
1696689900000,SNT002_01,ERAB_SR_DEN,1402.0,900,NRCell,Huawei
1696689900000,SNT002_01,ERAB_SR_NUM,1402.0,900,NRCell,Huawei
1696689900000,SNT002_01,INTEGRITY_NGBR_QCI_9,2914052160.0,900,NRCell,Huawei
1696689900000,SNT002_01,INTRA_FREQUENCY_HO_OUT_ATT,82.0,900,NRCell,Huawei
1696689900000,SNT002_01,INTRA_FREQUENCY_HO_OUT_SUCC,82.0,900,NRCell,Huawei
1696689900000,SNT002_01,RRC_SETUP_ATT,774.0,900,NRCell,Huawei
1696689900000,SNT002_01,RRC_SETUP_SUCC,773.0,900,NRCell,Huawei
1696689900000,SNT002_01,S1SIG_Connection_Setup_SR_DEN,773.0,900,NRCell,Huawei
1696689900000,SNT002_01,S1SIG_Connection_Setup_SR_NUM,773.0,900,NRCell,Huawei
1696689900000,SNT002_01,SERVICE_LATENCY_OVER_AIR_INTERFACE_DEN,105759.0,900,NRCell,Huawei
1696689900000,SNT002_01,SERVICE_LATENCY_OVER_AIR_INTERFACE_NUM,116596.0,900,NRCell,Huawei
1696689900000,SNT002_01,VOICE_TRAFFIC,6313.0,900,NRCell,Huawei
1696689900000,SNT002_01,VOLTE_CALL_SETUP_ATT,15.0,900,NRCell,Huawei
1696689900000,SNT002_01,VOLTE_CALL_SETUP_SUCC,15.0,900,NRCell,Huawei
1696689900000,TAR015_01,DCR_DEN,2982.0,900,NRCell,Huawei
1696689900000,TAR015_01,DCR_NUM,3.0,900,NRCell,Huawei
1696689900000,TAR015_01,DROP_CALL_VOLTE_DEN,8.0,900,NRCell,Huawei
1696689900000,TAR015_01,DROP_CALL_VOLTE_NUM,0.0,900,NRCell,Huawei
1696689900000,TAR015_01,ERAB_SR_DEN,2950.0,900,NRCell,Huawei
1696689900000,TAR015_01,ERAB_SR_NUM,2944.0,900,NRCell,Huawei
1696689900000,TAR015_01,INTEGRITY_NGBR_QCI_9,14086266616.0,900,NRCell,Huawei
1696689900000,TAR015_01,INTRA_FREQUENCY_HO_OUT_ATT,142.0,900,NRCell,Huawei
1696689900000,TAR015_01,INTRA_FREQUENCY_HO_OUT_SUCC,142.0,900,NRCell,Huawei
1696689900000,TAR015_01,RRC_SETUP_ATT,1660.0,900,NRCell,Huawei
1696689900000,TAR015_01,RRC_SETUP_SUCC,1658.0,900,NRCell,Huawei
1696689900000,TAR015_01,S1SIG_Connection_Setup_SR_DEN,1658.0,900,NRCell,Huawei
1696689900000,TAR015_01,S1SIG_Connection_Setup_SR_NUM,1658.0,900,NRCell,Huawei
1696689900000,TAR015_01,SERVICE_LATENCY_OVER_AIR_INTERFACE_DEN,336255.0,900,NRCell,Huawei
1696689900000,TAR015_01,SERVICE_LATENCY_OVER_AIR_INTERFACE_NUM,693865.0,900,NRCell,Huawei
1696689900000,TAR015_01,VOICE_TRAFFIC,21283.0,900,NRCell,Huawei
1696689900000,TAR015_01,VOLTE_CALL_SETUP_ATT,9.0,900,NRCell,Huawei
1696689900000,TAR015_01,VOLTE_CALL_SETUP_SUCC,9.0,900,NRCell,Huawei
1696689900000,TOL034_01,DCR_DEN,88.0,900,NRCell,Huawei
1696689900000,TOL034_01,DCR_NUM,2.0,900,NRCell,Huawei
1696689900000,TOL034_01,DROP_CALL_VOLTE_DEN,0.0,900,NRCell,Huawei
1696689900000,TOL034_01,DROP_CALL_VOLTE_NUM,0.0,900,NRCell,Huawei
1696689900000,TOL034_01,ERAB_SR_DEN,88.0,900,NRCell,Huawei
1696689900000,TOL034_01,ERAB_SR_NUM,88.0,900,NRCell,Huawei
1696689900000,TOL034_01,INTEGRITY_NGBR_QCI_9,269276896.0,900,NRCell,Huawei
1696689900000,TOL034_01,INTRA_FREQUENCY_HO_OUT_ATT,15.0,900,NRCell,Huawei
1696689900000,TOL034_01,INTRA_FREQUENCY_HO_OUT_SUCC,15.0,900,NRCell,Huawei
1696689900000,TOL034_01,RRC_SETUP_ATT,56.0,900,NRCell,Huawei
1696689900000,TOL034_01,RRC_SETUP_SUCC,56.0,900,NRCell,Huawei
1696689900000,TOL034_01,S1SIG_Connection_Setup_SR_DEN,56.0,900,NRCell,Huawei
1696689900000,TOL034_01,S1SIG_Connection_Setup_SR_NUM,56.0,900,NRCell,Huawei
1696689900000,TOL034_01,SERVICE_LATENCY_OVER_AIR_INTERFACE_DEN,5856.0,900,NRCell,Huawei
1696689900000,TOL034_01,SERVICE_LATENCY_OVER_AIR_INTERFACE_NUM,6964.0,900,NRCell,Huawei
1696689900000,TOL034_01,VOICE_TRAFFIC,765.0,900,NRCell,Huawei
1696689900000,TOL034_01,VOLTE_CALL_SETUP_ATT,1.0,900,NRCell,Huawei
1696689900000,TOL034_01,VOLTE_CALL_SETUP_SUCC,1.0,900,NRCell,Huawei
1696689900000,VAL002_01,DCR_DEN,52.0,900,NRCell,Huawei
1696689900000,VAL002_01,DCR_NUM,0.0,900,NRCell,Huawei
1696689900000,VAL002_01,DROP_CALL_VOLTE_DEN,0.0,900,NRCell,Huawei
1696689900000,VAL002_01,DROP_CALL_VOLTE_NUM,0.0,900,NRCell,Huawei
1696689900000,VAL002_01,ERAB_SR_DEN,49.0,900,NRCell,Huawei
1696689900000,VAL002_01,ERAB_SR_NUM,49.0,900,NRCell,Huawei
1696689900000,VAL002_01,INTEGRITY_NGBR_QCI_9,28380552.0,900,NRCell,Huawei
1696689900000,VAL002_01,INTRA_FREQUENCY_HO_OUT_ATT,5.0,900,NRCell,Huawei
1696689900000,VAL002_01,INTRA_FREQUENCY_HO_OUT_SUCC,5.0,900,NRCell,Huawei
1696689900000,VAL002_01,RRC_SETUP_ATT,45.0,900,NRCell,Huawei
1696689900000,VAL002_01,RRC_SETUP_SUCC,45.0,900,NRCell,Huawei
1696689900000,VAL002_01,S1SIG_Connection_Setup_SR_DEN,45.0,900,NRCell,Huawei
1696689900000,VAL002_01,S1SIG_Connection_Setup_SR_NUM,45.0,900,NRCell,Huawei
1696689900000,VAL002_01,SERVICE_LATENCY_OVER_AIR_INTERFACE_DEN,776.0,900,NRCell,Huawei
1696689900000,VAL002_01,SERVICE_LATENCY_OVER_AIR_INTERFACE_NUM,975.0,900,NRCell,Huawei
1696689900000,VAL002_01,VOICE_TRAFFIC,0.0,900,NRCell,Huawei
1696689900000,VAL002_01,VOLTE_CALL_SETUP_ATT,0.0,900,NRCell,Huawei
1696689900000,VAL002_01,VOLTE_CALL_SETUP_SUCC,0.0,900,NRCell,Huawei
