startTime,neId,counterCode,counterValue,granularity,neType,vendorName
1696793400000,BCN014_01,DCR_DEN,2396.0,900,NRCell,Huawei
1696793400000,BCN014_01,DCR_NUM,0.0,900,NRCell,Huawei
1696793400000,BCN014_01,DROP_CALL_VOLTE_DEN,21.0,900,NRCell,Huawei
1696793400000,BCN014_01,DROP_CALL_VOLTE_NUM,0.0,900,NRCell,Huawei
1696793400000,BCN014_01,ERAB_SR_DEN,2390.0,900,NRCell,Huawei
1696793400000,BCN014_01,ERAB_SR_NUM,2389.0,900,NRCell,Huawei
1696793400000,BCN014_01,INTEGRITY_NGBR_QCI_9,11242540680.0,900,NRCell,Huawei
1696793400000,BCN014_01,INTRA_FREQUENCY_HO_OUT_ATT,225.0,900,NRCell,Huawei
1696793400000,BCN014_01,INTRA_FREQUENCY_HO_OUT_SUCC,225.0,900,NRCell,Huawei
1696793400000,BCN014_01,RRC_SETUP_ATT,1398.0,900,NRCell,Huawei
1696793400000,BCN014_01,RRC_SETUP_SUCC,1395.0,900,NRCell,Huawei
1696793400000,BCN014_01,S1SIG_Connection_Setup_SR_DEN,1395.0,900,NRCell,Huawei
1696793400000,BCN014_01,S1SIG_Connection_Setup_SR_NUM,1395.0,900,NRCell,Huawei
1696793400000,BCN014_01,SERVICE_LATENCY_OVER_AIR_INTERFACE_DEN,350786.0,900,NRCell,Huawei
1696793400000,BCN014_01,SERVICE_LATENCY_OVER_AIR_INTERFACE_NUM,588308.0,900,NRCell,Huawei
1696793400000,BCN014_01,VOICE_TRAFFIC,8577.0,900,NRCell,Huawei
1696793400000,BCN014_01,VOLTE_CALL_SETUP_ATT,16.0,900,NRCell,Huawei
1696793400000,BCN014_01,VOLTE_CALL_SETUP_SUCC,16.0,900,NRCell,Huawei
1696793400000,BIL001_01,DCR_DEN,2335.0,900,NRCell,Huawei
1696793400000,BIL001_01,DCR_NUM,2.0,900,NRCell,Huawei
1696793400000,BIL001_01,DROP_CALL_VOLTE_DEN,11.0,900,NRCell,Huawei
1696793400000,BIL001_01,DROP_CALL_VOLTE_NUM,0.0,900,NRCell,Huawei
1696793400000,BIL001_01,ERAB_SR_DEN,2328.0,900,NRCell,Huawei
1696793400000,BIL001_01,ERAB_SR_NUM,2328.0,900,NRCell,Huawei
1696793400000,BIL001_01,INTEGRITY_NGBR_QCI_9,9657739000.0,900,NRCell,Huawei
1696793400000,BIL001_01,INTRA_FREQUENCY_HO_OUT_ATT,170.0,900,NRCell,Huawei
1696793400000,BIL001_01,INTRA_FREQUENCY_HO_OUT_SUCC,170.0,900,NRCell,Huawei
1696793400000,BIL001_01,RRC_SETUP_ATT,1408.0,900,NRCell,Huawei
1696793400000,BIL001_01,RRC_SETUP_SUCC,1400.0,900,NRCell,Huawei
1696793400000,BIL001_01,S1SIG_Connection_Setup_SR_DEN,1400.0,900,NRCell,Huawei
1696793400000,BIL001_01,S1SIG_Connection_Setup_SR_NUM,1400.0,900,NRCell,Huawei
1696793400000,BIL001_01,SERVICE_LATENCY_OVER_AIR_INTERFACE_DEN,279321.0,900,NRCell,Huawei
1696793400000,BIL001_01,SERVICE_LATENCY_OVER_AIR_INTERFACE_NUM,442158.0,900,NRCell,Huawei
1696793400000,BIL001_01,VOICE_TRAFFIC,10904.0,900,NRCell,Huawei
1696793400000,BIL001_01,VOLTE_CALL_SETUP_ATT,12.0,900,NRCell,Huawei
1696793400000,BIL001_01,VOLTE_CALL_SETUP_SUCC,12.0,900,NRCell,Huawei
1696793400000,MAD033_01,DCR_DEN,906.0,900,NRCell,Huawei
1696793400000,MAD033_01,DCR_NUM,3.0,900,NRCell,Huawei
1696793400000,MAD033_01,DROP_CALL_VOLTE_DEN,12.0,900,NRCell,Huawei
1696793400000,MAD033_01,DROP_CALL_VOLTE_NUM,0.0,900,NRCell,Huawei
1696793400000,MAD033_01,ERAB_SR_DEN,948.0,900,NRCell,Huawei
1696793400000,MAD033_01,ERAB_SR_NUM,948.0,900,NRCell,Huawei
1696793400000,MAD033_01,INTEGRITY_NGBR_QCI_9,3691124600.0,900,NRCell,Huawei
1696793400000,MAD033_01,INTRA_FREQUENCY_HO_OUT_ATT,116.0,900,NRCell,Huawei
1696793400000,MAD033_01,INTRA_FREQUENCY_HO_OUT_SUCC,116.0,900,NRCell,Huawei
1696793400000,MAD033_01,RRC_SETUP_ATT,566.0,900,NRCell,Huawei
1696793400000,MAD033_01,RRC_SETUP_SUCC,565.0,900,NRCell,Huawei
1696793400000,MAD033_01,S1SIG_Connection_Setup_SR_DEN,565.0,900,NRCell,Huawei
1696793400000,MAD033_01,S1SIG_Connection_Setup_SR_NUM,565.0,900,NRCell,Huawei
1696793400000,MAD033_01,SERVICE_LATENCY_OVER_AIR_INTERFACE_DEN,108071.0,900,NRCell,Huawei
1696793400000,MAD033_01,SERVICE_LATENCY_OVER_AIR_INTERFACE_NUM,145312.0,900,NRCell,Huawei
1696793400000,MAD033_01,VOICE_TRAFFIC,9957.0,900,NRCell,Huawei
1696793400000,MAD033_01,VOLTE_CALL_SETUP_ATT,13.0,900,NRCell,Huawei
1696793400000,MAD033_01,VOLTE_CALL_SETUP_SUCC,13.0,900,NRCell,Huawei
1696793400000,SAL030_01,DCR_DEN,241.0,900,NRCell,Huawei
1696793400000,SAL030_01,DCR_NUM,0.0,900,NRCell,Huawei
1696793400000,SAL030_01,DROP_CALL_VOLTE_DEN,4.0,900,NRCell,Huawei
1696793400000,SAL030_01,DROP_CALL_VOLTE_NUM,0.0,900,NRCell,Huawei
1696793400000,SAL030_01,ERAB_SR_DEN,218.0,900,NRCell,Huawei
1696793400000,SAL030_01,ERAB_SR_NUM,217.0,900,NRCell,Huawei
1696793400000,SAL030_01,INTEGRITY_NGBR_QCI_9,2690964800.0,900,NRCell,Huawei
1696793400000,SAL030_01,INTRA_FREQUENCY_HO_OUT_ATT,11.0,900,NRCell,Huawei
1696793400000,SAL030_01,INTRA_FREQUENCY_HO_OUT_SUCC,11.0,900,NRCell,Huawei
1696793400000,SAL030_01,RRC_SETUP_ATT,120.0,900,NRCell,Huawei
1696793400000,SAL030_01,RRC_SETUP_SUCC,120.0,900,NRCell,Huawei
1696793400000,SAL030_01,S1SIG_Connection_Setup_SR_DEN,120.0,900,NRCell,Huawei
1696793400000,SAL030_01,S1SIG_Connection_Setup_SR_NUM,120.0,900,NRCell,Huawei
1696793400000,SAL030_01,SERVICE_LATENCY_OVER_AIR_INTERFACE_DEN,77516.0,900,NRCell,Huawei
1696793400000,SAL030_01,SERVICE_LATENCY_OVER_AIR_INTERFACE_NUM,131579.0,900,NRCell,Huawei
1696793400000,SAL030_01,VOICE_TRAFFIC,1995.0,900,NRCell,Huawei
1696793400000,SAL030_01,VOLTE_CALL_SETUP_ATT,3.0,900,NRCell,Huawei
1696793400000,SAL030_01,VOLTE_CALL_SETUP_SUCC,3.0,900,NRCell,Huawei
1696793400000,SEV001_01,DCR_DEN,3258.0,900,NRCell,Huawei
1696793400000,SEV001_01,DCR_NUM,2.0,900,NRCell,Huawei
1696793400000,SEV001_01,DROP_CALL_VOLTE_DEN,20.0,900,NRCell,Huawei
1696793400000,SEV001_01,DROP_CALL_VOLTE_NUM,0.0,900,NRCell,Huawei
1696793400000,SEV001_01,ERAB_SR_DEN,3197.0,900,NRCell,Huawei
1696793400000,SEV001_01,ERAB_SR_NUM,3195.0,900,NRCell,Huawei
1696793400000,SEV001_01,INTEGRITY_NGBR_QCI_9,13295043648.0,900,NRCell,Huawei
1696793400000,SEV001_01,INTRA_FREQUENCY_HO_OUT_ATT,113.0,900,NRCell,Huawei
1696793400000,SEV001_01,INTRA_FREQUENCY_HO_OUT_SUCC,113.0,900,NRCell,Huawei
1696793400000,SEV001_01,RRC_SETUP_ATT,1701.0,900,NRCell,Huawei
1696793400000,SEV001_01,RRC_SETUP_SUCC,1701.0,900,NRCell,Huawei
1696793400000,SEV001_01,S1SIG_Connection_Setup_SR_DEN,1701.0,900,NRCell,Huawei
1696793400000,SEV001_01,S1SIG_Connection_Setup_SR_NUM,1700.0,900,NRCell,Huawei
1696793400000,SEV001_01,SERVICE_LATENCY_OVER_AIR_INTERFACE_DEN,488153.0,900,NRCell,Huawei
1696793400000,SEV001_01,SERVICE_LATENCY_OVER_AIR_INTERFACE_NUM,1483700.0,900,NRCell,Huawei
1696793400000,SEV001_01,VOICE_TRAFFIC,40047.0,900,NRCell,Huawei
1696793400000,SEV001_01,VOLTE_CALL_SETUP_ATT,18.0,900,NRCell,Huawei
1696793400000,SEV001_01,VOLTE_CALL_SETUP_SUCC,18.0,900,NRCell,Huawei
1696793400000,SNT002_01,DCR_DEN,890.0,900,NRCell,Huawei
1696793400000,SNT002_01,DCR_NUM,0.0,900,NRCell,Huawei
1696793400000,SNT002_01,DROP_CALL_VOLTE_DEN,6.0,900,NRCell,Huawei
1696793400000,SNT002_01,DROP_CALL_VOLTE_NUM,0.0,900,NRCell,Huawei
1696793400000,SNT002_01,ERAB_SR_DEN,939.0,900,NRCell,Huawei
1696793400000,SNT002_01,ERAB_SR_NUM,939.0,900,NRCell,Huawei
1696793400000,SNT002_01,INTEGRITY_NGBR_QCI_9,4107827464.0,900,NRCell,Huawei
1696793400000,SNT002_01,INTRA_FREQUENCY_HO_OUT_ATT,88.0,900,NRCell,Huawei
1696793400000,SNT002_01,INTRA_FREQUENCY_HO_OUT_SUCC,88.0,900,NRCell,Huawei
1696793400000,SNT002_01,RRC_SETUP_ATT,541.0,900,NRCell,Huawei
1696793400000,SNT002_01,RRC_SETUP_SUCC,540.0,900,NRCell,Huawei
1696793400000,SNT002_01,S1SIG_Connection_Setup_SR_DEN,540.0,900,NRCell,Huawei
1696793400000,SNT002_01,S1SIG_Connection_Setup_SR_NUM,540.0,900,NRCell,Huawei
1696793400000,SNT002_01,SERVICE_LATENCY_OVER_AIR_INTERFACE_DEN,83714.0,900,NRCell,Huawei
1696793400000,SNT002_01,SERVICE_LATENCY_OVER_AIR_INTERFACE_NUM,96210.0,900,NRCell,Huawei
1696793400000,SNT002_01,VOICE_TRAFFIC,4124.0,900,NRCell,Huawei
1696793400000,SNT002_01,VOLTE_CALL_SETUP_ATT,7.0,900,NRCell,Huawei
1696793400000,SNT002_01,VOLTE_CALL_SETUP_SUCC,7.0,900,NRCell,Huawei
1696793400000,TAR015_01,DCR_DEN,3662.0,900,NRCell,Huawei
1696793400000,TAR015_01,DCR_NUM,3.0,900,NRCell,Huawei
1696793400000,TAR015_01,DROP_CALL_VOLTE_DEN,16.0,900,NRCell,Huawei
1696793400000,TAR015_01,DROP_CALL_VOLTE_NUM,0.0,900,NRCell,Huawei
1696793400000,TAR015_01,ERAB_SR_DEN,3656.0,900,NRCell,Huawei
1696793400000,TAR015_01,ERAB_SR_NUM,3645.0,900,NRCell,Huawei
1696793400000,TAR015_01,INTEGRITY_NGBR_QCI_9,14479531152.0,900,NRCell,Huawei
1696793400000,TAR015_01,INTRA_FREQUENCY_HO_OUT_ATT,146.0,900,NRCell,Huawei
1696793400000,TAR015_01,INTRA_FREQUENCY_HO_OUT_SUCC,146.0,900,NRCell,Huawei
1696793400000,TAR015_01,RRC_SETUP_ATT,2003.0,900,NRCell,Huawei
1696793400000,TAR015_01,RRC_SETUP_SUCC,2003.0,900,NRCell,Huawei
1696793400000,TAR015_01,S1SIG_Connection_Setup_SR_DEN,2003.0,900,NRCell,Huawei
1696793400000,TAR015_01,S1SIG_Connection_Setup_SR_NUM,2002.0,900,NRCell,Huawei
1696793400000,TAR015_01,SERVICE_LATENCY_OVER_AIR_INTERFACE_DEN,593023.0,900,NRCell,Huawei
1696793400000,TAR015_01,SERVICE_LATENCY_OVER_AIR_INTERFACE_NUM,2678072.0,900,NRCell,Huawei
1696793400000,TAR015_01,VOICE_TRAFFIC,40261.0,900,NRCell,Huawei
1696793400000,TAR015_01,VOLTE_CALL_SETUP_ATT,21.0,900,NRCell,Huawei
1696793400000,TAR015_01,VOLTE_CALL_SETUP_SUCC,21.0,900,NRCell,Huawei
1696793400000,TOL034_01,DCR_DEN,169.0,900,NRCell,Huawei
1696793400000,TOL034_01,DCR_NUM,0.0,900,NRCell,Huawei
1696793400000,TOL034_01,DROP_CALL_VOLTE_DEN,0.0,900,NRCell,Huawei
1696793400000,TOL034_01,DROP_CALL_VOLTE_NUM,0.0,900,NRCell,Huawei
1696793400000,TOL034_01,ERAB_SR_DEN,170.0,900,NRCell,Huawei
1696793400000,TOL034_01,ERAB_SR_NUM,170.0,900,NRCell,Huawei
1696793400000,TOL034_01,INTEGRITY_NGBR_QCI_9,1838377688.0,900,NRCell,Huawei
1696793400000,TOL034_01,INTRA_FREQUENCY_HO_OUT_ATT,15.0,900,NRCell,Huawei
1696793400000,TOL034_01,INTRA_FREQUENCY_HO_OUT_SUCC,15.0,900,NRCell,Huawei
1696793400000,TOL034_01,RRC_SETUP_ATT,119.0,900,NRCell,Huawei
1696793400000,TOL034_01,RRC_SETUP_SUCC,117.0,900,NRCell,Huawei
1696793400000,TOL034_01,S1SIG_Connection_Setup_SR_DEN,117.0,900,NRCell,Huawei
1696793400000,TOL034_01,S1SIG_Connection_Setup_SR_NUM,117.0,900,NRCell,Huawei
1696793400000,TOL034_01,SERVICE_LATENCY_OVER_AIR_INTERFACE_DEN,76336.0,900,NRCell,Huawei
1696793400000,TOL034_01,SERVICE_LATENCY_OVER_AIR_INTERFACE_NUM,109847.0,900,NRCell,Huawei
1696793400000,TOL034_01,VOICE_TRAFFIC,0.0,900,NRCell,Huawei
1696793400000,TOL034_01,VOLTE_CALL_SETUP_ATT,0.0,900,NRCell,Huawei
1696793400000,TOL034_01,VOLTE_CALL_SETUP_SUCC,0.0,900,NRCell,Huawei
1696793400000,VAL002_01,DCR_DEN,31.0,900,NRCell,Huawei
1696793400000,VAL002_01,DCR_NUM,0.0,900,NRCell,Huawei
1696793400000,VAL002_01,DROP_CALL_VOLTE_DEN,0.0,900,NRCell,Huawei
1696793400000,VAL002_01,DROP_CALL_VOLTE_NUM,0.0,900,NRCell,Huawei
1696793400000,VAL002_01,ERAB_SR_DEN,35.0,900,NRCell,Huawei
1696793400000,VAL002_01,ERAB_SR_NUM,35.0,900,NRCell,Huawei
1696793400000,VAL002_01,INTEGRITY_NGBR_QCI_9,665846896.0,900,NRCell,Huawei
1696793400000,VAL002_01,INTRA_FREQUENCY_HO_OUT_ATT,6.0,900,NRCell,Huawei
1696793400000,VAL002_01,INTRA_FREQUENCY_HO_OUT_SUCC,6.0,900,NRCell,Huawei
1696793400000,VAL002_01,RRC_SETUP_ATT,27.0,900,NRCell,Huawei
1696793400000,VAL002_01,RRC_SETUP_SUCC,27.0,900,NRCell,Huawei
1696793400000,VAL002_01,S1SIG_Connection_Setup_SR_DEN,27.0,900,NRCell,Huawei
1696793400000,VAL002_01,S1SIG_Connection_Setup_SR_NUM,27.0,900,NRCell,Huawei
1696793400000,VAL002_01,SERVICE_LATENCY_OVER_AIR_INTERFACE_DEN,29765.0,900,NRCell,Huawei
1696793400000,VAL002_01,SERVICE_LATENCY_OVER_AIR_INTERFACE_NUM,31839.0,900,NRCell,Huawei
1696793400000,VAL002_01,VOICE_TRAFFIC,0.0,900,NRCell,Huawei
1696793400000,VAL002_01,VOLTE_CALL_SETUP_ATT,0.0,900,NRCell,Huawei
1696793400000,VAL002_01,VOLTE_CALL_SETUP_SUCC,0.0,900,NRCell,Huawei
