startTime,neId,counterCode,counterValue,granularity,neType,vendorName
1696754700000,BCN014_01,DCR_DEN,1127.0,900,NRCell,Huawei
1696754700000,BCN014_01,DCR_NUM,0.0,900,NRCell,Huawei
1696754700000,BCN014_01,DROP_CALL_VOLTE_DEN,0.0,900,NRCell,Huawei
1696754700000,BCN014_01,DROP_CALL_VOLTE_NUM,0.0,900,NRCell,Huawei
1696754700000,BCN014_01,ERAB_SR_DEN,1106.0,900,NRCell,Huawei
1696754700000,BCN014_01,ERAB_SR_NUM,1106.0,900,NRCell,Huawei
1696754700000,BCN014_01,INTEGRITY_NGBR_QCI_9,7535513720.0,900,NRCell,Huawei
1696754700000,BCN014_01,INTRA_FREQUENCY_HO_OUT_ATT,33.0,900,NRCell,Huawei
1696754700000,BCN014_01,INTRA_FREQUENCY_HO_OUT_SUCC,33.0,900,NRCell,Huawei
1696754700000,BCN014_01,RRC_SETUP_ATT,688.0,900,NRCell,Huawei
1696754700000,BCN014_01,RRC_SETUP_SUCC,688.0,900,NRCell,Huawei
1696754700000,BCN014_01,S1SIG_Connection_Setup_SR_DEN,688.0,900,NRCell,Huawei
1696754700000,BCN014_01,S1SIG_Connection_Setup_SR_NUM,688.0,900,NRCell,Huawei
1696754700000,BCN014_01,SERVICE_LATENCY_OVER_AIR_INTERFACE_DEN,188878.0,900,NRCell,Huawei
1696754700000,BCN014_01,SERVICE_LATENCY_OVER_AIR_INTERFACE_NUM,218375.0,900,NRCell,Huawei
1696754700000,BCN014_01,VOICE_TRAFFIC,368.0,900,NRCell,Huawei
1696754700000,BCN014_01,VOLTE_CALL_SETUP_ATT,0.0,900,NRCell,Huawei
1696754700000,BCN014_01,VOLTE_CALL_SETUP_SUCC,0.0,900,NRCell,Huawei
1696754700000,BIL001_01,DCR_DEN,1352.0,900,NRCell,Huawei
1696754700000,BIL001_01,DCR_NUM,0.0,900,NRCell,Huawei
1696754700000,BIL001_01,DROP_CALL_VOLTE_DEN,0.0,900,NRCell,Huawei
1696754700000,BIL001_01,DROP_CALL_VOLTE_NUM,0.0,900,NRCell,Huawei
1696754700000,BIL001_01,ERAB_SR_DEN,1360.0,900,NRCell,Huawei
1696754700000,BIL001_01,ERAB_SR_NUM,1360.0,900,NRCell,Huawei
1696754700000,BIL001_01,INTEGRITY_NGBR_QCI_9,2836160072.0,900,NRCell,Huawei
1696754700000,BIL001_01,INTRA_FREQUENCY_HO_OUT_ATT,41.0,900,NRCell,Huawei
1696754700000,BIL001_01,INTRA_FREQUENCY_HO_OUT_SUCC,41.0,900,NRCell,Huawei
1696754700000,BIL001_01,RRC_SETUP_ATT,829.0,900,NRCell,Huawei
1696754700000,BIL001_01,RRC_SETUP_SUCC,828.0,900,NRCell,Huawei
1696754700000,BIL001_01,S1SIG_Connection_Setup_SR_DEN,828.0,900,NRCell,Huawei
1696754700000,BIL001_01,S1SIG_Connection_Setup_SR_NUM,828.0,900,NRCell,Huawei
1696754700000,BIL001_01,SERVICE_LATENCY_OVER_AIR_INTERFACE_DEN,39377.0,900,NRCell,Huawei
1696754700000,BIL001_01,SERVICE_LATENCY_OVER_AIR_INTERFACE_NUM,55920.0,900,NRCell,Huawei
1696754700000,BIL001_01,VOICE_TRAFFIC,0.0,900,NRCell,Huawei
1696754700000,BIL001_01,VOLTE_CALL_SETUP_ATT,0.0,900,NRCell,Huawei
1696754700000,BIL001_01,VOLTE_CALL_SETUP_SUCC,0.0,900,NRCell,Huawei
1696754700000,MAD033_01,DCR_DEN,633.0,900,NRCell,Huawei
1696754700000,MAD033_01,DCR_NUM,0.0,900,NRCell,Huawei
1696754700000,MAD033_01,DROP_CALL_VOLTE_DEN,0.0,900,NRCell,Huawei
1696754700000,MAD033_01,DROP_CALL_VOLTE_NUM,0.0,900,NRCell,Huawei
1696754700000,MAD033_01,ERAB_SR_DEN,636.0,900,NRCell,Huawei
1696754700000,MAD033_01,ERAB_SR_NUM,636.0,900,NRCell,Huawei
1696754700000,MAD033_01,INTEGRITY_NGBR_QCI_9,2538547544.0,900,NRCell,Huawei
1696754700000,MAD033_01,INTRA_FREQUENCY_HO_OUT_ATT,12.0,900,NRCell,Huawei
1696754700000,MAD033_01,INTRA_FREQUENCY_HO_OUT_SUCC,12.0,900,NRCell,Huawei
1696754700000,MAD033_01,RRC_SETUP_ATT,385.0,900,NRCell,Huawei
1696754700000,MAD033_01,RRC_SETUP_SUCC,385.0,900,NRCell,Huawei
1696754700000,MAD033_01,S1SIG_Connection_Setup_SR_DEN,385.0,900,NRCell,Huawei
1696754700000,MAD033_01,S1SIG_Connection_Setup_SR_NUM,385.0,900,NRCell,Huawei
1696754700000,MAD033_01,SERVICE_LATENCY_OVER_AIR_INTERFACE_DEN,51445.0,900,NRCell,Huawei
1696754700000,MAD033_01,SERVICE_LATENCY_OVER_AIR_INTERFACE_NUM,59438.0,900,NRCell,Huawei
1696754700000,MAD033_01,VOICE_TRAFFIC,0.0,900,NRCell,Huawei
1696754700000,MAD033_01,VOLTE_CALL_SETUP_ATT,0.0,900,NRCell,Huawei
1696754700000,MAD033_01,VOLTE_CALL_SETUP_SUCC,0.0,900,NRCell,Huawei
1696754700000,SAL030_01,DCR_DEN,180.0,900,NRCell,Huawei
1696754700000,SAL030_01,DCR_NUM,0.0,900,NRCell,Huawei
1696754700000,SAL030_01,DROP_CALL_VOLTE_DEN,0.0,900,NRCell,Huawei
1696754700000,SAL030_01,DROP_CALL_VOLTE_NUM,0.0,900,NRCell,Huawei
1696754700000,SAL030_01,ERAB_SR_DEN,176.0,900,NRCell,Huawei
1696754700000,SAL030_01,ERAB_SR_NUM,176.0,900,NRCell,Huawei
1696754700000,SAL030_01,INTEGRITY_NGBR_QCI_9,1305401200.0,900,NRCell,Huawei
1696754700000,SAL030_01,INTRA_FREQUENCY_HO_OUT_ATT,2.0,900,NRCell,Huawei
1696754700000,SAL030_01,INTRA_FREQUENCY_HO_OUT_SUCC,2.0,900,NRCell,Huawei
1696754700000,SAL030_01,RRC_SETUP_ATT,107.0,900,NRCell,Huawei
1696754700000,SAL030_01,RRC_SETUP_SUCC,107.0,900,NRCell,Huawei
1696754700000,SAL030_01,S1SIG_Connection_Setup_SR_DEN,107.0,900,NRCell,Huawei
1696754700000,SAL030_01,S1SIG_Connection_Setup_SR_NUM,107.0,900,NRCell,Huawei
1696754700000,SAL030_01,SERVICE_LATENCY_OVER_AIR_INTERFACE_DEN,6663.0,900,NRCell,Huawei
1696754700000,SAL030_01,SERVICE_LATENCY_OVER_AIR_INTERFACE_NUM,11496.0,900,NRCell,Huawei
1696754700000,SAL030_01,VOICE_TRAFFIC,0.0,900,NRCell,Huawei
1696754700000,SAL030_01,VOLTE_CALL_SETUP_ATT,0.0,900,NRCell,Huawei
1696754700000,SAL030_01,VOLTE_CALL_SETUP_SUCC,0.0,900,NRCell,Huawei
1696754700000,SEV001_01,DCR_DEN,2114.0,900,NRCell,Huawei
1696754700000,SEV001_01,DCR_NUM,0.0,900,NRCell,Huawei
1696754700000,SEV001_01,DROP_CALL_VOLTE_DEN,1.0,900,NRCell,Huawei
1696754700000,SEV001_01,DROP_CALL_VOLTE_NUM,0.0,900,NRCell,Huawei
1696754700000,SEV001_01,ERAB_SR_DEN,2103.0,900,NRCell,Huawei
1696754700000,SEV001_01,ERAB_SR_NUM,2103.0,900,NRCell,Huawei
1696754700000,SEV001_01,INTEGRITY_NGBR_QCI_9,3650281816.0,900,NRCell,Huawei
1696754700000,SEV001_01,INTRA_FREQUENCY_HO_OUT_ATT,17.0,900,NRCell,Huawei
1696754700000,SEV001_01,INTRA_FREQUENCY_HO_OUT_SUCC,17.0,900,NRCell,Huawei
1696754700000,SEV001_01,RRC_SETUP_ATT,1208.0,900,NRCell,Huawei
1696754700000,SEV001_01,RRC_SETUP_SUCC,1208.0,900,NRCell,Huawei
1696754700000,SEV001_01,S1SIG_Connection_Setup_SR_DEN,1208.0,900,NRCell,Huawei
1696754700000,SEV001_01,S1SIG_Connection_Setup_SR_NUM,1208.0,900,NRCell,Huawei
1696754700000,SEV001_01,SERVICE_LATENCY_OVER_AIR_INTERFACE_DEN,78957.0,900,NRCell,Huawei
1696754700000,SEV001_01,SERVICE_LATENCY_OVER_AIR_INTERFACE_NUM,112388.0,900,NRCell,Huawei
1696754700000,SEV001_01,VOICE_TRAFFIC,8819.0,900,NRCell,Huawei
1696754700000,SEV001_01,VOLTE_CALL_SETUP_ATT,1.0,900,NRCell,Huawei
1696754700000,SEV001_01,VOLTE_CALL_SETUP_SUCC,1.0,900,NRCell,Huawei
1696754700000,SNT002_01,DCR_DEN,581.0,900,NRCell,Huawei
1696754700000,SNT002_01,DCR_NUM,0.0,900,NRCell,Huawei
1696754700000,SNT002_01,DROP_CALL_VOLTE_DEN,0.0,900,NRCell,Huawei
1696754700000,SNT002_01,DROP_CALL_VOLTE_NUM,0.0,900,NRCell,Huawei
1696754700000,SNT002_01,ERAB_SR_DEN,585.0,900,NRCell,Huawei
1696754700000,SNT002_01,ERAB_SR_NUM,585.0,900,NRCell,Huawei
1696754700000,SNT002_01,INTEGRITY_NGBR_QCI_9,638452272.0,900,NRCell,Huawei
1696754700000,SNT002_01,INTRA_FREQUENCY_HO_OUT_ATT,8.0,900,NRCell,Huawei
1696754700000,SNT002_01,INTRA_FREQUENCY_HO_OUT_SUCC,8.0,900,NRCell,Huawei
1696754700000,SNT002_01,RRC_SETUP_ATT,347.0,900,NRCell,Huawei
1696754700000,SNT002_01,RRC_SETUP_SUCC,347.0,900,NRCell,Huawei
1696754700000,SNT002_01,S1SIG_Connection_Setup_SR_DEN,347.0,900,NRCell,Huawei
1696754700000,SNT002_01,S1SIG_Connection_Setup_SR_NUM,347.0,900,NRCell,Huawei
1696754700000,SNT002_01,SERVICE_LATENCY_OVER_AIR_INTERFACE_DEN,10654.0,900,NRCell,Huawei
1696754700000,SNT002_01,SERVICE_LATENCY_OVER_AIR_INTERFACE_NUM,11735.0,900,NRCell,Huawei
1696754700000,SNT002_01,VOICE_TRAFFIC,0.0,900,NRCell,Huawei
1696754700000,SNT002_01,VOLTE_CALL_SETUP_ATT,0.0,900,NRCell,Huawei
1696754700000,SNT002_01,VOLTE_CALL_SETUP_SUCC,0.0,900,NRCell,Huawei
1696754700000,TAR015_01,DCR_DEN,2620.0,900,NRCell,Huawei
1696754700000,TAR015_01,DCR_NUM,0.0,900,NRCell,Huawei
1696754700000,TAR015_01,DROP_CALL_VOLTE_DEN,0.0,900,NRCell,Huawei
1696754700000,TAR015_01,DROP_CALL_VOLTE_NUM,0.0,900,NRCell,Huawei
1696754700000,TAR015_01,ERAB_SR_DEN,2621.0,900,NRCell,Huawei
1696754700000,TAR015_01,ERAB_SR_NUM,2619.0,900,NRCell,Huawei
1696754700000,TAR015_01,INTEGRITY_NGBR_QCI_9,4110966592.0,900,NRCell,Huawei
1696754700000,TAR015_01,INTRA_FREQUENCY_HO_OUT_ATT,24.0,900,NRCell,Huawei
1696754700000,TAR015_01,INTRA_FREQUENCY_HO_OUT_SUCC,24.0,900,NRCell,Huawei
1696754700000,TAR015_01,RRC_SETUP_ATT,1514.0,900,NRCell,Huawei
1696754700000,TAR015_01,RRC_SETUP_SUCC,1513.0,900,NRCell,Huawei
1696754700000,TAR015_01,S1SIG_Connection_Setup_SR_DEN,1513.0,900,NRCell,Huawei
1696754700000,TAR015_01,S1SIG_Connection_Setup_SR_NUM,1513.0,900,NRCell,Huawei
1696754700000,TAR015_01,SERVICE_LATENCY_OVER_AIR_INTERFACE_DEN,123893.0,900,NRCell,Huawei
1696754700000,TAR015_01,SERVICE_LATENCY_OVER_AIR_INTERFACE_NUM,178674.0,900,NRCell,Huawei
1696754700000,TAR015_01,VOICE_TRAFFIC,0.0,900,NRCell,Huawei
1696754700000,TAR015_01,VOLTE_CALL_SETUP_ATT,0.0,900,NRCell,Huawei
1696754700000,TAR015_01,VOLTE_CALL_SETUP_SUCC,0.0,900,NRCell,Huawei
1696754700000,TOL034_01,DCR_DEN,77.0,900,NRCell,Huawei
1696754700000,TOL034_01,DCR_NUM,0.0,900,NRCell,Huawei
1696754700000,TOL034_01,DROP_CALL_VOLTE_DEN,0.0,900,NRCell,Huawei
1696754700000,TOL034_01,DROP_CALL_VOLTE_NUM,0.0,900,NRCell,Huawei
1696754700000,TOL034_01,ERAB_SR_DEN,71.0,900,NRCell,Huawei
1696754700000,TOL034_01,ERAB_SR_NUM,71.0,900,NRCell,Huawei
1696754700000,TOL034_01,INTEGRITY_NGBR_QCI_9,47077472.0,900,NRCell,Huawei
1696754700000,TOL034_01,INTRA_FREQUENCY_HO_OUT_ATT,1.0,900,NRCell,Huawei
1696754700000,TOL034_01,INTRA_FREQUENCY_HO_OUT_SUCC,1.0,900,NRCell,Huawei
1696754700000,TOL034_01,RRC_SETUP_ATT,42.0,900,NRCell,Huawei
1696754700000,TOL034_01,RRC_SETUP_SUCC,42.0,900,NRCell,Huawei
1696754700000,TOL034_01,S1SIG_Connection_Setup_SR_DEN,42.0,900,NRCell,Huawei
1696754700000,TOL034_01,S1SIG_Connection_Setup_SR_NUM,42.0,900,NRCell,Huawei
1696754700000,TOL034_01,SERVICE_LATENCY_OVER_AIR_INTERFACE_DEN,4099.0,900,NRCell,Huawei
1696754700000,TOL034_01,SERVICE_LATENCY_OVER_AIR_INTERFACE_NUM,6613.0,900,NRCell,Huawei
1696754700000,TOL034_01,VOICE_TRAFFIC,0.0,900,NRCell,Huawei
1696754700000,TOL034_01,VOLTE_CALL_SETUP_ATT,0.0,900,NRCell,Huawei
1696754700000,TOL034_01,VOLTE_CALL_SETUP_SUCC,0.0,900,NRCell,Huawei
1696754700000,VAL002_01,DCR_DEN,16.0,900,NRCell,Huawei
1696754700000,VAL002_01,DCR_NUM,0.0,900,NRCell,Huawei
1696754700000,VAL002_01,DROP_CALL_VOLTE_DEN,0.0,900,NRCell,Huawei
1696754700000,VAL002_01,DROP_CALL_VOLTE_NUM,0.0,900,NRCell,Huawei
1696754700000,VAL002_01,ERAB_SR_DEN,16.0,900,NRCell,Huawei
1696754700000,VAL002_01,ERAB_SR_NUM,16.0,900,NRCell,Huawei
1696754700000,VAL002_01,INTEGRITY_NGBR_QCI_9,2198960.0,900,NRCell,Huawei
1696754700000,VAL002_01,INTRA_FREQUENCY_HO_OUT_ATT,0.0,900,NRCell,Huawei
1696754700000,VAL002_01,INTRA_FREQUENCY_HO_OUT_SUCC,0.0,900,NRCell,Huawei
1696754700000,VAL002_01,RRC_SETUP_ATT,15.0,900,NRCell,Huawei
1696754700000,VAL002_01,RRC_SETUP_SUCC,15.0,900,NRCell,Huawei
1696754700000,VAL002_01,S1SIG_Connection_Setup_SR_DEN,15.0,900,NRCell,Huawei
1696754700000,VAL002_01,S1SIG_Connection_Setup_SR_NUM,15.0,900,NRCell,Huawei
1696754700000,VAL002_01,SERVICE_LATENCY_OVER_AIR_INTERFACE_DEN,231.0,900,NRCell,Huawei
1696754700000,VAL002_01,SERVICE_LATENCY_OVER_AIR_INTERFACE_NUM,235.0,900,NRCell,Huawei
1696754700000,VAL002_01,VOICE_TRAFFIC,0.0,900,NRCell,Huawei
1696754700000,VAL002_01,VOLTE_CALL_SETUP_ATT,0.0,900,NRCell,Huawei
1696754700000,VAL002_01,VOLTE_CALL_SETUP_SUCC,0.0,900,NRCell,Huawei
