startTime,neId,counterCode,counterValue,granularity,neType,vendorName
1696671000000,BCN014_01,DCR_DEN,897.0,900,NRCell,Huawei
1696671000000,BCN014_01,DCR_NUM,0.0,900,NRCell,Huawei
1696671000000,BCN014_01,DROP_CALL_VOLTE_DEN,0.0,900,NRCell,Huawei
1696671000000,BCN014_01,DROP_CALL_VOLTE_NUM,0.0,900,NRCell,Huawei
1696671000000,BCN014_01,ERAB_SR_DEN,900.0,900,NRCell,Huawei
1696671000000,BCN014_01,ERAB_SR_NUM,900.0,900,NRCell,Huawei
1696671000000,BCN014_01,INTEGRITY_NGBR_QCI_9,1659780096.0,900,NRCell,Huawei
1696671000000,BCN014_01,INTRA_FREQUENCY_HO_OUT_ATT,7.0,900,NRCell,Huawei
1696671000000,BCN014_01,INTRA_FREQUENCY_HO_OUT_SUCC,7.0,900,NRCell,Huawei
1696671000000,BCN014_01,RRC_SETUP_ATT,571.0,900,NRCell,Huawei
1696671000000,BCN014_01,RRC_SETUP_SUCC,571.0,900,NRCell,Huawei
1696671000000,BCN014_01,S1SIG_Connection_Setup_SR_DEN,571.0,900,NRCell,Huawei
1696671000000,BCN014_01,S1SIG_Connection_Setup_SR_NUM,571.0,900,NRCell,Huawei
1696671000000,BCN014_01,SERVICE_LATENCY_OVER_AIR_INTERFACE_DEN,69295.0,900,NRCell,Huawei
1696671000000,BCN014_01,SERVICE_LATENCY_OVER_AIR_INTERFACE_NUM,81833.0,900,NRCell,Huawei
1696671000000,BCN014_01,VOICE_TRAFFIC,0.0,900,NRCell,Huawei
1696671000000,BCN014_01,VOLTE_CALL_SETUP_ATT,0.0,900,NRCell,Huawei
1696671000000,BCN014_01,VOLTE_CALL_SETUP_SUCC,0.0,900,NRCell,Huawei
1696671000000,BIL001_01,DCR_DEN,896.0,900,NRCell,Huawei
1696671000000,BIL001_01,DCR_NUM,0.0,900,NRCell,Huawei
1696671000000,BIL001_01,DROP_CALL_VOLTE_DEN,0.0,900,NRCell,Huawei
1696671000000,BIL001_01,DROP_CALL_VOLTE_NUM,0.0,900,NRCell,Huawei
1696671000000,BIL001_01,ERAB_SR_DEN,899.0,900,NRCell,Huawei
1696671000000,BIL001_01,ERAB_SR_NUM,899.0,900,NRCell,Huawei
1696671000000,BIL001_01,INTEGRITY_NGBR_QCI_9,3681884392.0,900,NRCell,Huawei
1696671000000,BIL001_01,INTRA_FREQUENCY_HO_OUT_ATT,8.0,900,NRCell,Huawei
1696671000000,BIL001_01,INTRA_FREQUENCY_HO_OUT_SUCC,8.0,900,NRCell,Huawei
1696671000000,BIL001_01,RRC_SETUP_ATT,591.0,900,NRCell,Huawei
1696671000000,BIL001_01,RRC_SETUP_SUCC,591.0,900,NRCell,Huawei
1696671000000,BIL001_01,S1SIG_Connection_Setup_SR_DEN,591.0,900,NRCell,Huawei
1696671000000,BIL001_01,S1SIG_Connection_Setup_SR_NUM,591.0,900,NRCell,Huawei
1696671000000,BIL001_01,SERVICE_LATENCY_OVER_AIR_INTERFACE_DEN,229566.0,900,NRCell,Huawei
1696671000000,BIL001_01,SERVICE_LATENCY_OVER_AIR_INTERFACE_NUM,247753.0,900,NRCell,Huawei
1696671000000,BIL001_01,VOICE_TRAFFIC,0.0,900,NRCell,Huawei
1696671000000,BIL001_01,VOLTE_CALL_SETUP_ATT,0.0,900,NRCell,Huawei
1696671000000,BIL001_01,VOLTE_CALL_SETUP_SUCC,0.0,900,NRCell,Huawei
1696671000000,MAD033_01,DCR_DEN,699.0,900,NRCell,Huawei
1696671000000,MAD033_01,DCR_NUM,0.0,900,NRCell,Huawei
1696671000000,MAD033_01,DROP_CALL_VOLTE_DEN,0.0,900,NRCell,Huawei
1696671000000,MAD033_01,DROP_CALL_VOLTE_NUM,0.0,900,NRCell,Huawei
1696671000000,MAD033_01,ERAB_SR_DEN,701.0,900,NRCell,Huawei
1696671000000,MAD033_01,ERAB_SR_NUM,701.0,900,NRCell,Huawei
1696671000000,MAD033_01,INTEGRITY_NGBR_QCI_9,603797624.0,900,NRCell,Huawei
1696671000000,MAD033_01,INTRA_FREQUENCY_HO_OUT_ATT,8.0,900,NRCell,Huawei
1696671000000,MAD033_01,INTRA_FREQUENCY_HO_OUT_SUCC,8.0,900,NRCell,Huawei
1696671000000,MAD033_01,RRC_SETUP_ATT,404.0,900,NRCell,Huawei
1696671000000,MAD033_01,RRC_SETUP_SUCC,404.0,900,NRCell,Huawei
1696671000000,MAD033_01,S1SIG_Connection_Setup_SR_DEN,404.0,900,NRCell,Huawei
1696671000000,MAD033_01,S1SIG_Connection_Setup_SR_NUM,404.0,900,NRCell,Huawei
1696671000000,MAD033_01,SERVICE_LATENCY_OVER_AIR_INTERFACE_DEN,15967.0,900,NRCell,Huawei
1696671000000,MAD033_01,SERVICE_LATENCY_OVER_AIR_INTERFACE_NUM,17399.0,900,NRCell,Huawei
1696671000000,MAD033_01,VOICE_TRAFFIC,0.0,900,NRCell,Huawei
1696671000000,MAD033_01,VOLTE_CALL_SETUP_ATT,0.0,900,NRCell,Huawei
1696671000000,MAD033_01,VOLTE_CALL_SETUP_SUCC,0.0,900,NRCell,Huawei
1696671000000,SAL030_01,DCR_DEN,119.0,900,NRCell,Huawei
1696671000000,SAL030_01,DCR_NUM,0.0,900,NRCell,Huawei
1696671000000,SAL030_01,DROP_CALL_VOLTE_DEN,0.0,900,NRCell,Huawei
1696671000000,SAL030_01,DROP_CALL_VOLTE_NUM,0.0,900,NRCell,Huawei
1696671000000,SAL030_01,ERAB_SR_DEN,120.0,900,NRCell,Huawei
1696671000000,SAL030_01,ERAB_SR_NUM,120.0,900,NRCell,Huawei
1696671000000,SAL030_01,INTEGRITY_NGBR_QCI_9,430084072.0,900,NRCell,Huawei
1696671000000,SAL030_01,INTRA_FREQUENCY_HO_OUT_ATT,2.0,900,NRCell,Huawei
1696671000000,SAL030_01,INTRA_FREQUENCY_HO_OUT_SUCC,2.0,900,NRCell,Huawei
1696671000000,SAL030_01,RRC_SETUP_ATT,76.0,900,NRCell,Huawei
1696671000000,SAL030_01,RRC_SETUP_SUCC,76.0,900,NRCell,Huawei
1696671000000,SAL030_01,S1SIG_Connection_Setup_SR_DEN,76.0,900,NRCell,Huawei
1696671000000,SAL030_01,S1SIG_Connection_Setup_SR_NUM,76.0,900,NRCell,Huawei
1696671000000,SAL030_01,SERVICE_LATENCY_OVER_AIR_INTERFACE_DEN,3178.0,900,NRCell,Huawei
1696671000000,SAL030_01,SERVICE_LATENCY_OVER_AIR_INTERFACE_NUM,7121.0,900,NRCell,Huawei
1696671000000,SAL030_01,VOICE_TRAFFIC,0.0,900,NRCell,Huawei
1696671000000,SAL030_01,VOLTE_CALL_SETUP_ATT,0.0,900,NRCell,Huawei
1696671000000,SAL030_01,VOLTE_CALL_SETUP_SUCC,0.0,900,NRCell,Huawei
1696671000000,SEV001_01,DCR_DEN,1676.0,900,NRCell,Huawei
1696671000000,SEV001_01,DCR_NUM,2.0,900,NRCell,Huawei
1696671000000,SEV001_01,DROP_CALL_VOLTE_DEN,0.0,900,NRCell,Huawei
1696671000000,SEV001_01,DROP_CALL_VOLTE_NUM,0.0,900,NRCell,Huawei
1696671000000,SEV001_01,ERAB_SR_DEN,1675.0,900,NRCell,Huawei
1696671000000,SEV001_01,ERAB_SR_NUM,1675.0,900,NRCell,Huawei
1696671000000,SEV001_01,INTEGRITY_NGBR_QCI_9,1660470824.0,900,NRCell,Huawei
1696671000000,SEV001_01,INTRA_FREQUENCY_HO_OUT_ATT,8.0,900,NRCell,Huawei
1696671000000,SEV001_01,INTRA_FREQUENCY_HO_OUT_SUCC,8.0,900,NRCell,Huawei
1696671000000,SEV001_01,RRC_SETUP_ATT,964.0,900,NRCell,Huawei
1696671000000,SEV001_01,RRC_SETUP_SUCC,963.0,900,NRCell,Huawei
1696671000000,SEV001_01,S1SIG_Connection_Setup_SR_DEN,963.0,900,NRCell,Huawei
1696671000000,SEV001_01,S1SIG_Connection_Setup_SR_NUM,963.0,900,NRCell,Huawei
1696671000000,SEV001_01,SERVICE_LATENCY_OVER_AIR_INTERFACE_DEN,69592.0,900,NRCell,Huawei
1696671000000,SEV001_01,SERVICE_LATENCY_OVER_AIR_INTERFACE_NUM,75970.0,900,NRCell,Huawei
1696671000000,SEV001_01,VOICE_TRAFFIC,0.0,900,NRCell,Huawei
1696671000000,SEV001_01,VOLTE_CALL_SETUP_ATT,0.0,900,NRCell,Huawei
1696671000000,SEV001_01,VOLTE_CALL_SETUP_SUCC,0.0,900,NRCell,Huawei
1696671000000,SNT002_01,DCR_DEN,801.0,900,NRCell,Huawei
1696671000000,SNT002_01,DCR_NUM,0.0,900,NRCell,Huawei
1696671000000,SNT002_01,DROP_CALL_VOLTE_DEN,0.0,900,NRCell,Huawei
1696671000000,SNT002_01,DROP_CALL_VOLTE_NUM,0.0,900,NRCell,Huawei
1696671000000,SNT002_01,ERAB_SR_DEN,798.0,900,NRCell,Huawei
1696671000000,SNT002_01,ERAB_SR_NUM,798.0,900,NRCell,Huawei
1696671000000,SNT002_01,INTEGRITY_NGBR_QCI_9,366977496.0,900,NRCell,Huawei
1696671000000,SNT002_01,INTRA_FREQUENCY_HO_OUT_ATT,3.0,900,NRCell,Huawei
1696671000000,SNT002_01,INTRA_FREQUENCY_HO_OUT_SUCC,3.0,900,NRCell,Huawei
1696671000000,SNT002_01,RRC_SETUP_ATT,468.0,900,NRCell,Huawei
1696671000000,SNT002_01,RRC_SETUP_SUCC,468.0,900,NRCell,Huawei
1696671000000,SNT002_01,S1SIG_Connection_Setup_SR_DEN,468.0,900,NRCell,Huawei
1696671000000,SNT002_01,S1SIG_Connection_Setup_SR_NUM,468.0,900,NRCell,Huawei
1696671000000,SNT002_01,SERVICE_LATENCY_OVER_AIR_INTERFACE_DEN,9956.0,900,NRCell,Huawei
1696671000000,SNT002_01,SERVICE_LATENCY_OVER_AIR_INTERFACE_NUM,11616.0,900,NRCell,Huawei
1696671000000,SNT002_01,VOICE_TRAFFIC,0.0,900,NRCell,Huawei
1696671000000,SNT002_01,VOLTE_CALL_SETUP_ATT,0.0,900,NRCell,Huawei
1696671000000,SNT002_01,VOLTE_CALL_SETUP_SUCC,0.0,900,NRCell,Huawei
1696671000000,TAR015_01,DCR_DEN,2169.0,900,NRCell,Huawei
1696671000000,TAR015_01,DCR_NUM,0.0,900,NRCell,Huawei
1696671000000,TAR015_01,DROP_CALL_VOLTE_DEN,0.0,900,NRCell,Huawei
1696671000000,TAR015_01,DROP_CALL_VOLTE_NUM,0.0,900,NRCell,Huawei
1696671000000,TAR015_01,ERAB_SR_DEN,2169.0,900,NRCell,Huawei
1696671000000,TAR015_01,ERAB_SR_NUM,2169.0,900,NRCell,Huawei
1696671000000,TAR015_01,INTEGRITY_NGBR_QCI_9,4543653304.0,900,NRCell,Huawei
1696671000000,TAR015_01,INTRA_FREQUENCY_HO_OUT_ATT,9.0,900,NRCell,Huawei
1696671000000,TAR015_01,INTRA_FREQUENCY_HO_OUT_SUCC,9.0,900,NRCell,Huawei
1696671000000,TAR015_01,RRC_SETUP_ATT,1261.0,900,NRCell,Huawei
1696671000000,TAR015_01,RRC_SETUP_SUCC,1261.0,900,NRCell,Huawei
1696671000000,TAR015_01,S1SIG_Connection_Setup_SR_DEN,1261.0,900,NRCell,Huawei
1696671000000,TAR015_01,S1SIG_Connection_Setup_SR_NUM,1261.0,900,NRCell,Huawei
1696671000000,TAR015_01,SERVICE_LATENCY_OVER_AIR_INTERFACE_DEN,101137.0,900,NRCell,Huawei
1696671000000,TAR015_01,SERVICE_LATENCY_OVER_AIR_INTERFACE_NUM,143200.0,900,NRCell,Huawei
1696671000000,TAR015_01,VOICE_TRAFFIC,0.0,900,NRCell,Huawei
1696671000000,TAR015_01,VOLTE_CALL_SETUP_ATT,0.0,900,NRCell,Huawei
1696671000000,TAR015_01,VOLTE_CALL_SETUP_SUCC,0.0,900,NRCell,Huawei
1696671000000,TOL034_01,DCR_DEN,21.0,900,NRCell,Huawei
1696671000000,TOL034_01,DCR_NUM,0.0,900,NRCell,Huawei
1696671000000,TOL034_01,DROP_CALL_VOLTE_DEN,0.0,900,NRCell,Huawei
1696671000000,TOL034_01,DROP_CALL_VOLTE_NUM,0.0,900,NRCell,Huawei
1696671000000,TOL034_01,ERAB_SR_DEN,27.0,900,NRCell,Huawei
1696671000000,TOL034_01,ERAB_SR_NUM,27.0,900,NRCell,Huawei
1696671000000,TOL034_01,INTEGRITY_NGBR_QCI_9,55921176.0,900,NRCell,Huawei
1696671000000,TOL034_01,INTRA_FREQUENCY_HO_OUT_ATT,2.0,900,NRCell,Huawei
1696671000000,TOL034_01,INTRA_FREQUENCY_HO_OUT_SUCC,2.0,900,NRCell,Huawei
1696671000000,TOL034_01,RRC_SETUP_ATT,17.0,900,NRCell,Huawei
1696671000000,TOL034_01,RRC_SETUP_SUCC,17.0,900,NRCell,Huawei
1696671000000,TOL034_01,S1SIG_Connection_Setup_SR_DEN,17.0,900,NRCell,Huawei
1696671000000,TOL034_01,S1SIG_Connection_Setup_SR_NUM,17.0,900,NRCell,Huawei
1696671000000,TOL034_01,SERVICE_LATENCY_OVER_AIR_INTERFACE_DEN,13071.0,900,NRCell,Huawei
1696671000000,TOL034_01,SERVICE_LATENCY_OVER_AIR_INTERFACE_NUM,13709.0,900,NRCell,Huawei
1696671000000,TOL034_01,VOICE_TRAFFIC,0.0,900,NRCell,Huawei
1696671000000,TOL034_01,VOLTE_CALL_SETUP_ATT,0.0,900,NRCell,Huawei
1696671000000,TOL034_01,VOLTE_CALL_SETUP_SUCC,0.0,900,NRCell,Huawei
1696671000000,VAL002_01,DCR_DEN,10.0,900,NRCell,Huawei
1696671000000,VAL002_01,DCR_NUM,0.0,900,NRCell,Huawei
1696671000000,VAL002_01,DROP_CALL_VOLTE_DEN,0.0,900,NRCell,Huawei
1696671000000,VAL002_01,DROP_CALL_VOLTE_NUM,0.0,900,NRCell,Huawei
1696671000000,VAL002_01,ERAB_SR_DEN,8.0,900,NRCell,Huawei
1696671000000,VAL002_01,ERAB_SR_NUM,8.0,900,NRCell,Huawei
1696671000000,VAL002_01,INTEGRITY_NGBR_QCI_9,1103128.0,900,NRCell,Huawei
1696671000000,VAL002_01,INTRA_FREQUENCY_HO_OUT_ATT,0.0,900,NRCell,Huawei
1696671000000,VAL002_01,INTRA_FREQUENCY_HO_OUT_SUCC,0.0,900,NRCell,Huawei
1696671000000,VAL002_01,RRC_SETUP_ATT,8.0,900,NRCell,Huawei
1696671000000,VAL002_01,RRC_SETUP_SUCC,8.0,900,NRCell,Huawei
1696671000000,VAL002_01,S1SIG_Connection_Setup_SR_DEN,8.0,900,NRCell,Huawei
1696671000000,VAL002_01,S1SIG_Connection_Setup_SR_NUM,8.0,900,NRCell,Huawei
1696671000000,VAL002_01,SERVICE_LATENCY_OVER_AIR_INTERFACE_DEN,1818.0,900,NRCell,Huawei
1696671000000,VAL002_01,SERVICE_LATENCY_OVER_AIR_INTERFACE_NUM,1861.0,900,NRCell,Huawei
1696671000000,VAL002_01,VOICE_TRAFFIC,0.0,900,NRCell,Huawei
1696671000000,VAL002_01,VOLTE_CALL_SETUP_ATT,0.0,900,NRCell,Huawei
1696671000000,VAL002_01,VOLTE_CALL_SETUP_SUCC,0.0,900,NRCell,Huawei
