startTime,neId,counterCode,counterValue,granularity,neType,vendorName
1696791600000,BCN014_01,DCR_DEN,2075.0,900,NRCell,Huawei
1696791600000,BCN014_01,DCR_NUM,3.0,900,NRCell,Huawei
1696791600000,BCN014_01,DROP_CALL_VOLTE_DEN,20.0,900,NRCell,Huawei
1696791600000,BCN014_01,DROP_CALL_VOLTE_NUM,0.0,900,NRCell,Huawei
1696791600000,BCN014_01,ERAB_SR_DEN,2046.0,900,NRCell,Huawei
1696791600000,BCN014_01,ERAB_SR_NUM,2046.0,900,NRCell,Huawei
1696791600000,BCN014_01,INTEGRITY_NGBR_QCI_9,9756642288.0,900,NRCell,Huawei
1696791600000,BCN014_01,INTRA_FREQUENCY_HO_OUT_ATT,197.0,900,NRCell,Huawei
1696791600000,BCN014_01,INTRA_FREQUENCY_HO_OUT_SUCC,196.0,900,NRCell,Huawei
1696791600000,BCN014_01,RRC_SETUP_ATT,1216.0,900,NRCell,Huawei
1696791600000,BCN014_01,RRC_SETUP_SUCC,1212.0,900,NRCell,Huawei
1696791600000,BCN014_01,S1SIG_Connection_Setup_SR_DEN,1212.0,900,NRCell,Huawei
1696791600000,BCN014_01,S1SIG_Connection_Setup_SR_NUM,1212.0,900,NRCell,Huawei
1696791600000,BCN014_01,SERVICE_LATENCY_OVER_AIR_INTERFACE_DEN,260380.0,900,NRCell,Huawei
1696791600000,BCN014_01,SERVICE_LATENCY_OVER_AIR_INTERFACE_NUM,491502.0,900,NRCell,Huawei
1696791600000,BCN014_01,VOICE_TRAFFIC,8810.0,900,NRCell,Huawei
1696791600000,BCN014_01,VOLTE_CALL_SETUP_ATT,14.0,900,NRCell,Huawei
1696791600000,BCN014_01,VOLTE_CALL_SETUP_SUCC,14.0,900,NRCell,Huawei
1696791600000,BIL001_01,DCR_DEN,2297.0,900,NRCell,Huawei
1696791600000,BIL001_01,DCR_NUM,2.0,900,NRCell,Huawei
1696791600000,BIL001_01,DROP_CALL_VOLTE_DEN,16.0,900,NRCell,Huawei
1696791600000,BIL001_01,DROP_CALL_VOLTE_NUM,0.0,900,NRCell,Huawei
1696791600000,BIL001_01,ERAB_SR_DEN,2332.0,900,NRCell,Huawei
1696791600000,BIL001_01,ERAB_SR_NUM,2330.0,900,NRCell,Huawei
1696791600000,BIL001_01,INTEGRITY_NGBR_QCI_9,10193812296.0,900,NRCell,Huawei
1696791600000,BIL001_01,INTRA_FREQUENCY_HO_OUT_ATT,169.0,900,NRCell,Huawei
1696791600000,BIL001_01,INTRA_FREQUENCY_HO_OUT_SUCC,169.0,900,NRCell,Huawei
1696791600000,BIL001_01,RRC_SETUP_ATT,1386.0,900,NRCell,Huawei
1696791600000,BIL001_01,RRC_SETUP_SUCC,1376.0,900,NRCell,Huawei
1696791600000,BIL001_01,S1SIG_Connection_Setup_SR_DEN,1376.0,900,NRCell,Huawei
1696791600000,BIL001_01,S1SIG_Connection_Setup_SR_NUM,1376.0,900,NRCell,Huawei
1696791600000,BIL001_01,SERVICE_LATENCY_OVER_AIR_INTERFACE_DEN,263486.0,900,NRCell,Huawei
1696791600000,BIL001_01,SERVICE_LATENCY_OVER_AIR_INTERFACE_NUM,538281.0,900,NRCell,Huawei
1696791600000,BIL001_01,VOICE_TRAFFIC,9395.0,900,NRCell,Huawei
1696791600000,BIL001_01,VOLTE_CALL_SETUP_ATT,20.0,900,NRCell,Huawei
1696791600000,BIL001_01,VOLTE_CALL_SETUP_SUCC,20.0,900,NRCell,Huawei
1696791600000,MAD033_01,DCR_DEN,926.0,900,NRCell,Huawei
1696791600000,MAD033_01,DCR_NUM,0.0,900,NRCell,Huawei
1696791600000,MAD033_01,DROP_CALL_VOLTE_DEN,8.0,900,NRCell,Huawei
1696791600000,MAD033_01,DROP_CALL_VOLTE_NUM,0.0,900,NRCell,Huawei
1696791600000,MAD033_01,ERAB_SR_DEN,951.0,900,NRCell,Huawei
1696791600000,MAD033_01,ERAB_SR_NUM,951.0,900,NRCell,Huawei
1696791600000,MAD033_01,INTEGRITY_NGBR_QCI_9,5482428400.0,900,NRCell,Huawei
1696791600000,MAD033_01,INTRA_FREQUENCY_HO_OUT_ATT,91.0,900,NRCell,Huawei
1696791600000,MAD033_01,INTRA_FREQUENCY_HO_OUT_SUCC,91.0,900,NRCell,Huawei
1696791600000,MAD033_01,RRC_SETUP_ATT,567.0,900,NRCell,Huawei
1696791600000,MAD033_01,RRC_SETUP_SUCC,567.0,900,NRCell,Huawei
1696791600000,MAD033_01,S1SIG_Connection_Setup_SR_DEN,567.0,900,NRCell,Huawei
1696791600000,MAD033_01,S1SIG_Connection_Setup_SR_NUM,565.0,900,NRCell,Huawei
1696791600000,MAD033_01,SERVICE_LATENCY_OVER_AIR_INTERFACE_DEN,129342.0,900,NRCell,Huawei
1696791600000,MAD033_01,SERVICE_LATENCY_OVER_AIR_INTERFACE_NUM,185498.0,900,NRCell,Huawei
1696791600000,MAD033_01,VOICE_TRAFFIC,8355.0,900,NRCell,Huawei
1696791600000,MAD033_01,VOLTE_CALL_SETUP_ATT,7.0,900,NRCell,Huawei
1696791600000,MAD033_01,VOLTE_CALL_SETUP_SUCC,7.0,900,NRCell,Huawei
1696791600000,SAL030_01,DCR_DEN,154.0,900,NRCell,Huawei
1696791600000,SAL030_01,DCR_NUM,0.0,900,NRCell,Huawei
1696791600000,SAL030_01,DROP_CALL_VOLTE_DEN,1.0,900,NRCell,Huawei
1696791600000,SAL030_01,DROP_CALL_VOLTE_NUM,0.0,900,NRCell,Huawei
1696791600000,SAL030_01,ERAB_SR_DEN,152.0,900,NRCell,Huawei
1696791600000,SAL030_01,ERAB_SR_NUM,152.0,900,NRCell,Huawei
1696791600000,SAL030_01,INTEGRITY_NGBR_QCI_9,2339571960.0,900,NRCell,Huawei
1696791600000,SAL030_01,INTRA_FREQUENCY_HO_OUT_ATT,10.0,900,NRCell,Huawei
1696791600000,SAL030_01,INTRA_FREQUENCY_HO_OUT_SUCC,10.0,900,NRCell,Huawei
1696791600000,SAL030_01,RRC_SETUP_ATT,96.0,900,NRCell,Huawei
1696791600000,SAL030_01,RRC_SETUP_SUCC,96.0,900,NRCell,Huawei
1696791600000,SAL030_01,S1SIG_Connection_Setup_SR_DEN,96.0,900,NRCell,Huawei
1696791600000,SAL030_01,S1SIG_Connection_Setup_SR_NUM,96.0,900,NRCell,Huawei
1696791600000,SAL030_01,SERVICE_LATENCY_OVER_AIR_INTERFACE_DEN,22356.0,900,NRCell,Huawei
1696791600000,SAL030_01,SERVICE_LATENCY_OVER_AIR_INTERFACE_NUM,64591.0,900,NRCell,Huawei
1696791600000,SAL030_01,VOICE_TRAFFIC,181.0,900,NRCell,Huawei
1696791600000,SAL030_01,VOLTE_CALL_SETUP_ATT,2.0,900,NRCell,Huawei
1696791600000,SAL030_01,VOLTE_CALL_SETUP_SUCC,2.0,900,NRCell,Huawei
1696791600000,SEV001_01,DCR_DEN,2840.0,900,NRCell,Huawei
1696791600000,SEV001_01,DCR_NUM,5.0,900,NRCell,Huawei
1696791600000,SEV001_01,DROP_CALL_VOLTE_DEN,16.0,900,NRCell,Huawei
1696791600000,SEV001_01,DROP_CALL_VOLTE_NUM,0.0,900,NRCell,Huawei
1696791600000,SEV001_01,ERAB_SR_DEN,2847.0,900,NRCell,Huawei
1696791600000,SEV001_01,ERAB_SR_NUM,2847.0,900,NRCell,Huawei
1696791600000,SEV001_01,INTEGRITY_NGBR_QCI_9,13183704104.0,900,NRCell,Huawei
1696791600000,SEV001_01,INTRA_FREQUENCY_HO_OUT_ATT,119.0,900,NRCell,Huawei
1696791600000,SEV001_01,INTRA_FREQUENCY_HO_OUT_SUCC,119.0,900,NRCell,Huawei
1696791600000,SEV001_01,RRC_SETUP_ATT,1569.0,900,NRCell,Huawei
1696791600000,SEV001_01,RRC_SETUP_SUCC,1569.0,900,NRCell,Huawei
1696791600000,SEV001_01,S1SIG_Connection_Setup_SR_DEN,1569.0,900,NRCell,Huawei
1696791600000,SEV001_01,S1SIG_Connection_Setup_SR_NUM,1569.0,900,NRCell,Huawei
1696791600000,SEV001_01,SERVICE_LATENCY_OVER_AIR_INTERFACE_DEN,395273.0,900,NRCell,Huawei
1696791600000,SEV001_01,SERVICE_LATENCY_OVER_AIR_INTERFACE_NUM,852003.0,900,NRCell,Huawei
1696791600000,SEV001_01,VOICE_TRAFFIC,16599.0,900,NRCell,Huawei
1696791600000,SEV001_01,VOLTE_CALL_SETUP_ATT,22.0,900,NRCell,Huawei
1696791600000,SEV001_01,VOLTE_CALL_SETUP_SUCC,22.0,900,NRCell,Huawei
1696791600000,SNT002_01,DCR_DEN,827.0,900,NRCell,Huawei
1696791600000,SNT002_01,DCR_NUM,0.0,900,NRCell,Huawei
1696791600000,SNT002_01,DROP_CALL_VOLTE_DEN,8.0,900,NRCell,Huawei
1696791600000,SNT002_01,DROP_CALL_VOLTE_NUM,0.0,900,NRCell,Huawei
1696791600000,SNT002_01,ERAB_SR_DEN,821.0,900,NRCell,Huawei
1696791600000,SNT002_01,ERAB_SR_NUM,821.0,900,NRCell,Huawei
1696791600000,SNT002_01,INTEGRITY_NGBR_QCI_9,4322681032.0,900,NRCell,Huawei
1696791600000,SNT002_01,INTRA_FREQUENCY_HO_OUT_ATT,70.0,900,NRCell,Huawei
1696791600000,SNT002_01,INTRA_FREQUENCY_HO_OUT_SUCC,70.0,900,NRCell,Huawei
1696791600000,SNT002_01,RRC_SETUP_ATT,485.0,900,NRCell,Huawei
1696791600000,SNT002_01,RRC_SETUP_SUCC,483.0,900,NRCell,Huawei
1696791600000,SNT002_01,S1SIG_Connection_Setup_SR_DEN,483.0,900,NRCell,Huawei
1696791600000,SNT002_01,S1SIG_Connection_Setup_SR_NUM,483.0,900,NRCell,Huawei
1696791600000,SNT002_01,SERVICE_LATENCY_OVER_AIR_INTERFACE_DEN,138394.0,900,NRCell,Huawei
1696791600000,SNT002_01,SERVICE_LATENCY_OVER_AIR_INTERFACE_NUM,174530.0,900,NRCell,Huawei
1696791600000,SNT002_01,VOICE_TRAFFIC,3262.0,900,NRCell,Huawei
1696791600000,SNT002_01,VOLTE_CALL_SETUP_ATT,5.0,900,NRCell,Huawei
1696791600000,SNT002_01,VOLTE_CALL_SETUP_SUCC,5.0,900,NRCell,Huawei
1696791600000,TAR015_01,DCR_DEN,3291.0,900,NRCell,Huawei
1696791600000,TAR015_01,DCR_NUM,0.0,900,NRCell,Huawei
1696791600000,TAR015_01,DROP_CALL_VOLTE_DEN,20.0,900,NRCell,Huawei
1696791600000,TAR015_01,DROP_CALL_VOLTE_NUM,0.0,900,NRCell,Huawei
1696791600000,TAR015_01,ERAB_SR_DEN,3287.0,900,NRCell,Huawei
1696791600000,TAR015_01,ERAB_SR_NUM,3283.0,900,NRCell,Huawei
1696791600000,TAR015_01,INTEGRITY_NGBR_QCI_9,16661012112.0,900,NRCell,Huawei
1696791600000,TAR015_01,INTRA_FREQUENCY_HO_OUT_ATT,121.0,900,NRCell,Huawei
1696791600000,TAR015_01,INTRA_FREQUENCY_HO_OUT_SUCC,121.0,900,NRCell,Huawei
1696791600000,TAR015_01,RRC_SETUP_ATT,1805.0,900,NRCell,Huawei
1696791600000,TAR015_01,RRC_SETUP_SUCC,1805.0,900,NRCell,Huawei
1696791600000,TAR015_01,S1SIG_Connection_Setup_SR_DEN,1805.0,900,NRCell,Huawei
1696791600000,TAR015_01,S1SIG_Connection_Setup_SR_NUM,1804.0,900,NRCell,Huawei
1696791600000,TAR015_01,SERVICE_LATENCY_OVER_AIR_INTERFACE_DEN,541898.0,900,NRCell,Huawei
1696791600000,TAR015_01,SERVICE_LATENCY_OVER_AIR_INTERFACE_NUM,2211672.0,900,NRCell,Huawei
1696791600000,TAR015_01,VOICE_TRAFFIC,14965.0,900,NRCell,Huawei
1696791600000,TAR015_01,VOLTE_CALL_SETUP_ATT,20.0,900,NRCell,Huawei
1696791600000,TAR015_01,VOLTE_CALL_SETUP_SUCC,20.0,900,NRCell,Huawei
1696791600000,TOL034_01,DCR_DEN,160.0,900,NRCell,Huawei
1696791600000,TOL034_01,DCR_NUM,0.0,900,NRCell,Huawei
1696791600000,TOL034_01,DROP_CALL_VOLTE_DEN,1.0,900,NRCell,Huawei
1696791600000,TOL034_01,DROP_CALL_VOLTE_NUM,0.0,900,NRCell,Huawei
1696791600000,TOL034_01,ERAB_SR_DEN,169.0,900,NRCell,Huawei
1696791600000,TOL034_01,ERAB_SR_NUM,169.0,900,NRCell,Huawei
1696791600000,TOL034_01,INTEGRITY_NGBR_QCI_9,2754066824.0,900,NRCell,Huawei
1696791600000,TOL034_01,INTRA_FREQUENCY_HO_OUT_ATT,18.0,900,NRCell,Huawei
1696791600000,TOL034_01,INTRA_FREQUENCY_HO_OUT_SUCC,18.0,900,NRCell,Huawei
1696791600000,TOL034_01,RRC_SETUP_ATT,139.0,900,NRCell,Huawei
1696791600000,TOL034_01,RRC_SETUP_SUCC,135.0,900,NRCell,Huawei
1696791600000,TOL034_01,S1SIG_Connection_Setup_SR_DEN,135.0,900,NRCell,Huawei
1696791600000,TOL034_01,S1SIG_Connection_Setup_SR_NUM,135.0,900,NRCell,Huawei
1696791600000,TOL034_01,SERVICE_LATENCY_OVER_AIR_INTERFACE_DEN,61628.0,900,NRCell,Huawei
1696791600000,TOL034_01,SERVICE_LATENCY_OVER_AIR_INTERFACE_NUM,98304.0,900,NRCell,Huawei
1696791600000,TOL034_01,VOICE_TRAFFIC,72.0,900,NRCell,Huawei
1696791600000,TOL034_01,VOLTE_CALL_SETUP_ATT,0.0,900,NRCell,Huawei
1696791600000,TOL034_01,VOLTE_CALL_SETUP_SUCC,0.0,900,NRCell,Huawei
1696791600000,VAL002_01,DCR_DEN,34.0,900,NRCell,Huawei
1696791600000,VAL002_01,DCR_NUM,0.0,900,NRCell,Huawei
1696791600000,VAL002_01,DROP_CALL_VOLTE_DEN,1.0,900,NRCell,Huawei
1696791600000,VAL002_01,DROP_CALL_VOLTE_NUM,0.0,900,NRCell,Huawei
1696791600000,VAL002_01,ERAB_SR_DEN,29.0,900,NRCell,Huawei
1696791600000,VAL002_01,ERAB_SR_NUM,29.0,900,NRCell,Huawei
1696791600000,VAL002_01,INTEGRITY_NGBR_QCI_9,676560288.0,900,NRCell,Huawei
1696791600000,VAL002_01,INTRA_FREQUENCY_HO_OUT_ATT,4.0,900,NRCell,Huawei
1696791600000,VAL002_01,INTRA_FREQUENCY_HO_OUT_SUCC,4.0,900,NRCell,Huawei
1696791600000,VAL002_01,RRC_SETUP_ATT,27.0,900,NRCell,Huawei
1696791600000,VAL002_01,RRC_SETUP_SUCC,27.0,900,NRCell,Huawei
1696791600000,VAL002_01,S1SIG_Connection_Setup_SR_DEN,27.0,900,NRCell,Huawei
1696791600000,VAL002_01,S1SIG_Connection_Setup_SR_NUM,27.0,900,NRCell,Huawei
1696791600000,VAL002_01,SERVICE_LATENCY_OVER_AIR_INTERFACE_DEN,25762.0,900,NRCell,Huawei
1696791600000,VAL002_01,SERVICE_LATENCY_OVER_AIR_INTERFACE_NUM,27131.0,900,NRCell,Huawei
1696791600000,VAL002_01,VOICE_TRAFFIC,121.0,900,NRCell,Huawei
1696791600000,VAL002_01,VOLTE_CALL_SETUP_ATT,0.0,900,NRCell,Huawei
1696791600000,VAL002_01,VOLTE_CALL_SETUP_SUCC,0.0,900,NRCell,Huawei
