startTime,neId,counterCode,counterValue,granularity,neType,vendorName
1696644900000,BCN014_01,DCR_DEN,2804.0,900,NRCell,Huawei
1696644900000,BCN014_01,DCR_NUM,9.0,900,NRCell,Huawei
1696644900000,BCN014_01,DROP_CALL_VOLTE_DEN,21.0,900,NRCell,Huawei
1696644900000,BCN014_01,DROP_CALL_VOLTE_NUM,0.0,900,NRCell,Huawei
1696644900000,BCN014_01,ERAB_SR_DEN,2777.0,900,NRCell,Huawei
1696644900000,BCN014_01,ERAB_SR_NUM,2775.0,900,NRCell,Huawei
1696644900000,BCN014_01,INTEGRITY_NGBR_QCI_9,14028016280.0,900,NRCell,Huawei
1696644900000,BCN014_01,INTRA_FREQUENCY_HO_OUT_ATT,288.0,900,NRCell,Huawei
1696644900000,BCN014_01,INTRA_FREQUENCY_HO_OUT_SUCC,288.0,900,NRCell,Huawei
1696644900000,BCN014_01,RRC_SETUP_ATT,1605.0,900,NRCell,Huawei
1696644900000,BCN014_01,RRC_SETUP_SUCC,1604.0,900,NRCell,Huawei
1696644900000,BCN014_01,S1SIG_Connection_Setup_SR_DEN,1603.0,900,NRCell,Huawei
1696644900000,BCN014_01,S1SIG_Connection_Setup_SR_NUM,1603.0,900,NRCell,Huawei
1696644900000,BCN014_01,SERVICE_LATENCY_OVER_AIR_INTERFACE_DEN,453503.0,900,NRCell,Huawei
1696644900000,BCN014_01,SERVICE_LATENCY_OVER_AIR_INTERFACE_NUM,863660.0,900,NRCell,Huawei
1696644900000,BCN014_01,VOICE_TRAFFIC,34105.0,900,NRCell,Huawei
1696644900000,BCN014_01,VOLTE_CALL_SETUP_ATT,18.0,900,NRCell,Huawei
1696644900000,BCN014_01,VOLTE_CALL_SETUP_SUCC,18.0,900,NRCell,Huawei
1696644900000,BIL001_01,DCR_DEN,2212.0,900,NRCell,Huawei
1696644900000,BIL001_01,DCR_NUM,0.0,900,NRCell,Huawei
1696644900000,BIL001_01,DROP_CALL_VOLTE_DEN,12.0,900,NRCell,Huawei
1696644900000,BIL001_01,DROP_CALL_VOLTE_NUM,0.0,900,NRCell,Huawei
1696644900000,BIL001_01,ERAB_SR_DEN,2262.0,900,NRCell,Huawei
1696644900000,BIL001_01,ERAB_SR_NUM,2259.0,900,NRCell,Huawei
1696644900000,BIL001_01,INTEGRITY_NGBR_QCI_9,15168147672.0,900,NRCell,Huawei
1696644900000,BIL001_01,INTRA_FREQUENCY_HO_OUT_ATT,237.0,900,NRCell,Huawei
1696644900000,BIL001_01,INTRA_FREQUENCY_HO_OUT_SUCC,237.0,900,NRCell,Huawei
1696644900000,BIL001_01,RRC_SETUP_ATT,1365.0,900,NRCell,Huawei
1696644900000,BIL001_01,RRC_SETUP_SUCC,1355.0,900,NRCell,Huawei
1696644900000,BIL001_01,S1SIG_Connection_Setup_SR_DEN,1356.0,900,NRCell,Huawei
1696644900000,BIL001_01,S1SIG_Connection_Setup_SR_NUM,1351.0,900,NRCell,Huawei
1696644900000,BIL001_01,SERVICE_LATENCY_OVER_AIR_INTERFACE_DEN,362114.0,900,NRCell,Huawei
1696644900000,BIL001_01,SERVICE_LATENCY_OVER_AIR_INTERFACE_NUM,631139.0,900,NRCell,Huawei
1696644900000,BIL001_01,VOICE_TRAFFIC,18792.0,900,NRCell,Huawei
1696644900000,BIL001_01,VOLTE_CALL_SETUP_ATT,16.0,900,NRCell,Huawei
1696644900000,BIL001_01,VOLTE_CALL_SETUP_SUCC,15.0,900,NRCell,Huawei
1696644900000,MAD033_01,DCR_DEN,1218.0,900,NRCell,Huawei
1696644900000,MAD033_01,DCR_NUM,0.0,900,NRCell,Huawei
1696644900000,MAD033_01,DROP_CALL_VOLTE_DEN,19.0,900,NRCell,Huawei
1696644900000,MAD033_01,DROP_CALL_VOLTE_NUM,0.0,900,NRCell,Huawei
1696644900000,MAD033_01,ERAB_SR_DEN,1191.0,900,NRCell,Huawei
1696644900000,MAD033_01,ERAB_SR_NUM,1191.0,900,NRCell,Huawei
1696644900000,MAD033_01,INTEGRITY_NGBR_QCI_9,6347878800.0,900,NRCell,Huawei
1696644900000,MAD033_01,INTRA_FREQUENCY_HO_OUT_ATT,122.0,900,NRCell,Huawei
1696644900000,MAD033_01,INTRA_FREQUENCY_HO_OUT_SUCC,122.0,900,NRCell,Huawei
1696644900000,MAD033_01,RRC_SETUP_ATT,696.0,900,NRCell,Huawei
1696644900000,MAD033_01,RRC_SETUP_SUCC,695.0,900,NRCell,Huawei
1696644900000,MAD033_01,S1SIG_Connection_Setup_SR_DEN,695.0,900,NRCell,Huawei
1696644900000,MAD033_01,S1SIG_Connection_Setup_SR_NUM,695.0,900,NRCell,Huawei
1696644900000,MAD033_01,SERVICE_LATENCY_OVER_AIR_INTERFACE_DEN,198552.0,900,NRCell,Huawei
1696644900000,MAD033_01,SERVICE_LATENCY_OVER_AIR_INTERFACE_NUM,234079.0,900,NRCell,Huawei
1696644900000,MAD033_01,VOICE_TRAFFIC,18214.0,900,NRCell,Huawei
1696644900000,MAD033_01,VOLTE_CALL_SETUP_ATT,20.0,900,NRCell,Huawei
1696644900000,MAD033_01,VOLTE_CALL_SETUP_SUCC,20.0,900,NRCell,Huawei
1696644900000,SAL030_01,DCR_DEN,159.0,900,NRCell,Huawei
1696644900000,SAL030_01,DCR_NUM,2.0,900,NRCell,Huawei
1696644900000,SAL030_01,DROP_CALL_VOLTE_DEN,3.0,900,NRCell,Huawei
1696644900000,SAL030_01,DROP_CALL_VOLTE_NUM,0.0,900,NRCell,Huawei
1696644900000,SAL030_01,ERAB_SR_DEN,164.0,900,NRCell,Huawei
1696644900000,SAL030_01,ERAB_SR_NUM,162.0,900,NRCell,Huawei
1696644900000,SAL030_01,INTEGRITY_NGBR_QCI_9,2186179944.0,900,NRCell,Huawei
1696644900000,SAL030_01,INTRA_FREQUENCY_HO_OUT_ATT,6.0,900,NRCell,Huawei
1696644900000,SAL030_01,INTRA_FREQUENCY_HO_OUT_SUCC,6.0,900,NRCell,Huawei
1696644900000,SAL030_01,RRC_SETUP_ATT,97.0,900,NRCell,Huawei
1696644900000,SAL030_01,RRC_SETUP_SUCC,97.0,900,NRCell,Huawei
1696644900000,SAL030_01,S1SIG_Connection_Setup_SR_DEN,97.0,900,NRCell,Huawei
1696644900000,SAL030_01,S1SIG_Connection_Setup_SR_NUM,97.0,900,NRCell,Huawei
1696644900000,SAL030_01,SERVICE_LATENCY_OVER_AIR_INTERFACE_DEN,46902.0,900,NRCell,Huawei
1696644900000,SAL030_01,SERVICE_LATENCY_OVER_AIR_INTERFACE_NUM,108496.0,900,NRCell,Huawei
1696644900000,SAL030_01,VOICE_TRAFFIC,132.0,900,NRCell,Huawei
1696644900000,SAL030_01,VOLTE_CALL_SETUP_ATT,2.0,900,NRCell,Huawei
1696644900000,SAL030_01,VOLTE_CALL_SETUP_SUCC,2.0,900,NRCell,Huawei
1696644900000,SEV001_01,DCR_DEN,1922.0,900,NRCell,Huawei
1696644900000,SEV001_01,DCR_NUM,4.0,900,NRCell,Huawei
1696644900000,SEV001_01,DROP_CALL_VOLTE_DEN,15.0,900,NRCell,Huawei
1696644900000,SEV001_01,DROP_CALL_VOLTE_NUM,0.0,900,NRCell,Huawei
1696644900000,SEV001_01,ERAB_SR_DEN,1902.0,900,NRCell,Huawei
1696644900000,SEV001_01,ERAB_SR_NUM,1898.0,900,NRCell,Huawei
1696644900000,SEV001_01,INTEGRITY_NGBR_QCI_9,9515607616.0,900,NRCell,Huawei
1696644900000,SEV001_01,INTRA_FREQUENCY_HO_OUT_ATT,86.0,900,NRCell,Huawei
1696644900000,SEV001_01,INTRA_FREQUENCY_HO_OUT_SUCC,86.0,900,NRCell,Huawei
1696644900000,SEV001_01,RRC_SETUP_ATT,1076.0,900,NRCell,Huawei
1696644900000,SEV001_01,RRC_SETUP_SUCC,1076.0,900,NRCell,Huawei
1696644900000,SEV001_01,S1SIG_Connection_Setup_SR_DEN,1076.0,900,NRCell,Huawei
1696644900000,SEV001_01,S1SIG_Connection_Setup_SR_NUM,1076.0,900,NRCell,Huawei
1696644900000,SEV001_01,SERVICE_LATENCY_OVER_AIR_INTERFACE_DEN,337855.0,900,NRCell,Huawei
1696644900000,SEV001_01,SERVICE_LATENCY_OVER_AIR_INTERFACE_NUM,802858.0,900,NRCell,Huawei
1696644900000,SEV001_01,VOICE_TRAFFIC,10688.0,900,NRCell,Huawei
1696644900000,SEV001_01,VOLTE_CALL_SETUP_ATT,10.0,900,NRCell,Huawei
1696644900000,SEV001_01,VOLTE_CALL_SETUP_SUCC,10.0,900,NRCell,Huawei
1696644900000,SNT002_01,DCR_DEN,1109.0,900,NRCell,Huawei
1696644900000,SNT002_01,DCR_NUM,0.0,900,NRCell,Huawei
1696644900000,SNT002_01,DROP_CALL_VOLTE_DEN,10.0,900,NRCell,Huawei
1696644900000,SNT002_01,DROP_CALL_VOLTE_NUM,0.0,900,NRCell,Huawei
1696644900000,SNT002_01,ERAB_SR_DEN,1142.0,900,NRCell,Huawei
1696644900000,SNT002_01,ERAB_SR_NUM,1141.0,900,NRCell,Huawei
1696644900000,SNT002_01,INTEGRITY_NGBR_QCI_9,6282981920.0,900,NRCell,Huawei
1696644900000,SNT002_01,INTRA_FREQUENCY_HO_OUT_ATT,107.0,900,NRCell,Huawei
1696644900000,SNT002_01,INTRA_FREQUENCY_HO_OUT_SUCC,107.0,900,NRCell,Huawei
1696644900000,SNT002_01,RRC_SETUP_ATT,662.0,900,NRCell,Huawei
1696644900000,SNT002_01,RRC_SETUP_SUCC,660.0,900,NRCell,Huawei
1696644900000,SNT002_01,S1SIG_Connection_Setup_SR_DEN,660.0,900,NRCell,Huawei
1696644900000,SNT002_01,S1SIG_Connection_Setup_SR_NUM,660.0,900,NRCell,Huawei
1696644900000,SNT002_01,SERVICE_LATENCY_OVER_AIR_INTERFACE_DEN,225405.0,900,NRCell,Huawei
1696644900000,SNT002_01,SERVICE_LATENCY_OVER_AIR_INTERFACE_NUM,259516.0,900,NRCell,Huawei
1696644900000,SNT002_01,VOICE_TRAFFIC,12348.0,900,NRCell,Huawei
1696644900000,SNT002_01,VOLTE_CALL_SETUP_ATT,9.0,900,NRCell,Huawei
1696644900000,SNT002_01,VOLTE_CALL_SETUP_SUCC,9.0,900,NRCell,Huawei
1696644900000,TAR015_01,DCR_DEN,2667.0,900,NRCell,Huawei
1696644900000,TAR015_01,DCR_NUM,9.0,900,NRCell,Huawei
1696644900000,TAR015_01,DROP_CALL_VOLTE_DEN,32.0,900,NRCell,Huawei
1696644900000,TAR015_01,DROP_CALL_VOLTE_NUM,1.0,900,NRCell,Huawei
1696644900000,TAR015_01,ERAB_SR_DEN,2626.0,900,NRCell,Huawei
1696644900000,TAR015_01,ERAB_SR_NUM,2626.0,900,NRCell,Huawei
1696644900000,TAR015_01,INTEGRITY_NGBR_QCI_9,13063641224.0,900,NRCell,Huawei
1696644900000,TAR015_01,INTRA_FREQUENCY_HO_OUT_ATT,102.0,900,NRCell,Huawei
1696644900000,TAR015_01,INTRA_FREQUENCY_HO_OUT_SUCC,102.0,900,NRCell,Huawei
1696644900000,TAR015_01,RRC_SETUP_ATT,1450.0,900,NRCell,Huawei
1696644900000,TAR015_01,RRC_SETUP_SUCC,1448.0,900,NRCell,Huawei
1696644900000,TAR015_01,S1SIG_Connection_Setup_SR_DEN,1448.0,900,NRCell,Huawei
1696644900000,TAR015_01,S1SIG_Connection_Setup_SR_NUM,1448.0,900,NRCell,Huawei
1696644900000,TAR015_01,SERVICE_LATENCY_OVER_AIR_INTERFACE_DEN,428345.0,900,NRCell,Huawei
1696644900000,TAR015_01,SERVICE_LATENCY_OVER_AIR_INTERFACE_NUM,1176885.0,900,NRCell,Huawei
1696644900000,TAR015_01,VOICE_TRAFFIC,40152.0,900,NRCell,Huawei
1696644900000,TAR015_01,VOLTE_CALL_SETUP_ATT,33.0,900,NRCell,Huawei
1696644900000,TAR015_01,VOLTE_CALL_SETUP_SUCC,33.0,900,NRCell,Huawei
1696644900000,TOL034_01,DCR_DEN,109.0,900,NRCell,Huawei
1696644900000,TOL034_01,DCR_NUM,0.0,900,NRCell,Huawei
1696644900000,TOL034_01,DROP_CALL_VOLTE_DEN,4.0,900,NRCell,Huawei
1696644900000,TOL034_01,DROP_CALL_VOLTE_NUM,0.0,900,NRCell,Huawei
1696644900000,TOL034_01,ERAB_SR_DEN,125.0,900,NRCell,Huawei
1696644900000,TOL034_01,ERAB_SR_NUM,125.0,900,NRCell,Huawei
1696644900000,TOL034_01,INTEGRITY_NGBR_QCI_9,2849314552.0,900,NRCell,Huawei
1696644900000,TOL034_01,INTRA_FREQUENCY_HO_OUT_ATT,17.0,900,NRCell,Huawei
1696644900000,TOL034_01,INTRA_FREQUENCY_HO_OUT_SUCC,17.0,900,NRCell,Huawei
1696644900000,TOL034_01,RRC_SETUP_ATT,90.0,900,NRCell,Huawei
1696644900000,TOL034_01,RRC_SETUP_SUCC,89.0,900,NRCell,Huawei
1696644900000,TOL034_01,S1SIG_Connection_Setup_SR_DEN,89.0,900,NRCell,Huawei
1696644900000,TOL034_01,S1SIG_Connection_Setup_SR_NUM,89.0,900,NRCell,Huawei
1696644900000,TOL034_01,SERVICE_LATENCY_OVER_AIR_INTERFACE_DEN,67558.0,900,NRCell,Huawei
1696644900000,TOL034_01,SERVICE_LATENCY_OVER_AIR_INTERFACE_NUM,102545.0,900,NRCell,Huawei
1696644900000,TOL034_01,VOICE_TRAFFIC,1090.0,900,NRCell,Huawei
1696644900000,TOL034_01,VOLTE_CALL_SETUP_ATT,4.0,900,NRCell,Huawei
1696644900000,TOL034_01,VOLTE_CALL_SETUP_SUCC,4.0,900,NRCell,Huawei
1696644900000,VAL002_01,DCR_DEN,100.0,900,NRCell,Huawei
1696644900000,VAL002_01,DCR_NUM,0.0,900,NRCell,Huawei
1696644900000,VAL002_01,DROP_CALL_VOLTE_DEN,0.0,900,NRCell,Huawei
1696644900000,VAL002_01,DROP_CALL_VOLTE_NUM,0.0,900,NRCell,Huawei
1696644900000,VAL002_01,ERAB_SR_DEN,97.0,900,NRCell,Huawei
1696644900000,VAL002_01,ERAB_SR_NUM,97.0,900,NRCell,Huawei
1696644900000,VAL002_01,INTEGRITY_NGBR_QCI_9,137814256.0,900,NRCell,Huawei
1696644900000,VAL002_01,INTRA_FREQUENCY_HO_OUT_ATT,3.0,900,NRCell,Huawei
1696644900000,VAL002_01,INTRA_FREQUENCY_HO_OUT_SUCC,3.0,900,NRCell,Huawei
1696644900000,VAL002_01,RRC_SETUP_ATT,65.0,900,NRCell,Huawei
1696644900000,VAL002_01,RRC_SETUP_SUCC,65.0,900,NRCell,Huawei
1696644900000,VAL002_01,S1SIG_Connection_Setup_SR_DEN,65.0,900,NRCell,Huawei
1696644900000,VAL002_01,S1SIG_Connection_Setup_SR_NUM,65.0,900,NRCell,Huawei
1696644900000,VAL002_01,SERVICE_LATENCY_OVER_AIR_INTERFACE_DEN,4544.0,900,NRCell,Huawei
1696644900000,VAL002_01,SERVICE_LATENCY_OVER_AIR_INTERFACE_NUM,6686.0,900,NRCell,Huawei
1696644900000,VAL002_01,VOICE_TRAFFIC,0.0,900,NRCell,Huawei
1696644900000,VAL002_01,VOLTE_CALL_SETUP_ATT,0.0,900,NRCell,Huawei
1696644900000,VAL002_01,VOLTE_CALL_SETUP_SUCC,0.0,900,NRCell,Huawei
