startTime,neId,counterCode,counterValue,granularity,neType,vendorName
1696803300000,BCN014_01,DCR_DEN,2193.0,900,NRCell,Huawei
1696803300000,BCN014_01,DCR_NUM,1.0,900,NRCell,Huawei
1696803300000,BCN014_01,DROP_CALL_VOLTE_DEN,16.0,900,NRCell,Huawei
1696803300000,BCN014_01,DROP_CALL_VOLTE_NUM,0.0,900,NRCell,Huawei
1696803300000,BCN014_01,ERAB_SR_DEN,2141.0,900,NRCell,Huawei
1696803300000,BCN014_01,ERAB_SR_NUM,2133.0,900,NRCell,Huawei
1696803300000,BCN014_01,INTEGRITY_NGBR_QCI_9,7793619656.0,900,NRCell,Huawei
1696803300000,BCN014_01,INTRA_FREQUENCY_HO_OUT_ATT,234.0,900,NRCell,Huawei
1696803300000,BCN014_01,INTRA_FREQUENCY_HO_OUT_SUCC,234.0,900,NRCell,Huawei
1696803300000,BCN014_01,RRC_SETUP_ATT,1313.0,900,NRCell,Huawei
1696803300000,BCN014_01,RRC_SETUP_SUCC,1309.0,900,NRCell,Huawei
1696803300000,BCN014_01,S1SIG_Connection_Setup_SR_DEN,1309.0,900,NRCell,Huawei
1696803300000,BCN014_01,S1SIG_Connection_Setup_SR_NUM,1308.0,900,NRCell,Huawei
1696803300000,BCN014_01,SERVICE_LATENCY_OVER_AIR_INTERFACE_DEN,280001.0,900,NRCell,Huawei
1696803300000,BCN014_01,SERVICE_LATENCY_OVER_AIR_INTERFACE_NUM,457918.0,900,NRCell,Huawei
1696803300000,BCN014_01,VOICE_TRAFFIC,19471.0,900,NRCell,Huawei
1696803300000,BCN014_01,VOLTE_CALL_SETUP_ATT,16.0,900,NRCell,Huawei
1696803300000,BCN014_01,VOLTE_CALL_SETUP_SUCC,16.0,900,NRCell,Huawei
1696803300000,BIL001_01,DCR_DEN,2079.0,900,NRCell,Huawei
1696803300000,BIL001_01,DCR_NUM,1.0,900,NRCell,Huawei
1696803300000,BIL001_01,DROP_CALL_VOLTE_DEN,19.0,900,NRCell,Huawei
1696803300000,BIL001_01,DROP_CALL_VOLTE_NUM,0.0,900,NRCell,Huawei
1696803300000,BIL001_01,ERAB_SR_DEN,2118.0,900,NRCell,Huawei
1696803300000,BIL001_01,ERAB_SR_NUM,2115.0,900,NRCell,Huawei
1696803300000,BIL001_01,INTEGRITY_NGBR_QCI_9,12183442584.0,900,NRCell,Huawei
1696803300000,BIL001_01,INTRA_FREQUENCY_HO_OUT_ATT,176.0,900,NRCell,Huawei
1696803300000,BIL001_01,INTRA_FREQUENCY_HO_OUT_SUCC,176.0,900,NRCell,Huawei
1696803300000,BIL001_01,RRC_SETUP_ATT,1339.0,900,NRCell,Huawei
1696803300000,BIL001_01,RRC_SETUP_SUCC,1332.0,900,NRCell,Huawei
1696803300000,BIL001_01,S1SIG_Connection_Setup_SR_DEN,1332.0,900,NRCell,Huawei
1696803300000,BIL001_01,S1SIG_Connection_Setup_SR_NUM,1328.0,900,NRCell,Huawei
1696803300000,BIL001_01,SERVICE_LATENCY_OVER_AIR_INTERFACE_DEN,375644.0,900,NRCell,Huawei
1696803300000,BIL001_01,SERVICE_LATENCY_OVER_AIR_INTERFACE_NUM,647218.0,900,NRCell,Huawei
1696803300000,BIL001_01,VOICE_TRAFFIC,18253.0,900,NRCell,Huawei
1696803300000,BIL001_01,VOLTE_CALL_SETUP_ATT,17.0,900,NRCell,Huawei
1696803300000,BIL001_01,VOLTE_CALL_SETUP_SUCC,17.0,900,NRCell,Huawei
1696803300000,MAD033_01,DCR_DEN,789.0,900,NRCell,Huawei
1696803300000,MAD033_01,DCR_NUM,0.0,900,NRCell,Huawei
1696803300000,MAD033_01,DROP_CALL_VOLTE_DEN,9.0,900,NRCell,Huawei
1696803300000,MAD033_01,DROP_CALL_VOLTE_NUM,0.0,900,NRCell,Huawei
1696803300000,MAD033_01,ERAB_SR_DEN,808.0,900,NRCell,Huawei
1696803300000,MAD033_01,ERAB_SR_NUM,808.0,900,NRCell,Huawei
1696803300000,MAD033_01,INTEGRITY_NGBR_QCI_9,5758382624.0,900,NRCell,Huawei
1696803300000,MAD033_01,INTRA_FREQUENCY_HO_OUT_ATT,92.0,900,NRCell,Huawei
1696803300000,MAD033_01,INTRA_FREQUENCY_HO_OUT_SUCC,92.0,900,NRCell,Huawei
1696803300000,MAD033_01,RRC_SETUP_ATT,494.0,900,NRCell,Huawei
1696803300000,MAD033_01,RRC_SETUP_SUCC,493.0,900,NRCell,Huawei
1696803300000,MAD033_01,S1SIG_Connection_Setup_SR_DEN,493.0,900,NRCell,Huawei
1696803300000,MAD033_01,S1SIG_Connection_Setup_SR_NUM,493.0,900,NRCell,Huawei
1696803300000,MAD033_01,SERVICE_LATENCY_OVER_AIR_INTERFACE_DEN,113974.0,900,NRCell,Huawei
1696803300000,MAD033_01,SERVICE_LATENCY_OVER_AIR_INTERFACE_NUM,154026.0,900,NRCell,Huawei
1696803300000,MAD033_01,VOICE_TRAFFIC,4482.0,900,NRCell,Huawei
1696803300000,MAD033_01,VOLTE_CALL_SETUP_ATT,11.0,900,NRCell,Huawei
1696803300000,MAD033_01,VOLTE_CALL_SETUP_SUCC,11.0,900,NRCell,Huawei
1696803300000,SAL030_01,DCR_DEN,174.0,900,NRCell,Huawei
1696803300000,SAL030_01,DCR_NUM,0.0,900,NRCell,Huawei
1696803300000,SAL030_01,DROP_CALL_VOLTE_DEN,1.0,900,NRCell,Huawei
1696803300000,SAL030_01,DROP_CALL_VOLTE_NUM,0.0,900,NRCell,Huawei
1696803300000,SAL030_01,ERAB_SR_DEN,186.0,900,NRCell,Huawei
1696803300000,SAL030_01,ERAB_SR_NUM,186.0,900,NRCell,Huawei
1696803300000,SAL030_01,INTEGRITY_NGBR_QCI_9,3141854864.0,900,NRCell,Huawei
1696803300000,SAL030_01,INTRA_FREQUENCY_HO_OUT_ATT,9.0,900,NRCell,Huawei
1696803300000,SAL030_01,INTRA_FREQUENCY_HO_OUT_SUCC,9.0,900,NRCell,Huawei
1696803300000,SAL030_01,RRC_SETUP_ATT,115.0,900,NRCell,Huawei
1696803300000,SAL030_01,RRC_SETUP_SUCC,114.0,900,NRCell,Huawei
1696803300000,SAL030_01,S1SIG_Connection_Setup_SR_DEN,114.0,900,NRCell,Huawei
1696803300000,SAL030_01,S1SIG_Connection_Setup_SR_NUM,114.0,900,NRCell,Huawei
1696803300000,SAL030_01,SERVICE_LATENCY_OVER_AIR_INTERFACE_DEN,64696.0,900,NRCell,Huawei
1696803300000,SAL030_01,SERVICE_LATENCY_OVER_AIR_INTERFACE_NUM,121928.0,900,NRCell,Huawei
1696803300000,SAL030_01,VOICE_TRAFFIC,2544.0,900,NRCell,Huawei
1696803300000,SAL030_01,VOLTE_CALL_SETUP_ATT,4.0,900,NRCell,Huawei
1696803300000,SAL030_01,VOLTE_CALL_SETUP_SUCC,4.0,900,NRCell,Huawei
1696803300000,SEV001_01,DCR_DEN,2652.0,900,NRCell,Huawei
1696803300000,SEV001_01,DCR_NUM,4.0,900,NRCell,Huawei
1696803300000,SEV001_01,DROP_CALL_VOLTE_DEN,33.0,900,NRCell,Huawei
1696803300000,SEV001_01,DROP_CALL_VOLTE_NUM,0.0,900,NRCell,Huawei
1696803300000,SEV001_01,ERAB_SR_DEN,2630.0,900,NRCell,Huawei
1696803300000,SEV001_01,ERAB_SR_NUM,2630.0,900,NRCell,Huawei
1696803300000,SEV001_01,INTEGRITY_NGBR_QCI_9,11605957408.0,900,NRCell,Huawei
1696803300000,SEV001_01,INTRA_FREQUENCY_HO_OUT_ATT,91.0,900,NRCell,Huawei
1696803300000,SEV001_01,INTRA_FREQUENCY_HO_OUT_SUCC,91.0,900,NRCell,Huawei
1696803300000,SEV001_01,RRC_SETUP_ATT,1416.0,900,NRCell,Huawei
1696803300000,SEV001_01,RRC_SETUP_SUCC,1416.0,900,NRCell,Huawei
1696803300000,SEV001_01,S1SIG_Connection_Setup_SR_DEN,1416.0,900,NRCell,Huawei
1696803300000,SEV001_01,S1SIG_Connection_Setup_SR_NUM,1416.0,900,NRCell,Huawei
1696803300000,SEV001_01,SERVICE_LATENCY_OVER_AIR_INTERFACE_DEN,536591.0,900,NRCell,Huawei
1696803300000,SEV001_01,SERVICE_LATENCY_OVER_AIR_INTERFACE_NUM,2286831.0,900,NRCell,Huawei
1696803300000,SEV001_01,VOICE_TRAFFIC,43244.0,900,NRCell,Huawei
1696803300000,SEV001_01,VOLTE_CALL_SETUP_ATT,32.0,900,NRCell,Huawei
1696803300000,SEV001_01,VOLTE_CALL_SETUP_SUCC,32.0,900,NRCell,Huawei
1696803300000,SNT002_01,DCR_DEN,930.0,900,NRCell,Huawei
1696803300000,SNT002_01,DCR_NUM,0.0,900,NRCell,Huawei
1696803300000,SNT002_01,DROP_CALL_VOLTE_DEN,6.0,900,NRCell,Huawei
1696803300000,SNT002_01,DROP_CALL_VOLTE_NUM,0.0,900,NRCell,Huawei
1696803300000,SNT002_01,ERAB_SR_DEN,973.0,900,NRCell,Huawei
1696803300000,SNT002_01,ERAB_SR_NUM,973.0,900,NRCell,Huawei
1696803300000,SNT002_01,INTEGRITY_NGBR_QCI_9,3396414552.0,900,NRCell,Huawei
1696803300000,SNT002_01,INTRA_FREQUENCY_HO_OUT_ATT,66.0,900,NRCell,Huawei
1696803300000,SNT002_01,INTRA_FREQUENCY_HO_OUT_SUCC,66.0,900,NRCell,Huawei
1696803300000,SNT002_01,RRC_SETUP_ATT,579.0,900,NRCell,Huawei
1696803300000,SNT002_01,RRC_SETUP_SUCC,578.0,900,NRCell,Huawei
1696803300000,SNT002_01,S1SIG_Connection_Setup_SR_DEN,578.0,900,NRCell,Huawei
1696803300000,SNT002_01,S1SIG_Connection_Setup_SR_NUM,578.0,900,NRCell,Huawei
1696803300000,SNT002_01,SERVICE_LATENCY_OVER_AIR_INTERFACE_DEN,76000.0,900,NRCell,Huawei
1696803300000,SNT002_01,SERVICE_LATENCY_OVER_AIR_INTERFACE_NUM,89599.0,900,NRCell,Huawei
1696803300000,SNT002_01,VOICE_TRAFFIC,4818.0,900,NRCell,Huawei
1696803300000,SNT002_01,VOLTE_CALL_SETUP_ATT,5.0,900,NRCell,Huawei
1696803300000,SNT002_01,VOLTE_CALL_SETUP_SUCC,5.0,900,NRCell,Huawei
1696803300000,TAR015_01,DCR_DEN,2877.0,900,NRCell,Huawei
1696803300000,TAR015_01,DCR_NUM,2.0,900,NRCell,Huawei
1696803300000,TAR015_01,DROP_CALL_VOLTE_DEN,17.0,900,NRCell,Huawei
1696803300000,TAR015_01,DROP_CALL_VOLTE_NUM,0.0,900,NRCell,Huawei
1696803300000,TAR015_01,ERAB_SR_DEN,2848.0,900,NRCell,Huawei
1696803300000,TAR015_01,ERAB_SR_NUM,2846.0,900,NRCell,Huawei
1696803300000,TAR015_01,INTEGRITY_NGBR_QCI_9,13089901440.0,900,NRCell,Huawei
1696803300000,TAR015_01,INTRA_FREQUENCY_HO_OUT_ATT,128.0,900,NRCell,Huawei
1696803300000,TAR015_01,INTRA_FREQUENCY_HO_OUT_SUCC,128.0,900,NRCell,Huawei
1696803300000,TAR015_01,RRC_SETUP_ATT,1607.0,900,NRCell,Huawei
1696803300000,TAR015_01,RRC_SETUP_SUCC,1607.0,900,NRCell,Huawei
1696803300000,TAR015_01,S1SIG_Connection_Setup_SR_DEN,1607.0,900,NRCell,Huawei
1696803300000,TAR015_01,S1SIG_Connection_Setup_SR_NUM,1606.0,900,NRCell,Huawei
1696803300000,TAR015_01,SERVICE_LATENCY_OVER_AIR_INTERFACE_DEN,392546.0,900,NRCell,Huawei
1696803300000,TAR015_01,SERVICE_LATENCY_OVER_AIR_INTERFACE_NUM,1650427.0,900,NRCell,Huawei
1696803300000,TAR015_01,VOICE_TRAFFIC,25257.0,900,NRCell,Huawei
1696803300000,TAR015_01,VOLTE_CALL_SETUP_ATT,16.0,900,NRCell,Huawei
1696803300000,TAR015_01,VOLTE_CALL_SETUP_SUCC,16.0,900,NRCell,Huawei
1696803300000,TOL034_01,DCR_DEN,149.0,900,NRCell,Huawei
1696803300000,TOL034_01,DCR_NUM,2.0,900,NRCell,Huawei
1696803300000,TOL034_01,DROP_CALL_VOLTE_DEN,1.0,900,NRCell,Huawei
1696803300000,TOL034_01,DROP_CALL_VOLTE_NUM,0.0,900,NRCell,Huawei
1696803300000,TOL034_01,ERAB_SR_DEN,118.0,900,NRCell,Huawei
1696803300000,TOL034_01,ERAB_SR_NUM,118.0,900,NRCell,Huawei
1696803300000,TOL034_01,INTEGRITY_NGBR_QCI_9,4180828616.0,900,NRCell,Huawei
1696803300000,TOL034_01,INTRA_FREQUENCY_HO_OUT_ATT,17.0,900,NRCell,Huawei
1696803300000,TOL034_01,INTRA_FREQUENCY_HO_OUT_SUCC,17.0,900,NRCell,Huawei
1696803300000,TOL034_01,RRC_SETUP_ATT,86.0,900,NRCell,Huawei
1696803300000,TOL034_01,RRC_SETUP_SUCC,86.0,900,NRCell,Huawei
1696803300000,TOL034_01,S1SIG_Connection_Setup_SR_DEN,86.0,900,NRCell,Huawei
1696803300000,TOL034_01,S1SIG_Connection_Setup_SR_NUM,85.0,900,NRCell,Huawei
1696803300000,TOL034_01,SERVICE_LATENCY_OVER_AIR_INTERFACE_DEN,97818.0,900,NRCell,Huawei
1696803300000,TOL034_01,SERVICE_LATENCY_OVER_AIR_INTERFACE_NUM,158691.0,900,NRCell,Huawei
1696803300000,TOL034_01,VOICE_TRAFFIC,1026.0,900,NRCell,Huawei
1696803300000,TOL034_01,VOLTE_CALL_SETUP_ATT,0.0,900,NRCell,Huawei
1696803300000,TOL034_01,VOLTE_CALL_SETUP_SUCC,0.0,900,NRCell,Huawei
1696803300000,VAL002_01,DCR_DEN,36.0,900,NRCell,Huawei
1696803300000,VAL002_01,DCR_NUM,0.0,900,NRCell,Huawei
1696803300000,VAL002_01,DROP_CALL_VOLTE_DEN,0.0,900,NRCell,Huawei
1696803300000,VAL002_01,DROP_CALL_VOLTE_NUM,0.0,900,NRCell,Huawei
1696803300000,VAL002_01,ERAB_SR_DEN,46.0,900,NRCell,Huawei
1696803300000,VAL002_01,ERAB_SR_NUM,46.0,900,NRCell,Huawei
1696803300000,VAL002_01,INTEGRITY_NGBR_QCI_9,7969000.0,900,NRCell,Huawei
1696803300000,VAL002_01,INTRA_FREQUENCY_HO_OUT_ATT,5.0,900,NRCell,Huawei
1696803300000,VAL002_01,INTRA_FREQUENCY_HO_OUT_SUCC,5.0,900,NRCell,Huawei
1696803300000,VAL002_01,RRC_SETUP_ATT,35.0,900,NRCell,Huawei
1696803300000,VAL002_01,RRC_SETUP_SUCC,35.0,900,NRCell,Huawei
1696803300000,VAL002_01,S1SIG_Connection_Setup_SR_DEN,35.0,900,NRCell,Huawei
1696803300000,VAL002_01,S1SIG_Connection_Setup_SR_NUM,35.0,900,NRCell,Huawei
1696803300000,VAL002_01,SERVICE_LATENCY_OVER_AIR_INTERFACE_DEN,479.0,900,NRCell,Huawei
1696803300000,VAL002_01,SERVICE_LATENCY_OVER_AIR_INTERFACE_NUM,934.0,900,NRCell,Huawei
1696803300000,VAL002_01,VOICE_TRAFFIC,0.0,900,NRCell,Huawei
1696803300000,VAL002_01,VOLTE_CALL_SETUP_ATT,0.0,900,NRCell,Huawei
1696803300000,VAL002_01,VOLTE_CALL_SETUP_SUCC,0.0,900,NRCell,Huawei
