startTime,neId,counterCode,counterValue,granularity,neType,vendorName
1696514400000,BCN014_01,DCR_DEN,3807.0,900,NRCell,Huawei
1696514400000,BCN014_01,DCR_NUM,0.0,900,NRCell,Huawei
1696514400000,BCN014_01,DROP_CALL_VOLTE_DEN,28.0,900,NRCell,Huawei
1696514400000,BCN014_01,DROP_CALL_VOLTE_NUM,0.0,900,NRCell,Huawei
1696514400000,BCN014_01,ERAB_SR_DEN,3790.0,900,NRCell,Huawei
1696514400000,BCN014_01,ERAB_SR_NUM,3784.0,900,NRCell,Huawei
1696514400000,BCN014_01,INTEGRITY_NGBR_QCI_9,10593560400.0,900,NRCell,Huawei
1696514400000,BCN014_01,INTRA_FREQUENCY_HO_OUT_ATT,284.0,900,NRCell,Huawei
1696514400000,BCN014_01,INTRA_FREQUENCY_HO_OUT_SUCC,284.0,900,NRCell,Huawei
1696514400000,BCN014_01,RRC_SETUP_ATT,2204.0,900,NRCell,Huawei
1696514400000,BCN014_01,RRC_SETUP_SUCC,2200.0,900,NRCell,Huawei
1696514400000,BCN014_01,S1SIG_Connection_Setup_SR_DEN,2201.0,900,NRCell,Huawei
1696514400000,BCN014_01,S1SIG_Connection_Setup_SR_NUM,2201.0,900,NRCell,Huawei
1696514400000,BCN014_01,SERVICE_LATENCY_OVER_AIR_INTERFACE_DEN,323696.0,900,NRCell,Huawei
1696514400000,BCN014_01,SERVICE_LATENCY_OVER_AIR_INTERFACE_NUM,489755.0,900,NRCell,Huawei
1696514400000,BCN014_01,VOICE_TRAFFIC,29426.0,900,NRCell,Huawei
1696514400000,BCN014_01,VOLTE_CALL_SETUP_ATT,28.0,900,NRCell,Huawei
1696514400000,BCN014_01,VOLTE_CALL_SETUP_SUCC,28.0,900,NRCell,Huawei
1696514400000,BIL001_01,DCR_DEN,3365.0,900,NRCell,Huawei
1696514400000,BIL001_01,DCR_NUM,2.0,900,NRCell,Huawei
1696514400000,BIL001_01,DROP_CALL_VOLTE_DEN,24.0,900,NRCell,Huawei
1696514400000,BIL001_01,DROP_CALL_VOLTE_NUM,0.0,900,NRCell,Huawei
1696514400000,BIL001_01,ERAB_SR_DEN,3419.0,900,NRCell,Huawei
1696514400000,BIL001_01,ERAB_SR_NUM,3416.0,900,NRCell,Huawei
1696514400000,BIL001_01,INTEGRITY_NGBR_QCI_9,11652339384.0,900,NRCell,Huawei
1696514400000,BIL001_01,INTRA_FREQUENCY_HO_OUT_ATT,194.0,900,NRCell,Huawei
1696514400000,BIL001_01,INTRA_FREQUENCY_HO_OUT_SUCC,194.0,900,NRCell,Huawei
1696514400000,BIL001_01,RRC_SETUP_ATT,1894.0,900,NRCell,Huawei
1696514400000,BIL001_01,RRC_SETUP_SUCC,1885.0,900,NRCell,Huawei
1696514400000,BIL001_01,S1SIG_Connection_Setup_SR_DEN,1885.0,900,NRCell,Huawei
1696514400000,BIL001_01,S1SIG_Connection_Setup_SR_NUM,1885.0,900,NRCell,Huawei
1696514400000,BIL001_01,SERVICE_LATENCY_OVER_AIR_INTERFACE_DEN,318262.0,900,NRCell,Huawei
1696514400000,BIL001_01,SERVICE_LATENCY_OVER_AIR_INTERFACE_NUM,478932.0,900,NRCell,Huawei
1696514400000,BIL001_01,VOICE_TRAFFIC,19059.0,900,NRCell,Huawei
1696514400000,BIL001_01,VOLTE_CALL_SETUP_ATT,25.0,900,NRCell,Huawei
1696514400000,BIL001_01,VOLTE_CALL_SETUP_SUCC,25.0,900,NRCell,Huawei
1696514400000,MAD033_01,DCR_DEN,2839.0,900,NRCell,Huawei
1696514400000,MAD033_01,DCR_NUM,4.0,900,NRCell,Huawei
1696514400000,MAD033_01,DROP_CALL_VOLTE_DEN,31.0,900,NRCell,Huawei
1696514400000,MAD033_01,DROP_CALL_VOLTE_NUM,0.0,900,NRCell,Huawei
1696514400000,MAD033_01,ERAB_SR_DEN,2749.0,900,NRCell,Huawei
1696514400000,MAD033_01,ERAB_SR_NUM,2747.0,900,NRCell,Huawei
1696514400000,MAD033_01,INTEGRITY_NGBR_QCI_9,7935889152.0,900,NRCell,Huawei
1696514400000,MAD033_01,INTRA_FREQUENCY_HO_OUT_ATT,201.0,900,NRCell,Huawei
1696514400000,MAD033_01,INTRA_FREQUENCY_HO_OUT_SUCC,201.0,900,NRCell,Huawei
1696514400000,MAD033_01,RRC_SETUP_ATT,1626.0,900,NRCell,Huawei
1696514400000,MAD033_01,RRC_SETUP_SUCC,1624.0,900,NRCell,Huawei
1696514400000,MAD033_01,S1SIG_Connection_Setup_SR_DEN,1623.0,900,NRCell,Huawei
1696514400000,MAD033_01,S1SIG_Connection_Setup_SR_NUM,1623.0,900,NRCell,Huawei
1696514400000,MAD033_01,SERVICE_LATENCY_OVER_AIR_INTERFACE_DEN,209984.0,900,NRCell,Huawei
1696514400000,MAD033_01,SERVICE_LATENCY_OVER_AIR_INTERFACE_NUM,300935.0,900,NRCell,Huawei
1696514400000,MAD033_01,VOICE_TRAFFIC,22457.0,900,NRCell,Huawei
1696514400000,MAD033_01,VOLTE_CALL_SETUP_ATT,31.0,900,NRCell,Huawei
1696514400000,MAD033_01,VOLTE_CALL_SETUP_SUCC,31.0,900,NRCell,Huawei
1696514400000,SAL030_01,DCR_DEN,344.0,900,NRCell,Huawei
1696514400000,SAL030_01,DCR_NUM,0.0,900,NRCell,Huawei
1696514400000,SAL030_01,DROP_CALL_VOLTE_DEN,3.0,900,NRCell,Huawei
1696514400000,SAL030_01,DROP_CALL_VOLTE_NUM,0.0,900,NRCell,Huawei
1696514400000,SAL030_01,ERAB_SR_DEN,350.0,900,NRCell,Huawei
1696514400000,SAL030_01,ERAB_SR_NUM,349.0,900,NRCell,Huawei
1696514400000,SAL030_01,INTEGRITY_NGBR_QCI_9,1833091144.0,900,NRCell,Huawei
1696514400000,SAL030_01,INTRA_FREQUENCY_HO_OUT_ATT,10.0,900,NRCell,Huawei
1696514400000,SAL030_01,INTRA_FREQUENCY_HO_OUT_SUCC,10.0,900,NRCell,Huawei
1696514400000,SAL030_01,RRC_SETUP_ATT,193.0,900,NRCell,Huawei
1696514400000,SAL030_01,RRC_SETUP_SUCC,193.0,900,NRCell,Huawei
1696514400000,SAL030_01,S1SIG_Connection_Setup_SR_DEN,193.0,900,NRCell,Huawei
1696514400000,SAL030_01,S1SIG_Connection_Setup_SR_NUM,193.0,900,NRCell,Huawei
1696514400000,SAL030_01,SERVICE_LATENCY_OVER_AIR_INTERFACE_DEN,31455.0,900,NRCell,Huawei
1696514400000,SAL030_01,SERVICE_LATENCY_OVER_AIR_INTERFACE_NUM,41713.0,900,NRCell,Huawei
1696514400000,SAL030_01,VOICE_TRAFFIC,565.0,900,NRCell,Huawei
1696514400000,SAL030_01,VOLTE_CALL_SETUP_ATT,4.0,900,NRCell,Huawei
1696514400000,SAL030_01,VOLTE_CALL_SETUP_SUCC,4.0,900,NRCell,Huawei
1696514400000,SEV001_01,DCR_DEN,3203.0,900,NRCell,Huawei
1696514400000,SEV001_01,DCR_NUM,6.0,900,NRCell,Huawei
1696514400000,SEV001_01,DROP_CALL_VOLTE_DEN,24.0,900,NRCell,Huawei
1696514400000,SEV001_01,DROP_CALL_VOLTE_NUM,0.0,900,NRCell,Huawei
1696514400000,SEV001_01,ERAB_SR_DEN,3261.0,900,NRCell,Huawei
1696514400000,SEV001_01,ERAB_SR_NUM,3261.0,900,NRCell,Huawei
1696514400000,SEV001_01,INTEGRITY_NGBR_QCI_9,13061058856.0,900,NRCell,Huawei
1696514400000,SEV001_01,INTRA_FREQUENCY_HO_OUT_ATT,130.0,900,NRCell,Huawei
1696514400000,SEV001_01,INTRA_FREQUENCY_HO_OUT_SUCC,130.0,900,NRCell,Huawei
1696514400000,SEV001_01,RRC_SETUP_ATT,1768.0,900,NRCell,Huawei
1696514400000,SEV001_01,RRC_SETUP_SUCC,1767.0,900,NRCell,Huawei
1696514400000,SEV001_01,S1SIG_Connection_Setup_SR_DEN,1767.0,900,NRCell,Huawei
1696514400000,SEV001_01,S1SIG_Connection_Setup_SR_NUM,1767.0,900,NRCell,Huawei
1696514400000,SEV001_01,SERVICE_LATENCY_OVER_AIR_INTERFACE_DEN,277033.0,900,NRCell,Huawei
1696514400000,SEV001_01,SERVICE_LATENCY_OVER_AIR_INTERFACE_NUM,541998.0,900,NRCell,Huawei
1696514400000,SEV001_01,VOICE_TRAFFIC,15052.0,900,NRCell,Huawei
1696514400000,SEV001_01,VOLTE_CALL_SETUP_ATT,27.0,900,NRCell,Huawei
1696514400000,SEV001_01,VOLTE_CALL_SETUP_SUCC,27.0,900,NRCell,Huawei
1696514400000,SNT002_01,DCR_DEN,2639.0,900,NRCell,Huawei
1696514400000,SNT002_01,DCR_NUM,0.0,900,NRCell,Huawei
1696514400000,SNT002_01,DROP_CALL_VOLTE_DEN,31.0,900,NRCell,Huawei
1696514400000,SNT002_01,DROP_CALL_VOLTE_NUM,0.0,900,NRCell,Huawei
1696514400000,SNT002_01,ERAB_SR_DEN,2719.0,900,NRCell,Huawei
1696514400000,SNT002_01,ERAB_SR_NUM,2719.0,900,NRCell,Huawei
1696514400000,SNT002_01,INTEGRITY_NGBR_QCI_9,9026970704.0,900,NRCell,Huawei
1696514400000,SNT002_01,INTRA_FREQUENCY_HO_OUT_ATT,162.0,900,NRCell,Huawei
1696514400000,SNT002_01,INTRA_FREQUENCY_HO_OUT_SUCC,162.0,900,NRCell,Huawei
1696514400000,SNT002_01,RRC_SETUP_ATT,1498.0,900,NRCell,Huawei
1696514400000,SNT002_01,RRC_SETUP_SUCC,1492.0,900,NRCell,Huawei
1696514400000,SNT002_01,S1SIG_Connection_Setup_SR_DEN,1492.0,900,NRCell,Huawei
1696514400000,SNT002_01,S1SIG_Connection_Setup_SR_NUM,1492.0,900,NRCell,Huawei
1696514400000,SNT002_01,SERVICE_LATENCY_OVER_AIR_INTERFACE_DEN,197971.0,900,NRCell,Huawei
1696514400000,SNT002_01,SERVICE_LATENCY_OVER_AIR_INTERFACE_NUM,269324.0,900,NRCell,Huawei
1696514400000,SNT002_01,VOICE_TRAFFIC,14738.0,900,NRCell,Huawei
1696514400000,SNT002_01,VOLTE_CALL_SETUP_ATT,32.0,900,NRCell,Huawei
1696514400000,SNT002_01,VOLTE_CALL_SETUP_SUCC,32.0,900,NRCell,Huawei
1696514400000,TAR015_01,DCR_DEN,3790.0,900,NRCell,Huawei
1696514400000,TAR015_01,DCR_NUM,9.0,900,NRCell,Huawei
1696514400000,TAR015_01,DROP_CALL_VOLTE_DEN,23.0,900,NRCell,Huawei
1696514400000,TAR015_01,DROP_CALL_VOLTE_NUM,0.0,900,NRCell,Huawei
1696514400000,TAR015_01,ERAB_SR_DEN,3696.0,900,NRCell,Huawei
1696514400000,TAR015_01,ERAB_SR_NUM,3696.0,900,NRCell,Huawei
1696514400000,TAR015_01,INTEGRITY_NGBR_QCI_9,11358405536.0,900,NRCell,Huawei
1696514400000,TAR015_01,INTRA_FREQUENCY_HO_OUT_ATT,178.0,900,NRCell,Huawei
1696514400000,TAR015_01,INTRA_FREQUENCY_HO_OUT_SUCC,178.0,900,NRCell,Huawei
1696514400000,TAR015_01,RRC_SETUP_ATT,2040.0,900,NRCell,Huawei
1696514400000,TAR015_01,RRC_SETUP_SUCC,2040.0,900,NRCell,Huawei
1696514400000,TAR015_01,S1SIG_Connection_Setup_SR_DEN,2040.0,900,NRCell,Huawei
1696514400000,TAR015_01,S1SIG_Connection_Setup_SR_NUM,2040.0,900,NRCell,Huawei
1696514400000,TAR015_01,SERVICE_LATENCY_OVER_AIR_INTERFACE_DEN,354123.0,900,NRCell,Huawei
1696514400000,TAR015_01,SERVICE_LATENCY_OVER_AIR_INTERFACE_NUM,537807.0,900,NRCell,Huawei
1696514400000,TAR015_01,VOICE_TRAFFIC,11702.0,900,NRCell,Huawei
1696514400000,TAR015_01,VOLTE_CALL_SETUP_ATT,25.0,900,NRCell,Huawei
1696514400000,TAR015_01,VOLTE_CALL_SETUP_SUCC,25.0,900,NRCell,Huawei
1696514400000,TOL034_01,DCR_DEN,104.0,900,NRCell,Huawei
1696514400000,TOL034_01,DCR_NUM,0.0,900,NRCell,Huawei
1696514400000,TOL034_01,DROP_CALL_VOLTE_DEN,0.0,900,NRCell,Huawei
1696514400000,TOL034_01,DROP_CALL_VOLTE_NUM,0.0,900,NRCell,Huawei
1696514400000,TOL034_01,ERAB_SR_DEN,108.0,900,NRCell,Huawei
1696514400000,TOL034_01,ERAB_SR_NUM,108.0,900,NRCell,Huawei
1696514400000,TOL034_01,INTEGRITY_NGBR_QCI_9,2244670440.0,900,NRCell,Huawei
1696514400000,TOL034_01,INTRA_FREQUENCY_HO_OUT_ATT,7.0,900,NRCell,Huawei
1696514400000,TOL034_01,INTRA_FREQUENCY_HO_OUT_SUCC,7.0,900,NRCell,Huawei
1696514400000,TOL034_01,RRC_SETUP_ATT,68.0,900,NRCell,Huawei
1696514400000,TOL034_01,RRC_SETUP_SUCC,67.0,900,NRCell,Huawei
1696514400000,TOL034_01,S1SIG_Connection_Setup_SR_DEN,67.0,900,NRCell,Huawei
1696514400000,TOL034_01,S1SIG_Connection_Setup_SR_NUM,67.0,900,NRCell,Huawei
1696514400000,TOL034_01,SERVICE_LATENCY_OVER_AIR_INTERFACE_DEN,74622.0,900,NRCell,Huawei
1696514400000,TOL034_01,SERVICE_LATENCY_OVER_AIR_INTERFACE_NUM,103182.0,900,NRCell,Huawei
1696514400000,TOL034_01,VOICE_TRAFFIC,1276.0,900,NRCell,Huawei
1696514400000,TOL034_01,VOLTE_CALL_SETUP_ATT,1.0,900,NRCell,Huawei
1696514400000,TOL034_01,VOLTE_CALL_SETUP_SUCC,1.0,900,NRCell,Huawei
1696514400000,VAL002_01,DCR_DEN,150.0,900,NRCell,Huawei
1696514400000,VAL002_01,DCR_NUM,0.0,900,NRCell,Huawei
1696514400000,VAL002_01,DROP_CALL_VOLTE_DEN,2.0,900,NRCell,Huawei
1696514400000,VAL002_01,DROP_CALL_VOLTE_NUM,0.0,900,NRCell,Huawei
1696514400000,VAL002_01,ERAB_SR_DEN,144.0,900,NRCell,Huawei
1696514400000,VAL002_01,ERAB_SR_NUM,143.0,900,NRCell,Huawei
1696514400000,VAL002_01,INTEGRITY_NGBR_QCI_9,154810656.0,900,NRCell,Huawei
1696514400000,VAL002_01,INTRA_FREQUENCY_HO_OUT_ATT,9.0,900,NRCell,Huawei
1696514400000,VAL002_01,INTRA_FREQUENCY_HO_OUT_SUCC,9.0,900,NRCell,Huawei
1696514400000,VAL002_01,RRC_SETUP_ATT,93.0,900,NRCell,Huawei
1696514400000,VAL002_01,RRC_SETUP_SUCC,93.0,900,NRCell,Huawei
1696514400000,VAL002_01,S1SIG_Connection_Setup_SR_DEN,93.0,900,NRCell,Huawei
1696514400000,VAL002_01,S1SIG_Connection_Setup_SR_NUM,93.0,900,NRCell,Huawei
1696514400000,VAL002_01,SERVICE_LATENCY_OVER_AIR_INTERFACE_DEN,5842.0,900,NRCell,Huawei
1696514400000,VAL002_01,SERVICE_LATENCY_OVER_AIR_INTERFACE_NUM,11154.0,900,NRCell,Huawei
1696514400000,VAL002_01,VOICE_TRAFFIC,928.0,900,NRCell,Huawei
1696514400000,VAL002_01,VOLTE_CALL_SETUP_ATT,2.0,900,NRCell,Huawei
1696514400000,VAL002_01,VOLTE_CALL_SETUP_SUCC,2.0,900,NRCell,Huawei
