startTime,neId,counterCode,counterValue,granularity,neType,vendorName
1696541400000,BCN014_01,DCR_DEN,4142.0,900,NRCell,Huawei
1696541400000,BCN014_01,DCR_NUM,1.0,900,NRCell,Huawei
1696541400000,BCN014_01,DROP_CALL_VOLTE_DEN,55.0,900,NRCell,Huawei
1696541400000,BCN014_01,DROP_CALL_VOLTE_NUM,0.0,900,NRCell,Huawei
1696541400000,BCN014_01,ERAB_SR_DEN,4133.0,900,NRCell,Huawei
1696541400000,BCN014_01,ERAB_SR_NUM,4128.0,900,NRCell,Huawei
1696541400000,BCN014_01,INTEGRITY_NGBR_QCI_9,15759637104.0,900,NRCell,Huawei
1696541400000,BCN014_01,INTRA_FREQUENCY_HO_OUT_ATT,262.0,900,NRCell,Huawei
1696541400000,BCN014_01,INTRA_FREQUENCY_HO_OUT_SUCC,262.0,900,NRCell,Huawei
1696541400000,BCN014_01,RRC_SETUP_ATT,2327.0,900,NRCell,Huawei
1696541400000,BCN014_01,RRC_SETUP_SUCC,2321.0,900,NRCell,Huawei
1696541400000,BCN014_01,S1SIG_Connection_Setup_SR_DEN,2321.0,900,NRCell,Huawei
1696541400000,BCN014_01,S1SIG_Connection_Setup_SR_NUM,2321.0,900,NRCell,Huawei
1696541400000,BCN014_01,SERVICE_LATENCY_OVER_AIR_INTERFACE_DEN,451199.0,900,NRCell,Huawei
1696541400000,BCN014_01,SERVICE_LATENCY_OVER_AIR_INTERFACE_NUM,1568632.0,900,NRCell,Huawei
1696541400000,BCN014_01,VOICE_TRAFFIC,41242.0,900,NRCell,Huawei
1696541400000,BCN014_01,VOLTE_CALL_SETUP_ATT,52.0,900,NRCell,Huawei
1696541400000,BCN014_01,VOLTE_CALL_SETUP_SUCC,52.0,900,NRCell,Huawei
1696541400000,BIL001_01,DCR_DEN,3763.0,900,NRCell,Huawei
1696541400000,BIL001_01,DCR_NUM,6.0,900,NRCell,Huawei
1696541400000,BIL001_01,DROP_CALL_VOLTE_DEN,34.0,900,NRCell,Huawei
1696541400000,BIL001_01,DROP_CALL_VOLTE_NUM,0.0,900,NRCell,Huawei
1696541400000,BIL001_01,ERAB_SR_DEN,3847.0,900,NRCell,Huawei
1696541400000,BIL001_01,ERAB_SR_NUM,3846.0,900,NRCell,Huawei
1696541400000,BIL001_01,INTEGRITY_NGBR_QCI_9,16685273168.0,900,NRCell,Huawei
1696541400000,BIL001_01,INTRA_FREQUENCY_HO_OUT_ATT,217.0,900,NRCell,Huawei
1696541400000,BIL001_01,INTRA_FREQUENCY_HO_OUT_SUCC,217.0,900,NRCell,Huawei
1696541400000,BIL001_01,RRC_SETUP_ATT,2145.0,900,NRCell,Huawei
1696541400000,BIL001_01,RRC_SETUP_SUCC,2136.0,900,NRCell,Huawei
1696541400000,BIL001_01,S1SIG_Connection_Setup_SR_DEN,2135.0,900,NRCell,Huawei
1696541400000,BIL001_01,S1SIG_Connection_Setup_SR_NUM,2135.0,900,NRCell,Huawei
1696541400000,BIL001_01,SERVICE_LATENCY_OVER_AIR_INTERFACE_DEN,520310.0,900,NRCell,Huawei
1696541400000,BIL001_01,SERVICE_LATENCY_OVER_AIR_INTERFACE_NUM,889529.0,900,NRCell,Huawei
1696541400000,BIL001_01,VOICE_TRAFFIC,17085.0,900,NRCell,Huawei
1696541400000,BIL001_01,VOLTE_CALL_SETUP_ATT,35.0,900,NRCell,Huawei
1696541400000,BIL001_01,VOLTE_CALL_SETUP_SUCC,35.0,900,NRCell,Huawei
1696541400000,MAD033_01,DCR_DEN,2240.0,900,NRCell,Huawei
1696541400000,MAD033_01,DCR_NUM,3.0,900,NRCell,Huawei
1696541400000,MAD033_01,DROP_CALL_VOLTE_DEN,17.0,900,NRCell,Huawei
1696541400000,MAD033_01,DROP_CALL_VOLTE_NUM,0.0,900,NRCell,Huawei
1696541400000,MAD033_01,ERAB_SR_DEN,2220.0,900,NRCell,Huawei
1696541400000,MAD033_01,ERAB_SR_NUM,2220.0,900,NRCell,Huawei
1696541400000,MAD033_01,INTEGRITY_NGBR_QCI_9,9695718440.0,900,NRCell,Huawei
1696541400000,MAD033_01,INTRA_FREQUENCY_HO_OUT_ATT,209.0,900,NRCell,Huawei
1696541400000,MAD033_01,INTRA_FREQUENCY_HO_OUT_SUCC,209.0,900,NRCell,Huawei
1696541400000,MAD033_01,RRC_SETUP_ATT,1293.0,900,NRCell,Huawei
1696541400000,MAD033_01,RRC_SETUP_SUCC,1290.0,900,NRCell,Huawei
1696541400000,MAD033_01,S1SIG_Connection_Setup_SR_DEN,1291.0,900,NRCell,Huawei
1696541400000,MAD033_01,S1SIG_Connection_Setup_SR_NUM,1291.0,900,NRCell,Huawei
1696541400000,MAD033_01,SERVICE_LATENCY_OVER_AIR_INTERFACE_DEN,324123.0,900,NRCell,Huawei
1696541400000,MAD033_01,SERVICE_LATENCY_OVER_AIR_INTERFACE_NUM,509082.0,900,NRCell,Huawei
1696541400000,MAD033_01,VOICE_TRAFFIC,30696.0,900,NRCell,Huawei
1696541400000,MAD033_01,VOLTE_CALL_SETUP_ATT,17.0,900,NRCell,Huawei
1696541400000,MAD033_01,VOLTE_CALL_SETUP_SUCC,17.0,900,NRCell,Huawei
1696541400000,SAL030_01,DCR_DEN,220.0,900,NRCell,Huawei
1696541400000,SAL030_01,DCR_NUM,1.0,900,NRCell,Huawei
1696541400000,SAL030_01,DROP_CALL_VOLTE_DEN,4.0,900,NRCell,Huawei
1696541400000,SAL030_01,DROP_CALL_VOLTE_NUM,0.0,900,NRCell,Huawei
1696541400000,SAL030_01,ERAB_SR_DEN,191.0,900,NRCell,Huawei
1696541400000,SAL030_01,ERAB_SR_NUM,190.0,900,NRCell,Huawei
1696541400000,SAL030_01,INTEGRITY_NGBR_QCI_9,2659886832.0,900,NRCell,Huawei
1696541400000,SAL030_01,INTRA_FREQUENCY_HO_OUT_ATT,5.0,900,NRCell,Huawei
1696541400000,SAL030_01,INTRA_FREQUENCY_HO_OUT_SUCC,5.0,900,NRCell,Huawei
1696541400000,SAL030_01,RRC_SETUP_ATT,109.0,900,NRCell,Huawei
1696541400000,SAL030_01,RRC_SETUP_SUCC,109.0,900,NRCell,Huawei
1696541400000,SAL030_01,S1SIG_Connection_Setup_SR_DEN,109.0,900,NRCell,Huawei
1696541400000,SAL030_01,S1SIG_Connection_Setup_SR_NUM,109.0,900,NRCell,Huawei
1696541400000,SAL030_01,SERVICE_LATENCY_OVER_AIR_INTERFACE_DEN,30834.0,900,NRCell,Huawei
1696541400000,SAL030_01,SERVICE_LATENCY_OVER_AIR_INTERFACE_NUM,72410.0,900,NRCell,Huawei
1696541400000,SAL030_01,VOICE_TRAFFIC,630.0,900,NRCell,Huawei
1696541400000,SAL030_01,VOLTE_CALL_SETUP_ATT,1.0,900,NRCell,Huawei
1696541400000,SAL030_01,VOLTE_CALL_SETUP_SUCC,1.0,900,NRCell,Huawei
1696541400000,SEV001_01,DCR_DEN,4372.0,900,NRCell,Huawei
1696541400000,SEV001_01,DCR_NUM,4.0,900,NRCell,Huawei
1696541400000,SEV001_01,DROP_CALL_VOLTE_DEN,45.0,900,NRCell,Huawei
1696541400000,SEV001_01,DROP_CALL_VOLTE_NUM,0.0,900,NRCell,Huawei
1696541400000,SEV001_01,ERAB_SR_DEN,4454.0,900,NRCell,Huawei
1696541400000,SEV001_01,ERAB_SR_NUM,4452.0,900,NRCell,Huawei
1696541400000,SEV001_01,INTEGRITY_NGBR_QCI_9,19807853120.0,900,NRCell,Huawei
1696541400000,SEV001_01,INTRA_FREQUENCY_HO_OUT_ATT,139.0,900,NRCell,Huawei
1696541400000,SEV001_01,INTRA_FREQUENCY_HO_OUT_SUCC,139.0,900,NRCell,Huawei
1696541400000,SEV001_01,RRC_SETUP_ATT,2415.0,900,NRCell,Huawei
1696541400000,SEV001_01,RRC_SETUP_SUCC,2411.0,900,NRCell,Huawei
1696541400000,SEV001_01,S1SIG_Connection_Setup_SR_DEN,2411.0,900,NRCell,Huawei
1696541400000,SEV001_01,S1SIG_Connection_Setup_SR_NUM,2411.0,900,NRCell,Huawei
1696541400000,SEV001_01,SERVICE_LATENCY_OVER_AIR_INTERFACE_DEN,598063.0,900,NRCell,Huawei
1696541400000,SEV001_01,SERVICE_LATENCY_OVER_AIR_INTERFACE_NUM,1496390.0,900,NRCell,Huawei
1696541400000,SEV001_01,VOICE_TRAFFIC,39450.0,900,NRCell,Huawei
1696541400000,SEV001_01,VOLTE_CALL_SETUP_ATT,46.0,900,NRCell,Huawei
1696541400000,SEV001_01,VOLTE_CALL_SETUP_SUCC,46.0,900,NRCell,Huawei
1696541400000,SNT002_01,DCR_DEN,2109.0,900,NRCell,Huawei
1696541400000,SNT002_01,DCR_NUM,0.0,900,NRCell,Huawei
1696541400000,SNT002_01,DROP_CALL_VOLTE_DEN,16.0,900,NRCell,Huawei
1696541400000,SNT002_01,DROP_CALL_VOLTE_NUM,0.0,900,NRCell,Huawei
1696541400000,SNT002_01,ERAB_SR_DEN,2130.0,900,NRCell,Huawei
1696541400000,SNT002_01,ERAB_SR_NUM,2129.0,900,NRCell,Huawei
1696541400000,SNT002_01,INTEGRITY_NGBR_QCI_9,10342310248.0,900,NRCell,Huawei
1696541400000,SNT002_01,INTRA_FREQUENCY_HO_OUT_ATT,138.0,900,NRCell,Huawei
1696541400000,SNT002_01,INTRA_FREQUENCY_HO_OUT_SUCC,138.0,900,NRCell,Huawei
1696541400000,SNT002_01,RRC_SETUP_ATT,1238.0,900,NRCell,Huawei
1696541400000,SNT002_01,RRC_SETUP_SUCC,1232.0,900,NRCell,Huawei
1696541400000,SNT002_01,S1SIG_Connection_Setup_SR_DEN,1232.0,900,NRCell,Huawei
1696541400000,SNT002_01,S1SIG_Connection_Setup_SR_NUM,1232.0,900,NRCell,Huawei
1696541400000,SNT002_01,SERVICE_LATENCY_OVER_AIR_INTERFACE_DEN,294201.0,900,NRCell,Huawei
1696541400000,SNT002_01,SERVICE_LATENCY_OVER_AIR_INTERFACE_NUM,380523.0,900,NRCell,Huawei
1696541400000,SNT002_01,VOICE_TRAFFIC,15327.0,900,NRCell,Huawei
1696541400000,SNT002_01,VOLTE_CALL_SETUP_ATT,14.0,900,NRCell,Huawei
1696541400000,SNT002_01,VOLTE_CALL_SETUP_SUCC,14.0,900,NRCell,Huawei
1696541400000,TAR015_01,DCR_DEN,4982.0,900,NRCell,Huawei
1696541400000,TAR015_01,DCR_NUM,4.0,900,NRCell,Huawei
1696541400000,TAR015_01,DROP_CALL_VOLTE_DEN,31.0,900,NRCell,Huawei
1696541400000,TAR015_01,DROP_CALL_VOLTE_NUM,0.0,900,NRCell,Huawei
1696541400000,TAR015_01,ERAB_SR_DEN,4936.0,900,NRCell,Huawei
1696541400000,TAR015_01,ERAB_SR_NUM,4933.0,900,NRCell,Huawei
1696541400000,TAR015_01,INTEGRITY_NGBR_QCI_9,18642849312.0,900,NRCell,Huawei
1696541400000,TAR015_01,INTRA_FREQUENCY_HO_OUT_ATT,171.0,900,NRCell,Huawei
1696541400000,TAR015_01,INTRA_FREQUENCY_HO_OUT_SUCC,171.0,900,NRCell,Huawei
1696541400000,TAR015_01,RRC_SETUP_ATT,2654.0,900,NRCell,Huawei
1696541400000,TAR015_01,RRC_SETUP_SUCC,2653.0,900,NRCell,Huawei
1696541400000,TAR015_01,S1SIG_Connection_Setup_SR_DEN,2653.0,900,NRCell,Huawei
1696541400000,TAR015_01,S1SIG_Connection_Setup_SR_NUM,2653.0,900,NRCell,Huawei
1696541400000,TAR015_01,SERVICE_LATENCY_OVER_AIR_INTERFACE_DEN,447206.0,900,NRCell,Huawei
1696541400000,TAR015_01,SERVICE_LATENCY_OVER_AIR_INTERFACE_NUM,1338657.0,900,NRCell,Huawei
1696541400000,TAR015_01,VOICE_TRAFFIC,31556.0,900,NRCell,Huawei
1696541400000,TAR015_01,VOLTE_CALL_SETUP_ATT,36.0,900,NRCell,Huawei
1696541400000,TAR015_01,VOLTE_CALL_SETUP_SUCC,36.0,900,NRCell,Huawei
1696541400000,TOL034_01,DCR_DEN,262.0,900,NRCell,Huawei
1696541400000,TOL034_01,DCR_NUM,0.0,900,NRCell,Huawei
1696541400000,TOL034_01,DROP_CALL_VOLTE_DEN,2.0,900,NRCell,Huawei
1696541400000,TOL034_01,DROP_CALL_VOLTE_NUM,0.0,900,NRCell,Huawei
1696541400000,TOL034_01,ERAB_SR_DEN,261.0,900,NRCell,Huawei
1696541400000,TOL034_01,ERAB_SR_NUM,259.0,900,NRCell,Huawei
1696541400000,TOL034_01,INTEGRITY_NGBR_QCI_9,4193196176.0,900,NRCell,Huawei
1696541400000,TOL034_01,INTRA_FREQUENCY_HO_OUT_ATT,21.0,900,NRCell,Huawei
1696541400000,TOL034_01,INTRA_FREQUENCY_HO_OUT_SUCC,20.0,900,NRCell,Huawei
1696541400000,TOL034_01,RRC_SETUP_ATT,176.0,900,NRCell,Huawei
1696541400000,TOL034_01,RRC_SETUP_SUCC,175.0,900,NRCell,Huawei
1696541400000,TOL034_01,S1SIG_Connection_Setup_SR_DEN,175.0,900,NRCell,Huawei
1696541400000,TOL034_01,S1SIG_Connection_Setup_SR_NUM,175.0,900,NRCell,Huawei
1696541400000,TOL034_01,SERVICE_LATENCY_OVER_AIR_INTERFACE_DEN,86227.0,900,NRCell,Huawei
1696541400000,TOL034_01,SERVICE_LATENCY_OVER_AIR_INTERFACE_NUM,131851.0,900,NRCell,Huawei
1696541400000,TOL034_01,VOICE_TRAFFIC,788.0,900,NRCell,Huawei
1696541400000,TOL034_01,VOLTE_CALL_SETUP_ATT,3.0,900,NRCell,Huawei
1696541400000,TOL034_01,VOLTE_CALL_SETUP_SUCC,3.0,900,NRCell,Huawei
1696541400000,VAL002_01,DCR_DEN,102.0,900,NRCell,Huawei
1696541400000,VAL002_01,DCR_NUM,0.0,900,NRCell,Huawei
1696541400000,VAL002_01,DROP_CALL_VOLTE_DEN,0.0,900,NRCell,Huawei
1696541400000,VAL002_01,DROP_CALL_VOLTE_NUM,0.0,900,NRCell,Huawei
1696541400000,VAL002_01,ERAB_SR_DEN,118.0,900,NRCell,Huawei
1696541400000,VAL002_01,ERAB_SR_NUM,118.0,900,NRCell,Huawei
1696541400000,VAL002_01,INTEGRITY_NGBR_QCI_9,758094624.0,900,NRCell,Huawei
1696541400000,VAL002_01,INTRA_FREQUENCY_HO_OUT_ATT,15.0,900,NRCell,Huawei
1696541400000,VAL002_01,INTRA_FREQUENCY_HO_OUT_SUCC,15.0,900,NRCell,Huawei
1696541400000,VAL002_01,RRC_SETUP_ATT,83.0,900,NRCell,Huawei
1696541400000,VAL002_01,RRC_SETUP_SUCC,80.0,900,NRCell,Huawei
1696541400000,VAL002_01,S1SIG_Connection_Setup_SR_DEN,80.0,900,NRCell,Huawei
1696541400000,VAL002_01,S1SIG_Connection_Setup_SR_NUM,80.0,900,NRCell,Huawei
1696541400000,VAL002_01,SERVICE_LATENCY_OVER_AIR_INTERFACE_DEN,18810.0,900,NRCell,Huawei
1696541400000,VAL002_01,SERVICE_LATENCY_OVER_AIR_INTERFACE_NUM,30740.0,900,NRCell,Huawei
1696541400000,VAL002_01,VOICE_TRAFFIC,569.0,900,NRCell,Huawei
1696541400000,VAL002_01,VOLTE_CALL_SETUP_ATT,2.0,900,NRCell,Huawei
1696541400000,VAL002_01,VOLTE_CALL_SETUP_SUCC,2.0,900,NRCell,Huawei
