startTime,neId,counterCode,counterValue,granularity,neType,vendorName
1696501800000,BCN014_01,DCR_DEN,882.0,900,NRCell,Huawei
1696501800000,BCN014_01,DCR_NUM,0.0,900,NRCell,Huawei
1696501800000,BCN014_01,DROP_CALL_VOLTE_DEN,0.0,900,NRCell,Huawei
1696501800000,BCN014_01,DROP_CALL_VOLTE_NUM,0.0,900,NRCell,Huawei
1696501800000,BCN014_01,ERAB_SR_DEN,889.0,900,NRCell,Huawei
1696501800000,BCN014_01,ERAB_SR_NUM,888.0,900,NRCell,Huawei
1696501800000,BCN014_01,INTEGRITY_NGBR_QCI_9,2212447616.0,900,NRCell,Huawei
1696501800000,BCN014_01,INTRA_FREQUENCY_HO_OUT_ATT,4.0,900,NRCell,Huawei
1696501800000,BCN014_01,INTRA_FREQUENCY_HO_OUT_SUCC,4.0,900,NRCell,Huawei
1696501800000,BCN014_01,RRC_SETUP_ATT,568.0,900,NRCell,Huawei
1696501800000,BCN014_01,RRC_SETUP_SUCC,568.0,900,NRCell,Huawei
1696501800000,BCN014_01,S1SIG_Connection_Setup_SR_DEN,568.0,900,NRCell,Huawei
1696501800000,BCN014_01,S1SIG_Connection_Setup_SR_NUM,568.0,900,NRCell,Huawei
1696501800000,BCN014_01,SERVICE_LATENCY_OVER_AIR_INTERFACE_DEN,64533.0,900,NRCell,Huawei
1696501800000,BCN014_01,SERVICE_LATENCY_OVER_AIR_INTERFACE_NUM,68061.0,900,NRCell,Huawei
1696501800000,BCN014_01,VOICE_TRAFFIC,0.0,900,NRCell,Huawei
1696501800000,BCN014_01,VOLTE_CALL_SETUP_ATT,0.0,900,NRCell,Huawei
1696501800000,BCN014_01,VOLTE_CALL_SETUP_SUCC,0.0,900,NRCell,Huawei
1696501800000,BIL001_01,DCR_DEN,1352.0,900,NRCell,Huawei
1696501800000,BIL001_01,DCR_NUM,0.0,900,NRCell,Huawei
1696501800000,BIL001_01,DROP_CALL_VOLTE_DEN,1.0,900,NRCell,Huawei
1696501800000,BIL001_01,DROP_CALL_VOLTE_NUM,0.0,900,NRCell,Huawei
1696501800000,BIL001_01,ERAB_SR_DEN,1346.0,900,NRCell,Huawei
1696501800000,BIL001_01,ERAB_SR_NUM,1346.0,900,NRCell,Huawei
1696501800000,BIL001_01,INTEGRITY_NGBR_QCI_9,826709528.0,900,NRCell,Huawei
1696501800000,BIL001_01,INTRA_FREQUENCY_HO_OUT_ATT,6.0,900,NRCell,Huawei
1696501800000,BIL001_01,INTRA_FREQUENCY_HO_OUT_SUCC,6.0,900,NRCell,Huawei
1696501800000,BIL001_01,RRC_SETUP_ATT,574.0,900,NRCell,Huawei
1696501800000,BIL001_01,RRC_SETUP_SUCC,573.0,900,NRCell,Huawei
1696501800000,BIL001_01,S1SIG_Connection_Setup_SR_DEN,573.0,900,NRCell,Huawei
1696501800000,BIL001_01,S1SIG_Connection_Setup_SR_NUM,573.0,900,NRCell,Huawei
1696501800000,BIL001_01,SERVICE_LATENCY_OVER_AIR_INTERFACE_DEN,35052.0,900,NRCell,Huawei
1696501800000,BIL001_01,SERVICE_LATENCY_OVER_AIR_INTERFACE_NUM,40542.0,900,NRCell,Huawei
1696501800000,BIL001_01,VOICE_TRAFFIC,121.0,900,NRCell,Huawei
1696501800000,BIL001_01,VOLTE_CALL_SETUP_ATT,1.0,900,NRCell,Huawei
1696501800000,BIL001_01,VOLTE_CALL_SETUP_SUCC,1.0,900,NRCell,Huawei
1696501800000,MAD033_01,DCR_DEN,811.0,900,NRCell,Huawei
1696501800000,MAD033_01,DCR_NUM,0.0,900,NRCell,Huawei
1696501800000,MAD033_01,DROP_CALL_VOLTE_DEN,2.0,900,NRCell,Huawei
1696501800000,MAD033_01,DROP_CALL_VOLTE_NUM,0.0,900,NRCell,Huawei
1696501800000,MAD033_01,ERAB_SR_DEN,812.0,900,NRCell,Huawei
1696501800000,MAD033_01,ERAB_SR_NUM,812.0,900,NRCell,Huawei
1696501800000,MAD033_01,INTEGRITY_NGBR_QCI_9,94350888.0,900,NRCell,Huawei
1696501800000,MAD033_01,INTRA_FREQUENCY_HO_OUT_ATT,4.0,900,NRCell,Huawei
1696501800000,MAD033_01,INTRA_FREQUENCY_HO_OUT_SUCC,4.0,900,NRCell,Huawei
1696501800000,MAD033_01,RRC_SETUP_ATT,508.0,900,NRCell,Huawei
1696501800000,MAD033_01,RRC_SETUP_SUCC,508.0,900,NRCell,Huawei
1696501800000,MAD033_01,S1SIG_Connection_Setup_SR_DEN,508.0,900,NRCell,Huawei
1696501800000,MAD033_01,S1SIG_Connection_Setup_SR_NUM,508.0,900,NRCell,Huawei
1696501800000,MAD033_01,SERVICE_LATENCY_OVER_AIR_INTERFACE_DEN,10295.0,900,NRCell,Huawei
1696501800000,MAD033_01,SERVICE_LATENCY_OVER_AIR_INTERFACE_NUM,13926.0,900,NRCell,Huawei
1696501800000,MAD033_01,VOICE_TRAFFIC,164.0,900,NRCell,Huawei
1696501800000,MAD033_01,VOLTE_CALL_SETUP_ATT,2.0,900,NRCell,Huawei
1696501800000,MAD033_01,VOLTE_CALL_SETUP_SUCC,2.0,900,NRCell,Huawei
1696501800000,SAL030_01,DCR_DEN,85.0,900,NRCell,Huawei
1696501800000,SAL030_01,DCR_NUM,0.0,900,NRCell,Huawei
1696501800000,SAL030_01,DROP_CALL_VOLTE_DEN,0.0,900,NRCell,Huawei
1696501800000,SAL030_01,DROP_CALL_VOLTE_NUM,0.0,900,NRCell,Huawei
1696501800000,SAL030_01,ERAB_SR_DEN,91.0,900,NRCell,Huawei
1696501800000,SAL030_01,ERAB_SR_NUM,91.0,900,NRCell,Huawei
1696501800000,SAL030_01,INTEGRITY_NGBR_QCI_9,168928720.0,900,NRCell,Huawei
1696501800000,SAL030_01,INTRA_FREQUENCY_HO_OUT_ATT,0.0,900,NRCell,Huawei
1696501800000,SAL030_01,INTRA_FREQUENCY_HO_OUT_SUCC,0.0,900,NRCell,Huawei
1696501800000,SAL030_01,RRC_SETUP_ATT,67.0,900,NRCell,Huawei
1696501800000,SAL030_01,RRC_SETUP_SUCC,67.0,900,NRCell,Huawei
1696501800000,SAL030_01,S1SIG_Connection_Setup_SR_DEN,67.0,900,NRCell,Huawei
1696501800000,SAL030_01,S1SIG_Connection_Setup_SR_NUM,67.0,900,NRCell,Huawei
1696501800000,SAL030_01,SERVICE_LATENCY_OVER_AIR_INTERFACE_DEN,1257.0,900,NRCell,Huawei
1696501800000,SAL030_01,SERVICE_LATENCY_OVER_AIR_INTERFACE_NUM,3584.0,900,NRCell,Huawei
1696501800000,SAL030_01,VOICE_TRAFFIC,0.0,900,NRCell,Huawei
1696501800000,SAL030_01,VOLTE_CALL_SETUP_ATT,0.0,900,NRCell,Huawei
1696501800000,SAL030_01,VOLTE_CALL_SETUP_SUCC,0.0,900,NRCell,Huawei
1696501800000,SEV001_01,DCR_DEN,2708.0,900,NRCell,Huawei
1696501800000,SEV001_01,DCR_NUM,2.0,900,NRCell,Huawei
1696501800000,SEV001_01,DROP_CALL_VOLTE_DEN,0.0,900,NRCell,Huawei
1696501800000,SEV001_01,DROP_CALL_VOLTE_NUM,0.0,900,NRCell,Huawei
1696501800000,SEV001_01,ERAB_SR_DEN,2740.0,900,NRCell,Huawei
1696501800000,SEV001_01,ERAB_SR_NUM,2735.0,900,NRCell,Huawei
1696501800000,SEV001_01,INTEGRITY_NGBR_QCI_9,3779457816.0,900,NRCell,Huawei
1696501800000,SEV001_01,INTRA_FREQUENCY_HO_OUT_ATT,14.0,900,NRCell,Huawei
1696501800000,SEV001_01,INTRA_FREQUENCY_HO_OUT_SUCC,14.0,900,NRCell,Huawei
1696501800000,SEV001_01,RRC_SETUP_ATT,1610.0,900,NRCell,Huawei
1696501800000,SEV001_01,RRC_SETUP_SUCC,1609.0,900,NRCell,Huawei
1696501800000,SEV001_01,S1SIG_Connection_Setup_SR_DEN,1609.0,900,NRCell,Huawei
1696501800000,SEV001_01,S1SIG_Connection_Setup_SR_NUM,1609.0,900,NRCell,Huawei
1696501800000,SEV001_01,SERVICE_LATENCY_OVER_AIR_INTERFACE_DEN,123585.0,900,NRCell,Huawei
1696501800000,SEV001_01,SERVICE_LATENCY_OVER_AIR_INTERFACE_NUM,236323.0,900,NRCell,Huawei
1696501800000,SEV001_01,VOICE_TRAFFIC,0.0,900,NRCell,Huawei
1696501800000,SEV001_01,VOLTE_CALL_SETUP_ATT,0.0,900,NRCell,Huawei
1696501800000,SEV001_01,VOLTE_CALL_SETUP_SUCC,0.0,900,NRCell,Huawei
1696501800000,SNT002_01,DCR_DEN,682.0,900,NRCell,Huawei
1696501800000,SNT002_01,DCR_NUM,0.0,900,NRCell,Huawei
1696501800000,SNT002_01,DROP_CALL_VOLTE_DEN,0.0,900,NRCell,Huawei
1696501800000,SNT002_01,DROP_CALL_VOLTE_NUM,0.0,900,NRCell,Huawei
1696501800000,SNT002_01,ERAB_SR_DEN,683.0,900,NRCell,Huawei
1696501800000,SNT002_01,ERAB_SR_NUM,683.0,900,NRCell,Huawei
1696501800000,SNT002_01,INTEGRITY_NGBR_QCI_9,597076896.0,900,NRCell,Huawei
1696501800000,SNT002_01,INTRA_FREQUENCY_HO_OUT_ATT,1.0,900,NRCell,Huawei
1696501800000,SNT002_01,INTRA_FREQUENCY_HO_OUT_SUCC,1.0,900,NRCell,Huawei
1696501800000,SNT002_01,RRC_SETUP_ATT,450.0,900,NRCell,Huawei
1696501800000,SNT002_01,RRC_SETUP_SUCC,449.0,900,NRCell,Huawei
1696501800000,SNT002_01,S1SIG_Connection_Setup_SR_DEN,449.0,900,NRCell,Huawei
1696501800000,SNT002_01,S1SIG_Connection_Setup_SR_NUM,449.0,900,NRCell,Huawei
1696501800000,SNT002_01,SERVICE_LATENCY_OVER_AIR_INTERFACE_DEN,28605.0,900,NRCell,Huawei
1696501800000,SNT002_01,SERVICE_LATENCY_OVER_AIR_INTERFACE_NUM,29091.0,900,NRCell,Huawei
1696501800000,SNT002_01,VOICE_TRAFFIC,0.0,900,NRCell,Huawei
1696501800000,SNT002_01,VOLTE_CALL_SETUP_ATT,1.0,900,NRCell,Huawei
1696501800000,SNT002_01,VOLTE_CALL_SETUP_SUCC,1.0,900,NRCell,Huawei
1696501800000,TAR015_01,DCR_DEN,2544.0,900,NRCell,Huawei
1696501800000,TAR015_01,DCR_NUM,2.0,900,NRCell,Huawei
1696501800000,TAR015_01,DROP_CALL_VOLTE_DEN,0.0,900,NRCell,Huawei
1696501800000,TAR015_01,DROP_CALL_VOLTE_NUM,0.0,900,NRCell,Huawei
1696501800000,TAR015_01,ERAB_SR_DEN,2529.0,900,NRCell,Huawei
1696501800000,TAR015_01,ERAB_SR_NUM,2529.0,900,NRCell,Huawei
1696501800000,TAR015_01,INTEGRITY_NGBR_QCI_9,3794948136.0,900,NRCell,Huawei
1696501800000,TAR015_01,INTRA_FREQUENCY_HO_OUT_ATT,12.0,900,NRCell,Huawei
1696501800000,TAR015_01,INTRA_FREQUENCY_HO_OUT_SUCC,12.0,900,NRCell,Huawei
1696501800000,TAR015_01,RRC_SETUP_ATT,1436.0,900,NRCell,Huawei
1696501800000,TAR015_01,RRC_SETUP_SUCC,1435.0,900,NRCell,Huawei
1696501800000,TAR015_01,S1SIG_Connection_Setup_SR_DEN,1435.0,900,NRCell,Huawei
1696501800000,TAR015_01,S1SIG_Connection_Setup_SR_NUM,1435.0,900,NRCell,Huawei
1696501800000,TAR015_01,SERVICE_LATENCY_OVER_AIR_INTERFACE_DEN,90357.0,900,NRCell,Huawei
1696501800000,TAR015_01,SERVICE_LATENCY_OVER_AIR_INTERFACE_NUM,118610.0,900,NRCell,Huawei
1696501800000,TAR015_01,VOICE_TRAFFIC,18.0,900,NRCell,Huawei
1696501800000,TAR015_01,VOLTE_CALL_SETUP_ATT,1.0,900,NRCell,Huawei
1696501800000,TAR015_01,VOLTE_CALL_SETUP_SUCC,1.0,900,NRCell,Huawei
1696501800000,TOL034_01,DCR_DEN,16.0,900,NRCell,Huawei
1696501800000,TOL034_01,DCR_NUM,0.0,900,NRCell,Huawei
1696501800000,TOL034_01,DROP_CALL_VOLTE_DEN,0.0,900,NRCell,Huawei
1696501800000,TOL034_01,DROP_CALL_VOLTE_NUM,0.0,900,NRCell,Huawei
1696501800000,TOL034_01,ERAB_SR_DEN,14.0,900,NRCell,Huawei
1696501800000,TOL034_01,ERAB_SR_NUM,14.0,900,NRCell,Huawei
1696501800000,TOL034_01,INTEGRITY_NGBR_QCI_9,1409368.0,900,NRCell,Huawei
1696501800000,TOL034_01,INTRA_FREQUENCY_HO_OUT_ATT,0.0,900,NRCell,Huawei
1696501800000,TOL034_01,INTRA_FREQUENCY_HO_OUT_SUCC,0.0,900,NRCell,Huawei
1696501800000,TOL034_01,RRC_SETUP_ATT,9.0,900,NRCell,Huawei
1696501800000,TOL034_01,RRC_SETUP_SUCC,9.0,900,NRCell,Huawei
1696501800000,TOL034_01,S1SIG_Connection_Setup_SR_DEN,9.0,900,NRCell,Huawei
1696501800000,TOL034_01,S1SIG_Connection_Setup_SR_NUM,9.0,900,NRCell,Huawei
1696501800000,TOL034_01,SERVICE_LATENCY_OVER_AIR_INTERFACE_DEN,219.0,900,NRCell,Huawei
1696501800000,TOL034_01,SERVICE_LATENCY_OVER_AIR_INTERFACE_NUM,487.0,900,NRCell,Huawei
1696501800000,TOL034_01,VOICE_TRAFFIC,0.0,900,NRCell,Huawei
1696501800000,TOL034_01,VOLTE_CALL_SETUP_ATT,0.0,900,NRCell,Huawei
1696501800000,TOL034_01,VOLTE_CALL_SETUP_SUCC,0.0,900,NRCell,Huawei
1696501800000,VAL002_01,DCR_DEN,24.0,900,NRCell,Huawei
1696501800000,VAL002_01,DCR_NUM,0.0,900,NRCell,Huawei
1696501800000,VAL002_01,DROP_CALL_VOLTE_DEN,0.0,900,NRCell,Huawei
1696501800000,VAL002_01,DROP_CALL_VOLTE_NUM,0.0,900,NRCell,Huawei
1696501800000,VAL002_01,ERAB_SR_DEN,22.0,900,NRCell,Huawei
1696501800000,VAL002_01,ERAB_SR_NUM,22.0,900,NRCell,Huawei
1696501800000,VAL002_01,INTEGRITY_NGBR_QCI_9,2561624.0,900,NRCell,Huawei
1696501800000,VAL002_01,INTRA_FREQUENCY_HO_OUT_ATT,0.0,900,NRCell,Huawei
1696501800000,VAL002_01,INTRA_FREQUENCY_HO_OUT_SUCC,0.0,900,NRCell,Huawei
1696501800000,VAL002_01,RRC_SETUP_ATT,11.0,900,NRCell,Huawei
1696501800000,VAL002_01,RRC_SETUP_SUCC,11.0,900,NRCell,Huawei
1696501800000,VAL002_01,S1SIG_Connection_Setup_SR_DEN,11.0,900,NRCell,Huawei
1696501800000,VAL002_01,S1SIG_Connection_Setup_SR_NUM,11.0,900,NRCell,Huawei
1696501800000,VAL002_01,SERVICE_LATENCY_OVER_AIR_INTERFACE_DEN,6171.0,900,NRCell,Huawei
1696501800000,VAL002_01,SERVICE_LATENCY_OVER_AIR_INTERFACE_NUM,14535.0,900,NRCell,Huawei
1696501800000,VAL002_01,VOICE_TRAFFIC,0.0,900,NRCell,Huawei
1696501800000,VAL002_01,VOLTE_CALL_SETUP_ATT,0.0,900,NRCell,Huawei
1696501800000,VAL002_01,VOLTE_CALL_SETUP_SUCC,0.0,900,NRCell,Huawei
