startTime,neId,counterCode,counterValue,granularity,neType,vendorName
1696760100000,BCN014_01,DCR_DEN,1033.0,900,NRCell,Huawei
1696760100000,BCN014_01,DCR_NUM,0.0,900,NRCell,Huawei
1696760100000,BCN014_01,DROP_CALL_VOLTE_DEN,2.0,900,NRCell,Huawei
1696760100000,BCN014_01,DROP_CALL_VOLTE_NUM,0.0,900,NRCell,Huawei
1696760100000,BCN014_01,ERAB_SR_DEN,1030.0,900,NRCell,Huawei
1696760100000,BCN014_01,ERAB_SR_NUM,1030.0,900,NRCell,Huawei
1696760100000,BCN014_01,INTEGRITY_NGBR_QCI_9,1867736032.0,900,NRCell,Huawei
1696760100000,BCN014_01,INTRA_FREQUENCY_HO_OUT_ATT,33.0,900,NRCell,Huawei
1696760100000,BCN014_01,INTRA_FREQUENCY_HO_OUT_SUCC,33.0,900,NRCell,Huawei
1696760100000,BCN014_01,RRC_SETUP_ATT,672.0,900,NRCell,Huawei
1696760100000,BCN014_01,RRC_SETUP_SUCC,672.0,900,NRCell,Huawei
1696760100000,BCN014_01,S1SIG_Connection_Setup_SR_DEN,672.0,900,NRCell,Huawei
1696760100000,BCN014_01,S1SIG_Connection_Setup_SR_NUM,672.0,900,NRCell,Huawei
1696760100000,BCN014_01,SERVICE_LATENCY_OVER_AIR_INTERFACE_DEN,134379.0,900,NRCell,Huawei
1696760100000,BCN014_01,SERVICE_LATENCY_OVER_AIR_INTERFACE_NUM,143436.0,900,NRCell,Huawei
1696760100000,BCN014_01,VOICE_TRAFFIC,170.0,900,NRCell,Huawei
1696760100000,BCN014_01,VOLTE_CALL_SETUP_ATT,2.0,900,NRCell,Huawei
1696760100000,BCN014_01,VOLTE_CALL_SETUP_SUCC,2.0,900,NRCell,Huawei
1696760100000,BIL001_01,DCR_DEN,1140.0,900,NRCell,Huawei
1696760100000,BIL001_01,DCR_NUM,0.0,900,NRCell,Huawei
1696760100000,BIL001_01,DROP_CALL_VOLTE_DEN,2.0,900,NRCell,Huawei
1696760100000,BIL001_01,DROP_CALL_VOLTE_NUM,0.0,900,NRCell,Huawei
1696760100000,BIL001_01,ERAB_SR_DEN,1141.0,900,NRCell,Huawei
1696760100000,BIL001_01,ERAB_SR_NUM,1141.0,900,NRCell,Huawei
1696760100000,BIL001_01,INTEGRITY_NGBR_QCI_9,8290326384.0,900,NRCell,Huawei
1696760100000,BIL001_01,INTRA_FREQUENCY_HO_OUT_ATT,26.0,900,NRCell,Huawei
1696760100000,BIL001_01,INTRA_FREQUENCY_HO_OUT_SUCC,26.0,900,NRCell,Huawei
1696760100000,BIL001_01,RRC_SETUP_ATT,696.0,900,NRCell,Huawei
1696760100000,BIL001_01,RRC_SETUP_SUCC,696.0,900,NRCell,Huawei
1696760100000,BIL001_01,S1SIG_Connection_Setup_SR_DEN,696.0,900,NRCell,Huawei
1696760100000,BIL001_01,S1SIG_Connection_Setup_SR_NUM,696.0,900,NRCell,Huawei
1696760100000,BIL001_01,SERVICE_LATENCY_OVER_AIR_INTERFACE_DEN,112098.0,900,NRCell,Huawei
1696760100000,BIL001_01,SERVICE_LATENCY_OVER_AIR_INTERFACE_NUM,128892.0,900,NRCell,Huawei
1696760100000,BIL001_01,VOICE_TRAFFIC,2757.0,900,NRCell,Huawei
1696760100000,BIL001_01,VOLTE_CALL_SETUP_ATT,2.0,900,NRCell,Huawei
1696760100000,BIL001_01,VOLTE_CALL_SETUP_SUCC,2.0,900,NRCell,Huawei
1696760100000,MAD033_01,DCR_DEN,722.0,900,NRCell,Huawei
1696760100000,MAD033_01,DCR_NUM,0.0,900,NRCell,Huawei
1696760100000,MAD033_01,DROP_CALL_VOLTE_DEN,0.0,900,NRCell,Huawei
1696760100000,MAD033_01,DROP_CALL_VOLTE_NUM,0.0,900,NRCell,Huawei
1696760100000,MAD033_01,ERAB_SR_DEN,721.0,900,NRCell,Huawei
1696760100000,MAD033_01,ERAB_SR_NUM,721.0,900,NRCell,Huawei
1696760100000,MAD033_01,INTEGRITY_NGBR_QCI_9,328932320.0,900,NRCell,Huawei
1696760100000,MAD033_01,INTRA_FREQUENCY_HO_OUT_ATT,11.0,900,NRCell,Huawei
1696760100000,MAD033_01,INTRA_FREQUENCY_HO_OUT_SUCC,11.0,900,NRCell,Huawei
1696760100000,MAD033_01,RRC_SETUP_ATT,450.0,900,NRCell,Huawei
1696760100000,MAD033_01,RRC_SETUP_SUCC,450.0,900,NRCell,Huawei
1696760100000,MAD033_01,S1SIG_Connection_Setup_SR_DEN,450.0,900,NRCell,Huawei
1696760100000,MAD033_01,S1SIG_Connection_Setup_SR_NUM,450.0,900,NRCell,Huawei
1696760100000,MAD033_01,SERVICE_LATENCY_OVER_AIR_INTERFACE_DEN,44654.0,900,NRCell,Huawei
1696760100000,MAD033_01,SERVICE_LATENCY_OVER_AIR_INTERFACE_NUM,45674.0,900,NRCell,Huawei
1696760100000,MAD033_01,VOICE_TRAFFIC,6183.0,900,NRCell,Huawei
1696760100000,MAD033_01,VOLTE_CALL_SETUP_ATT,0.0,900,NRCell,Huawei
1696760100000,MAD033_01,VOLTE_CALL_SETUP_SUCC,0.0,900,NRCell,Huawei
1696760100000,SAL030_01,DCR_DEN,109.0,900,NRCell,Huawei
1696760100000,SAL030_01,DCR_NUM,0.0,900,NRCell,Huawei
1696760100000,SAL030_01,DROP_CALL_VOLTE_DEN,0.0,900,NRCell,Huawei
1696760100000,SAL030_01,DROP_CALL_VOLTE_NUM,0.0,900,NRCell,Huawei
1696760100000,SAL030_01,ERAB_SR_DEN,107.0,900,NRCell,Huawei
1696760100000,SAL030_01,ERAB_SR_NUM,107.0,900,NRCell,Huawei
1696760100000,SAL030_01,INTEGRITY_NGBR_QCI_9,6547520.0,900,NRCell,Huawei
1696760100000,SAL030_01,INTRA_FREQUENCY_HO_OUT_ATT,1.0,900,NRCell,Huawei
1696760100000,SAL030_01,INTRA_FREQUENCY_HO_OUT_SUCC,1.0,900,NRCell,Huawei
1696760100000,SAL030_01,RRC_SETUP_ATT,67.0,900,NRCell,Huawei
1696760100000,SAL030_01,RRC_SETUP_SUCC,67.0,900,NRCell,Huawei
1696760100000,SAL030_01,S1SIG_Connection_Setup_SR_DEN,67.0,900,NRCell,Huawei
1696760100000,SAL030_01,S1SIG_Connection_Setup_SR_NUM,67.0,900,NRCell,Huawei
1696760100000,SAL030_01,SERVICE_LATENCY_OVER_AIR_INTERFACE_DEN,1845.0,900,NRCell,Huawei
1696760100000,SAL030_01,SERVICE_LATENCY_OVER_AIR_INTERFACE_NUM,2713.0,900,NRCell,Huawei
1696760100000,SAL030_01,VOICE_TRAFFIC,0.0,900,NRCell,Huawei
1696760100000,SAL030_01,VOLTE_CALL_SETUP_ATT,0.0,900,NRCell,Huawei
1696760100000,SAL030_01,VOLTE_CALL_SETUP_SUCC,0.0,900,NRCell,Huawei
1696760100000,SEV001_01,DCR_DEN,2247.0,900,NRCell,Huawei
1696760100000,SEV001_01,DCR_NUM,2.0,900,NRCell,Huawei
1696760100000,SEV001_01,DROP_CALL_VOLTE_DEN,0.0,900,NRCell,Huawei
1696760100000,SEV001_01,DROP_CALL_VOLTE_NUM,0.0,900,NRCell,Huawei
1696760100000,SEV001_01,ERAB_SR_DEN,2240.0,900,NRCell,Huawei
1696760100000,SEV001_01,ERAB_SR_NUM,2240.0,900,NRCell,Huawei
1696760100000,SEV001_01,INTEGRITY_NGBR_QCI_9,4811921528.0,900,NRCell,Huawei
1696760100000,SEV001_01,INTRA_FREQUENCY_HO_OUT_ATT,15.0,900,NRCell,Huawei
1696760100000,SEV001_01,INTRA_FREQUENCY_HO_OUT_SUCC,15.0,900,NRCell,Huawei
1696760100000,SEV001_01,RRC_SETUP_ATT,1274.0,900,NRCell,Huawei
1696760100000,SEV001_01,RRC_SETUP_SUCC,1273.0,900,NRCell,Huawei
1696760100000,SEV001_01,S1SIG_Connection_Setup_SR_DEN,1273.0,900,NRCell,Huawei
1696760100000,SEV001_01,S1SIG_Connection_Setup_SR_NUM,1273.0,900,NRCell,Huawei
1696760100000,SEV001_01,SERVICE_LATENCY_OVER_AIR_INTERFACE_DEN,106022.0,900,NRCell,Huawei
1696760100000,SEV001_01,SERVICE_LATENCY_OVER_AIR_INTERFACE_NUM,151122.0,900,NRCell,Huawei
1696760100000,SEV001_01,VOICE_TRAFFIC,0.0,900,NRCell,Huawei
1696760100000,SEV001_01,VOLTE_CALL_SETUP_ATT,0.0,900,NRCell,Huawei
1696760100000,SEV001_01,VOLTE_CALL_SETUP_SUCC,0.0,900,NRCell,Huawei
1696760100000,SNT002_01,DCR_DEN,726.0,900,NRCell,Huawei
1696760100000,SNT002_01,DCR_NUM,0.0,900,NRCell,Huawei
1696760100000,SNT002_01,DROP_CALL_VOLTE_DEN,1.0,900,NRCell,Huawei
1696760100000,SNT002_01,DROP_CALL_VOLTE_NUM,0.0,900,NRCell,Huawei
1696760100000,SNT002_01,ERAB_SR_DEN,732.0,900,NRCell,Huawei
1696760100000,SNT002_01,ERAB_SR_NUM,732.0,900,NRCell,Huawei
1696760100000,SNT002_01,INTEGRITY_NGBR_QCI_9,417392144.0,900,NRCell,Huawei
1696760100000,SNT002_01,INTRA_FREQUENCY_HO_OUT_ATT,5.0,900,NRCell,Huawei
1696760100000,SNT002_01,INTRA_FREQUENCY_HO_OUT_SUCC,5.0,900,NRCell,Huawei
1696760100000,SNT002_01,RRC_SETUP_ATT,424.0,900,NRCell,Huawei
1696760100000,SNT002_01,RRC_SETUP_SUCC,424.0,900,NRCell,Huawei
1696760100000,SNT002_01,S1SIG_Connection_Setup_SR_DEN,424.0,900,NRCell,Huawei
1696760100000,SNT002_01,S1SIG_Connection_Setup_SR_NUM,424.0,900,NRCell,Huawei
1696760100000,SNT002_01,SERVICE_LATENCY_OVER_AIR_INTERFACE_DEN,14289.0,900,NRCell,Huawei
1696760100000,SNT002_01,SERVICE_LATENCY_OVER_AIR_INTERFACE_NUM,18281.0,900,NRCell,Huawei
1696760100000,SNT002_01,VOICE_TRAFFIC,100.0,900,NRCell,Huawei
1696760100000,SNT002_01,VOLTE_CALL_SETUP_ATT,1.0,900,NRCell,Huawei
1696760100000,SNT002_01,VOLTE_CALL_SETUP_SUCC,1.0,900,NRCell,Huawei
1696760100000,TAR015_01,DCR_DEN,2183.0,900,NRCell,Huawei
1696760100000,TAR015_01,DCR_NUM,0.0,900,NRCell,Huawei
1696760100000,TAR015_01,DROP_CALL_VOLTE_DEN,2.0,900,NRCell,Huawei
1696760100000,TAR015_01,DROP_CALL_VOLTE_NUM,0.0,900,NRCell,Huawei
1696760100000,TAR015_01,ERAB_SR_DEN,2169.0,900,NRCell,Huawei
1696760100000,TAR015_01,ERAB_SR_NUM,2169.0,900,NRCell,Huawei
1696760100000,TAR015_01,INTEGRITY_NGBR_QCI_9,5113857896.0,900,NRCell,Huawei
1696760100000,TAR015_01,INTRA_FREQUENCY_HO_OUT_ATT,22.0,900,NRCell,Huawei
1696760100000,TAR015_01,INTRA_FREQUENCY_HO_OUT_SUCC,22.0,900,NRCell,Huawei
1696760100000,TAR015_01,RRC_SETUP_ATT,1274.0,900,NRCell,Huawei
1696760100000,TAR015_01,RRC_SETUP_SUCC,1274.0,900,NRCell,Huawei
1696760100000,TAR015_01,S1SIG_Connection_Setup_SR_DEN,1274.0,900,NRCell,Huawei
1696760100000,TAR015_01,S1SIG_Connection_Setup_SR_NUM,1274.0,900,NRCell,Huawei
1696760100000,TAR015_01,SERVICE_LATENCY_OVER_AIR_INTERFACE_DEN,32012.0,900,NRCell,Huawei
1696760100000,TAR015_01,SERVICE_LATENCY_OVER_AIR_INTERFACE_NUM,47478.0,900,NRCell,Huawei
1696760100000,TAR015_01,VOICE_TRAFFIC,71.0,900,NRCell,Huawei
1696760100000,TAR015_01,VOLTE_CALL_SETUP_ATT,2.0,900,NRCell,Huawei
1696760100000,TAR015_01,VOLTE_CALL_SETUP_SUCC,2.0,900,NRCell,Huawei
1696760100000,TOL034_01,DCR_DEN,18.0,900,NRCell,Huawei
1696760100000,TOL034_01,DCR_NUM,0.0,900,NRCell,Huawei
1696760100000,TOL034_01,DROP_CALL_VOLTE_DEN,0.0,900,NRCell,Huawei
1696760100000,TOL034_01,DROP_CALL_VOLTE_NUM,0.0,900,NRCell,Huawei
1696760100000,TOL034_01,ERAB_SR_DEN,13.0,900,NRCell,Huawei
1696760100000,TOL034_01,ERAB_SR_NUM,13.0,900,NRCell,Huawei
1696760100000,TOL034_01,INTEGRITY_NGBR_QCI_9,842848.0,900,NRCell,Huawei
1696760100000,TOL034_01,INTRA_FREQUENCY_HO_OUT_ATT,1.0,900,NRCell,Huawei
1696760100000,TOL034_01,INTRA_FREQUENCY_HO_OUT_SUCC,1.0,900,NRCell,Huawei
1696760100000,TOL034_01,RRC_SETUP_ATT,10.0,900,NRCell,Huawei
1696760100000,TOL034_01,RRC_SETUP_SUCC,10.0,900,NRCell,Huawei
1696760100000,TOL034_01,S1SIG_Connection_Setup_SR_DEN,10.0,900,NRCell,Huawei
1696760100000,TOL034_01,S1SIG_Connection_Setup_SR_NUM,10.0,900,NRCell,Huawei
1696760100000,TOL034_01,SERVICE_LATENCY_OVER_AIR_INTERFACE_DEN,201.0,900,NRCell,Huawei
1696760100000,TOL034_01,SERVICE_LATENCY_OVER_AIR_INTERFACE_NUM,332.0,900,NRCell,Huawei
1696760100000,TOL034_01,VOICE_TRAFFIC,0.0,900,NRCell,Huawei
1696760100000,TOL034_01,VOLTE_CALL_SETUP_ATT,0.0,900,NRCell,Huawei
1696760100000,TOL034_01,VOLTE_CALL_SETUP_SUCC,0.0,900,NRCell,Huawei
1696760100000,VAL002_01,DCR_DEN,15.0,900,NRCell,Huawei
1696760100000,VAL002_01,DCR_NUM,0.0,900,NRCell,Huawei
1696760100000,VAL002_01,DROP_CALL_VOLTE_DEN,0.0,900,NRCell,Huawei
1696760100000,VAL002_01,DROP_CALL_VOLTE_NUM,0.0,900,NRCell,Huawei
1696760100000,VAL002_01,ERAB_SR_DEN,16.0,900,NRCell,Huawei
1696760100000,VAL002_01,ERAB_SR_NUM,16.0,900,NRCell,Huawei
1696760100000,VAL002_01,INTEGRITY_NGBR_QCI_9,50032.0,900,NRCell,Huawei
1696760100000,VAL002_01,INTRA_FREQUENCY_HO_OUT_ATT,0.0,900,NRCell,Huawei
1696760100000,VAL002_01,INTRA_FREQUENCY_HO_OUT_SUCC,0.0,900,NRCell,Huawei
1696760100000,VAL002_01,RRC_SETUP_ATT,17.0,900,NRCell,Huawei
1696760100000,VAL002_01,RRC_SETUP_SUCC,17.0,900,NRCell,Huawei
1696760100000,VAL002_01,S1SIG_Connection_Setup_SR_DEN,17.0,900,NRCell,Huawei
1696760100000,VAL002_01,S1SIG_Connection_Setup_SR_NUM,17.0,900,NRCell,Huawei
1696760100000,VAL002_01,SERVICE_LATENCY_OVER_AIR_INTERFACE_DEN,18.0,900,NRCell,Huawei
1696760100000,VAL002_01,SERVICE_LATENCY_OVER_AIR_INTERFACE_NUM,18.0,900,NRCell,Huawei
1696760100000,VAL002_01,VOICE_TRAFFIC,0.0,900,NRCell,Huawei
1696760100000,VAL002_01,VOLTE_CALL_SETUP_ATT,0.0,900,NRCell,Huawei
1696760100000,VAL002_01,VOLTE_CALL_SETUP_SUCC,0.0,900,NRCell,Huawei
