startTime,neId,counterCode,counterValue,granularity,neType,vendorName
1696850100000,BCN014_01,DCR_DEN,768.0,900,NRCell,Huawei
1696850100000,BCN014_01,DCR_NUM,0.0,900,NRCell,Huawei
1696850100000,BCN014_01,DROP_CALL_VOLTE_DEN,2.0,900,NRCell,Huawei
1696850100000,BCN014_01,DROP_CALL_VOLTE_NUM,0.0,900,NRCell,Huawei
1696850100000,BCN014_01,ERAB_SR_DEN,773.0,900,NRCell,Huawei
1696850100000,BCN014_01,ERAB_SR_NUM,773.0,900,NRCell,Huawei
1696850100000,BCN014_01,INTEGRITY_NGBR_QCI_9,991059416.0,900,NRCell,Huawei
1696850100000,BCN014_01,INTRA_FREQUENCY_HO_OUT_ATT,18.0,900,NRCell,Huawei
1696850100000,BCN014_01,INTRA_FREQUENCY_HO_OUT_SUCC,18.0,900,NRCell,Huawei
1696850100000,BCN014_01,RRC_SETUP_ATT,551.0,900,NRCell,Huawei
1696850100000,BCN014_01,RRC_SETUP_SUCC,551.0,900,NRCell,Huawei
1696850100000,BCN014_01,S1SIG_Connection_Setup_SR_DEN,551.0,900,NRCell,Huawei
1696850100000,BCN014_01,S1SIG_Connection_Setup_SR_NUM,551.0,900,NRCell,Huawei
1696850100000,BCN014_01,SERVICE_LATENCY_OVER_AIR_INTERFACE_DEN,31390.0,900,NRCell,Huawei
1696850100000,BCN014_01,SERVICE_LATENCY_OVER_AIR_INTERFACE_NUM,39080.0,900,NRCell,Huawei
1696850100000,BCN014_01,VOICE_TRAFFIC,0.0,900,NRCell,Huawei
1696850100000,BCN014_01,VOLTE_CALL_SETUP_ATT,2.0,900,NRCell,Huawei
1696850100000,BCN014_01,VOLTE_CALL_SETUP_SUCC,2.0,900,NRCell,Huawei
1696850100000,BIL001_01,DCR_DEN,976.0,900,NRCell,Huawei
1696850100000,BIL001_01,DCR_NUM,0.0,900,NRCell,Huawei
1696850100000,BIL001_01,DROP_CALL_VOLTE_DEN,0.0,900,NRCell,Huawei
1696850100000,BIL001_01,DROP_CALL_VOLTE_NUM,0.0,900,NRCell,Huawei
1696850100000,BIL001_01,ERAB_SR_DEN,988.0,900,NRCell,Huawei
1696850100000,BIL001_01,ERAB_SR_NUM,988.0,900,NRCell,Huawei
1696850100000,BIL001_01,INTEGRITY_NGBR_QCI_9,2577639608.0,900,NRCell,Huawei
1696850100000,BIL001_01,INTRA_FREQUENCY_HO_OUT_ATT,34.0,900,NRCell,Huawei
1696850100000,BIL001_01,INTRA_FREQUENCY_HO_OUT_SUCC,34.0,900,NRCell,Huawei
1696850100000,BIL001_01,RRC_SETUP_ATT,629.0,900,NRCell,Huawei
1696850100000,BIL001_01,RRC_SETUP_SUCC,629.0,900,NRCell,Huawei
1696850100000,BIL001_01,S1SIG_Connection_Setup_SR_DEN,629.0,900,NRCell,Huawei
1696850100000,BIL001_01,S1SIG_Connection_Setup_SR_NUM,629.0,900,NRCell,Huawei
1696850100000,BIL001_01,SERVICE_LATENCY_OVER_AIR_INTERFACE_DEN,73613.0,900,NRCell,Huawei
1696850100000,BIL001_01,SERVICE_LATENCY_OVER_AIR_INTERFACE_NUM,118477.0,900,NRCell,Huawei
1696850100000,BIL001_01,VOICE_TRAFFIC,0.0,900,NRCell,Huawei
1696850100000,BIL001_01,VOLTE_CALL_SETUP_ATT,0.0,900,NRCell,Huawei
1696850100000,BIL001_01,VOLTE_CALL_SETUP_SUCC,0.0,900,NRCell,Huawei
1696850100000,MAD033_01,DCR_DEN,578.0,900,NRCell,Huawei
1696850100000,MAD033_01,DCR_NUM,0.0,900,NRCell,Huawei
1696850100000,MAD033_01,DROP_CALL_VOLTE_DEN,0.0,900,NRCell,Huawei
1696850100000,MAD033_01,DROP_CALL_VOLTE_NUM,0.0,900,NRCell,Huawei
1696850100000,MAD033_01,ERAB_SR_DEN,573.0,900,NRCell,Huawei
1696850100000,MAD033_01,ERAB_SR_NUM,573.0,900,NRCell,Huawei
1696850100000,MAD033_01,INTEGRITY_NGBR_QCI_9,495069352.0,900,NRCell,Huawei
1696850100000,MAD033_01,INTRA_FREQUENCY_HO_OUT_ATT,6.0,900,NRCell,Huawei
1696850100000,MAD033_01,INTRA_FREQUENCY_HO_OUT_SUCC,6.0,900,NRCell,Huawei
1696850100000,MAD033_01,RRC_SETUP_ATT,362.0,900,NRCell,Huawei
1696850100000,MAD033_01,RRC_SETUP_SUCC,362.0,900,NRCell,Huawei
1696850100000,MAD033_01,S1SIG_Connection_Setup_SR_DEN,362.0,900,NRCell,Huawei
1696850100000,MAD033_01,S1SIG_Connection_Setup_SR_NUM,362.0,900,NRCell,Huawei
1696850100000,MAD033_01,SERVICE_LATENCY_OVER_AIR_INTERFACE_DEN,10921.0,900,NRCell,Huawei
1696850100000,MAD033_01,SERVICE_LATENCY_OVER_AIR_INTERFACE_NUM,13075.0,900,NRCell,Huawei
1696850100000,MAD033_01,VOICE_TRAFFIC,0.0,900,NRCell,Huawei
1696850100000,MAD033_01,VOLTE_CALL_SETUP_ATT,0.0,900,NRCell,Huawei
1696850100000,MAD033_01,VOLTE_CALL_SETUP_SUCC,0.0,900,NRCell,Huawei
1696850100000,SAL030_01,DCR_DEN,133.0,900,NRCell,Huawei
1696850100000,SAL030_01,DCR_NUM,0.0,900,NRCell,Huawei
1696850100000,SAL030_01,DROP_CALL_VOLTE_DEN,0.0,900,NRCell,Huawei
1696850100000,SAL030_01,DROP_CALL_VOLTE_NUM,0.0,900,NRCell,Huawei
1696850100000,SAL030_01,ERAB_SR_DEN,135.0,900,NRCell,Huawei
1696850100000,SAL030_01,ERAB_SR_NUM,135.0,900,NRCell,Huawei
1696850100000,SAL030_01,INTEGRITY_NGBR_QCI_9,891655832.0,900,NRCell,Huawei
1696850100000,SAL030_01,INTRA_FREQUENCY_HO_OUT_ATT,4.0,900,NRCell,Huawei
1696850100000,SAL030_01,INTRA_FREQUENCY_HO_OUT_SUCC,4.0,900,NRCell,Huawei
1696850100000,SAL030_01,RRC_SETUP_ATT,83.0,900,NRCell,Huawei
1696850100000,SAL030_01,RRC_SETUP_SUCC,83.0,900,NRCell,Huawei
1696850100000,SAL030_01,S1SIG_Connection_Setup_SR_DEN,83.0,900,NRCell,Huawei
1696850100000,SAL030_01,S1SIG_Connection_Setup_SR_NUM,83.0,900,NRCell,Huawei
1696850100000,SAL030_01,SERVICE_LATENCY_OVER_AIR_INTERFACE_DEN,30050.0,900,NRCell,Huawei
1696850100000,SAL030_01,SERVICE_LATENCY_OVER_AIR_INTERFACE_NUM,74583.0,900,NRCell,Huawei
1696850100000,SAL030_01,VOICE_TRAFFIC,0.0,900,NRCell,Huawei
1696850100000,SAL030_01,VOLTE_CALL_SETUP_ATT,0.0,900,NRCell,Huawei
1696850100000,SAL030_01,VOLTE_CALL_SETUP_SUCC,0.0,900,NRCell,Huawei
1696850100000,SEV001_01,DCR_DEN,1948.0,900,NRCell,Huawei
1696850100000,SEV001_01,DCR_NUM,1.0,900,NRCell,Huawei
1696850100000,SEV001_01,DROP_CALL_VOLTE_DEN,0.0,900,NRCell,Huawei
1696850100000,SEV001_01,DROP_CALL_VOLTE_NUM,0.0,900,NRCell,Huawei
1696850100000,SEV001_01,ERAB_SR_DEN,1936.0,900,NRCell,Huawei
1696850100000,SEV001_01,ERAB_SR_NUM,1934.0,900,NRCell,Huawei
1696850100000,SEV001_01,INTEGRITY_NGBR_QCI_9,2697234096.0,900,NRCell,Huawei
1696850100000,SEV001_01,INTRA_FREQUENCY_HO_OUT_ATT,26.0,900,NRCell,Huawei
1696850100000,SEV001_01,INTRA_FREQUENCY_HO_OUT_SUCC,26.0,900,NRCell,Huawei
1696850100000,SEV001_01,RRC_SETUP_ATT,1151.0,900,NRCell,Huawei
1696850100000,SEV001_01,RRC_SETUP_SUCC,1150.0,900,NRCell,Huawei
1696850100000,SEV001_01,S1SIG_Connection_Setup_SR_DEN,1150.0,900,NRCell,Huawei
1696850100000,SEV001_01,S1SIG_Connection_Setup_SR_NUM,1150.0,900,NRCell,Huawei
1696850100000,SEV001_01,SERVICE_LATENCY_OVER_AIR_INTERFACE_DEN,53628.0,900,NRCell,Huawei
1696850100000,SEV001_01,SERVICE_LATENCY_OVER_AIR_INTERFACE_NUM,81305.0,900,NRCell,Huawei
1696850100000,SEV001_01,VOICE_TRAFFIC,0.0,900,NRCell,Huawei
1696850100000,SEV001_01,VOLTE_CALL_SETUP_ATT,0.0,900,NRCell,Huawei
1696850100000,SEV001_01,VOLTE_CALL_SETUP_SUCC,0.0,900,NRCell,Huawei
1696850100000,SNT002_01,DCR_DEN,521.0,900,NRCell,Huawei
1696850100000,SNT002_01,DCR_NUM,0.0,900,NRCell,Huawei
1696850100000,SNT002_01,DROP_CALL_VOLTE_DEN,0.0,900,NRCell,Huawei
1696850100000,SNT002_01,DROP_CALL_VOLTE_NUM,0.0,900,NRCell,Huawei
1696850100000,SNT002_01,ERAB_SR_DEN,511.0,900,NRCell,Huawei
1696850100000,SNT002_01,ERAB_SR_NUM,511.0,900,NRCell,Huawei
1696850100000,SNT002_01,INTEGRITY_NGBR_QCI_9,2125051664.0,900,NRCell,Huawei
1696850100000,SNT002_01,INTRA_FREQUENCY_HO_OUT_ATT,7.0,900,NRCell,Huawei
1696850100000,SNT002_01,INTRA_FREQUENCY_HO_OUT_SUCC,7.0,900,NRCell,Huawei
1696850100000,SNT002_01,RRC_SETUP_ATT,317.0,900,NRCell,Huawei
1696850100000,SNT002_01,RRC_SETUP_SUCC,317.0,900,NRCell,Huawei
1696850100000,SNT002_01,S1SIG_Connection_Setup_SR_DEN,317.0,900,NRCell,Huawei
1696850100000,SNT002_01,S1SIG_Connection_Setup_SR_NUM,317.0,900,NRCell,Huawei
1696850100000,SNT002_01,SERVICE_LATENCY_OVER_AIR_INTERFACE_DEN,26353.0,900,NRCell,Huawei
1696850100000,SNT002_01,SERVICE_LATENCY_OVER_AIR_INTERFACE_NUM,32827.0,900,NRCell,Huawei
1696850100000,SNT002_01,VOICE_TRAFFIC,0.0,900,NRCell,Huawei
1696850100000,SNT002_01,VOLTE_CALL_SETUP_ATT,0.0,900,NRCell,Huawei
1696850100000,SNT002_01,VOLTE_CALL_SETUP_SUCC,0.0,900,NRCell,Huawei
1696850100000,TAR015_01,DCR_DEN,2416.0,900,NRCell,Huawei
1696850100000,TAR015_01,DCR_NUM,2.0,900,NRCell,Huawei
1696850100000,TAR015_01,DROP_CALL_VOLTE_DEN,0.0,900,NRCell,Huawei
1696850100000,TAR015_01,DROP_CALL_VOLTE_NUM,0.0,900,NRCell,Huawei
1696850100000,TAR015_01,ERAB_SR_DEN,2414.0,900,NRCell,Huawei
1696850100000,TAR015_01,ERAB_SR_NUM,2413.0,900,NRCell,Huawei
1696850100000,TAR015_01,INTEGRITY_NGBR_QCI_9,4688964576.0,900,NRCell,Huawei
1696850100000,TAR015_01,INTRA_FREQUENCY_HO_OUT_ATT,28.0,900,NRCell,Huawei
1696850100000,TAR015_01,INTRA_FREQUENCY_HO_OUT_SUCC,28.0,900,NRCell,Huawei
1696850100000,TAR015_01,RRC_SETUP_ATT,1401.0,900,NRCell,Huawei
1696850100000,TAR015_01,RRC_SETUP_SUCC,1400.0,900,NRCell,Huawei
1696850100000,TAR015_01,S1SIG_Connection_Setup_SR_DEN,1400.0,900,NRCell,Huawei
1696850100000,TAR015_01,S1SIG_Connection_Setup_SR_NUM,1400.0,900,NRCell,Huawei
1696850100000,TAR015_01,SERVICE_LATENCY_OVER_AIR_INTERFACE_DEN,135984.0,900,NRCell,Huawei
1696850100000,TAR015_01,SERVICE_LATENCY_OVER_AIR_INTERFACE_NUM,162621.0,900,NRCell,Huawei
1696850100000,TAR015_01,VOICE_TRAFFIC,79.0,900,NRCell,Huawei
1696850100000,TAR015_01,VOLTE_CALL_SETUP_ATT,1.0,900,NRCell,Huawei
1696850100000,TAR015_01,VOLTE_CALL_SETUP_SUCC,1.0,900,NRCell,Huawei
1696850100000,TOL034_01,DCR_DEN,18.0,900,NRCell,Huawei
1696850100000,TOL034_01,DCR_NUM,0.0,900,NRCell,Huawei
1696850100000,TOL034_01,DROP_CALL_VOLTE_DEN,0.0,900,NRCell,Huawei
1696850100000,TOL034_01,DROP_CALL_VOLTE_NUM,0.0,900,NRCell,Huawei
1696850100000,TOL034_01,ERAB_SR_DEN,17.0,900,NRCell,Huawei
1696850100000,TOL034_01,ERAB_SR_NUM,17.0,900,NRCell,Huawei
1696850100000,TOL034_01,INTEGRITY_NGBR_QCI_9,2595120.0,900,NRCell,Huawei
1696850100000,TOL034_01,INTRA_FREQUENCY_HO_OUT_ATT,0.0,900,NRCell,Huawei
1696850100000,TOL034_01,INTRA_FREQUENCY_HO_OUT_SUCC,0.0,900,NRCell,Huawei
1696850100000,TOL034_01,RRC_SETUP_ATT,16.0,900,NRCell,Huawei
1696850100000,TOL034_01,RRC_SETUP_SUCC,16.0,900,NRCell,Huawei
1696850100000,TOL034_01,S1SIG_Connection_Setup_SR_DEN,16.0,900,NRCell,Huawei
1696850100000,TOL034_01,S1SIG_Connection_Setup_SR_NUM,16.0,900,NRCell,Huawei
1696850100000,TOL034_01,SERVICE_LATENCY_OVER_AIR_INTERFACE_DEN,245.0,900,NRCell,Huawei
1696850100000,TOL034_01,SERVICE_LATENCY_OVER_AIR_INTERFACE_NUM,382.0,900,NRCell,Huawei
1696850100000,TOL034_01,VOICE_TRAFFIC,0.0,900,NRCell,Huawei
1696850100000,TOL034_01,VOLTE_CALL_SETUP_ATT,0.0,900,NRCell,Huawei
1696850100000,TOL034_01,VOLTE_CALL_SETUP_SUCC,0.0,900,NRCell,Huawei
1696850100000,VAL002_01,DCR_DEN,0.0,900,NRCell,Huawei
1696850100000,VAL002_01,DCR_NUM,0.0,900,NRCell,Huawei
1696850100000,VAL002_01,DROP_CALL_VOLTE_DEN,0.0,900,NRCell,Huawei
1696850100000,VAL002_01,DROP_CALL_VOLTE_NUM,0.0,900,NRCell,Huawei
1696850100000,VAL002_01,ERAB_SR_DEN,0.0,900,NRCell,Huawei
1696850100000,VAL002_01,ERAB_SR_NUM,0.0,900,NRCell,Huawei
1696850100000,VAL002_01,INTEGRITY_NGBR_QCI_9,0.0,900,NRCell,Huawei
1696850100000,VAL002_01,INTRA_FREQUENCY_HO_OUT_ATT,0.0,900,NRCell,Huawei
1696850100000,VAL002_01,INTRA_FREQUENCY_HO_OUT_SUCC,0.0,900,NRCell,Huawei
1696850100000,VAL002_01,RRC_SETUP_ATT,0.0,900,NRCell,Huawei
1696850100000,VAL002_01,RRC_SETUP_SUCC,0.0,900,NRCell,Huawei
1696850100000,VAL002_01,S1SIG_Connection_Setup_SR_DEN,0.0,900,NRCell,Huawei
1696850100000,VAL002_01,S1SIG_Connection_Setup_SR_NUM,0.0,900,NRCell,Huawei
1696850100000,VAL002_01,SERVICE_LATENCY_OVER_AIR_INTERFACE_DEN,0.0,900,NRCell,Huawei
1696850100000,VAL002_01,SERVICE_LATENCY_OVER_AIR_INTERFACE_NUM,0.0,900,NRCell,Huawei
1696850100000,VAL002_01,VOICE_TRAFFIC,0.0,900,NRCell,Huawei
1696850100000,VAL002_01,VOLTE_CALL_SETUP_ATT,0.0,900,NRCell,Huawei
1696850100000,VAL002_01,VOLTE_CALL_SETUP_SUCC,0.0,900,NRCell,Huawei
