startTime,neId,counterCode,counterValue,granularity,neType,vendorName
1696808700000,BCN014_01,DCR_DEN,1826.0,900,NRCell,Huawei
1696808700000,BCN014_01,DCR_NUM,0.0,900,NRCell,Huawei
1696808700000,BCN014_01,DROP_CALL_VOLTE_DEN,13.0,900,NRCell,Huawei
1696808700000,BCN014_01,DROP_CALL_VOLTE_NUM,0.0,900,NRCell,Huawei
1696808700000,BCN014_01,ERAB_SR_DEN,1818.0,900,NRCell,Huawei
1696808700000,BCN014_01,ERAB_SR_NUM,1818.0,900,NRCell,Huawei
1696808700000,BCN014_01,INTEGRITY_NGBR_QCI_9,11151775952.0,900,NRCell,Huawei
1696808700000,BCN014_01,INTRA_FREQUENCY_HO_OUT_ATT,161.0,900,NRCell,Huawei
1696808700000,BCN014_01,INTRA_FREQUENCY_HO_OUT_SUCC,161.0,900,NRCell,Huawei
1696808700000,BCN014_01,RRC_SETUP_ATT,1087.0,900,NRCell,Huawei
1696808700000,BCN014_01,RRC_SETUP_SUCC,1084.0,900,NRCell,Huawei
1696808700000,BCN014_01,S1SIG_Connection_Setup_SR_DEN,1084.0,900,NRCell,Huawei
1696808700000,BCN014_01,S1SIG_Connection_Setup_SR_NUM,1081.0,900,NRCell,Huawei
1696808700000,BCN014_01,SERVICE_LATENCY_OVER_AIR_INTERFACE_DEN,198679.0,900,NRCell,Huawei
1696808700000,BCN014_01,SERVICE_LATENCY_OVER_AIR_INTERFACE_NUM,370189.0,900,NRCell,Huawei
1696808700000,BCN014_01,VOICE_TRAFFIC,9878.0,900,NRCell,Huawei
1696808700000,BCN014_01,VOLTE_CALL_SETUP_ATT,14.0,900,NRCell,Huawei
1696808700000,BCN014_01,VOLTE_CALL_SETUP_SUCC,14.0,900,NRCell,Huawei
1696808700000,BIL001_01,DCR_DEN,1732.0,900,NRCell,Huawei
1696808700000,BIL001_01,DCR_NUM,0.0,900,NRCell,Huawei
1696808700000,BIL001_01,DROP_CALL_VOLTE_DEN,10.0,900,NRCell,Huawei
1696808700000,BIL001_01,DROP_CALL_VOLTE_NUM,0.0,900,NRCell,Huawei
1696808700000,BIL001_01,ERAB_SR_DEN,1718.0,900,NRCell,Huawei
1696808700000,BIL001_01,ERAB_SR_NUM,1716.0,900,NRCell,Huawei
1696808700000,BIL001_01,INTEGRITY_NGBR_QCI_9,12471778376.0,900,NRCell,Huawei
1696808700000,BIL001_01,INTRA_FREQUENCY_HO_OUT_ATT,188.0,900,NRCell,Huawei
1696808700000,BIL001_01,INTRA_FREQUENCY_HO_OUT_SUCC,188.0,900,NRCell,Huawei
1696808700000,BIL001_01,RRC_SETUP_ATT,1077.0,900,NRCell,Huawei
1696808700000,BIL001_01,RRC_SETUP_SUCC,1070.0,900,NRCell,Huawei
1696808700000,BIL001_01,S1SIG_Connection_Setup_SR_DEN,1070.0,900,NRCell,Huawei
1696808700000,BIL001_01,S1SIG_Connection_Setup_SR_NUM,1067.0,900,NRCell,Huawei
1696808700000,BIL001_01,SERVICE_LATENCY_OVER_AIR_INTERFACE_DEN,320626.0,900,NRCell,Huawei
1696808700000,BIL001_01,SERVICE_LATENCY_OVER_AIR_INTERFACE_NUM,496495.0,900,NRCell,Huawei
1696808700000,BIL001_01,VOICE_TRAFFIC,19347.0,900,NRCell,Huawei
1696808700000,BIL001_01,VOLTE_CALL_SETUP_ATT,3.0,900,NRCell,Huawei
1696808700000,BIL001_01,VOLTE_CALL_SETUP_SUCC,3.0,900,NRCell,Huawei
1696808700000,MAD033_01,DCR_DEN,914.0,900,NRCell,Huawei
1696808700000,MAD033_01,DCR_NUM,0.0,900,NRCell,Huawei
1696808700000,MAD033_01,DROP_CALL_VOLTE_DEN,5.0,900,NRCell,Huawei
1696808700000,MAD033_01,DROP_CALL_VOLTE_NUM,0.0,900,NRCell,Huawei
1696808700000,MAD033_01,ERAB_SR_DEN,911.0,900,NRCell,Huawei
1696808700000,MAD033_01,ERAB_SR_NUM,911.0,900,NRCell,Huawei
1696808700000,MAD033_01,INTEGRITY_NGBR_QCI_9,2275762824.0,900,NRCell,Huawei
1696808700000,MAD033_01,INTRA_FREQUENCY_HO_OUT_ATT,60.0,900,NRCell,Huawei
1696808700000,MAD033_01,INTRA_FREQUENCY_HO_OUT_SUCC,60.0,900,NRCell,Huawei
1696808700000,MAD033_01,RRC_SETUP_ATT,572.0,900,NRCell,Huawei
1696808700000,MAD033_01,RRC_SETUP_SUCC,570.0,900,NRCell,Huawei
1696808700000,MAD033_01,S1SIG_Connection_Setup_SR_DEN,570.0,900,NRCell,Huawei
1696808700000,MAD033_01,S1SIG_Connection_Setup_SR_NUM,570.0,900,NRCell,Huawei
1696808700000,MAD033_01,SERVICE_LATENCY_OVER_AIR_INTERFACE_DEN,71854.0,900,NRCell,Huawei
1696808700000,MAD033_01,SERVICE_LATENCY_OVER_AIR_INTERFACE_NUM,84972.0,900,NRCell,Huawei
1696808700000,MAD033_01,VOICE_TRAFFIC,1238.0,900,NRCell,Huawei
1696808700000,MAD033_01,VOLTE_CALL_SETUP_ATT,4.0,900,NRCell,Huawei
1696808700000,MAD033_01,VOLTE_CALL_SETUP_SUCC,4.0,900,NRCell,Huawei
1696808700000,SAL030_01,DCR_DEN,161.0,900,NRCell,Huawei
1696808700000,SAL030_01,DCR_NUM,1.0,900,NRCell,Huawei
1696808700000,SAL030_01,DROP_CALL_VOLTE_DEN,0.0,900,NRCell,Huawei
1696808700000,SAL030_01,DROP_CALL_VOLTE_NUM,0.0,900,NRCell,Huawei
1696808700000,SAL030_01,ERAB_SR_DEN,166.0,900,NRCell,Huawei
1696808700000,SAL030_01,ERAB_SR_NUM,166.0,900,NRCell,Huawei
1696808700000,SAL030_01,INTEGRITY_NGBR_QCI_9,2218782368.0,900,NRCell,Huawei
1696808700000,SAL030_01,INTRA_FREQUENCY_HO_OUT_ATT,12.0,900,NRCell,Huawei
1696808700000,SAL030_01,INTRA_FREQUENCY_HO_OUT_SUCC,12.0,900,NRCell,Huawei
1696808700000,SAL030_01,RRC_SETUP_ATT,118.0,900,NRCell,Huawei
1696808700000,SAL030_01,RRC_SETUP_SUCC,118.0,900,NRCell,Huawei
1696808700000,SAL030_01,S1SIG_Connection_Setup_SR_DEN,118.0,900,NRCell,Huawei
1696808700000,SAL030_01,S1SIG_Connection_Setup_SR_NUM,117.0,900,NRCell,Huawei
1696808700000,SAL030_01,SERVICE_LATENCY_OVER_AIR_INTERFACE_DEN,63816.0,900,NRCell,Huawei
1696808700000,SAL030_01,SERVICE_LATENCY_OVER_AIR_INTERFACE_NUM,89569.0,900,NRCell,Huawei
1696808700000,SAL030_01,VOICE_TRAFFIC,0.0,900,NRCell,Huawei
1696808700000,SAL030_01,VOLTE_CALL_SETUP_ATT,0.0,900,NRCell,Huawei
1696808700000,SAL030_01,VOLTE_CALL_SETUP_SUCC,0.0,900,NRCell,Huawei
1696808700000,SEV001_01,DCR_DEN,2350.0,900,NRCell,Huawei
1696808700000,SEV001_01,DCR_NUM,0.0,900,NRCell,Huawei
1696808700000,SEV001_01,DROP_CALL_VOLTE_DEN,2.0,900,NRCell,Huawei
1696808700000,SEV001_01,DROP_CALL_VOLTE_NUM,0.0,900,NRCell,Huawei
1696808700000,SEV001_01,ERAB_SR_DEN,2362.0,900,NRCell,Huawei
1696808700000,SEV001_01,ERAB_SR_NUM,2359.0,900,NRCell,Huawei
1696808700000,SEV001_01,INTEGRITY_NGBR_QCI_9,11724083560.0,900,NRCell,Huawei
1696808700000,SEV001_01,INTRA_FREQUENCY_HO_OUT_ATT,110.0,900,NRCell,Huawei
1696808700000,SEV001_01,INTRA_FREQUENCY_HO_OUT_SUCC,110.0,900,NRCell,Huawei
1696808700000,SEV001_01,RRC_SETUP_ATT,1313.0,900,NRCell,Huawei
1696808700000,SEV001_01,RRC_SETUP_SUCC,1312.0,900,NRCell,Huawei
1696808700000,SEV001_01,S1SIG_Connection_Setup_SR_DEN,1312.0,900,NRCell,Huawei
1696808700000,SEV001_01,S1SIG_Connection_Setup_SR_NUM,1310.0,900,NRCell,Huawei
1696808700000,SEV001_01,SERVICE_LATENCY_OVER_AIR_INTERFACE_DEN,373055.0,900,NRCell,Huawei
1696808700000,SEV001_01,SERVICE_LATENCY_OVER_AIR_INTERFACE_NUM,726973.0,900,NRCell,Huawei
1696808700000,SEV001_01,VOICE_TRAFFIC,18073.0,900,NRCell,Huawei
1696808700000,SEV001_01,VOLTE_CALL_SETUP_ATT,8.0,900,NRCell,Huawei
1696808700000,SEV001_01,VOLTE_CALL_SETUP_SUCC,8.0,900,NRCell,Huawei
1696808700000,SNT002_01,DCR_DEN,836.0,900,NRCell,Huawei
1696808700000,SNT002_01,DCR_NUM,0.0,900,NRCell,Huawei
1696808700000,SNT002_01,DROP_CALL_VOLTE_DEN,9.0,900,NRCell,Huawei
1696808700000,SNT002_01,DROP_CALL_VOLTE_NUM,0.0,900,NRCell,Huawei
1696808700000,SNT002_01,ERAB_SR_DEN,836.0,900,NRCell,Huawei
1696808700000,SNT002_01,ERAB_SR_NUM,836.0,900,NRCell,Huawei
1696808700000,SNT002_01,INTEGRITY_NGBR_QCI_9,5653703520.0,900,NRCell,Huawei
1696808700000,SNT002_01,INTRA_FREQUENCY_HO_OUT_ATT,67.0,900,NRCell,Huawei
1696808700000,SNT002_01,INTRA_FREQUENCY_HO_OUT_SUCC,67.0,900,NRCell,Huawei
1696808700000,SNT002_01,RRC_SETUP_ATT,488.0,900,NRCell,Huawei
1696808700000,SNT002_01,RRC_SETUP_SUCC,486.0,900,NRCell,Huawei
1696808700000,SNT002_01,S1SIG_Connection_Setup_SR_DEN,486.0,900,NRCell,Huawei
1696808700000,SNT002_01,S1SIG_Connection_Setup_SR_NUM,486.0,900,NRCell,Huawei
1696808700000,SNT002_01,SERVICE_LATENCY_OVER_AIR_INTERFACE_DEN,175135.0,900,NRCell,Huawei
1696808700000,SNT002_01,SERVICE_LATENCY_OVER_AIR_INTERFACE_NUM,213311.0,900,NRCell,Huawei
1696808700000,SNT002_01,VOICE_TRAFFIC,4426.0,900,NRCell,Huawei
1696808700000,SNT002_01,VOLTE_CALL_SETUP_ATT,10.0,900,NRCell,Huawei
1696808700000,SNT002_01,VOLTE_CALL_SETUP_SUCC,10.0,900,NRCell,Huawei
1696808700000,TAR015_01,DCR_DEN,2511.0,900,NRCell,Huawei
1696808700000,TAR015_01,DCR_NUM,1.0,900,NRCell,Huawei
1696808700000,TAR015_01,DROP_CALL_VOLTE_DEN,15.0,900,NRCell,Huawei
1696808700000,TAR015_01,DROP_CALL_VOLTE_NUM,0.0,900,NRCell,Huawei
1696808700000,TAR015_01,ERAB_SR_DEN,2486.0,900,NRCell,Huawei
1696808700000,TAR015_01,ERAB_SR_NUM,2484.0,900,NRCell,Huawei
1696808700000,TAR015_01,INTEGRITY_NGBR_QCI_9,16173009664.0,900,NRCell,Huawei
1696808700000,TAR015_01,INTRA_FREQUENCY_HO_OUT_ATT,152.0,900,NRCell,Huawei
1696808700000,TAR015_01,INTRA_FREQUENCY_HO_OUT_SUCC,152.0,900,NRCell,Huawei
1696808700000,TAR015_01,RRC_SETUP_ATT,1404.0,900,NRCell,Huawei
1696808700000,TAR015_01,RRC_SETUP_SUCC,1403.0,900,NRCell,Huawei
1696808700000,TAR015_01,S1SIG_Connection_Setup_SR_DEN,1403.0,900,NRCell,Huawei
1696808700000,TAR015_01,S1SIG_Connection_Setup_SR_NUM,1402.0,900,NRCell,Huawei
1696808700000,TAR015_01,SERVICE_LATENCY_OVER_AIR_INTERFACE_DEN,445457.0,900,NRCell,Huawei
1696808700000,TAR015_01,SERVICE_LATENCY_OVER_AIR_INTERFACE_NUM,1088421.0,900,NRCell,Huawei
1696808700000,TAR015_01,VOICE_TRAFFIC,15128.0,900,NRCell,Huawei
1696808700000,TAR015_01,VOLTE_CALL_SETUP_ATT,13.0,900,NRCell,Huawei
1696808700000,TAR015_01,VOLTE_CALL_SETUP_SUCC,13.0,900,NRCell,Huawei
1696808700000,TOL034_01,DCR_DEN,99.0,900,NRCell,Huawei
1696808700000,TOL034_01,DCR_NUM,0.0,900,NRCell,Huawei
1696808700000,TOL034_01,DROP_CALL_VOLTE_DEN,0.0,900,NRCell,Huawei
1696808700000,TOL034_01,DROP_CALL_VOLTE_NUM,0.0,900,NRCell,Huawei
1696808700000,TOL034_01,ERAB_SR_DEN,107.0,900,NRCell,Huawei
1696808700000,TOL034_01,ERAB_SR_NUM,107.0,900,NRCell,Huawei
1696808700000,TOL034_01,INTEGRITY_NGBR_QCI_9,3452039968.0,900,NRCell,Huawei
1696808700000,TOL034_01,INTRA_FREQUENCY_HO_OUT_ATT,12.0,900,NRCell,Huawei
1696808700000,TOL034_01,INTRA_FREQUENCY_HO_OUT_SUCC,12.0,900,NRCell,Huawei
1696808700000,TOL034_01,RRC_SETUP_ATT,81.0,900,NRCell,Huawei
1696808700000,TOL034_01,RRC_SETUP_SUCC,81.0,900,NRCell,Huawei
1696808700000,TOL034_01,S1SIG_Connection_Setup_SR_DEN,81.0,900,NRCell,Huawei
1696808700000,TOL034_01,S1SIG_Connection_Setup_SR_NUM,80.0,900,NRCell,Huawei
1696808700000,TOL034_01,SERVICE_LATENCY_OVER_AIR_INTERFACE_DEN,138664.0,900,NRCell,Huawei
1696808700000,TOL034_01,SERVICE_LATENCY_OVER_AIR_INTERFACE_NUM,183322.0,900,NRCell,Huawei
1696808700000,TOL034_01,VOICE_TRAFFIC,559.0,900,NRCell,Huawei
1696808700000,TOL034_01,VOLTE_CALL_SETUP_ATT,0.0,900,NRCell,Huawei
1696808700000,TOL034_01,VOLTE_CALL_SETUP_SUCC,0.0,900,NRCell,Huawei
1696808700000,VAL002_01,DCR_DEN,36.0,900,NRCell,Huawei
1696808700000,VAL002_01,DCR_NUM,0.0,900,NRCell,Huawei
1696808700000,VAL002_01,DROP_CALL_VOLTE_DEN,0.0,900,NRCell,Huawei
1696808700000,VAL002_01,DROP_CALL_VOLTE_NUM,0.0,900,NRCell,Huawei
1696808700000,VAL002_01,ERAB_SR_DEN,38.0,900,NRCell,Huawei
1696808700000,VAL002_01,ERAB_SR_NUM,38.0,900,NRCell,Huawei
1696808700000,VAL002_01,INTEGRITY_NGBR_QCI_9,45532096.0,900,NRCell,Huawei
1696808700000,VAL002_01,INTRA_FREQUENCY_HO_OUT_ATT,2.0,900,NRCell,Huawei
1696808700000,VAL002_01,INTRA_FREQUENCY_HO_OUT_SUCC,2.0,900,NRCell,Huawei
1696808700000,VAL002_01,RRC_SETUP_ATT,33.0,900,NRCell,Huawei
1696808700000,VAL002_01,RRC_SETUP_SUCC,33.0,900,NRCell,Huawei
1696808700000,VAL002_01,S1SIG_Connection_Setup_SR_DEN,33.0,900,NRCell,Huawei
1696808700000,VAL002_01,S1SIG_Connection_Setup_SR_NUM,33.0,900,NRCell,Huawei
1696808700000,VAL002_01,SERVICE_LATENCY_OVER_AIR_INTERFACE_DEN,1026.0,900,NRCell,Huawei
1696808700000,VAL002_01,SERVICE_LATENCY_OVER_AIR_INTERFACE_NUM,1712.0,900,NRCell,Huawei
1696808700000,VAL002_01,VOICE_TRAFFIC,0.0,900,NRCell,Huawei
1696808700000,VAL002_01,VOLTE_CALL_SETUP_ATT,0.0,900,NRCell,Huawei
1696808700000,VAL002_01,VOLTE_CALL_SETUP_SUCC,0.0,900,NRCell,Huawei
