startTime,neId,counterCode,counterValue,granularity,neType,vendorName
1696770900000,BCN014_01,DCR_DEN,1381.0,900,NRCell,Huawei
1696770900000,BCN014_01,DCR_NUM,1.0,900,NRCell,Huawei
1696770900000,BCN014_01,DROP_CALL_VOLTE_DEN,8.0,900,NRCell,Huawei
1696770900000,BCN014_01,DROP_CALL_VOLTE_NUM,0.0,900,NRCell,Huawei
1696770900000,BCN014_01,ERAB_SR_DEN,1367.0,900,NRCell,Huawei
1696770900000,BCN014_01,ERAB_SR_NUM,1367.0,900,NRCell,Huawei
1696770900000,BCN014_01,INTEGRITY_NGBR_QCI_9,12296000568.0,900,NRCell,Huawei
1696770900000,BCN014_01,INTRA_FREQUENCY_HO_OUT_ATT,80.0,900,NRCell,Huawei
1696770900000,BCN014_01,INTRA_FREQUENCY_HO_OUT_SUCC,80.0,900,NRCell,Huawei
1696770900000,BCN014_01,RRC_SETUP_ATT,809.0,900,NRCell,Huawei
1696770900000,BCN014_01,RRC_SETUP_SUCC,809.0,900,NRCell,Huawei
1696770900000,BCN014_01,S1SIG_Connection_Setup_SR_DEN,809.0,900,NRCell,Huawei
1696770900000,BCN014_01,S1SIG_Connection_Setup_SR_NUM,809.0,900,NRCell,Huawei
1696770900000,BCN014_01,SERVICE_LATENCY_OVER_AIR_INTERFACE_DEN,190563.0,900,NRCell,Huawei
1696770900000,BCN014_01,SERVICE_LATENCY_OVER_AIR_INTERFACE_NUM,235578.0,900,NRCell,Huawei
1696770900000,BCN014_01,VOICE_TRAFFIC,3744.0,900,NRCell,Huawei
1696770900000,BCN014_01,VOLTE_CALL_SETUP_ATT,9.0,900,NRCell,Huawei
1696770900000,BCN014_01,VOLTE_CALL_SETUP_SUCC,9.0,900,NRCell,Huawei
1696770900000,BIL001_01,DCR_DEN,1090.0,900,NRCell,Huawei
1696770900000,BIL001_01,DCR_NUM,0.0,900,NRCell,Huawei
1696770900000,BIL001_01,DROP_CALL_VOLTE_DEN,5.0,900,NRCell,Huawei
1696770900000,BIL001_01,DROP_CALL_VOLTE_NUM,0.0,900,NRCell,Huawei
1696770900000,BIL001_01,ERAB_SR_DEN,1105.0,900,NRCell,Huawei
1696770900000,BIL001_01,ERAB_SR_NUM,1104.0,900,NRCell,Huawei
1696770900000,BIL001_01,INTEGRITY_NGBR_QCI_9,8739519792.0,900,NRCell,Huawei
1696770900000,BIL001_01,INTRA_FREQUENCY_HO_OUT_ATT,55.0,900,NRCell,Huawei
1696770900000,BIL001_01,INTRA_FREQUENCY_HO_OUT_SUCC,55.0,900,NRCell,Huawei
1696770900000,BIL001_01,RRC_SETUP_ATT,701.0,900,NRCell,Huawei
1696770900000,BIL001_01,RRC_SETUP_SUCC,687.0,900,NRCell,Huawei
1696770900000,BIL001_01,S1SIG_Connection_Setup_SR_DEN,687.0,900,NRCell,Huawei
1696770900000,BIL001_01,S1SIG_Connection_Setup_SR_NUM,687.0,900,NRCell,Huawei
1696770900000,BIL001_01,SERVICE_LATENCY_OVER_AIR_INTERFACE_DEN,111374.0,900,NRCell,Huawei
1696770900000,BIL001_01,SERVICE_LATENCY_OVER_AIR_INTERFACE_NUM,149105.0,900,NRCell,Huawei
1696770900000,BIL001_01,VOICE_TRAFFIC,1523.0,900,NRCell,Huawei
1696770900000,BIL001_01,VOLTE_CALL_SETUP_ATT,4.0,900,NRCell,Huawei
1696770900000,BIL001_01,VOLTE_CALL_SETUP_SUCC,4.0,900,NRCell,Huawei
1696770900000,MAD033_01,DCR_DEN,664.0,900,NRCell,Huawei
1696770900000,MAD033_01,DCR_NUM,0.0,900,NRCell,Huawei
1696770900000,MAD033_01,DROP_CALL_VOLTE_DEN,2.0,900,NRCell,Huawei
1696770900000,MAD033_01,DROP_CALL_VOLTE_NUM,0.0,900,NRCell,Huawei
1696770900000,MAD033_01,ERAB_SR_DEN,653.0,900,NRCell,Huawei
1696770900000,MAD033_01,ERAB_SR_NUM,653.0,900,NRCell,Huawei
1696770900000,MAD033_01,INTEGRITY_NGBR_QCI_9,850413280.0,900,NRCell,Huawei
1696770900000,MAD033_01,INTRA_FREQUENCY_HO_OUT_ATT,31.0,900,NRCell,Huawei
1696770900000,MAD033_01,INTRA_FREQUENCY_HO_OUT_SUCC,31.0,900,NRCell,Huawei
1696770900000,MAD033_01,RRC_SETUP_ATT,400.0,900,NRCell,Huawei
1696770900000,MAD033_01,RRC_SETUP_SUCC,400.0,900,NRCell,Huawei
1696770900000,MAD033_01,S1SIG_Connection_Setup_SR_DEN,400.0,900,NRCell,Huawei
1696770900000,MAD033_01,S1SIG_Connection_Setup_SR_NUM,400.0,900,NRCell,Huawei
1696770900000,MAD033_01,SERVICE_LATENCY_OVER_AIR_INTERFACE_DEN,24964.0,900,NRCell,Huawei
1696770900000,MAD033_01,SERVICE_LATENCY_OVER_AIR_INTERFACE_NUM,30675.0,900,NRCell,Huawei
1696770900000,MAD033_01,VOICE_TRAFFIC,782.0,900,NRCell,Huawei
1696770900000,MAD033_01,VOLTE_CALL_SETUP_ATT,1.0,900,NRCell,Huawei
1696770900000,MAD033_01,VOLTE_CALL_SETUP_SUCC,1.0,900,NRCell,Huawei
1696770900000,SAL030_01,DCR_DEN,136.0,900,NRCell,Huawei
1696770900000,SAL030_01,DCR_NUM,0.0,900,NRCell,Huawei
1696770900000,SAL030_01,DROP_CALL_VOLTE_DEN,0.0,900,NRCell,Huawei
1696770900000,SAL030_01,DROP_CALL_VOLTE_NUM,0.0,900,NRCell,Huawei
1696770900000,SAL030_01,ERAB_SR_DEN,137.0,900,NRCell,Huawei
1696770900000,SAL030_01,ERAB_SR_NUM,137.0,900,NRCell,Huawei
1696770900000,SAL030_01,INTEGRITY_NGBR_QCI_9,391459920.0,900,NRCell,Huawei
1696770900000,SAL030_01,INTRA_FREQUENCY_HO_OUT_ATT,3.0,900,NRCell,Huawei
1696770900000,SAL030_01,INTRA_FREQUENCY_HO_OUT_SUCC,3.0,900,NRCell,Huawei
1696770900000,SAL030_01,RRC_SETUP_ATT,84.0,900,NRCell,Huawei
1696770900000,SAL030_01,RRC_SETUP_SUCC,84.0,900,NRCell,Huawei
1696770900000,SAL030_01,S1SIG_Connection_Setup_SR_DEN,84.0,900,NRCell,Huawei
1696770900000,SAL030_01,S1SIG_Connection_Setup_SR_NUM,84.0,900,NRCell,Huawei
1696770900000,SAL030_01,SERVICE_LATENCY_OVER_AIR_INTERFACE_DEN,8669.0,900,NRCell,Huawei
1696770900000,SAL030_01,SERVICE_LATENCY_OVER_AIR_INTERFACE_NUM,13053.0,900,NRCell,Huawei
1696770900000,SAL030_01,VOICE_TRAFFIC,287.0,900,NRCell,Huawei
1696770900000,SAL030_01,VOLTE_CALL_SETUP_ATT,1.0,900,NRCell,Huawei
1696770900000,SAL030_01,VOLTE_CALL_SETUP_SUCC,1.0,900,NRCell,Huawei
1696770900000,SEV001_01,DCR_DEN,2462.0,900,NRCell,Huawei
1696770900000,SEV001_01,DCR_NUM,0.0,900,NRCell,Huawei
1696770900000,SEV001_01,DROP_CALL_VOLTE_DEN,3.0,900,NRCell,Huawei
1696770900000,SEV001_01,DROP_CALL_VOLTE_NUM,0.0,900,NRCell,Huawei
1696770900000,SEV001_01,ERAB_SR_DEN,2474.0,900,NRCell,Huawei
1696770900000,SEV001_01,ERAB_SR_NUM,2472.0,900,NRCell,Huawei
1696770900000,SEV001_01,INTEGRITY_NGBR_QCI_9,11575559448.0,900,NRCell,Huawei
1696770900000,SEV001_01,INTRA_FREQUENCY_HO_OUT_ATT,45.0,900,NRCell,Huawei
1696770900000,SEV001_01,INTRA_FREQUENCY_HO_OUT_SUCC,45.0,900,NRCell,Huawei
1696770900000,SEV001_01,RRC_SETUP_ATT,1393.0,900,NRCell,Huawei
1696770900000,SEV001_01,RRC_SETUP_SUCC,1393.0,900,NRCell,Huawei
1696770900000,SEV001_01,S1SIG_Connection_Setup_SR_DEN,1393.0,900,NRCell,Huawei
1696770900000,SEV001_01,S1SIG_Connection_Setup_SR_NUM,1393.0,900,NRCell,Huawei
1696770900000,SEV001_01,SERVICE_LATENCY_OVER_AIR_INTERFACE_DEN,361188.0,900,NRCell,Huawei
1696770900000,SEV001_01,SERVICE_LATENCY_OVER_AIR_INTERFACE_NUM,501726.0,900,NRCell,Huawei
1696770900000,SEV001_01,VOICE_TRAFFIC,11245.0,900,NRCell,Huawei
1696770900000,SEV001_01,VOLTE_CALL_SETUP_ATT,3.0,900,NRCell,Huawei
1696770900000,SEV001_01,VOLTE_CALL_SETUP_SUCC,3.0,900,NRCell,Huawei
1696770900000,SNT002_01,DCR_DEN,679.0,900,NRCell,Huawei
1696770900000,SNT002_01,DCR_NUM,1.0,900,NRCell,Huawei
1696770900000,SNT002_01,DROP_CALL_VOLTE_DEN,1.0,900,NRCell,Huawei
1696770900000,SNT002_01,DROP_CALL_VOLTE_NUM,0.0,900,NRCell,Huawei
1696770900000,SNT002_01,ERAB_SR_DEN,691.0,900,NRCell,Huawei
1696770900000,SNT002_01,ERAB_SR_NUM,690.0,900,NRCell,Huawei
1696770900000,SNT002_01,INTEGRITY_NGBR_QCI_9,2548870224.0,900,NRCell,Huawei
1696770900000,SNT002_01,INTRA_FREQUENCY_HO_OUT_ATT,27.0,900,NRCell,Huawei
1696770900000,SNT002_01,INTRA_FREQUENCY_HO_OUT_SUCC,27.0,900,NRCell,Huawei
1696770900000,SNT002_01,RRC_SETUP_ATT,403.0,900,NRCell,Huawei
1696770900000,SNT002_01,RRC_SETUP_SUCC,396.0,900,NRCell,Huawei
1696770900000,SNT002_01,S1SIG_Connection_Setup_SR_DEN,396.0,900,NRCell,Huawei
1696770900000,SNT002_01,S1SIG_Connection_Setup_SR_NUM,396.0,900,NRCell,Huawei
1696770900000,SNT002_01,SERVICE_LATENCY_OVER_AIR_INTERFACE_DEN,68909.0,900,NRCell,Huawei
1696770900000,SNT002_01,SERVICE_LATENCY_OVER_AIR_INTERFACE_NUM,74072.0,900,NRCell,Huawei
1696770900000,SNT002_01,VOICE_TRAFFIC,639.0,900,NRCell,Huawei
1696770900000,SNT002_01,VOLTE_CALL_SETUP_ATT,2.0,900,NRCell,Huawei
1696770900000,SNT002_01,VOLTE_CALL_SETUP_SUCC,2.0,900,NRCell,Huawei
1696770900000,TAR015_01,DCR_DEN,2480.0,900,NRCell,Huawei
1696770900000,TAR015_01,DCR_NUM,0.0,900,NRCell,Huawei
1696770900000,TAR015_01,DROP_CALL_VOLTE_DEN,5.0,900,NRCell,Huawei
1696770900000,TAR015_01,DROP_CALL_VOLTE_NUM,0.0,900,NRCell,Huawei
1696770900000,TAR015_01,ERAB_SR_DEN,2452.0,900,NRCell,Huawei
1696770900000,TAR015_01,ERAB_SR_NUM,2452.0,900,NRCell,Huawei
1696770900000,TAR015_01,INTEGRITY_NGBR_QCI_9,13656855336.0,900,NRCell,Huawei
1696770900000,TAR015_01,INTRA_FREQUENCY_HO_OUT_ATT,63.0,900,NRCell,Huawei
1696770900000,TAR015_01,INTRA_FREQUENCY_HO_OUT_SUCC,63.0,900,NRCell,Huawei
1696770900000,TAR015_01,RRC_SETUP_ATT,1415.0,900,NRCell,Huawei
1696770900000,TAR015_01,RRC_SETUP_SUCC,1414.0,900,NRCell,Huawei
1696770900000,TAR015_01,S1SIG_Connection_Setup_SR_DEN,1414.0,900,NRCell,Huawei
1696770900000,TAR015_01,S1SIG_Connection_Setup_SR_NUM,1414.0,900,NRCell,Huawei
1696770900000,TAR015_01,SERVICE_LATENCY_OVER_AIR_INTERFACE_DEN,334460.0,900,NRCell,Huawei
1696770900000,TAR015_01,SERVICE_LATENCY_OVER_AIR_INTERFACE_NUM,507215.0,900,NRCell,Huawei
1696770900000,TAR015_01,VOICE_TRAFFIC,6508.0,900,NRCell,Huawei
1696770900000,TAR015_01,VOLTE_CALL_SETUP_ATT,5.0,900,NRCell,Huawei
1696770900000,TAR015_01,VOLTE_CALL_SETUP_SUCC,5.0,900,NRCell,Huawei
1696770900000,TOL034_01,DCR_DEN,87.0,900,NRCell,Huawei
1696770900000,TOL034_01,DCR_NUM,0.0,900,NRCell,Huawei
1696770900000,TOL034_01,DROP_CALL_VOLTE_DEN,0.0,900,NRCell,Huawei
1696770900000,TOL034_01,DROP_CALL_VOLTE_NUM,0.0,900,NRCell,Huawei
1696770900000,TOL034_01,ERAB_SR_DEN,88.0,900,NRCell,Huawei
1696770900000,TOL034_01,ERAB_SR_NUM,88.0,900,NRCell,Huawei
1696770900000,TOL034_01,INTEGRITY_NGBR_QCI_9,758848632.0,900,NRCell,Huawei
1696770900000,TOL034_01,INTRA_FREQUENCY_HO_OUT_ATT,3.0,900,NRCell,Huawei
1696770900000,TOL034_01,INTRA_FREQUENCY_HO_OUT_SUCC,3.0,900,NRCell,Huawei
1696770900000,TOL034_01,RRC_SETUP_ATT,77.0,900,NRCell,Huawei
1696770900000,TOL034_01,RRC_SETUP_SUCC,77.0,900,NRCell,Huawei
1696770900000,TOL034_01,S1SIG_Connection_Setup_SR_DEN,77.0,900,NRCell,Huawei
1696770900000,TOL034_01,S1SIG_Connection_Setup_SR_NUM,77.0,900,NRCell,Huawei
1696770900000,TOL034_01,SERVICE_LATENCY_OVER_AIR_INTERFACE_DEN,24980.0,900,NRCell,Huawei
1696770900000,TOL034_01,SERVICE_LATENCY_OVER_AIR_INTERFACE_NUM,26915.0,900,NRCell,Huawei
1696770900000,TOL034_01,VOICE_TRAFFIC,0.0,900,NRCell,Huawei
1696770900000,TOL034_01,VOLTE_CALL_SETUP_ATT,0.0,900,NRCell,Huawei
1696770900000,TOL034_01,VOLTE_CALL_SETUP_SUCC,0.0,900,NRCell,Huawei
1696770900000,VAL002_01,DCR_DEN,27.0,900,NRCell,Huawei
1696770900000,VAL002_01,DCR_NUM,0.0,900,NRCell,Huawei
1696770900000,VAL002_01,DROP_CALL_VOLTE_DEN,0.0,900,NRCell,Huawei
1696770900000,VAL002_01,DROP_CALL_VOLTE_NUM,0.0,900,NRCell,Huawei
1696770900000,VAL002_01,ERAB_SR_DEN,22.0,900,NRCell,Huawei
1696770900000,VAL002_01,ERAB_SR_NUM,22.0,900,NRCell,Huawei
1696770900000,VAL002_01,INTEGRITY_NGBR_QCI_9,4095152.0,900,NRCell,Huawei
1696770900000,VAL002_01,INTRA_FREQUENCY_HO_OUT_ATT,2.0,900,NRCell,Huawei
1696770900000,VAL002_01,INTRA_FREQUENCY_HO_OUT_SUCC,2.0,900,NRCell,Huawei
1696770900000,VAL002_01,RRC_SETUP_ATT,21.0,900,NRCell,Huawei
1696770900000,VAL002_01,RRC_SETUP_SUCC,21.0,900,NRCell,Huawei
1696770900000,VAL002_01,S1SIG_Connection_Setup_SR_DEN,21.0,900,NRCell,Huawei
1696770900000,VAL002_01,S1SIG_Connection_Setup_SR_NUM,21.0,900,NRCell,Huawei
1696770900000,VAL002_01,SERVICE_LATENCY_OVER_AIR_INTERFACE_DEN,583.0,900,NRCell,Huawei
1696770900000,VAL002_01,SERVICE_LATENCY_OVER_AIR_INTERFACE_NUM,1057.0,900,NRCell,Huawei
1696770900000,VAL002_01,VOICE_TRAFFIC,0.0,900,NRCell,Huawei
1696770900000,VAL002_01,VOLTE_CALL_SETUP_ATT,0.0,900,NRCell,Huawei
1696770900000,VAL002_01,VOLTE_CALL_SETUP_SUCC,0.0,900,NRCell,Huawei
