startTime,neId,counterCode,counterValue,granularity,neType,vendorName
1696851900000,BCN014_01,DCR_DEN,899.0,900,NRCell,Huawei
1696851900000,BCN014_01,DCR_NUM,0.0,900,NRCell,Huawei
1696851900000,BCN014_01,DROP_CALL_VOLTE_DEN,2.0,900,NRCell,Huawei
1696851900000,BCN014_01,DROP_CALL_VOLTE_NUM,0.0,900,NRCell,Huawei
1696851900000,BCN014_01,ERAB_SR_DEN,905.0,900,NRCell,Huawei
1696851900000,BCN014_01,ERAB_SR_NUM,905.0,900,NRCell,Huawei
1696851900000,BCN014_01,INTEGRITY_NGBR_QCI_9,1660037832.0,900,NRCell,Huawei
1696851900000,BCN014_01,INTRA_FREQUENCY_HO_OUT_ATT,31.0,900,NRCell,Huawei
1696851900000,BCN014_01,INTRA_FREQUENCY_HO_OUT_SUCC,31.0,900,NRCell,Huawei
1696851900000,BCN014_01,RRC_SETUP_ATT,601.0,900,NRCell,Huawei
1696851900000,BCN014_01,RRC_SETUP_SUCC,601.0,900,NRCell,Huawei
1696851900000,BCN014_01,S1SIG_Connection_Setup_SR_DEN,601.0,900,NRCell,Huawei
1696851900000,BCN014_01,S1SIG_Connection_Setup_SR_NUM,601.0,900,NRCell,Huawei
1696851900000,BCN014_01,SERVICE_LATENCY_OVER_AIR_INTERFACE_DEN,48923.0,900,NRCell,Huawei
1696851900000,BCN014_01,SERVICE_LATENCY_OVER_AIR_INTERFACE_NUM,62805.0,900,NRCell,Huawei
1696851900000,BCN014_01,VOICE_TRAFFIC,871.0,900,NRCell,Huawei
1696851900000,BCN014_01,VOLTE_CALL_SETUP_ATT,3.0,900,NRCell,Huawei
1696851900000,BCN014_01,VOLTE_CALL_SETUP_SUCC,3.0,900,NRCell,Huawei
1696851900000,BIL001_01,DCR_DEN,996.0,900,NRCell,Huawei
1696851900000,BIL001_01,DCR_NUM,0.0,900,NRCell,Huawei
1696851900000,BIL001_01,DROP_CALL_VOLTE_DEN,1.0,900,NRCell,Huawei
1696851900000,BIL001_01,DROP_CALL_VOLTE_NUM,0.0,900,NRCell,Huawei
1696851900000,BIL001_01,ERAB_SR_DEN,997.0,900,NRCell,Huawei
1696851900000,BIL001_01,ERAB_SR_NUM,997.0,900,NRCell,Huawei
1696851900000,BIL001_01,INTEGRITY_NGBR_QCI_9,2781732680.0,900,NRCell,Huawei
1696851900000,BIL001_01,INTRA_FREQUENCY_HO_OUT_ATT,12.0,900,NRCell,Huawei
1696851900000,BIL001_01,INTRA_FREQUENCY_HO_OUT_SUCC,12.0,900,NRCell,Huawei
1696851900000,BIL001_01,RRC_SETUP_ATT,647.0,900,NRCell,Huawei
1696851900000,BIL001_01,RRC_SETUP_SUCC,647.0,900,NRCell,Huawei
1696851900000,BIL001_01,S1SIG_Connection_Setup_SR_DEN,647.0,900,NRCell,Huawei
1696851900000,BIL001_01,S1SIG_Connection_Setup_SR_NUM,647.0,900,NRCell,Huawei
1696851900000,BIL001_01,SERVICE_LATENCY_OVER_AIR_INTERFACE_DEN,100618.0,900,NRCell,Huawei
1696851900000,BIL001_01,SERVICE_LATENCY_OVER_AIR_INTERFACE_NUM,127887.0,900,NRCell,Huawei
1696851900000,BIL001_01,VOICE_TRAFFIC,116.0,900,NRCell,Huawei
1696851900000,BIL001_01,VOLTE_CALL_SETUP_ATT,1.0,900,NRCell,Huawei
1696851900000,BIL001_01,VOLTE_CALL_SETUP_SUCC,1.0,900,NRCell,Huawei
1696851900000,MAD033_01,DCR_DEN,623.0,900,NRCell,Huawei
1696851900000,MAD033_01,DCR_NUM,0.0,900,NRCell,Huawei
1696851900000,MAD033_01,DROP_CALL_VOLTE_DEN,4.0,900,NRCell,Huawei
1696851900000,MAD033_01,DROP_CALL_VOLTE_NUM,0.0,900,NRCell,Huawei
1696851900000,MAD033_01,ERAB_SR_DEN,605.0,900,NRCell,Huawei
1696851900000,MAD033_01,ERAB_SR_NUM,605.0,900,NRCell,Huawei
1696851900000,MAD033_01,INTEGRITY_NGBR_QCI_9,1505100416.0,900,NRCell,Huawei
1696851900000,MAD033_01,INTRA_FREQUENCY_HO_OUT_ATT,24.0,900,NRCell,Huawei
1696851900000,MAD033_01,INTRA_FREQUENCY_HO_OUT_SUCC,24.0,900,NRCell,Huawei
1696851900000,MAD033_01,RRC_SETUP_ATT,354.0,900,NRCell,Huawei
1696851900000,MAD033_01,RRC_SETUP_SUCC,354.0,900,NRCell,Huawei
1696851900000,MAD033_01,S1SIG_Connection_Setup_SR_DEN,354.0,900,NRCell,Huawei
1696851900000,MAD033_01,S1SIG_Connection_Setup_SR_NUM,354.0,900,NRCell,Huawei
1696851900000,MAD033_01,SERVICE_LATENCY_OVER_AIR_INTERFACE_DEN,35674.0,900,NRCell,Huawei
1696851900000,MAD033_01,SERVICE_LATENCY_OVER_AIR_INTERFACE_NUM,38572.0,900,NRCell,Huawei
1696851900000,MAD033_01,VOICE_TRAFFIC,704.0,900,NRCell,Huawei
1696851900000,MAD033_01,VOLTE_CALL_SETUP_ATT,2.0,900,NRCell,Huawei
1696851900000,MAD033_01,VOLTE_CALL_SETUP_SUCC,2.0,900,NRCell,Huawei
1696851900000,SAL030_01,DCR_DEN,120.0,900,NRCell,Huawei
1696851900000,SAL030_01,DCR_NUM,1.0,900,NRCell,Huawei
1696851900000,SAL030_01,DROP_CALL_VOLTE_DEN,0.0,900,NRCell,Huawei
1696851900000,SAL030_01,DROP_CALL_VOLTE_NUM,0.0,900,NRCell,Huawei
1696851900000,SAL030_01,ERAB_SR_DEN,101.0,900,NRCell,Huawei
1696851900000,SAL030_01,ERAB_SR_NUM,101.0,900,NRCell,Huawei
1696851900000,SAL030_01,INTEGRITY_NGBR_QCI_9,923065992.0,900,NRCell,Huawei
1696851900000,SAL030_01,INTRA_FREQUENCY_HO_OUT_ATT,1.0,900,NRCell,Huawei
1696851900000,SAL030_01,INTRA_FREQUENCY_HO_OUT_SUCC,1.0,900,NRCell,Huawei
1696851900000,SAL030_01,RRC_SETUP_ATT,70.0,900,NRCell,Huawei
1696851900000,SAL030_01,RRC_SETUP_SUCC,70.0,900,NRCell,Huawei
1696851900000,SAL030_01,S1SIG_Connection_Setup_SR_DEN,70.0,900,NRCell,Huawei
1696851900000,SAL030_01,S1SIG_Connection_Setup_SR_NUM,70.0,900,NRCell,Huawei
1696851900000,SAL030_01,SERVICE_LATENCY_OVER_AIR_INTERFACE_DEN,13334.0,900,NRCell,Huawei
1696851900000,SAL030_01,SERVICE_LATENCY_OVER_AIR_INTERFACE_NUM,31834.0,900,NRCell,Huawei
1696851900000,SAL030_01,VOICE_TRAFFIC,0.0,900,NRCell,Huawei
1696851900000,SAL030_01,VOLTE_CALL_SETUP_ATT,0.0,900,NRCell,Huawei
1696851900000,SAL030_01,VOLTE_CALL_SETUP_SUCC,0.0,900,NRCell,Huawei
1696851900000,SEV001_01,DCR_DEN,1983.0,900,NRCell,Huawei
1696851900000,SEV001_01,DCR_NUM,0.0,900,NRCell,Huawei
1696851900000,SEV001_01,DROP_CALL_VOLTE_DEN,3.0,900,NRCell,Huawei
1696851900000,SEV001_01,DROP_CALL_VOLTE_NUM,0.0,900,NRCell,Huawei
1696851900000,SEV001_01,ERAB_SR_DEN,2019.0,900,NRCell,Huawei
1696851900000,SEV001_01,ERAB_SR_NUM,2018.0,900,NRCell,Huawei
1696851900000,SEV001_01,INTEGRITY_NGBR_QCI_9,4899524440.0,900,NRCell,Huawei
1696851900000,SEV001_01,INTRA_FREQUENCY_HO_OUT_ATT,42.0,900,NRCell,Huawei
1696851900000,SEV001_01,INTRA_FREQUENCY_HO_OUT_SUCC,42.0,900,NRCell,Huawei
1696851900000,SEV001_01,RRC_SETUP_ATT,1201.0,900,NRCell,Huawei
1696851900000,SEV001_01,RRC_SETUP_SUCC,1201.0,900,NRCell,Huawei
1696851900000,SEV001_01,S1SIG_Connection_Setup_SR_DEN,1201.0,900,NRCell,Huawei
1696851900000,SEV001_01,S1SIG_Connection_Setup_SR_NUM,1201.0,900,NRCell,Huawei
1696851900000,SEV001_01,SERVICE_LATENCY_OVER_AIR_INTERFACE_DEN,205752.0,900,NRCell,Huawei
1696851900000,SEV001_01,SERVICE_LATENCY_OVER_AIR_INTERFACE_NUM,264124.0,900,NRCell,Huawei
1696851900000,SEV001_01,VOICE_TRAFFIC,827.0,900,NRCell,Huawei
1696851900000,SEV001_01,VOLTE_CALL_SETUP_ATT,2.0,900,NRCell,Huawei
1696851900000,SEV001_01,VOLTE_CALL_SETUP_SUCC,2.0,900,NRCell,Huawei
1696851900000,SNT002_01,DCR_DEN,628.0,900,NRCell,Huawei
1696851900000,SNT002_01,DCR_NUM,0.0,900,NRCell,Huawei
1696851900000,SNT002_01,DROP_CALL_VOLTE_DEN,1.0,900,NRCell,Huawei
1696851900000,SNT002_01,DROP_CALL_VOLTE_NUM,0.0,900,NRCell,Huawei
1696851900000,SNT002_01,ERAB_SR_DEN,631.0,900,NRCell,Huawei
1696851900000,SNT002_01,ERAB_SR_NUM,631.0,900,NRCell,Huawei
1696851900000,SNT002_01,INTEGRITY_NGBR_QCI_9,637591424.0,900,NRCell,Huawei
1696851900000,SNT002_01,INTRA_FREQUENCY_HO_OUT_ATT,10.0,900,NRCell,Huawei
1696851900000,SNT002_01,INTRA_FREQUENCY_HO_OUT_SUCC,10.0,900,NRCell,Huawei
1696851900000,SNT002_01,RRC_SETUP_ATT,387.0,900,NRCell,Huawei
1696851900000,SNT002_01,RRC_SETUP_SUCC,387.0,900,NRCell,Huawei
1696851900000,SNT002_01,S1SIG_Connection_Setup_SR_DEN,387.0,900,NRCell,Huawei
1696851900000,SNT002_01,S1SIG_Connection_Setup_SR_NUM,387.0,900,NRCell,Huawei
1696851900000,SNT002_01,SERVICE_LATENCY_OVER_AIR_INTERFACE_DEN,23261.0,900,NRCell,Huawei
1696851900000,SNT002_01,SERVICE_LATENCY_OVER_AIR_INTERFACE_NUM,25225.0,900,NRCell,Huawei
1696851900000,SNT002_01,VOICE_TRAFFIC,226.0,900,NRCell,Huawei
1696851900000,SNT002_01,VOLTE_CALL_SETUP_ATT,0.0,900,NRCell,Huawei
1696851900000,SNT002_01,VOLTE_CALL_SETUP_SUCC,0.0,900,NRCell,Huawei
1696851900000,TAR015_01,DCR_DEN,2351.0,900,NRCell,Huawei
1696851900000,TAR015_01,DCR_NUM,0.0,900,NRCell,Huawei
1696851900000,TAR015_01,DROP_CALL_VOLTE_DEN,1.0,900,NRCell,Huawei
1696851900000,TAR015_01,DROP_CALL_VOLTE_NUM,0.0,900,NRCell,Huawei
1696851900000,TAR015_01,ERAB_SR_DEN,2332.0,900,NRCell,Huawei
1696851900000,TAR015_01,ERAB_SR_NUM,2332.0,900,NRCell,Huawei
1696851900000,TAR015_01,INTEGRITY_NGBR_QCI_9,8799597456.0,900,NRCell,Huawei
1696851900000,TAR015_01,INTRA_FREQUENCY_HO_OUT_ATT,59.0,900,NRCell,Huawei
1696851900000,TAR015_01,INTRA_FREQUENCY_HO_OUT_SUCC,59.0,900,NRCell,Huawei
1696851900000,TAR015_01,RRC_SETUP_ATT,1347.0,900,NRCell,Huawei
1696851900000,TAR015_01,RRC_SETUP_SUCC,1347.0,900,NRCell,Huawei
1696851900000,TAR015_01,S1SIG_Connection_Setup_SR_DEN,1347.0,900,NRCell,Huawei
1696851900000,TAR015_01,S1SIG_Connection_Setup_SR_NUM,1347.0,900,NRCell,Huawei
1696851900000,TAR015_01,SERVICE_LATENCY_OVER_AIR_INTERFACE_DEN,146657.0,900,NRCell,Huawei
1696851900000,TAR015_01,SERVICE_LATENCY_OVER_AIR_INTERFACE_NUM,237643.0,900,NRCell,Huawei
1696851900000,TAR015_01,VOICE_TRAFFIC,2890.0,900,NRCell,Huawei
1696851900000,TAR015_01,VOLTE_CALL_SETUP_ATT,2.0,900,NRCell,Huawei
1696851900000,TAR015_01,VOLTE_CALL_SETUP_SUCC,2.0,900,NRCell,Huawei
1696851900000,TOL034_01,DCR_DEN,8.0,900,NRCell,Huawei
1696851900000,TOL034_01,DCR_NUM,0.0,900,NRCell,Huawei
1696851900000,TOL034_01,DROP_CALL_VOLTE_DEN,0.0,900,NRCell,Huawei
1696851900000,TOL034_01,DROP_CALL_VOLTE_NUM,0.0,900,NRCell,Huawei
1696851900000,TOL034_01,ERAB_SR_DEN,9.0,900,NRCell,Huawei
1696851900000,TOL034_01,ERAB_SR_NUM,9.0,900,NRCell,Huawei
1696851900000,TOL034_01,INTEGRITY_NGBR_QCI_9,1082656.0,900,NRCell,Huawei
1696851900000,TOL034_01,INTRA_FREQUENCY_HO_OUT_ATT,0.0,900,NRCell,Huawei
1696851900000,TOL034_01,INTRA_FREQUENCY_HO_OUT_SUCC,0.0,900,NRCell,Huawei
1696851900000,TOL034_01,RRC_SETUP_ATT,12.0,900,NRCell,Huawei
1696851900000,TOL034_01,RRC_SETUP_SUCC,11.0,900,NRCell,Huawei
1696851900000,TOL034_01,S1SIG_Connection_Setup_SR_DEN,11.0,900,NRCell,Huawei
1696851900000,TOL034_01,S1SIG_Connection_Setup_SR_NUM,11.0,900,NRCell,Huawei
1696851900000,TOL034_01,SERVICE_LATENCY_OVER_AIR_INTERFACE_DEN,274.0,900,NRCell,Huawei
1696851900000,TOL034_01,SERVICE_LATENCY_OVER_AIR_INTERFACE_NUM,315.0,900,NRCell,Huawei
1696851900000,TOL034_01,VOICE_TRAFFIC,0.0,900,NRCell,Huawei
1696851900000,TOL034_01,VOLTE_CALL_SETUP_ATT,0.0,900,NRCell,Huawei
1696851900000,TOL034_01,VOLTE_CALL_SETUP_SUCC,0.0,900,NRCell,Huawei
1696851900000,VAL002_01,DCR_DEN,11.0,900,NRCell,Huawei
1696851900000,VAL002_01,DCR_NUM,0.0,900,NRCell,Huawei
1696851900000,VAL002_01,DROP_CALL_VOLTE_DEN,0.0,900,NRCell,Huawei
1696851900000,VAL002_01,DROP_CALL_VOLTE_NUM,0.0,900,NRCell,Huawei
1696851900000,VAL002_01,ERAB_SR_DEN,9.0,900,NRCell,Huawei
1696851900000,VAL002_01,ERAB_SR_NUM,9.0,900,NRCell,Huawei
1696851900000,VAL002_01,INTEGRITY_NGBR_QCI_9,1673224.0,900,NRCell,Huawei
1696851900000,VAL002_01,INTRA_FREQUENCY_HO_OUT_ATT,0.0,900,NRCell,Huawei
1696851900000,VAL002_01,INTRA_FREQUENCY_HO_OUT_SUCC,0.0,900,NRCell,Huawei
1696851900000,VAL002_01,RRC_SETUP_ATT,7.0,900,NRCell,Huawei
1696851900000,VAL002_01,RRC_SETUP_SUCC,7.0,900,NRCell,Huawei
1696851900000,VAL002_01,S1SIG_Connection_Setup_SR_DEN,7.0,900,NRCell,Huawei
1696851900000,VAL002_01,S1SIG_Connection_Setup_SR_NUM,7.0,900,NRCell,Huawei
1696851900000,VAL002_01,SERVICE_LATENCY_OVER_AIR_INTERFACE_DEN,32.0,900,NRCell,Huawei
1696851900000,VAL002_01,SERVICE_LATENCY_OVER_AIR_INTERFACE_NUM,37.0,900,NRCell,Huawei
1696851900000,VAL002_01,VOICE_TRAFFIC,0.0,900,NRCell,Huawei
1696851900000,VAL002_01,VOLTE_CALL_SETUP_ATT,0.0,900,NRCell,Huawei
1696851900000,VAL002_01,VOLTE_CALL_SETUP_SUCC,0.0,900,NRCell,Huawei
