startTime,neId,counterCode,counterValue,granularity,neType,vendorName
1696795200000,BCN014_01,DCR_DEN,2704.0,900,NRCell,Huawei
1696795200000,BCN014_01,DCR_NUM,0.0,900,NRCell,Huawei
1696795200000,BCN014_01,DROP_CALL_VOLTE_DEN,16.0,900,NRCell,Huawei
1696795200000,BCN014_01,DROP_CALL_VOLTE_NUM,0.0,900,NRCell,Huawei
1696795200000,BCN014_01,ERAB_SR_DEN,2706.0,900,NRCell,Huawei
1696795200000,BCN014_01,ERAB_SR_NUM,2698.0,900,NRCell,Huawei
1696795200000,BCN014_01,INTEGRITY_NGBR_QCI_9,11657973888.0,900,NRCell,Huawei
1696795200000,BCN014_01,INTRA_FREQUENCY_HO_OUT_ATT,248.0,900,NRCell,Huawei
1696795200000,BCN014_01,INTRA_FREQUENCY_HO_OUT_SUCC,248.0,900,NRCell,Huawei
1696795200000,BCN014_01,RRC_SETUP_ATT,1638.0,900,NRCell,Huawei
1696795200000,BCN014_01,RRC_SETUP_SUCC,1635.0,900,NRCell,Huawei
1696795200000,BCN014_01,S1SIG_Connection_Setup_SR_DEN,1635.0,900,NRCell,Huawei
1696795200000,BCN014_01,S1SIG_Connection_Setup_SR_NUM,1635.0,900,NRCell,Huawei
1696795200000,BCN014_01,SERVICE_LATENCY_OVER_AIR_INTERFACE_DEN,399017.0,900,NRCell,Huawei
1696795200000,BCN014_01,SERVICE_LATENCY_OVER_AIR_INTERFACE_NUM,562121.0,900,NRCell,Huawei
1696795200000,BCN014_01,VOICE_TRAFFIC,7243.0,900,NRCell,Huawei
1696795200000,BCN014_01,VOLTE_CALL_SETUP_ATT,16.0,900,NRCell,Huawei
1696795200000,BCN014_01,VOLTE_CALL_SETUP_SUCC,16.0,900,NRCell,Huawei
1696795200000,BIL001_01,DCR_DEN,2135.0,900,NRCell,Huawei
1696795200000,BIL001_01,DCR_NUM,2.0,900,NRCell,Huawei
1696795200000,BIL001_01,DROP_CALL_VOLTE_DEN,7.0,900,NRCell,Huawei
1696795200000,BIL001_01,DROP_CALL_VOLTE_NUM,0.0,900,NRCell,Huawei
1696795200000,BIL001_01,ERAB_SR_DEN,2212.0,900,NRCell,Huawei
1696795200000,BIL001_01,ERAB_SR_NUM,2210.0,900,NRCell,Huawei
1696795200000,BIL001_01,INTEGRITY_NGBR_QCI_9,11401840168.0,900,NRCell,Huawei
1696795200000,BIL001_01,INTRA_FREQUENCY_HO_OUT_ATT,200.0,900,NRCell,Huawei
1696795200000,BIL001_01,INTRA_FREQUENCY_HO_OUT_SUCC,200.0,900,NRCell,Huawei
1696795200000,BIL001_01,RRC_SETUP_ATT,1368.0,900,NRCell,Huawei
1696795200000,BIL001_01,RRC_SETUP_SUCC,1364.0,900,NRCell,Huawei
1696795200000,BIL001_01,S1SIG_Connection_Setup_SR_DEN,1365.0,900,NRCell,Huawei
1696795200000,BIL001_01,S1SIG_Connection_Setup_SR_NUM,1364.0,900,NRCell,Huawei
1696795200000,BIL001_01,SERVICE_LATENCY_OVER_AIR_INTERFACE_DEN,278819.0,900,NRCell,Huawei
1696795200000,BIL001_01,SERVICE_LATENCY_OVER_AIR_INTERFACE_NUM,643291.0,900,NRCell,Huawei
1696795200000,BIL001_01,VOICE_TRAFFIC,5738.0,900,NRCell,Huawei
1696795200000,BIL001_01,VOLTE_CALL_SETUP_ATT,9.0,900,NRCell,Huawei
1696795200000,BIL001_01,VOLTE_CALL_SETUP_SUCC,9.0,900,NRCell,Huawei
1696795200000,MAD033_01,DCR_DEN,1089.0,900,NRCell,Huawei
1696795200000,MAD033_01,DCR_NUM,0.0,900,NRCell,Huawei
1696795200000,MAD033_01,DROP_CALL_VOLTE_DEN,9.0,900,NRCell,Huawei
1696795200000,MAD033_01,DROP_CALL_VOLTE_NUM,0.0,900,NRCell,Huawei
1696795200000,MAD033_01,ERAB_SR_DEN,1110.0,900,NRCell,Huawei
1696795200000,MAD033_01,ERAB_SR_NUM,1110.0,900,NRCell,Huawei
1696795200000,MAD033_01,INTEGRITY_NGBR_QCI_9,2951771912.0,900,NRCell,Huawei
1696795200000,MAD033_01,INTRA_FREQUENCY_HO_OUT_ATT,117.0,900,NRCell,Huawei
1696795200000,MAD033_01,INTRA_FREQUENCY_HO_OUT_SUCC,117.0,900,NRCell,Huawei
1696795200000,MAD033_01,RRC_SETUP_ATT,658.0,900,NRCell,Huawei
1696795200000,MAD033_01,RRC_SETUP_SUCC,657.0,900,NRCell,Huawei
1696795200000,MAD033_01,S1SIG_Connection_Setup_SR_DEN,657.0,900,NRCell,Huawei
1696795200000,MAD033_01,S1SIG_Connection_Setup_SR_NUM,656.0,900,NRCell,Huawei
1696795200000,MAD033_01,SERVICE_LATENCY_OVER_AIR_INTERFACE_DEN,119093.0,900,NRCell,Huawei
1696795200000,MAD033_01,SERVICE_LATENCY_OVER_AIR_INTERFACE_NUM,163222.0,900,NRCell,Huawei
1696795200000,MAD033_01,VOICE_TRAFFIC,13121.0,900,NRCell,Huawei
1696795200000,MAD033_01,VOLTE_CALL_SETUP_ATT,8.0,900,NRCell,Huawei
1696795200000,MAD033_01,VOLTE_CALL_SETUP_SUCC,8.0,900,NRCell,Huawei
1696795200000,SAL030_01,DCR_DEN,228.0,900,NRCell,Huawei
1696795200000,SAL030_01,DCR_NUM,0.0,900,NRCell,Huawei
1696795200000,SAL030_01,DROP_CALL_VOLTE_DEN,1.0,900,NRCell,Huawei
1696795200000,SAL030_01,DROP_CALL_VOLTE_NUM,0.0,900,NRCell,Huawei
1696795200000,SAL030_01,ERAB_SR_DEN,218.0,900,NRCell,Huawei
1696795200000,SAL030_01,ERAB_SR_NUM,218.0,900,NRCell,Huawei
1696795200000,SAL030_01,INTEGRITY_NGBR_QCI_9,3130217680.0,900,NRCell,Huawei
1696795200000,SAL030_01,INTRA_FREQUENCY_HO_OUT_ATT,15.0,900,NRCell,Huawei
1696795200000,SAL030_01,INTRA_FREQUENCY_HO_OUT_SUCC,15.0,900,NRCell,Huawei
1696795200000,SAL030_01,RRC_SETUP_ATT,124.0,900,NRCell,Huawei
1696795200000,SAL030_01,RRC_SETUP_SUCC,124.0,900,NRCell,Huawei
1696795200000,SAL030_01,S1SIG_Connection_Setup_SR_DEN,124.0,900,NRCell,Huawei
1696795200000,SAL030_01,S1SIG_Connection_Setup_SR_NUM,124.0,900,NRCell,Huawei
1696795200000,SAL030_01,SERVICE_LATENCY_OVER_AIR_INTERFACE_DEN,67564.0,900,NRCell,Huawei
1696795200000,SAL030_01,SERVICE_LATENCY_OVER_AIR_INTERFACE_NUM,139697.0,900,NRCell,Huawei
1696795200000,SAL030_01,VOICE_TRAFFIC,6003.0,900,NRCell,Huawei
1696795200000,SAL030_01,VOLTE_CALL_SETUP_ATT,0.0,900,NRCell,Huawei
1696795200000,SAL030_01,VOLTE_CALL_SETUP_SUCC,0.0,900,NRCell,Huawei
1696795200000,SEV001_01,DCR_DEN,2932.0,900,NRCell,Huawei
1696795200000,SEV001_01,DCR_NUM,6.0,900,NRCell,Huawei
1696795200000,SEV001_01,DROP_CALL_VOLTE_DEN,26.0,900,NRCell,Huawei
1696795200000,SEV001_01,DROP_CALL_VOLTE_NUM,0.0,900,NRCell,Huawei
1696795200000,SEV001_01,ERAB_SR_DEN,2963.0,900,NRCell,Huawei
1696795200000,SEV001_01,ERAB_SR_NUM,2960.0,900,NRCell,Huawei
1696795200000,SEV001_01,INTEGRITY_NGBR_QCI_9,12133472936.0,900,NRCell,Huawei
1696795200000,SEV001_01,INTRA_FREQUENCY_HO_OUT_ATT,141.0,900,NRCell,Huawei
1696795200000,SEV001_01,INTRA_FREQUENCY_HO_OUT_SUCC,141.0,900,NRCell,Huawei
1696795200000,SEV001_01,RRC_SETUP_ATT,1618.0,900,NRCell,Huawei
1696795200000,SEV001_01,RRC_SETUP_SUCC,1618.0,900,NRCell,Huawei
1696795200000,SEV001_01,S1SIG_Connection_Setup_SR_DEN,1618.0,900,NRCell,Huawei
1696795200000,SEV001_01,S1SIG_Connection_Setup_SR_NUM,1618.0,900,NRCell,Huawei
1696795200000,SEV001_01,SERVICE_LATENCY_OVER_AIR_INTERFACE_DEN,528606.0,900,NRCell,Huawei
1696795200000,SEV001_01,SERVICE_LATENCY_OVER_AIR_INTERFACE_NUM,1113949.0,900,NRCell,Huawei
1696795200000,SEV001_01,VOICE_TRAFFIC,42932.0,900,NRCell,Huawei
1696795200000,SEV001_01,VOLTE_CALL_SETUP_ATT,25.0,900,NRCell,Huawei
1696795200000,SEV001_01,VOLTE_CALL_SETUP_SUCC,25.0,900,NRCell,Huawei
1696795200000,SNT002_01,DCR_DEN,929.0,900,NRCell,Huawei
1696795200000,SNT002_01,DCR_NUM,0.0,900,NRCell,Huawei
1696795200000,SNT002_01,DROP_CALL_VOLTE_DEN,4.0,900,NRCell,Huawei
1696795200000,SNT002_01,DROP_CALL_VOLTE_NUM,0.0,900,NRCell,Huawei
1696795200000,SNT002_01,ERAB_SR_DEN,947.0,900,NRCell,Huawei
1696795200000,SNT002_01,ERAB_SR_NUM,947.0,900,NRCell,Huawei
1696795200000,SNT002_01,INTEGRITY_NGBR_QCI_9,3666405800.0,900,NRCell,Huawei
1696795200000,SNT002_01,INTRA_FREQUENCY_HO_OUT_ATT,75.0,900,NRCell,Huawei
1696795200000,SNT002_01,INTRA_FREQUENCY_HO_OUT_SUCC,75.0,900,NRCell,Huawei
1696795200000,SNT002_01,RRC_SETUP_ATT,556.0,900,NRCell,Huawei
1696795200000,SNT002_01,RRC_SETUP_SUCC,555.0,900,NRCell,Huawei
1696795200000,SNT002_01,S1SIG_Connection_Setup_SR_DEN,554.0,900,NRCell,Huawei
1696795200000,SNT002_01,S1SIG_Connection_Setup_SR_NUM,554.0,900,NRCell,Huawei
1696795200000,SNT002_01,SERVICE_LATENCY_OVER_AIR_INTERFACE_DEN,97254.0,900,NRCell,Huawei
1696795200000,SNT002_01,SERVICE_LATENCY_OVER_AIR_INTERFACE_NUM,117406.0,900,NRCell,Huawei
1696795200000,SNT002_01,VOICE_TRAFFIC,2827.0,900,NRCell,Huawei
1696795200000,SNT002_01,VOLTE_CALL_SETUP_ATT,7.0,900,NRCell,Huawei
1696795200000,SNT002_01,VOLTE_CALL_SETUP_SUCC,7.0,900,NRCell,Huawei
1696795200000,TAR015_01,DCR_DEN,3452.0,900,NRCell,Huawei
1696795200000,TAR015_01,DCR_NUM,1.0,900,NRCell,Huawei
1696795200000,TAR015_01,DROP_CALL_VOLTE_DEN,37.0,900,NRCell,Huawei
1696795200000,TAR015_01,DROP_CALL_VOLTE_NUM,0.0,900,NRCell,Huawei
1696795200000,TAR015_01,ERAB_SR_DEN,3434.0,900,NRCell,Huawei
1696795200000,TAR015_01,ERAB_SR_NUM,3428.0,900,NRCell,Huawei
1696795200000,TAR015_01,INTEGRITY_NGBR_QCI_9,14162154552.0,900,NRCell,Huawei
1696795200000,TAR015_01,INTRA_FREQUENCY_HO_OUT_ATT,153.0,900,NRCell,Huawei
1696795200000,TAR015_01,INTRA_FREQUENCY_HO_OUT_SUCC,153.0,900,NRCell,Huawei
1696795200000,TAR015_01,RRC_SETUP_ATT,1909.0,900,NRCell,Huawei
1696795200000,TAR015_01,RRC_SETUP_SUCC,1909.0,900,NRCell,Huawei
1696795200000,TAR015_01,S1SIG_Connection_Setup_SR_DEN,1909.0,900,NRCell,Huawei
1696795200000,TAR015_01,S1SIG_Connection_Setup_SR_NUM,1908.0,900,NRCell,Huawei
1696795200000,TAR015_01,SERVICE_LATENCY_OVER_AIR_INTERFACE_DEN,564806.0,900,NRCell,Huawei
1696795200000,TAR015_01,SERVICE_LATENCY_OVER_AIR_INTERFACE_NUM,2153339.0,900,NRCell,Huawei
1696795200000,TAR015_01,VOICE_TRAFFIC,61497.0,900,NRCell,Huawei
1696795200000,TAR015_01,VOLTE_CALL_SETUP_ATT,36.0,900,NRCell,Huawei
1696795200000,TAR015_01,VOLTE_CALL_SETUP_SUCC,36.0,900,NRCell,Huawei
1696795200000,TOL034_01,DCR_DEN,293.0,900,NRCell,Huawei
1696795200000,TOL034_01,DCR_NUM,0.0,900,NRCell,Huawei
1696795200000,TOL034_01,DROP_CALL_VOLTE_DEN,0.0,900,NRCell,Huawei
1696795200000,TOL034_01,DROP_CALL_VOLTE_NUM,0.0,900,NRCell,Huawei
1696795200000,TOL034_01,ERAB_SR_DEN,279.0,900,NRCell,Huawei
1696795200000,TOL034_01,ERAB_SR_NUM,279.0,900,NRCell,Huawei
1696795200000,TOL034_01,INTEGRITY_NGBR_QCI_9,654653664.0,900,NRCell,Huawei
1696795200000,TOL034_01,INTRA_FREQUENCY_HO_OUT_ATT,8.0,900,NRCell,Huawei
1696795200000,TOL034_01,INTRA_FREQUENCY_HO_OUT_SUCC,8.0,900,NRCell,Huawei
1696795200000,TOL034_01,RRC_SETUP_ATT,187.0,900,NRCell,Huawei
1696795200000,TOL034_01,RRC_SETUP_SUCC,187.0,900,NRCell,Huawei
1696795200000,TOL034_01,S1SIG_Connection_Setup_SR_DEN,187.0,900,NRCell,Huawei
1696795200000,TOL034_01,S1SIG_Connection_Setup_SR_NUM,187.0,900,NRCell,Huawei
1696795200000,TOL034_01,SERVICE_LATENCY_OVER_AIR_INTERFACE_DEN,7710.0,900,NRCell,Huawei
1696795200000,TOL034_01,SERVICE_LATENCY_OVER_AIR_INTERFACE_NUM,21914.0,900,NRCell,Huawei
1696795200000,TOL034_01,VOICE_TRAFFIC,0.0,900,NRCell,Huawei
1696795200000,TOL034_01,VOLTE_CALL_SETUP_ATT,0.0,900,NRCell,Huawei
1696795200000,TOL034_01,VOLTE_CALL_SETUP_SUCC,0.0,900,NRCell,Huawei
1696795200000,VAL002_01,DCR_DEN,29.0,900,NRCell,Huawei
1696795200000,VAL002_01,DCR_NUM,0.0,900,NRCell,Huawei
1696795200000,VAL002_01,DROP_CALL_VOLTE_DEN,0.0,900,NRCell,Huawei
1696795200000,VAL002_01,DROP_CALL_VOLTE_NUM,0.0,900,NRCell,Huawei
1696795200000,VAL002_01,ERAB_SR_DEN,42.0,900,NRCell,Huawei
1696795200000,VAL002_01,ERAB_SR_NUM,42.0,900,NRCell,Huawei
1696795200000,VAL002_01,INTEGRITY_NGBR_QCI_9,547060968.0,900,NRCell,Huawei
1696795200000,VAL002_01,INTRA_FREQUENCY_HO_OUT_ATT,11.0,900,NRCell,Huawei
1696795200000,VAL002_01,INTRA_FREQUENCY_HO_OUT_SUCC,11.0,900,NRCell,Huawei
1696795200000,VAL002_01,RRC_SETUP_ATT,29.0,900,NRCell,Huawei
1696795200000,VAL002_01,RRC_SETUP_SUCC,29.0,900,NRCell,Huawei
1696795200000,VAL002_01,S1SIG_Connection_Setup_SR_DEN,29.0,900,NRCell,Huawei
1696795200000,VAL002_01,S1SIG_Connection_Setup_SR_NUM,29.0,900,NRCell,Huawei
1696795200000,VAL002_01,SERVICE_LATENCY_OVER_AIR_INTERFACE_DEN,20221.0,900,NRCell,Huawei
1696795200000,VAL002_01,SERVICE_LATENCY_OVER_AIR_INTERFACE_NUM,22385.0,900,NRCell,Huawei
1696795200000,VAL002_01,VOICE_TRAFFIC,422.0,900,NRCell,Huawei
1696795200000,VAL002_01,VOLTE_CALL_SETUP_ATT,0.0,900,NRCell,Huawei
1696795200000,VAL002_01,VOLTE_CALL_SETUP_SUCC,0.0,900,NRCell,Huawei
