startTime,neId,counterCode,counterValue,granularity,neType,vendorName
1696771800000,BCN014_01,DCR_DEN,1374.0,900,NRCell,Huawei
1696771800000,BCN014_01,DCR_NUM,1.0,900,NRCell,Huawei
1696771800000,BCN014_01,DROP_CALL_VOLTE_DEN,7.0,900,NRCell,Huawei
1696771800000,BCN014_01,DROP_CALL_VOLTE_NUM,0.0,900,NRCell,Huawei
1696771800000,BCN014_01,ERAB_SR_DEN,1362.0,900,NRCell,Huawei
1696771800000,BCN014_01,ERAB_SR_NUM,1362.0,900,NRCell,Huawei
1696771800000,BCN014_01,INTEGRITY_NGBR_QCI_9,10976147344.0,900,NRCell,Huawei
1696771800000,BCN014_01,INTRA_FREQUENCY_HO_OUT_ATT,84.0,900,NRCell,Huawei
1696771800000,BCN014_01,INTRA_FREQUENCY_HO_OUT_SUCC,84.0,900,NRCell,Huawei
1696771800000,BCN014_01,RRC_SETUP_ATT,833.0,900,NRCell,Huawei
1696771800000,BCN014_01,RRC_SETUP_SUCC,832.0,900,NRCell,Huawei
1696771800000,BCN014_01,S1SIG_Connection_Setup_SR_DEN,832.0,900,NRCell,Huawei
1696771800000,BCN014_01,S1SIG_Connection_Setup_SR_NUM,832.0,900,NRCell,Huawei
1696771800000,BCN014_01,SERVICE_LATENCY_OVER_AIR_INTERFACE_DEN,194647.0,900,NRCell,Huawei
1696771800000,BCN014_01,SERVICE_LATENCY_OVER_AIR_INTERFACE_NUM,241782.0,900,NRCell,Huawei
1696771800000,BCN014_01,VOICE_TRAFFIC,2034.0,900,NRCell,Huawei
1696771800000,BCN014_01,VOLTE_CALL_SETUP_ATT,9.0,900,NRCell,Huawei
1696771800000,BCN014_01,VOLTE_CALL_SETUP_SUCC,9.0,900,NRCell,Huawei
1696771800000,BIL001_01,DCR_DEN,1330.0,900,NRCell,Huawei
1696771800000,BIL001_01,DCR_NUM,0.0,900,NRCell,Huawei
1696771800000,BIL001_01,DROP_CALL_VOLTE_DEN,3.0,900,NRCell,Huawei
1696771800000,BIL001_01,DROP_CALL_VOLTE_NUM,0.0,900,NRCell,Huawei
1696771800000,BIL001_01,ERAB_SR_DEN,1329.0,900,NRCell,Huawei
1696771800000,BIL001_01,ERAB_SR_NUM,1328.0,900,NRCell,Huawei
1696771800000,BIL001_01,INTEGRITY_NGBR_QCI_9,9142652584.0,900,NRCell,Huawei
1696771800000,BIL001_01,INTRA_FREQUENCY_HO_OUT_ATT,63.0,900,NRCell,Huawei
1696771800000,BIL001_01,INTRA_FREQUENCY_HO_OUT_SUCC,63.0,900,NRCell,Huawei
1696771800000,BIL001_01,RRC_SETUP_ATT,832.0,900,NRCell,Huawei
1696771800000,BIL001_01,RRC_SETUP_SUCC,829.0,900,NRCell,Huawei
1696771800000,BIL001_01,S1SIG_Connection_Setup_SR_DEN,829.0,900,NRCell,Huawei
1696771800000,BIL001_01,S1SIG_Connection_Setup_SR_NUM,829.0,900,NRCell,Huawei
1696771800000,BIL001_01,SERVICE_LATENCY_OVER_AIR_INTERFACE_DEN,112195.0,900,NRCell,Huawei
1696771800000,BIL001_01,SERVICE_LATENCY_OVER_AIR_INTERFACE_NUM,147608.0,900,NRCell,Huawei
1696771800000,BIL001_01,VOICE_TRAFFIC,6283.0,900,NRCell,Huawei
1696771800000,BIL001_01,VOLTE_CALL_SETUP_ATT,4.0,900,NRCell,Huawei
1696771800000,BIL001_01,VOLTE_CALL_SETUP_SUCC,3.0,900,NRCell,Huawei
1696771800000,MAD033_01,DCR_DEN,837.0,900,NRCell,Huawei
1696771800000,MAD033_01,DCR_NUM,0.0,900,NRCell,Huawei
1696771800000,MAD033_01,DROP_CALL_VOLTE_DEN,5.0,900,NRCell,Huawei
1696771800000,MAD033_01,DROP_CALL_VOLTE_NUM,0.0,900,NRCell,Huawei
1696771800000,MAD033_01,ERAB_SR_DEN,840.0,900,NRCell,Huawei
1696771800000,MAD033_01,ERAB_SR_NUM,840.0,900,NRCell,Huawei
1696771800000,MAD033_01,INTEGRITY_NGBR_QCI_9,1047453304.0,900,NRCell,Huawei
1696771800000,MAD033_01,INTRA_FREQUENCY_HO_OUT_ATT,30.0,900,NRCell,Huawei
1696771800000,MAD033_01,INTRA_FREQUENCY_HO_OUT_SUCC,30.0,900,NRCell,Huawei
1696771800000,MAD033_01,RRC_SETUP_ATT,511.0,900,NRCell,Huawei
1696771800000,MAD033_01,RRC_SETUP_SUCC,511.0,900,NRCell,Huawei
1696771800000,MAD033_01,S1SIG_Connection_Setup_SR_DEN,511.0,900,NRCell,Huawei
1696771800000,MAD033_01,S1SIG_Connection_Setup_SR_NUM,511.0,900,NRCell,Huawei
1696771800000,MAD033_01,SERVICE_LATENCY_OVER_AIR_INTERFACE_DEN,47213.0,900,NRCell,Huawei
1696771800000,MAD033_01,SERVICE_LATENCY_OVER_AIR_INTERFACE_NUM,54920.0,900,NRCell,Huawei
1696771800000,MAD033_01,VOICE_TRAFFIC,1442.0,900,NRCell,Huawei
1696771800000,MAD033_01,VOLTE_CALL_SETUP_ATT,5.0,900,NRCell,Huawei
1696771800000,MAD033_01,VOLTE_CALL_SETUP_SUCC,5.0,900,NRCell,Huawei
1696771800000,SAL030_01,DCR_DEN,139.0,900,NRCell,Huawei
1696771800000,SAL030_01,DCR_NUM,0.0,900,NRCell,Huawei
1696771800000,SAL030_01,DROP_CALL_VOLTE_DEN,0.0,900,NRCell,Huawei
1696771800000,SAL030_01,DROP_CALL_VOLTE_NUM,0.0,900,NRCell,Huawei
1696771800000,SAL030_01,ERAB_SR_DEN,142.0,900,NRCell,Huawei
1696771800000,SAL030_01,ERAB_SR_NUM,142.0,900,NRCell,Huawei
1696771800000,SAL030_01,INTEGRITY_NGBR_QCI_9,3195833544.0,900,NRCell,Huawei
1696771800000,SAL030_01,INTRA_FREQUENCY_HO_OUT_ATT,8.0,900,NRCell,Huawei
1696771800000,SAL030_01,INTRA_FREQUENCY_HO_OUT_SUCC,8.0,900,NRCell,Huawei
1696771800000,SAL030_01,RRC_SETUP_ATT,81.0,900,NRCell,Huawei
1696771800000,SAL030_01,RRC_SETUP_SUCC,81.0,900,NRCell,Huawei
1696771800000,SAL030_01,S1SIG_Connection_Setup_SR_DEN,81.0,900,NRCell,Huawei
1696771800000,SAL030_01,S1SIG_Connection_Setup_SR_NUM,81.0,900,NRCell,Huawei
1696771800000,SAL030_01,SERVICE_LATENCY_OVER_AIR_INTERFACE_DEN,47989.0,900,NRCell,Huawei
1696771800000,SAL030_01,SERVICE_LATENCY_OVER_AIR_INTERFACE_NUM,64733.0,900,NRCell,Huawei
1696771800000,SAL030_01,VOICE_TRAFFIC,0.0,900,NRCell,Huawei
1696771800000,SAL030_01,VOLTE_CALL_SETUP_ATT,0.0,900,NRCell,Huawei
1696771800000,SAL030_01,VOLTE_CALL_SETUP_SUCC,0.0,900,NRCell,Huawei
1696771800000,SEV001_01,DCR_DEN,2454.0,900,NRCell,Huawei
1696771800000,SEV001_01,DCR_NUM,0.0,900,NRCell,Huawei
1696771800000,SEV001_01,DROP_CALL_VOLTE_DEN,2.0,900,NRCell,Huawei
1696771800000,SEV001_01,DROP_CALL_VOLTE_NUM,0.0,900,NRCell,Huawei
1696771800000,SEV001_01,ERAB_SR_DEN,2497.0,900,NRCell,Huawei
1696771800000,SEV001_01,ERAB_SR_NUM,2497.0,900,NRCell,Huawei
1696771800000,SEV001_01,INTEGRITY_NGBR_QCI_9,11508983168.0,900,NRCell,Huawei
1696771800000,SEV001_01,INTRA_FREQUENCY_HO_OUT_ATT,53.0,900,NRCell,Huawei
1696771800000,SEV001_01,INTRA_FREQUENCY_HO_OUT_SUCC,53.0,900,NRCell,Huawei
1696771800000,SEV001_01,RRC_SETUP_ATT,1401.0,900,NRCell,Huawei
1696771800000,SEV001_01,RRC_SETUP_SUCC,1401.0,900,NRCell,Huawei
1696771800000,SEV001_01,S1SIG_Connection_Setup_SR_DEN,1401.0,900,NRCell,Huawei
1696771800000,SEV001_01,S1SIG_Connection_Setup_SR_NUM,1401.0,900,NRCell,Huawei
1696771800000,SEV001_01,SERVICE_LATENCY_OVER_AIR_INTERFACE_DEN,327792.0,900,NRCell,Huawei
1696771800000,SEV001_01,SERVICE_LATENCY_OVER_AIR_INTERFACE_NUM,462726.0,900,NRCell,Huawei
1696771800000,SEV001_01,VOICE_TRAFFIC,9226.0,900,NRCell,Huawei
1696771800000,SEV001_01,VOLTE_CALL_SETUP_ATT,1.0,900,NRCell,Huawei
1696771800000,SEV001_01,VOLTE_CALL_SETUP_SUCC,1.0,900,NRCell,Huawei
1696771800000,SNT002_01,DCR_DEN,838.0,900,NRCell,Huawei
1696771800000,SNT002_01,DCR_NUM,0.0,900,NRCell,Huawei
1696771800000,SNT002_01,DROP_CALL_VOLTE_DEN,3.0,900,NRCell,Huawei
1696771800000,SNT002_01,DROP_CALL_VOLTE_NUM,0.0,900,NRCell,Huawei
1696771800000,SNT002_01,ERAB_SR_DEN,853.0,900,NRCell,Huawei
1696771800000,SNT002_01,ERAB_SR_NUM,852.0,900,NRCell,Huawei
1696771800000,SNT002_01,INTEGRITY_NGBR_QCI_9,1922624544.0,900,NRCell,Huawei
1696771800000,SNT002_01,INTRA_FREQUENCY_HO_OUT_ATT,26.0,900,NRCell,Huawei
1696771800000,SNT002_01,INTRA_FREQUENCY_HO_OUT_SUCC,26.0,900,NRCell,Huawei
1696771800000,SNT002_01,RRC_SETUP_ATT,507.0,900,NRCell,Huawei
1696771800000,SNT002_01,RRC_SETUP_SUCC,496.0,900,NRCell,Huawei
1696771800000,SNT002_01,S1SIG_Connection_Setup_SR_DEN,496.0,900,NRCell,Huawei
1696771800000,SNT002_01,S1SIG_Connection_Setup_SR_NUM,496.0,900,NRCell,Huawei
1696771800000,SNT002_01,SERVICE_LATENCY_OVER_AIR_INTERFACE_DEN,53091.0,900,NRCell,Huawei
1696771800000,SNT002_01,SERVICE_LATENCY_OVER_AIR_INTERFACE_NUM,58116.0,900,NRCell,Huawei
1696771800000,SNT002_01,VOICE_TRAFFIC,2762.0,900,NRCell,Huawei
1696771800000,SNT002_01,VOLTE_CALL_SETUP_ATT,4.0,900,NRCell,Huawei
1696771800000,SNT002_01,VOLTE_CALL_SETUP_SUCC,4.0,900,NRCell,Huawei
1696771800000,TAR015_01,DCR_DEN,2658.0,900,NRCell,Huawei
1696771800000,TAR015_01,DCR_NUM,1.0,900,NRCell,Huawei
1696771800000,TAR015_01,DROP_CALL_VOLTE_DEN,15.0,900,NRCell,Huawei
1696771800000,TAR015_01,DROP_CALL_VOLTE_NUM,0.0,900,NRCell,Huawei
1696771800000,TAR015_01,ERAB_SR_DEN,2643.0,900,NRCell,Huawei
1696771800000,TAR015_01,ERAB_SR_NUM,2643.0,900,NRCell,Huawei
1696771800000,TAR015_01,INTEGRITY_NGBR_QCI_9,14339052384.0,900,NRCell,Huawei
1696771800000,TAR015_01,INTRA_FREQUENCY_HO_OUT_ATT,71.0,900,NRCell,Huawei
1696771800000,TAR015_01,INTRA_FREQUENCY_HO_OUT_SUCC,71.0,900,NRCell,Huawei
1696771800000,TAR015_01,RRC_SETUP_ATT,1491.0,900,NRCell,Huawei
1696771800000,TAR015_01,RRC_SETUP_SUCC,1491.0,900,NRCell,Huawei
1696771800000,TAR015_01,S1SIG_Connection_Setup_SR_DEN,1491.0,900,NRCell,Huawei
1696771800000,TAR015_01,S1SIG_Connection_Setup_SR_NUM,1491.0,900,NRCell,Huawei
1696771800000,TAR015_01,SERVICE_LATENCY_OVER_AIR_INTERFACE_DEN,316325.0,900,NRCell,Huawei
1696771800000,TAR015_01,SERVICE_LATENCY_OVER_AIR_INTERFACE_NUM,466427.0,900,NRCell,Huawei
1696771800000,TAR015_01,VOICE_TRAFFIC,7470.0,900,NRCell,Huawei
1696771800000,TAR015_01,VOLTE_CALL_SETUP_ATT,17.0,900,NRCell,Huawei
1696771800000,TAR015_01,VOLTE_CALL_SETUP_SUCC,17.0,900,NRCell,Huawei
1696771800000,TOL034_01,DCR_DEN,85.0,900,NRCell,Huawei
1696771800000,TOL034_01,DCR_NUM,0.0,900,NRCell,Huawei
1696771800000,TOL034_01,DROP_CALL_VOLTE_DEN,0.0,900,NRCell,Huawei
1696771800000,TOL034_01,DROP_CALL_VOLTE_NUM,0.0,900,NRCell,Huawei
1696771800000,TOL034_01,ERAB_SR_DEN,81.0,900,NRCell,Huawei
1696771800000,TOL034_01,ERAB_SR_NUM,81.0,900,NRCell,Huawei
1696771800000,TOL034_01,INTEGRITY_NGBR_QCI_9,72066792.0,900,NRCell,Huawei
1696771800000,TOL034_01,INTRA_FREQUENCY_HO_OUT_ATT,4.0,900,NRCell,Huawei
1696771800000,TOL034_01,INTRA_FREQUENCY_HO_OUT_SUCC,4.0,900,NRCell,Huawei
1696771800000,TOL034_01,RRC_SETUP_ATT,67.0,900,NRCell,Huawei
1696771800000,TOL034_01,RRC_SETUP_SUCC,67.0,900,NRCell,Huawei
1696771800000,TOL034_01,S1SIG_Connection_Setup_SR_DEN,67.0,900,NRCell,Huawei
1696771800000,TOL034_01,S1SIG_Connection_Setup_SR_NUM,67.0,900,NRCell,Huawei
1696771800000,TOL034_01,SERVICE_LATENCY_OVER_AIR_INTERFACE_DEN,15559.0,900,NRCell,Huawei
1696771800000,TOL034_01,SERVICE_LATENCY_OVER_AIR_INTERFACE_NUM,16637.0,900,NRCell,Huawei
1696771800000,TOL034_01,VOICE_TRAFFIC,48.0,900,NRCell,Huawei
1696771800000,TOL034_01,VOLTE_CALL_SETUP_ATT,0.0,900,NRCell,Huawei
1696771800000,TOL034_01,VOLTE_CALL_SETUP_SUCC,0.0,900,NRCell,Huawei
1696771800000,VAL002_01,DCR_DEN,31.0,900,NRCell,Huawei
1696771800000,VAL002_01,DCR_NUM,0.0,900,NRCell,Huawei
1696771800000,VAL002_01,DROP_CALL_VOLTE_DEN,0.0,900,NRCell,Huawei
1696771800000,VAL002_01,DROP_CALL_VOLTE_NUM,0.0,900,NRCell,Huawei
1696771800000,VAL002_01,ERAB_SR_DEN,34.0,900,NRCell,Huawei
1696771800000,VAL002_01,ERAB_SR_NUM,34.0,900,NRCell,Huawei
1696771800000,VAL002_01,INTEGRITY_NGBR_QCI_9,36220304.0,900,NRCell,Huawei
1696771800000,VAL002_01,INTRA_FREQUENCY_HO_OUT_ATT,6.0,900,NRCell,Huawei
1696771800000,VAL002_01,INTRA_FREQUENCY_HO_OUT_SUCC,6.0,900,NRCell,Huawei
1696771800000,VAL002_01,RRC_SETUP_ATT,32.0,900,NRCell,Huawei
1696771800000,VAL002_01,RRC_SETUP_SUCC,32.0,900,NRCell,Huawei
1696771800000,VAL002_01,S1SIG_Connection_Setup_SR_DEN,32.0,900,NRCell,Huawei
1696771800000,VAL002_01,S1SIG_Connection_Setup_SR_NUM,32.0,900,NRCell,Huawei
1696771800000,VAL002_01,SERVICE_LATENCY_OVER_AIR_INTERFACE_DEN,649.0,900,NRCell,Huawei
1696771800000,VAL002_01,SERVICE_LATENCY_OVER_AIR_INTERFACE_NUM,1152.0,900,NRCell,Huawei
1696771800000,VAL002_01,VOICE_TRAFFIC,0.0,900,NRCell,Huawei
1696771800000,VAL002_01,VOLTE_CALL_SETUP_ATT,0.0,900,NRCell,Huawei
1696771800000,VAL002_01,VOLTE_CALL_SETUP_SUCC,0.0,900,NRCell,Huawei
