startTime,neId,counterCode,counterValue,granularity,neType,vendorName
1696590900000,BCN014_01,DCR_DEN,904.0,900,NRCell,Huawei
1696590900000,BCN014_01,DCR_NUM,1.0,900,NRCell,Huawei
1696590900000,BCN014_01,DROP_CALL_VOLTE_DEN,1.0,900,NRCell,Huawei
1696590900000,BCN014_01,DROP_CALL_VOLTE_NUM,0.0,900,NRCell,Huawei
1696590900000,BCN014_01,ERAB_SR_DEN,900.0,900,NRCell,Huawei
1696590900000,BCN014_01,ERAB_SR_NUM,900.0,900,NRCell,Huawei
1696590900000,BCN014_01,INTEGRITY_NGBR_QCI_9,2024228144.0,900,NRCell,Huawei
1696590900000,BCN014_01,INTRA_FREQUENCY_HO_OUT_ATT,18.0,900,NRCell,Huawei
1696590900000,BCN014_01,INTRA_FREQUENCY_HO_OUT_SUCC,18.0,900,NRCell,Huawei
1696590900000,BCN014_01,RRC_SETUP_ATT,603.0,900,NRCell,Huawei
1696590900000,BCN014_01,RRC_SETUP_SUCC,603.0,900,NRCell,Huawei
1696590900000,BCN014_01,S1SIG_Connection_Setup_SR_DEN,603.0,900,NRCell,Huawei
1696590900000,BCN014_01,S1SIG_Connection_Setup_SR_NUM,603.0,900,NRCell,Huawei
1696590900000,BCN014_01,SERVICE_LATENCY_OVER_AIR_INTERFACE_DEN,109778.0,900,NRCell,Huawei
1696590900000,BCN014_01,SERVICE_LATENCY_OVER_AIR_INTERFACE_NUM,179968.0,900,NRCell,Huawei
1696590900000,BCN014_01,VOICE_TRAFFIC,8394.0,900,NRCell,Huawei
1696590900000,BCN014_01,VOLTE_CALL_SETUP_ATT,1.0,900,NRCell,Huawei
1696590900000,BCN014_01,VOLTE_CALL_SETUP_SUCC,1.0,900,NRCell,Huawei
1696590900000,BIL001_01,DCR_DEN,684.0,900,NRCell,Huawei
1696590900000,BIL001_01,DCR_NUM,0.0,900,NRCell,Huawei
1696590900000,BIL001_01,DROP_CALL_VOLTE_DEN,1.0,900,NRCell,Huawei
1696590900000,BIL001_01,DROP_CALL_VOLTE_NUM,0.0,900,NRCell,Huawei
1696590900000,BIL001_01,ERAB_SR_DEN,693.0,900,NRCell,Huawei
1696590900000,BIL001_01,ERAB_SR_NUM,693.0,900,NRCell,Huawei
1696590900000,BIL001_01,INTEGRITY_NGBR_QCI_9,5950250192.0,900,NRCell,Huawei
1696590900000,BIL001_01,INTRA_FREQUENCY_HO_OUT_ATT,12.0,900,NRCell,Huawei
1696590900000,BIL001_01,INTRA_FREQUENCY_HO_OUT_SUCC,12.0,900,NRCell,Huawei
1696590900000,BIL001_01,RRC_SETUP_ATT,485.0,900,NRCell,Huawei
1696590900000,BIL001_01,RRC_SETUP_SUCC,485.0,900,NRCell,Huawei
1696590900000,BIL001_01,S1SIG_Connection_Setup_SR_DEN,485.0,900,NRCell,Huawei
1696590900000,BIL001_01,S1SIG_Connection_Setup_SR_NUM,485.0,900,NRCell,Huawei
1696590900000,BIL001_01,SERVICE_LATENCY_OVER_AIR_INTERFACE_DEN,152993.0,900,NRCell,Huawei
1696590900000,BIL001_01,SERVICE_LATENCY_OVER_AIR_INTERFACE_NUM,172315.0,900,NRCell,Huawei
1696590900000,BIL001_01,VOICE_TRAFFIC,611.0,900,NRCell,Huawei
1696590900000,BIL001_01,VOLTE_CALL_SETUP_ATT,1.0,900,NRCell,Huawei
1696590900000,BIL001_01,VOLTE_CALL_SETUP_SUCC,1.0,900,NRCell,Huawei
1696590900000,MAD033_01,DCR_DEN,490.0,900,NRCell,Huawei
1696590900000,MAD033_01,DCR_NUM,0.0,900,NRCell,Huawei
1696590900000,MAD033_01,DROP_CALL_VOLTE_DEN,4.0,900,NRCell,Huawei
1696590900000,MAD033_01,DROP_CALL_VOLTE_NUM,0.0,900,NRCell,Huawei
1696590900000,MAD033_01,ERAB_SR_DEN,500.0,900,NRCell,Huawei
1696590900000,MAD033_01,ERAB_SR_NUM,500.0,900,NRCell,Huawei
1696590900000,MAD033_01,INTEGRITY_NGBR_QCI_9,1279264760.0,900,NRCell,Huawei
1696590900000,MAD033_01,INTRA_FREQUENCY_HO_OUT_ATT,6.0,900,NRCell,Huawei
1696590900000,MAD033_01,INTRA_FREQUENCY_HO_OUT_SUCC,6.0,900,NRCell,Huawei
1696590900000,MAD033_01,RRC_SETUP_ATT,311.0,900,NRCell,Huawei
1696590900000,MAD033_01,RRC_SETUP_SUCC,311.0,900,NRCell,Huawei
1696590900000,MAD033_01,S1SIG_Connection_Setup_SR_DEN,311.0,900,NRCell,Huawei
1696590900000,MAD033_01,S1SIG_Connection_Setup_SR_NUM,311.0,900,NRCell,Huawei
1696590900000,MAD033_01,SERVICE_LATENCY_OVER_AIR_INTERFACE_DEN,41694.0,900,NRCell,Huawei
1696590900000,MAD033_01,SERVICE_LATENCY_OVER_AIR_INTERFACE_NUM,48051.0,900,NRCell,Huawei
1696590900000,MAD033_01,VOICE_TRAFFIC,2568.0,900,NRCell,Huawei
1696590900000,MAD033_01,VOLTE_CALL_SETUP_ATT,5.0,900,NRCell,Huawei
1696590900000,MAD033_01,VOLTE_CALL_SETUP_SUCC,5.0,900,NRCell,Huawei
1696590900000,SAL030_01,DCR_DEN,136.0,900,NRCell,Huawei
1696590900000,SAL030_01,DCR_NUM,0.0,900,NRCell,Huawei
1696590900000,SAL030_01,DROP_CALL_VOLTE_DEN,0.0,900,NRCell,Huawei
1696590900000,SAL030_01,DROP_CALL_VOLTE_NUM,0.0,900,NRCell,Huawei
1696590900000,SAL030_01,ERAB_SR_DEN,133.0,900,NRCell,Huawei
1696590900000,SAL030_01,ERAB_SR_NUM,133.0,900,NRCell,Huawei
1696590900000,SAL030_01,INTEGRITY_NGBR_QCI_9,323548832.0,900,NRCell,Huawei
1696590900000,SAL030_01,INTRA_FREQUENCY_HO_OUT_ATT,4.0,900,NRCell,Huawei
1696590900000,SAL030_01,INTRA_FREQUENCY_HO_OUT_SUCC,4.0,900,NRCell,Huawei
1696590900000,SAL030_01,RRC_SETUP_ATT,74.0,900,NRCell,Huawei
1696590900000,SAL030_01,RRC_SETUP_SUCC,74.0,900,NRCell,Huawei
1696590900000,SAL030_01,S1SIG_Connection_Setup_SR_DEN,74.0,900,NRCell,Huawei
1696590900000,SAL030_01,S1SIG_Connection_Setup_SR_NUM,74.0,900,NRCell,Huawei
1696590900000,SAL030_01,SERVICE_LATENCY_OVER_AIR_INTERFACE_DEN,1515.0,900,NRCell,Huawei
1696590900000,SAL030_01,SERVICE_LATENCY_OVER_AIR_INTERFACE_NUM,2594.0,900,NRCell,Huawei
1696590900000,SAL030_01,VOICE_TRAFFIC,0.0,900,NRCell,Huawei
1696590900000,SAL030_01,VOLTE_CALL_SETUP_ATT,0.0,900,NRCell,Huawei
1696590900000,SAL030_01,VOLTE_CALL_SETUP_SUCC,0.0,900,NRCell,Huawei
1696590900000,SEV001_01,DCR_DEN,1659.0,900,NRCell,Huawei
1696590900000,SEV001_01,DCR_NUM,3.0,900,NRCell,Huawei
1696590900000,SEV001_01,DROP_CALL_VOLTE_DEN,3.0,900,NRCell,Huawei
1696590900000,SEV001_01,DROP_CALL_VOLTE_NUM,0.0,900,NRCell,Huawei
1696590900000,SEV001_01,ERAB_SR_DEN,1639.0,900,NRCell,Huawei
1696590900000,SEV001_01,ERAB_SR_NUM,1636.0,900,NRCell,Huawei
1696590900000,SEV001_01,INTEGRITY_NGBR_QCI_9,3705605992.0,900,NRCell,Huawei
1696590900000,SEV001_01,INTRA_FREQUENCY_HO_OUT_ATT,13.0,900,NRCell,Huawei
1696590900000,SEV001_01,INTRA_FREQUENCY_HO_OUT_SUCC,13.0,900,NRCell,Huawei
1696590900000,SEV001_01,RRC_SETUP_ATT,994.0,900,NRCell,Huawei
1696590900000,SEV001_01,RRC_SETUP_SUCC,993.0,900,NRCell,Huawei
1696590900000,SEV001_01,S1SIG_Connection_Setup_SR_DEN,993.0,900,NRCell,Huawei
1696590900000,SEV001_01,S1SIG_Connection_Setup_SR_NUM,993.0,900,NRCell,Huawei
1696590900000,SEV001_01,SERVICE_LATENCY_OVER_AIR_INTERFACE_DEN,82315.0,900,NRCell,Huawei
1696590900000,SEV001_01,SERVICE_LATENCY_OVER_AIR_INTERFACE_NUM,108711.0,900,NRCell,Huawei
1696590900000,SEV001_01,VOICE_TRAFFIC,538.0,900,NRCell,Huawei
1696590900000,SEV001_01,VOLTE_CALL_SETUP_ATT,2.0,900,NRCell,Huawei
1696590900000,SEV001_01,VOLTE_CALL_SETUP_SUCC,2.0,900,NRCell,Huawei
1696590900000,SNT002_01,DCR_DEN,533.0,900,NRCell,Huawei
1696590900000,SNT002_01,DCR_NUM,0.0,900,NRCell,Huawei
1696590900000,SNT002_01,DROP_CALL_VOLTE_DEN,1.0,900,NRCell,Huawei
1696590900000,SNT002_01,DROP_CALL_VOLTE_NUM,0.0,900,NRCell,Huawei
1696590900000,SNT002_01,ERAB_SR_DEN,546.0,900,NRCell,Huawei
1696590900000,SNT002_01,ERAB_SR_NUM,546.0,900,NRCell,Huawei
1696590900000,SNT002_01,INTEGRITY_NGBR_QCI_9,1847912408.0,900,NRCell,Huawei
1696590900000,SNT002_01,INTRA_FREQUENCY_HO_OUT_ATT,2.0,900,NRCell,Huawei
1696590900000,SNT002_01,INTRA_FREQUENCY_HO_OUT_SUCC,2.0,900,NRCell,Huawei
1696590900000,SNT002_01,RRC_SETUP_ATT,322.0,900,NRCell,Huawei
1696590900000,SNT002_01,RRC_SETUP_SUCC,322.0,900,NRCell,Huawei
1696590900000,SNT002_01,S1SIG_Connection_Setup_SR_DEN,322.0,900,NRCell,Huawei
1696590900000,SNT002_01,S1SIG_Connection_Setup_SR_NUM,322.0,900,NRCell,Huawei
1696590900000,SNT002_01,SERVICE_LATENCY_OVER_AIR_INTERFACE_DEN,31071.0,900,NRCell,Huawei
1696590900000,SNT002_01,SERVICE_LATENCY_OVER_AIR_INTERFACE_NUM,32115.0,900,NRCell,Huawei
1696590900000,SNT002_01,VOICE_TRAFFIC,1292.0,900,NRCell,Huawei
1696590900000,SNT002_01,VOLTE_CALL_SETUP_ATT,1.0,900,NRCell,Huawei
1696590900000,SNT002_01,VOLTE_CALL_SETUP_SUCC,1.0,900,NRCell,Huawei
1696590900000,TAR015_01,DCR_DEN,2305.0,900,NRCell,Huawei
1696590900000,TAR015_01,DCR_NUM,0.0,900,NRCell,Huawei
1696590900000,TAR015_01,DROP_CALL_VOLTE_DEN,0.0,900,NRCell,Huawei
1696590900000,TAR015_01,DROP_CALL_VOLTE_NUM,0.0,900,NRCell,Huawei
1696590900000,TAR015_01,ERAB_SR_DEN,2316.0,900,NRCell,Huawei
1696590900000,TAR015_01,ERAB_SR_NUM,2313.0,900,NRCell,Huawei
1696590900000,TAR015_01,INTEGRITY_NGBR_QCI_9,3796275592.0,900,NRCell,Huawei
1696590900000,TAR015_01,INTRA_FREQUENCY_HO_OUT_ATT,27.0,900,NRCell,Huawei
1696590900000,TAR015_01,INTRA_FREQUENCY_HO_OUT_SUCC,27.0,900,NRCell,Huawei
1696590900000,TAR015_01,RRC_SETUP_ATT,1293.0,900,NRCell,Huawei
1696590900000,TAR015_01,RRC_SETUP_SUCC,1293.0,900,NRCell,Huawei
1696590900000,TAR015_01,S1SIG_Connection_Setup_SR_DEN,1293.0,900,NRCell,Huawei
1696590900000,TAR015_01,S1SIG_Connection_Setup_SR_NUM,1293.0,900,NRCell,Huawei
1696590900000,TAR015_01,SERVICE_LATENCY_OVER_AIR_INTERFACE_DEN,64099.0,900,NRCell,Huawei
1696590900000,TAR015_01,SERVICE_LATENCY_OVER_AIR_INTERFACE_NUM,80228.0,900,NRCell,Huawei
1696590900000,TAR015_01,VOICE_TRAFFIC,0.0,900,NRCell,Huawei
1696590900000,TAR015_01,VOLTE_CALL_SETUP_ATT,0.0,900,NRCell,Huawei
1696590900000,TAR015_01,VOLTE_CALL_SETUP_SUCC,0.0,900,NRCell,Huawei
1696590900000,TOL034_01,DCR_DEN,38.0,900,NRCell,Huawei
1696590900000,TOL034_01,DCR_NUM,0.0,900,NRCell,Huawei
1696590900000,TOL034_01,DROP_CALL_VOLTE_DEN,0.0,900,NRCell,Huawei
1696590900000,TOL034_01,DROP_CALL_VOLTE_NUM,0.0,900,NRCell,Huawei
1696590900000,TOL034_01,ERAB_SR_DEN,40.0,900,NRCell,Huawei
1696590900000,TOL034_01,ERAB_SR_NUM,40.0,900,NRCell,Huawei
1696590900000,TOL034_01,INTEGRITY_NGBR_QCI_9,439667496.0,900,NRCell,Huawei
1696590900000,TOL034_01,INTRA_FREQUENCY_HO_OUT_ATT,2.0,900,NRCell,Huawei
1696590900000,TOL034_01,INTRA_FREQUENCY_HO_OUT_SUCC,2.0,900,NRCell,Huawei
1696590900000,TOL034_01,RRC_SETUP_ATT,31.0,900,NRCell,Huawei
1696590900000,TOL034_01,RRC_SETUP_SUCC,31.0,900,NRCell,Huawei
1696590900000,TOL034_01,S1SIG_Connection_Setup_SR_DEN,31.0,900,NRCell,Huawei
1696590900000,TOL034_01,S1SIG_Connection_Setup_SR_NUM,31.0,900,NRCell,Huawei
1696590900000,TOL034_01,SERVICE_LATENCY_OVER_AIR_INTERFACE_DEN,2736.0,900,NRCell,Huawei
1696590900000,TOL034_01,SERVICE_LATENCY_OVER_AIR_INTERFACE_NUM,4273.0,900,NRCell,Huawei
1696590900000,TOL034_01,VOICE_TRAFFIC,0.0,900,NRCell,Huawei
1696590900000,TOL034_01,VOLTE_CALL_SETUP_ATT,0.0,900,NRCell,Huawei
1696590900000,TOL034_01,VOLTE_CALL_SETUP_SUCC,0.0,900,NRCell,Huawei
1696590900000,VAL002_01,DCR_DEN,73.0,900,NRCell,Huawei
1696590900000,VAL002_01,DCR_NUM,0.0,900,NRCell,Huawei
1696590900000,VAL002_01,DROP_CALL_VOLTE_DEN,0.0,900,NRCell,Huawei
1696590900000,VAL002_01,DROP_CALL_VOLTE_NUM,0.0,900,NRCell,Huawei
1696590900000,VAL002_01,ERAB_SR_DEN,73.0,900,NRCell,Huawei
1696590900000,VAL002_01,ERAB_SR_NUM,73.0,900,NRCell,Huawei
1696590900000,VAL002_01,INTEGRITY_NGBR_QCI_9,4631816.0,900,NRCell,Huawei
1696590900000,VAL002_01,INTRA_FREQUENCY_HO_OUT_ATT,0.0,900,NRCell,Huawei
1696590900000,VAL002_01,INTRA_FREQUENCY_HO_OUT_SUCC,0.0,900,NRCell,Huawei
1696590900000,VAL002_01,RRC_SETUP_ATT,50.0,900,NRCell,Huawei
1696590900000,VAL002_01,RRC_SETUP_SUCC,50.0,900,NRCell,Huawei
1696590900000,VAL002_01,S1SIG_Connection_Setup_SR_DEN,50.0,900,NRCell,Huawei
1696590900000,VAL002_01,S1SIG_Connection_Setup_SR_NUM,50.0,900,NRCell,Huawei
1696590900000,VAL002_01,SERVICE_LATENCY_OVER_AIR_INTERFACE_DEN,901.0,900,NRCell,Huawei
1696590900000,VAL002_01,SERVICE_LATENCY_OVER_AIR_INTERFACE_NUM,1401.0,900,NRCell,Huawei
1696590900000,VAL002_01,VOICE_TRAFFIC,0.0,900,NRCell,Huawei
1696590900000,VAL002_01,VOLTE_CALL_SETUP_ATT,0.0,900,NRCell,Huawei
1696590900000,VAL002_01,VOLTE_CALL_SETUP_SUCC,0.0,900,NRCell,Huawei
