startTime,neId,counterCode,counterValue,granularity,neType,vendorName
1696632300000,BCN014_01,DCR_DEN,3412.0,900,NRCell,Huawei
1696632300000,BCN014_01,DCR_NUM,3.0,900,NRCell,Huawei
1696632300000,BCN014_01,DROP_CALL_VOLTE_DEN,22.0,900,NRCell,Huawei
1696632300000,BCN014_01,DROP_CALL_VOLTE_NUM,0.0,900,NRCell,Huawei
1696632300000,BCN014_01,ERAB_SR_DEN,3437.0,900,NRCell,Huawei
1696632300000,BCN014_01,ERAB_SR_NUM,3430.0,900,NRCell,Huawei
1696632300000,BCN014_01,INTEGRITY_NGBR_QCI_9,14242337272.0,900,NRCell,Huawei
1696632300000,BCN014_01,INTRA_FREQUENCY_HO_OUT_ATT,273.0,900,NRCell,Huawei
1696632300000,BCN014_01,INTRA_FREQUENCY_HO_OUT_SUCC,273.0,900,NRCell,Huawei
1696632300000,BCN014_01,RRC_SETUP_ATT,1971.0,900,NRCell,Huawei
1696632300000,BCN014_01,RRC_SETUP_SUCC,1967.0,900,NRCell,Huawei
1696632300000,BCN014_01,S1SIG_Connection_Setup_SR_DEN,1967.0,900,NRCell,Huawei
1696632300000,BCN014_01,S1SIG_Connection_Setup_SR_NUM,1967.0,900,NRCell,Huawei
1696632300000,BCN014_01,SERVICE_LATENCY_OVER_AIR_INTERFACE_DEN,404948.0,900,NRCell,Huawei
1696632300000,BCN014_01,SERVICE_LATENCY_OVER_AIR_INTERFACE_NUM,929272.0,900,NRCell,Huawei
1696632300000,BCN014_01,VOICE_TRAFFIC,43492.0,900,NRCell,Huawei
1696632300000,BCN014_01,VOLTE_CALL_SETUP_ATT,27.0,900,NRCell,Huawei
1696632300000,BCN014_01,VOLTE_CALL_SETUP_SUCC,27.0,900,NRCell,Huawei
1696632300000,BIL001_01,DCR_DEN,3350.0,900,NRCell,Huawei
1696632300000,BIL001_01,DCR_NUM,4.0,900,NRCell,Huawei
1696632300000,BIL001_01,DROP_CALL_VOLTE_DEN,22.0,900,NRCell,Huawei
1696632300000,BIL001_01,DROP_CALL_VOLTE_NUM,0.0,900,NRCell,Huawei
1696632300000,BIL001_01,ERAB_SR_DEN,3411.0,900,NRCell,Huawei
1696632300000,BIL001_01,ERAB_SR_NUM,3400.0,900,NRCell,Huawei
1696632300000,BIL001_01,INTEGRITY_NGBR_QCI_9,13639021176.0,900,NRCell,Huawei
1696632300000,BIL001_01,INTRA_FREQUENCY_HO_OUT_ATT,221.0,900,NRCell,Huawei
1696632300000,BIL001_01,INTRA_FREQUENCY_HO_OUT_SUCC,221.0,900,NRCell,Huawei
1696632300000,BIL001_01,RRC_SETUP_ATT,1989.0,900,NRCell,Huawei
1696632300000,BIL001_01,RRC_SETUP_SUCC,1975.0,900,NRCell,Huawei
1696632300000,BIL001_01,S1SIG_Connection_Setup_SR_DEN,1975.0,900,NRCell,Huawei
1696632300000,BIL001_01,S1SIG_Connection_Setup_SR_NUM,1975.0,900,NRCell,Huawei
1696632300000,BIL001_01,SERVICE_LATENCY_OVER_AIR_INTERFACE_DEN,404460.0,900,NRCell,Huawei
1696632300000,BIL001_01,SERVICE_LATENCY_OVER_AIR_INTERFACE_NUM,622747.0,900,NRCell,Huawei
1696632300000,BIL001_01,VOICE_TRAFFIC,14763.0,900,NRCell,Huawei
1696632300000,BIL001_01,VOLTE_CALL_SETUP_ATT,22.0,900,NRCell,Huawei
1696632300000,BIL001_01,VOLTE_CALL_SETUP_SUCC,22.0,900,NRCell,Huawei
1696632300000,MAD033_01,DCR_DEN,1585.0,900,NRCell,Huawei
1696632300000,MAD033_01,DCR_NUM,1.0,900,NRCell,Huawei
1696632300000,MAD033_01,DROP_CALL_VOLTE_DEN,15.0,900,NRCell,Huawei
1696632300000,MAD033_01,DROP_CALL_VOLTE_NUM,0.0,900,NRCell,Huawei
1696632300000,MAD033_01,ERAB_SR_DEN,1595.0,900,NRCell,Huawei
1696632300000,MAD033_01,ERAB_SR_NUM,1595.0,900,NRCell,Huawei
1696632300000,MAD033_01,INTEGRITY_NGBR_QCI_9,3525269568.0,900,NRCell,Huawei
1696632300000,MAD033_01,INTRA_FREQUENCY_HO_OUT_ATT,116.0,900,NRCell,Huawei
1696632300000,MAD033_01,INTRA_FREQUENCY_HO_OUT_SUCC,116.0,900,NRCell,Huawei
1696632300000,MAD033_01,RRC_SETUP_ATT,909.0,900,NRCell,Huawei
1696632300000,MAD033_01,RRC_SETUP_SUCC,908.0,900,NRCell,Huawei
1696632300000,MAD033_01,S1SIG_Connection_Setup_SR_DEN,908.0,900,NRCell,Huawei
1696632300000,MAD033_01,S1SIG_Connection_Setup_SR_NUM,908.0,900,NRCell,Huawei
1696632300000,MAD033_01,SERVICE_LATENCY_OVER_AIR_INTERFACE_DEN,155765.0,900,NRCell,Huawei
1696632300000,MAD033_01,SERVICE_LATENCY_OVER_AIR_INTERFACE_NUM,204571.0,900,NRCell,Huawei
1696632300000,MAD033_01,VOICE_TRAFFIC,19985.0,900,NRCell,Huawei
1696632300000,MAD033_01,VOLTE_CALL_SETUP_ATT,12.0,900,NRCell,Huawei
1696632300000,MAD033_01,VOLTE_CALL_SETUP_SUCC,12.0,900,NRCell,Huawei
1696632300000,SAL030_01,DCR_DEN,175.0,900,NRCell,Huawei
1696632300000,SAL030_01,DCR_NUM,0.0,900,NRCell,Huawei
1696632300000,SAL030_01,DROP_CALL_VOLTE_DEN,2.0,900,NRCell,Huawei
1696632300000,SAL030_01,DROP_CALL_VOLTE_NUM,0.0,900,NRCell,Huawei
1696632300000,SAL030_01,ERAB_SR_DEN,177.0,900,NRCell,Huawei
1696632300000,SAL030_01,ERAB_SR_NUM,177.0,900,NRCell,Huawei
1696632300000,SAL030_01,INTEGRITY_NGBR_QCI_9,5288914520.0,900,NRCell,Huawei
1696632300000,SAL030_01,INTRA_FREQUENCY_HO_OUT_ATT,13.0,900,NRCell,Huawei
1696632300000,SAL030_01,INTRA_FREQUENCY_HO_OUT_SUCC,13.0,900,NRCell,Huawei
1696632300000,SAL030_01,RRC_SETUP_ATT,102.0,900,NRCell,Huawei
1696632300000,SAL030_01,RRC_SETUP_SUCC,102.0,900,NRCell,Huawei
1696632300000,SAL030_01,S1SIG_Connection_Setup_SR_DEN,102.0,900,NRCell,Huawei
1696632300000,SAL030_01,S1SIG_Connection_Setup_SR_NUM,102.0,900,NRCell,Huawei
1696632300000,SAL030_01,SERVICE_LATENCY_OVER_AIR_INTERFACE_DEN,51548.0,900,NRCell,Huawei
1696632300000,SAL030_01,SERVICE_LATENCY_OVER_AIR_INTERFACE_NUM,81257.0,900,NRCell,Huawei
1696632300000,SAL030_01,VOICE_TRAFFIC,1293.0,900,NRCell,Huawei
1696632300000,SAL030_01,VOLTE_CALL_SETUP_ATT,2.0,900,NRCell,Huawei
1696632300000,SAL030_01,VOLTE_CALL_SETUP_SUCC,2.0,900,NRCell,Huawei
1696632300000,SEV001_01,DCR_DEN,3375.0,900,NRCell,Huawei
1696632300000,SEV001_01,DCR_NUM,1.0,900,NRCell,Huawei
1696632300000,SEV001_01,DROP_CALL_VOLTE_DEN,29.0,900,NRCell,Huawei
1696632300000,SEV001_01,DROP_CALL_VOLTE_NUM,0.0,900,NRCell,Huawei
1696632300000,SEV001_01,ERAB_SR_DEN,3382.0,900,NRCell,Huawei
1696632300000,SEV001_01,ERAB_SR_NUM,3380.0,900,NRCell,Huawei
1696632300000,SEV001_01,INTEGRITY_NGBR_QCI_9,16747732344.0,900,NRCell,Huawei
1696632300000,SEV001_01,INTRA_FREQUENCY_HO_OUT_ATT,127.0,900,NRCell,Huawei
1696632300000,SEV001_01,INTRA_FREQUENCY_HO_OUT_SUCC,127.0,900,NRCell,Huawei
1696632300000,SEV001_01,RRC_SETUP_ATT,1860.0,900,NRCell,Huawei
1696632300000,SEV001_01,RRC_SETUP_SUCC,1857.0,900,NRCell,Huawei
1696632300000,SEV001_01,S1SIG_Connection_Setup_SR_DEN,1856.0,900,NRCell,Huawei
1696632300000,SEV001_01,S1SIG_Connection_Setup_SR_NUM,1856.0,900,NRCell,Huawei
1696632300000,SEV001_01,SERVICE_LATENCY_OVER_AIR_INTERFACE_DEN,444437.0,900,NRCell,Huawei
1696632300000,SEV001_01,SERVICE_LATENCY_OVER_AIR_INTERFACE_NUM,1104876.0,900,NRCell,Huawei
1696632300000,SEV001_01,VOICE_TRAFFIC,30196.0,900,NRCell,Huawei
1696632300000,SEV001_01,VOLTE_CALL_SETUP_ATT,28.0,900,NRCell,Huawei
1696632300000,SEV001_01,VOLTE_CALL_SETUP_SUCC,28.0,900,NRCell,Huawei
1696632300000,SNT002_01,DCR_DEN,1513.0,900,NRCell,Huawei
1696632300000,SNT002_01,DCR_NUM,0.0,900,NRCell,Huawei
1696632300000,SNT002_01,DROP_CALL_VOLTE_DEN,8.0,900,NRCell,Huawei
1696632300000,SNT002_01,DROP_CALL_VOLTE_NUM,0.0,900,NRCell,Huawei
1696632300000,SNT002_01,ERAB_SR_DEN,1538.0,900,NRCell,Huawei
1696632300000,SNT002_01,ERAB_SR_NUM,1538.0,900,NRCell,Huawei
1696632300000,SNT002_01,INTEGRITY_NGBR_QCI_9,4505911064.0,900,NRCell,Huawei
1696632300000,SNT002_01,INTRA_FREQUENCY_HO_OUT_ATT,105.0,900,NRCell,Huawei
1696632300000,SNT002_01,INTRA_FREQUENCY_HO_OUT_SUCC,105.0,900,NRCell,Huawei
1696632300000,SNT002_01,RRC_SETUP_ATT,890.0,900,NRCell,Huawei
1696632300000,SNT002_01,RRC_SETUP_SUCC,888.0,900,NRCell,Huawei
1696632300000,SNT002_01,S1SIG_Connection_Setup_SR_DEN,888.0,900,NRCell,Huawei
1696632300000,SNT002_01,S1SIG_Connection_Setup_SR_NUM,888.0,900,NRCell,Huawei
1696632300000,SNT002_01,SERVICE_LATENCY_OVER_AIR_INTERFACE_DEN,142225.0,900,NRCell,Huawei
1696632300000,SNT002_01,SERVICE_LATENCY_OVER_AIR_INTERFACE_NUM,176157.0,900,NRCell,Huawei
1696632300000,SNT002_01,VOICE_TRAFFIC,8648.0,900,NRCell,Huawei
1696632300000,SNT002_01,VOLTE_CALL_SETUP_ATT,14.0,900,NRCell,Huawei
1696632300000,SNT002_01,VOLTE_CALL_SETUP_SUCC,14.0,900,NRCell,Huawei
1696632300000,TAR015_01,DCR_DEN,4074.0,900,NRCell,Huawei
1696632300000,TAR015_01,DCR_NUM,2.0,900,NRCell,Huawei
1696632300000,TAR015_01,DROP_CALL_VOLTE_DEN,47.0,900,NRCell,Huawei
1696632300000,TAR015_01,DROP_CALL_VOLTE_NUM,0.0,900,NRCell,Huawei
1696632300000,TAR015_01,ERAB_SR_DEN,3994.0,900,NRCell,Huawei
1696632300000,TAR015_01,ERAB_SR_NUM,3994.0,900,NRCell,Huawei
1696632300000,TAR015_01,INTEGRITY_NGBR_QCI_9,15944591088.0,900,NRCell,Huawei
1696632300000,TAR015_01,INTRA_FREQUENCY_HO_OUT_ATT,171.0,900,NRCell,Huawei
1696632300000,TAR015_01,INTRA_FREQUENCY_HO_OUT_SUCC,171.0,900,NRCell,Huawei
1696632300000,TAR015_01,RRC_SETUP_ATT,2124.0,900,NRCell,Huawei
1696632300000,TAR015_01,RRC_SETUP_SUCC,2123.0,900,NRCell,Huawei
1696632300000,TAR015_01,S1SIG_Connection_Setup_SR_DEN,2124.0,900,NRCell,Huawei
1696632300000,TAR015_01,S1SIG_Connection_Setup_SR_NUM,2124.0,900,NRCell,Huawei
1696632300000,TAR015_01,SERVICE_LATENCY_OVER_AIR_INTERFACE_DEN,605392.0,900,NRCell,Huawei
1696632300000,TAR015_01,SERVICE_LATENCY_OVER_AIR_INTERFACE_NUM,1953704.0,900,NRCell,Huawei
1696632300000,TAR015_01,VOICE_TRAFFIC,44119.0,900,NRCell,Huawei
1696632300000,TAR015_01,VOLTE_CALL_SETUP_ATT,42.0,900,NRCell,Huawei
1696632300000,TAR015_01,VOLTE_CALL_SETUP_SUCC,42.0,900,NRCell,Huawei
1696632300000,TOL034_01,DCR_DEN,188.0,900,NRCell,Huawei
1696632300000,TOL034_01,DCR_NUM,0.0,900,NRCell,Huawei
1696632300000,TOL034_01,DROP_CALL_VOLTE_DEN,6.0,900,NRCell,Huawei
1696632300000,TOL034_01,DROP_CALL_VOLTE_NUM,0.0,900,NRCell,Huawei
1696632300000,TOL034_01,ERAB_SR_DEN,202.0,900,NRCell,Huawei
1696632300000,TOL034_01,ERAB_SR_NUM,202.0,900,NRCell,Huawei
1696632300000,TOL034_01,INTEGRITY_NGBR_QCI_9,1880610944.0,900,NRCell,Huawei
1696632300000,TOL034_01,INTRA_FREQUENCY_HO_OUT_ATT,12.0,900,NRCell,Huawei
1696632300000,TOL034_01,INTRA_FREQUENCY_HO_OUT_SUCC,12.0,900,NRCell,Huawei
1696632300000,TOL034_01,RRC_SETUP_ATT,137.0,900,NRCell,Huawei
1696632300000,TOL034_01,RRC_SETUP_SUCC,133.0,900,NRCell,Huawei
1696632300000,TOL034_01,S1SIG_Connection_Setup_SR_DEN,133.0,900,NRCell,Huawei
1696632300000,TOL034_01,S1SIG_Connection_Setup_SR_NUM,133.0,900,NRCell,Huawei
1696632300000,TOL034_01,SERVICE_LATENCY_OVER_AIR_INTERFACE_DEN,66646.0,900,NRCell,Huawei
1696632300000,TOL034_01,SERVICE_LATENCY_OVER_AIR_INTERFACE_NUM,93197.0,900,NRCell,Huawei
1696632300000,TOL034_01,VOICE_TRAFFIC,1098.0,900,NRCell,Huawei
1696632300000,TOL034_01,VOLTE_CALL_SETUP_ATT,3.0,900,NRCell,Huawei
1696632300000,TOL034_01,VOLTE_CALL_SETUP_SUCC,3.0,900,NRCell,Huawei
1696632300000,VAL002_01,DCR_DEN,77.0,900,NRCell,Huawei
1696632300000,VAL002_01,DCR_NUM,0.0,900,NRCell,Huawei
1696632300000,VAL002_01,DROP_CALL_VOLTE_DEN,0.0,900,NRCell,Huawei
1696632300000,VAL002_01,DROP_CALL_VOLTE_NUM,0.0,900,NRCell,Huawei
1696632300000,VAL002_01,ERAB_SR_DEN,81.0,900,NRCell,Huawei
1696632300000,VAL002_01,ERAB_SR_NUM,81.0,900,NRCell,Huawei
1696632300000,VAL002_01,INTEGRITY_NGBR_QCI_9,881355272.0,900,NRCell,Huawei
1696632300000,VAL002_01,INTRA_FREQUENCY_HO_OUT_ATT,7.0,900,NRCell,Huawei
1696632300000,VAL002_01,INTRA_FREQUENCY_HO_OUT_SUCC,7.0,900,NRCell,Huawei
1696632300000,VAL002_01,RRC_SETUP_ATT,59.0,900,NRCell,Huawei
1696632300000,VAL002_01,RRC_SETUP_SUCC,59.0,900,NRCell,Huawei
1696632300000,VAL002_01,S1SIG_Connection_Setup_SR_DEN,59.0,900,NRCell,Huawei
1696632300000,VAL002_01,S1SIG_Connection_Setup_SR_NUM,59.0,900,NRCell,Huawei
1696632300000,VAL002_01,SERVICE_LATENCY_OVER_AIR_INTERFACE_DEN,6236.0,900,NRCell,Huawei
1696632300000,VAL002_01,SERVICE_LATENCY_OVER_AIR_INTERFACE_NUM,16531.0,900,NRCell,Huawei
1696632300000,VAL002_01,VOICE_TRAFFIC,0.0,900,NRCell,Huawei
1696632300000,VAL002_01,VOLTE_CALL_SETUP_ATT,0.0,900,NRCell,Huawei
1696632300000,VAL002_01,VOLTE_CALL_SETUP_SUCC,0.0,900,NRCell,Huawei
