startTime,neId,counterCode,counterValue,granularity,neType,vendorName
1696811400000,BCN014_01,DCR_DEN,1826.0,900,NRCell,Huawei
1696811400000,BCN014_01,DCR_NUM,1.0,900,NRCell,Huawei
1696811400000,BCN014_01,DROP_CALL_VOLTE_DEN,9.0,900,NRCell,Huawei
1696811400000,BCN014_01,DROP_CALL_VOLTE_NUM,0.0,900,NRCell,Huawei
1696811400000,BCN014_01,ERAB_SR_DEN,1770.0,900,NRCell,Huawei
1696811400000,BCN014_01,ERAB_SR_NUM,1770.0,900,NRCell,Huawei
1696811400000,BCN014_01,INTEGRITY_NGBR_QCI_9,9774805672.0,900,NRCell,Huawei
1696811400000,BCN014_01,INTRA_FREQUENCY_HO_OUT_ATT,163.0,900,NRCell,Huawei
1696811400000,BCN014_01,INTRA_FREQUENCY_HO_OUT_SUCC,163.0,900,NRCell,Huawei
1696811400000,BCN014_01,RRC_SETUP_ATT,1097.0,900,NRCell,Huawei
1696811400000,BCN014_01,RRC_SETUP_SUCC,1097.0,900,NRCell,Huawei
1696811400000,BCN014_01,S1SIG_Connection_Setup_SR_DEN,1097.0,900,NRCell,Huawei
1696811400000,BCN014_01,S1SIG_Connection_Setup_SR_NUM,1092.0,900,NRCell,Huawei
1696811400000,BCN014_01,SERVICE_LATENCY_OVER_AIR_INTERFACE_DEN,184810.0,900,NRCell,Huawei
1696811400000,BCN014_01,SERVICE_LATENCY_OVER_AIR_INTERFACE_NUM,318577.0,900,NRCell,Huawei
1696811400000,BCN014_01,VOICE_TRAFFIC,6831.0,900,NRCell,Huawei
1696811400000,BCN014_01,VOLTE_CALL_SETUP_ATT,12.0,900,NRCell,Huawei
1696811400000,BCN014_01,VOLTE_CALL_SETUP_SUCC,12.0,900,NRCell,Huawei
1696811400000,BIL001_01,DCR_DEN,1531.0,900,NRCell,Huawei
1696811400000,BIL001_01,DCR_NUM,0.0,900,NRCell,Huawei
1696811400000,BIL001_01,DROP_CALL_VOLTE_DEN,12.0,900,NRCell,Huawei
1696811400000,BIL001_01,DROP_CALL_VOLTE_NUM,0.0,900,NRCell,Huawei
1696811400000,BIL001_01,ERAB_SR_DEN,1528.0,900,NRCell,Huawei
1696811400000,BIL001_01,ERAB_SR_NUM,1526.0,900,NRCell,Huawei
1696811400000,BIL001_01,INTEGRITY_NGBR_QCI_9,10635635760.0,900,NRCell,Huawei
1696811400000,BIL001_01,INTRA_FREQUENCY_HO_OUT_ATT,142.0,900,NRCell,Huawei
1696811400000,BIL001_01,INTRA_FREQUENCY_HO_OUT_SUCC,141.0,900,NRCell,Huawei
1696811400000,BIL001_01,RRC_SETUP_ATT,984.0,900,NRCell,Huawei
1696811400000,BIL001_01,RRC_SETUP_SUCC,976.0,900,NRCell,Huawei
1696811400000,BIL001_01,S1SIG_Connection_Setup_SR_DEN,976.0,900,NRCell,Huawei
1696811400000,BIL001_01,S1SIG_Connection_Setup_SR_NUM,974.0,900,NRCell,Huawei
1696811400000,BIL001_01,SERVICE_LATENCY_OVER_AIR_INTERFACE_DEN,275003.0,900,NRCell,Huawei
1696811400000,BIL001_01,SERVICE_LATENCY_OVER_AIR_INTERFACE_NUM,419207.0,900,NRCell,Huawei
1696811400000,BIL001_01,VOICE_TRAFFIC,5894.0,900,NRCell,Huawei
1696811400000,BIL001_01,VOLTE_CALL_SETUP_ATT,8.0,900,NRCell,Huawei
1696811400000,BIL001_01,VOLTE_CALL_SETUP_SUCC,8.0,900,NRCell,Huawei
1696811400000,MAD033_01,DCR_DEN,625.0,900,NRCell,Huawei
1696811400000,MAD033_01,DCR_NUM,0.0,900,NRCell,Huawei
1696811400000,MAD033_01,DROP_CALL_VOLTE_DEN,7.0,900,NRCell,Huawei
1696811400000,MAD033_01,DROP_CALL_VOLTE_NUM,0.0,900,NRCell,Huawei
1696811400000,MAD033_01,ERAB_SR_DEN,621.0,900,NRCell,Huawei
1696811400000,MAD033_01,ERAB_SR_NUM,621.0,900,NRCell,Huawei
1696811400000,MAD033_01,INTEGRITY_NGBR_QCI_9,5639559056.0,900,NRCell,Huawei
1696811400000,MAD033_01,INTRA_FREQUENCY_HO_OUT_ATT,59.0,900,NRCell,Huawei
1696811400000,MAD033_01,INTRA_FREQUENCY_HO_OUT_SUCC,59.0,900,NRCell,Huawei
1696811400000,MAD033_01,RRC_SETUP_ATT,523.0,900,NRCell,Huawei
1696811400000,MAD033_01,RRC_SETUP_SUCC,521.0,900,NRCell,Huawei
1696811400000,MAD033_01,S1SIG_Connection_Setup_SR_DEN,521.0,900,NRCell,Huawei
1696811400000,MAD033_01,S1SIG_Connection_Setup_SR_NUM,520.0,900,NRCell,Huawei
1696811400000,MAD033_01,SERVICE_LATENCY_OVER_AIR_INTERFACE_DEN,86066.0,900,NRCell,Huawei
1696811400000,MAD033_01,SERVICE_LATENCY_OVER_AIR_INTERFACE_NUM,120048.0,900,NRCell,Huawei
1696811400000,MAD033_01,VOICE_TRAFFIC,2418.0,900,NRCell,Huawei
1696811400000,MAD033_01,VOLTE_CALL_SETUP_ATT,4.0,900,NRCell,Huawei
1696811400000,MAD033_01,VOLTE_CALL_SETUP_SUCC,4.0,900,NRCell,Huawei
1696811400000,SAL030_01,DCR_DEN,136.0,900,NRCell,Huawei
1696811400000,SAL030_01,DCR_NUM,0.0,900,NRCell,Huawei
1696811400000,SAL030_01,DROP_CALL_VOLTE_DEN,6.0,900,NRCell,Huawei
1696811400000,SAL030_01,DROP_CALL_VOLTE_NUM,0.0,900,NRCell,Huawei
1696811400000,SAL030_01,ERAB_SR_DEN,147.0,900,NRCell,Huawei
1696811400000,SAL030_01,ERAB_SR_NUM,147.0,900,NRCell,Huawei
1696811400000,SAL030_01,INTEGRITY_NGBR_QCI_9,1776148536.0,900,NRCell,Huawei
1696811400000,SAL030_01,INTRA_FREQUENCY_HO_OUT_ATT,12.0,900,NRCell,Huawei
1696811400000,SAL030_01,INTRA_FREQUENCY_HO_OUT_SUCC,12.0,900,NRCell,Huawei
1696811400000,SAL030_01,RRC_SETUP_ATT,88.0,900,NRCell,Huawei
1696811400000,SAL030_01,RRC_SETUP_SUCC,88.0,900,NRCell,Huawei
1696811400000,SAL030_01,S1SIG_Connection_Setup_SR_DEN,88.0,900,NRCell,Huawei
1696811400000,SAL030_01,S1SIG_Connection_Setup_SR_NUM,88.0,900,NRCell,Huawei
1696811400000,SAL030_01,SERVICE_LATENCY_OVER_AIR_INTERFACE_DEN,23056.0,900,NRCell,Huawei
1696811400000,SAL030_01,SERVICE_LATENCY_OVER_AIR_INTERFACE_NUM,37509.0,900,NRCell,Huawei
1696811400000,SAL030_01,VOICE_TRAFFIC,2367.0,900,NRCell,Huawei
1696811400000,SAL030_01,VOLTE_CALL_SETUP_ATT,4.0,900,NRCell,Huawei
1696811400000,SAL030_01,VOLTE_CALL_SETUP_SUCC,4.0,900,NRCell,Huawei
1696811400000,SEV001_01,DCR_DEN,2409.0,900,NRCell,Huawei
1696811400000,SEV001_01,DCR_NUM,5.0,900,NRCell,Huawei
1696811400000,SEV001_01,DROP_CALL_VOLTE_DEN,20.0,900,NRCell,Huawei
1696811400000,SEV001_01,DROP_CALL_VOLTE_NUM,0.0,900,NRCell,Huawei
1696811400000,SEV001_01,ERAB_SR_DEN,2431.0,900,NRCell,Huawei
1696811400000,SEV001_01,ERAB_SR_NUM,2423.0,900,NRCell,Huawei
1696811400000,SEV001_01,INTEGRITY_NGBR_QCI_9,13690361064.0,900,NRCell,Huawei
1696811400000,SEV001_01,INTRA_FREQUENCY_HO_OUT_ATT,94.0,900,NRCell,Huawei
1696811400000,SEV001_01,INTRA_FREQUENCY_HO_OUT_SUCC,94.0,900,NRCell,Huawei
1696811400000,SEV001_01,RRC_SETUP_ATT,1335.0,900,NRCell,Huawei
1696811400000,SEV001_01,RRC_SETUP_SUCC,1334.0,900,NRCell,Huawei
1696811400000,SEV001_01,S1SIG_Connection_Setup_SR_DEN,1334.0,900,NRCell,Huawei
1696811400000,SEV001_01,S1SIG_Connection_Setup_SR_NUM,1332.0,900,NRCell,Huawei
1696811400000,SEV001_01,SERVICE_LATENCY_OVER_AIR_INTERFACE_DEN,444533.0,900,NRCell,Huawei
1696811400000,SEV001_01,SERVICE_LATENCY_OVER_AIR_INTERFACE_NUM,1156812.0,900,NRCell,Huawei
1696811400000,SEV001_01,VOICE_TRAFFIC,25631.0,900,NRCell,Huawei
1696811400000,SEV001_01,VOLTE_CALL_SETUP_ATT,16.0,900,NRCell,Huawei
1696811400000,SEV001_01,VOLTE_CALL_SETUP_SUCC,16.0,900,NRCell,Huawei
1696811400000,SNT002_01,DCR_DEN,787.0,900,NRCell,Huawei
1696811400000,SNT002_01,DCR_NUM,0.0,900,NRCell,Huawei
1696811400000,SNT002_01,DROP_CALL_VOLTE_DEN,2.0,900,NRCell,Huawei
1696811400000,SNT002_01,DROP_CALL_VOLTE_NUM,0.0,900,NRCell,Huawei
1696811400000,SNT002_01,ERAB_SR_DEN,796.0,900,NRCell,Huawei
1696811400000,SNT002_01,ERAB_SR_NUM,796.0,900,NRCell,Huawei
1696811400000,SNT002_01,INTEGRITY_NGBR_QCI_9,9942369416.0,900,NRCell,Huawei
1696811400000,SNT002_01,INTRA_FREQUENCY_HO_OUT_ATT,34.0,900,NRCell,Huawei
1696811400000,SNT002_01,INTRA_FREQUENCY_HO_OUT_SUCC,34.0,900,NRCell,Huawei
1696811400000,SNT002_01,RRC_SETUP_ATT,457.0,900,NRCell,Huawei
1696811400000,SNT002_01,RRC_SETUP_SUCC,457.0,900,NRCell,Huawei
1696811400000,SNT002_01,S1SIG_Connection_Setup_SR_DEN,457.0,900,NRCell,Huawei
1696811400000,SNT002_01,S1SIG_Connection_Setup_SR_NUM,456.0,900,NRCell,Huawei
1696811400000,SNT002_01,SERVICE_LATENCY_OVER_AIR_INTERFACE_DEN,236587.0,900,NRCell,Huawei
1696811400000,SNT002_01,SERVICE_LATENCY_OVER_AIR_INTERFACE_NUM,268385.0,900,NRCell,Huawei
1696811400000,SNT002_01,VOICE_TRAFFIC,2845.0,900,NRCell,Huawei
1696811400000,SNT002_01,VOLTE_CALL_SETUP_ATT,3.0,900,NRCell,Huawei
1696811400000,SNT002_01,VOLTE_CALL_SETUP_SUCC,3.0,900,NRCell,Huawei
1696811400000,TAR015_01,DCR_DEN,2811.0,900,NRCell,Huawei
1696811400000,TAR015_01,DCR_NUM,3.0,900,NRCell,Huawei
1696811400000,TAR015_01,DROP_CALL_VOLTE_DEN,18.0,900,NRCell,Huawei
1696811400000,TAR015_01,DROP_CALL_VOLTE_NUM,0.0,900,NRCell,Huawei
1696811400000,TAR015_01,ERAB_SR_DEN,2759.0,900,NRCell,Huawei
1696811400000,TAR015_01,ERAB_SR_NUM,2758.0,900,NRCell,Huawei
1696811400000,TAR015_01,INTEGRITY_NGBR_QCI_9,14796879136.0,900,NRCell,Huawei
1696811400000,TAR015_01,INTRA_FREQUENCY_HO_OUT_ATT,128.0,900,NRCell,Huawei
1696811400000,TAR015_01,INTRA_FREQUENCY_HO_OUT_SUCC,128.0,900,NRCell,Huawei
1696811400000,TAR015_01,RRC_SETUP_ATT,1545.0,900,NRCell,Huawei
1696811400000,TAR015_01,RRC_SETUP_SUCC,1544.0,900,NRCell,Huawei
1696811400000,TAR015_01,S1SIG_Connection_Setup_SR_DEN,1544.0,900,NRCell,Huawei
1696811400000,TAR015_01,S1SIG_Connection_Setup_SR_NUM,1541.0,900,NRCell,Huawei
1696811400000,TAR015_01,SERVICE_LATENCY_OVER_AIR_INTERFACE_DEN,376834.0,900,NRCell,Huawei
1696811400000,TAR015_01,SERVICE_LATENCY_OVER_AIR_INTERFACE_NUM,1161637.0,900,NRCell,Huawei
1696811400000,TAR015_01,VOICE_TRAFFIC,24118.0,900,NRCell,Huawei
1696811400000,TAR015_01,VOLTE_CALL_SETUP_ATT,13.0,900,NRCell,Huawei
1696811400000,TAR015_01,VOLTE_CALL_SETUP_SUCC,13.0,900,NRCell,Huawei
1696811400000,TOL034_01,DCR_DEN,84.0,900,NRCell,Huawei
1696811400000,TOL034_01,DCR_NUM,0.0,900,NRCell,Huawei
1696811400000,TOL034_01,DROP_CALL_VOLTE_DEN,0.0,900,NRCell,Huawei
1696811400000,TOL034_01,DROP_CALL_VOLTE_NUM,0.0,900,NRCell,Huawei
1696811400000,TOL034_01,ERAB_SR_DEN,83.0,900,NRCell,Huawei
1696811400000,TOL034_01,ERAB_SR_NUM,83.0,900,NRCell,Huawei
1696811400000,TOL034_01,INTEGRITY_NGBR_QCI_9,2597794400.0,900,NRCell,Huawei
1696811400000,TOL034_01,INTRA_FREQUENCY_HO_OUT_ATT,9.0,900,NRCell,Huawei
1696811400000,TOL034_01,INTRA_FREQUENCY_HO_OUT_SUCC,9.0,900,NRCell,Huawei
1696811400000,TOL034_01,RRC_SETUP_ATT,84.0,900,NRCell,Huawei
1696811400000,TOL034_01,RRC_SETUP_SUCC,82.0,900,NRCell,Huawei
1696811400000,TOL034_01,S1SIG_Connection_Setup_SR_DEN,82.0,900,NRCell,Huawei
1696811400000,TOL034_01,S1SIG_Connection_Setup_SR_NUM,80.0,900,NRCell,Huawei
1696811400000,TOL034_01,SERVICE_LATENCY_OVER_AIR_INTERFACE_DEN,132458.0,900,NRCell,Huawei
1696811400000,TOL034_01,SERVICE_LATENCY_OVER_AIR_INTERFACE_NUM,162456.0,900,NRCell,Huawei
1696811400000,TOL034_01,VOICE_TRAFFIC,3138.0,900,NRCell,Huawei
1696811400000,TOL034_01,VOLTE_CALL_SETUP_ATT,0.0,900,NRCell,Huawei
1696811400000,TOL034_01,VOLTE_CALL_SETUP_SUCC,0.0,900,NRCell,Huawei
1696811400000,VAL002_01,DCR_DEN,29.0,900,NRCell,Huawei
1696811400000,VAL002_01,DCR_NUM,0.0,900,NRCell,Huawei
1696811400000,VAL002_01,DROP_CALL_VOLTE_DEN,0.0,900,NRCell,Huawei
1696811400000,VAL002_01,DROP_CALL_VOLTE_NUM,0.0,900,NRCell,Huawei
1696811400000,VAL002_01,ERAB_SR_DEN,28.0,900,NRCell,Huawei
1696811400000,VAL002_01,ERAB_SR_NUM,28.0,900,NRCell,Huawei
1696811400000,VAL002_01,INTEGRITY_NGBR_QCI_9,7680352.0,900,NRCell,Huawei
1696811400000,VAL002_01,INTRA_FREQUENCY_HO_OUT_ATT,2.0,900,NRCell,Huawei
1696811400000,VAL002_01,INTRA_FREQUENCY_HO_OUT_SUCC,2.0,900,NRCell,Huawei
1696811400000,VAL002_01,RRC_SETUP_ATT,25.0,900,NRCell,Huawei
1696811400000,VAL002_01,RRC_SETUP_SUCC,25.0,900,NRCell,Huawei
1696811400000,VAL002_01,S1SIG_Connection_Setup_SR_DEN,25.0,900,NRCell,Huawei
1696811400000,VAL002_01,S1SIG_Connection_Setup_SR_NUM,25.0,900,NRCell,Huawei
1696811400000,VAL002_01,SERVICE_LATENCY_OVER_AIR_INTERFACE_DEN,2096.0,900,NRCell,Huawei
1696811400000,VAL002_01,SERVICE_LATENCY_OVER_AIR_INTERFACE_NUM,2333.0,900,NRCell,Huawei
1696811400000,VAL002_01,VOICE_TRAFFIC,0.0,900,NRCell,Huawei
1696811400000,VAL002_01,VOLTE_CALL_SETUP_ATT,0.0,900,NRCell,Huawei
1696811400000,VAL002_01,VOLTE_CALL_SETUP_SUCC,0.0,900,NRCell,Huawei
