startTime,neId,counterCode,counterValue,granularity,neType,vendorName
1696735800000,BCN014_01,DCR_DEN,2023.0,900,NRCell,Huawei
1696735800000,BCN014_01,DCR_NUM,0.0,900,NRCell,Huawei
1696735800000,BCN014_01,DROP_CALL_VOLTE_DEN,5.0,900,NRCell,Huawei
1696735800000,BCN014_01,DROP_CALL_VOLTE_NUM,0.0,900,NRCell,Huawei
1696735800000,BCN014_01,ERAB_SR_DEN,2044.0,900,NRCell,Huawei
1696735800000,BCN014_01,ERAB_SR_NUM,2041.0,900,NRCell,Huawei
1696735800000,BCN014_01,INTEGRITY_NGBR_QCI_9,14954020384.0,900,NRCell,Huawei
1696735800000,BCN014_01,INTRA_FREQUENCY_HO_OUT_ATT,154.0,900,NRCell,Huawei
1696735800000,BCN014_01,INTRA_FREQUENCY_HO_OUT_SUCC,154.0,900,NRCell,Huawei
1696735800000,BCN014_01,RRC_SETUP_ATT,1218.0,900,NRCell,Huawei
1696735800000,BCN014_01,RRC_SETUP_SUCC,1218.0,900,NRCell,Huawei
1696735800000,BCN014_01,S1SIG_Connection_Setup_SR_DEN,1218.0,900,NRCell,Huawei
1696735800000,BCN014_01,S1SIG_Connection_Setup_SR_NUM,1218.0,900,NRCell,Huawei
1696735800000,BCN014_01,SERVICE_LATENCY_OVER_AIR_INTERFACE_DEN,354869.0,900,NRCell,Huawei
1696735800000,BCN014_01,SERVICE_LATENCY_OVER_AIR_INTERFACE_NUM,500828.0,900,NRCell,Huawei
1696735800000,BCN014_01,VOICE_TRAFFIC,11179.0,900,NRCell,Huawei
1696735800000,BCN014_01,VOLTE_CALL_SETUP_ATT,8.0,900,NRCell,Huawei
1696735800000,BCN014_01,VOLTE_CALL_SETUP_SUCC,8.0,900,NRCell,Huawei
1696735800000,BIL001_01,DCR_DEN,1875.0,900,NRCell,Huawei
1696735800000,BIL001_01,DCR_NUM,0.0,900,NRCell,Huawei
1696735800000,BIL001_01,DROP_CALL_VOLTE_DEN,7.0,900,NRCell,Huawei
1696735800000,BIL001_01,DROP_CALL_VOLTE_NUM,0.0,900,NRCell,Huawei
1696735800000,BIL001_01,ERAB_SR_DEN,1904.0,900,NRCell,Huawei
1696735800000,BIL001_01,ERAB_SR_NUM,1904.0,900,NRCell,Huawei
1696735800000,BIL001_01,INTEGRITY_NGBR_QCI_9,13229484400.0,900,NRCell,Huawei
1696735800000,BIL001_01,INTRA_FREQUENCY_HO_OUT_ATT,138.0,900,NRCell,Huawei
1696735800000,BIL001_01,INTRA_FREQUENCY_HO_OUT_SUCC,138.0,900,NRCell,Huawei
1696735800000,BIL001_01,RRC_SETUP_ATT,1182.0,900,NRCell,Huawei
1696735800000,BIL001_01,RRC_SETUP_SUCC,1176.0,900,NRCell,Huawei
1696735800000,BIL001_01,S1SIG_Connection_Setup_SR_DEN,1176.0,900,NRCell,Huawei
1696735800000,BIL001_01,S1SIG_Connection_Setup_SR_NUM,1176.0,900,NRCell,Huawei
1696735800000,BIL001_01,SERVICE_LATENCY_OVER_AIR_INTERFACE_DEN,291644.0,900,NRCell,Huawei
1696735800000,BIL001_01,SERVICE_LATENCY_OVER_AIR_INTERFACE_NUM,517630.0,900,NRCell,Huawei
1696735800000,BIL001_01,VOICE_TRAFFIC,4980.0,900,NRCell,Huawei
1696735800000,BIL001_01,VOLTE_CALL_SETUP_ATT,7.0,900,NRCell,Huawei
1696735800000,BIL001_01,VOLTE_CALL_SETUP_SUCC,7.0,900,NRCell,Huawei
1696735800000,MAD033_01,DCR_DEN,708.0,900,NRCell,Huawei
1696735800000,MAD033_01,DCR_NUM,0.0,900,NRCell,Huawei
1696735800000,MAD033_01,DROP_CALL_VOLTE_DEN,4.0,900,NRCell,Huawei
1696735800000,MAD033_01,DROP_CALL_VOLTE_NUM,0.0,900,NRCell,Huawei
1696735800000,MAD033_01,ERAB_SR_DEN,723.0,900,NRCell,Huawei
1696735800000,MAD033_01,ERAB_SR_NUM,723.0,900,NRCell,Huawei
1696735800000,MAD033_01,INTEGRITY_NGBR_QCI_9,1678844912.0,900,NRCell,Huawei
1696735800000,MAD033_01,INTRA_FREQUENCY_HO_OUT_ATT,70.0,900,NRCell,Huawei
1696735800000,MAD033_01,INTRA_FREQUENCY_HO_OUT_SUCC,70.0,900,NRCell,Huawei
1696735800000,MAD033_01,RRC_SETUP_ATT,430.0,900,NRCell,Huawei
1696735800000,MAD033_01,RRC_SETUP_SUCC,430.0,900,NRCell,Huawei
1696735800000,MAD033_01,S1SIG_Connection_Setup_SR_DEN,430.0,900,NRCell,Huawei
1696735800000,MAD033_01,S1SIG_Connection_Setup_SR_NUM,430.0,900,NRCell,Huawei
1696735800000,MAD033_01,SERVICE_LATENCY_OVER_AIR_INTERFACE_DEN,151903.0,900,NRCell,Huawei
1696735800000,MAD033_01,SERVICE_LATENCY_OVER_AIR_INTERFACE_NUM,182478.0,900,NRCell,Huawei
1696735800000,MAD033_01,VOICE_TRAFFIC,7484.0,900,NRCell,Huawei
1696735800000,MAD033_01,VOLTE_CALL_SETUP_ATT,2.0,900,NRCell,Huawei
1696735800000,MAD033_01,VOLTE_CALL_SETUP_SUCC,2.0,900,NRCell,Huawei
1696735800000,SAL030_01,DCR_DEN,168.0,900,NRCell,Huawei
1696735800000,SAL030_01,DCR_NUM,0.0,900,NRCell,Huawei
1696735800000,SAL030_01,DROP_CALL_VOLTE_DEN,1.0,900,NRCell,Huawei
1696735800000,SAL030_01,DROP_CALL_VOLTE_NUM,0.0,900,NRCell,Huawei
1696735800000,SAL030_01,ERAB_SR_DEN,179.0,900,NRCell,Huawei
1696735800000,SAL030_01,ERAB_SR_NUM,179.0,900,NRCell,Huawei
1696735800000,SAL030_01,INTEGRITY_NGBR_QCI_9,4397627432.0,900,NRCell,Huawei
1696735800000,SAL030_01,INTRA_FREQUENCY_HO_OUT_ATT,8.0,900,NRCell,Huawei
1696735800000,SAL030_01,INTRA_FREQUENCY_HO_OUT_SUCC,8.0,900,NRCell,Huawei
1696735800000,SAL030_01,RRC_SETUP_ATT,97.0,900,NRCell,Huawei
1696735800000,SAL030_01,RRC_SETUP_SUCC,97.0,900,NRCell,Huawei
1696735800000,SAL030_01,S1SIG_Connection_Setup_SR_DEN,97.0,900,NRCell,Huawei
1696735800000,SAL030_01,S1SIG_Connection_Setup_SR_NUM,97.0,900,NRCell,Huawei
1696735800000,SAL030_01,SERVICE_LATENCY_OVER_AIR_INTERFACE_DEN,47152.0,900,NRCell,Huawei
1696735800000,SAL030_01,SERVICE_LATENCY_OVER_AIR_INTERFACE_NUM,92559.0,900,NRCell,Huawei
1696735800000,SAL030_01,VOICE_TRAFFIC,917.0,900,NRCell,Huawei
1696735800000,SAL030_01,VOLTE_CALL_SETUP_ATT,2.0,900,NRCell,Huawei
1696735800000,SAL030_01,VOLTE_CALL_SETUP_SUCC,2.0,900,NRCell,Huawei
1696735800000,SEV001_01,DCR_DEN,2209.0,900,NRCell,Huawei
1696735800000,SEV001_01,DCR_NUM,2.0,900,NRCell,Huawei
1696735800000,SEV001_01,DROP_CALL_VOLTE_DEN,12.0,900,NRCell,Huawei
1696735800000,SEV001_01,DROP_CALL_VOLTE_NUM,0.0,900,NRCell,Huawei
1696735800000,SEV001_01,ERAB_SR_DEN,2212.0,900,NRCell,Huawei
1696735800000,SEV001_01,ERAB_SR_NUM,2210.0,900,NRCell,Huawei
1696735800000,SEV001_01,INTEGRITY_NGBR_QCI_9,12146589896.0,900,NRCell,Huawei
1696735800000,SEV001_01,INTRA_FREQUENCY_HO_OUT_ATT,73.0,900,NRCell,Huawei
1696735800000,SEV001_01,INTRA_FREQUENCY_HO_OUT_SUCC,72.0,900,NRCell,Huawei
1696735800000,SEV001_01,RRC_SETUP_ATT,1243.0,900,NRCell,Huawei
1696735800000,SEV001_01,RRC_SETUP_SUCC,1242.0,900,NRCell,Huawei
1696735800000,SEV001_01,S1SIG_Connection_Setup_SR_DEN,1242.0,900,NRCell,Huawei
1696735800000,SEV001_01,S1SIG_Connection_Setup_SR_NUM,1242.0,900,NRCell,Huawei
1696735800000,SEV001_01,SERVICE_LATENCY_OVER_AIR_INTERFACE_DEN,457032.0,900,NRCell,Huawei
1696735800000,SEV001_01,SERVICE_LATENCY_OVER_AIR_INTERFACE_NUM,2243886.0,900,NRCell,Huawei
1696735800000,SEV001_01,VOICE_TRAFFIC,31086.0,900,NRCell,Huawei
1696735800000,SEV001_01,VOLTE_CALL_SETUP_ATT,12.0,900,NRCell,Huawei
1696735800000,SEV001_01,VOLTE_CALL_SETUP_SUCC,12.0,900,NRCell,Huawei
1696735800000,SNT002_01,DCR_DEN,541.0,900,NRCell,Huawei
1696735800000,SNT002_01,DCR_NUM,0.0,900,NRCell,Huawei
1696735800000,SNT002_01,DROP_CALL_VOLTE_DEN,2.0,900,NRCell,Huawei
1696735800000,SNT002_01,DROP_CALL_VOLTE_NUM,0.0,900,NRCell,Huawei
1696735800000,SNT002_01,ERAB_SR_DEN,542.0,900,NRCell,Huawei
1696735800000,SNT002_01,ERAB_SR_NUM,542.0,900,NRCell,Huawei
1696735800000,SNT002_01,INTEGRITY_NGBR_QCI_9,2392127264.0,900,NRCell,Huawei
1696735800000,SNT002_01,INTRA_FREQUENCY_HO_OUT_ATT,37.0,900,NRCell,Huawei
1696735800000,SNT002_01,INTRA_FREQUENCY_HO_OUT_SUCC,37.0,900,NRCell,Huawei
1696735800000,SNT002_01,RRC_SETUP_ATT,321.0,900,NRCell,Huawei
1696735800000,SNT002_01,RRC_SETUP_SUCC,320.0,900,NRCell,Huawei
1696735800000,SNT002_01,S1SIG_Connection_Setup_SR_DEN,320.0,900,NRCell,Huawei
1696735800000,SNT002_01,S1SIG_Connection_Setup_SR_NUM,320.0,900,NRCell,Huawei
1696735800000,SNT002_01,SERVICE_LATENCY_OVER_AIR_INTERFACE_DEN,61467.0,900,NRCell,Huawei
1696735800000,SNT002_01,SERVICE_LATENCY_OVER_AIR_INTERFACE_NUM,77047.0,900,NRCell,Huawei
1696735800000,SNT002_01,VOICE_TRAFFIC,910.0,900,NRCell,Huawei
1696735800000,SNT002_01,VOLTE_CALL_SETUP_ATT,2.0,900,NRCell,Huawei
1696735800000,SNT002_01,VOLTE_CALL_SETUP_SUCC,2.0,900,NRCell,Huawei
1696735800000,TAR015_01,DCR_DEN,2938.0,900,NRCell,Huawei
1696735800000,TAR015_01,DCR_NUM,3.0,900,NRCell,Huawei
1696735800000,TAR015_01,DROP_CALL_VOLTE_DEN,17.0,900,NRCell,Huawei
1696735800000,TAR015_01,DROP_CALL_VOLTE_NUM,0.0,900,NRCell,Huawei
1696735800000,TAR015_01,ERAB_SR_DEN,2909.0,900,NRCell,Huawei
1696735800000,TAR015_01,ERAB_SR_NUM,2901.0,900,NRCell,Huawei
1696735800000,TAR015_01,INTEGRITY_NGBR_QCI_9,16804675088.0,900,NRCell,Huawei
1696735800000,TAR015_01,INTRA_FREQUENCY_HO_OUT_ATT,108.0,900,NRCell,Huawei
1696735800000,TAR015_01,INTRA_FREQUENCY_HO_OUT_SUCC,108.0,900,NRCell,Huawei
1696735800000,TAR015_01,RRC_SETUP_ATT,1618.0,900,NRCell,Huawei
1696735800000,TAR015_01,RRC_SETUP_SUCC,1614.0,900,NRCell,Huawei
1696735800000,TAR015_01,S1SIG_Connection_Setup_SR_DEN,1614.0,900,NRCell,Huawei
1696735800000,TAR015_01,S1SIG_Connection_Setup_SR_NUM,1614.0,900,NRCell,Huawei
1696735800000,TAR015_01,SERVICE_LATENCY_OVER_AIR_INTERFACE_DEN,598291.0,900,NRCell,Huawei
1696735800000,TAR015_01,SERVICE_LATENCY_OVER_AIR_INTERFACE_NUM,1753123.0,900,NRCell,Huawei
1696735800000,TAR015_01,VOICE_TRAFFIC,37915.0,900,NRCell,Huawei
1696735800000,TAR015_01,VOLTE_CALL_SETUP_ATT,19.0,900,NRCell,Huawei
1696735800000,TAR015_01,VOLTE_CALL_SETUP_SUCC,19.0,900,NRCell,Huawei
1696735800000,TOL034_01,DCR_DEN,62.0,900,NRCell,Huawei
1696735800000,TOL034_01,DCR_NUM,0.0,900,NRCell,Huawei
1696735800000,TOL034_01,DROP_CALL_VOLTE_DEN,0.0,900,NRCell,Huawei
1696735800000,TOL034_01,DROP_CALL_VOLTE_NUM,0.0,900,NRCell,Huawei
1696735800000,TOL034_01,ERAB_SR_DEN,59.0,900,NRCell,Huawei
1696735800000,TOL034_01,ERAB_SR_NUM,59.0,900,NRCell,Huawei
1696735800000,TOL034_01,INTEGRITY_NGBR_QCI_9,2798955336.0,900,NRCell,Huawei
1696735800000,TOL034_01,INTRA_FREQUENCY_HO_OUT_ATT,11.0,900,NRCell,Huawei
1696735800000,TOL034_01,INTRA_FREQUENCY_HO_OUT_SUCC,11.0,900,NRCell,Huawei
1696735800000,TOL034_01,RRC_SETUP_ATT,43.0,900,NRCell,Huawei
1696735800000,TOL034_01,RRC_SETUP_SUCC,43.0,900,NRCell,Huawei
1696735800000,TOL034_01,S1SIG_Connection_Setup_SR_DEN,43.0,900,NRCell,Huawei
1696735800000,TOL034_01,S1SIG_Connection_Setup_SR_NUM,43.0,900,NRCell,Huawei
1696735800000,TOL034_01,SERVICE_LATENCY_OVER_AIR_INTERFACE_DEN,30334.0,900,NRCell,Huawei
1696735800000,TOL034_01,SERVICE_LATENCY_OVER_AIR_INTERFACE_NUM,39857.0,900,NRCell,Huawei
1696735800000,TOL034_01,VOICE_TRAFFIC,2221.0,900,NRCell,Huawei
1696735800000,TOL034_01,VOLTE_CALL_SETUP_ATT,0.0,900,NRCell,Huawei
1696735800000,TOL034_01,VOLTE_CALL_SETUP_SUCC,0.0,900,NRCell,Huawei
1696735800000,VAL002_01,DCR_DEN,17.0,900,NRCell,Huawei
1696735800000,VAL002_01,DCR_NUM,0.0,900,NRCell,Huawei
1696735800000,VAL002_01,DROP_CALL_VOLTE_DEN,0.0,900,NRCell,Huawei
1696735800000,VAL002_01,DROP_CALL_VOLTE_NUM,0.0,900,NRCell,Huawei
1696735800000,VAL002_01,ERAB_SR_DEN,15.0,900,NRCell,Huawei
1696735800000,VAL002_01,ERAB_SR_NUM,15.0,900,NRCell,Huawei
1696735800000,VAL002_01,INTEGRITY_NGBR_QCI_9,2645792.0,900,NRCell,Huawei
1696735800000,VAL002_01,INTRA_FREQUENCY_HO_OUT_ATT,6.0,900,NRCell,Huawei
1696735800000,VAL002_01,INTRA_FREQUENCY_HO_OUT_SUCC,6.0,900,NRCell,Huawei
1696735800000,VAL002_01,RRC_SETUP_ATT,16.0,900,NRCell,Huawei
1696735800000,VAL002_01,RRC_SETUP_SUCC,16.0,900,NRCell,Huawei
1696735800000,VAL002_01,S1SIG_Connection_Setup_SR_DEN,16.0,900,NRCell,Huawei
1696735800000,VAL002_01,S1SIG_Connection_Setup_SR_NUM,16.0,900,NRCell,Huawei
1696735800000,VAL002_01,SERVICE_LATENCY_OVER_AIR_INTERFACE_DEN,1916.0,900,NRCell,Huawei
1696735800000,VAL002_01,SERVICE_LATENCY_OVER_AIR_INTERFACE_NUM,2206.0,900,NRCell,Huawei
1696735800000,VAL002_01,VOICE_TRAFFIC,1191.0,900,NRCell,Huawei
1696735800000,VAL002_01,VOLTE_CALL_SETUP_ATT,0.0,900,NRCell,Huawei
1696735800000,VAL002_01,VOLTE_CALL_SETUP_SUCC,0.0,900,NRCell,Huawei
