startTime,neId,counterCode,counterValue,granularity,neType,vendorName
1696851000000,BCN014_01,DCR_DEN,860.0,900,NRCell,Huawei
1696851000000,BCN014_01,DCR_NUM,0.0,900,NRCell,Huawei
1696851000000,BCN014_01,DROP_CALL_VOLTE_DEN,0.0,900,NRCell,Huawei
1696851000000,BCN014_01,DROP_CALL_VOLTE_NUM,0.0,900,NRCell,Huawei
1696851000000,BCN014_01,ERAB_SR_DEN,863.0,900,NRCell,Huawei
1696851000000,BCN014_01,ERAB_SR_NUM,863.0,900,NRCell,Huawei
1696851000000,BCN014_01,INTEGRITY_NGBR_QCI_9,1921837504.0,900,NRCell,Huawei
1696851000000,BCN014_01,INTRA_FREQUENCY_HO_OUT_ATT,19.0,900,NRCell,Huawei
1696851000000,BCN014_01,INTRA_FREQUENCY_HO_OUT_SUCC,19.0,900,NRCell,Huawei
1696851000000,BCN014_01,RRC_SETUP_ATT,577.0,900,NRCell,Huawei
1696851000000,BCN014_01,RRC_SETUP_SUCC,577.0,900,NRCell,Huawei
1696851000000,BCN014_01,S1SIG_Connection_Setup_SR_DEN,577.0,900,NRCell,Huawei
1696851000000,BCN014_01,S1SIG_Connection_Setup_SR_NUM,577.0,900,NRCell,Huawei
1696851000000,BCN014_01,SERVICE_LATENCY_OVER_AIR_INTERFACE_DEN,89082.0,900,NRCell,Huawei
1696851000000,BCN014_01,SERVICE_LATENCY_OVER_AIR_INTERFACE_NUM,105602.0,900,NRCell,Huawei
1696851000000,BCN014_01,VOICE_TRAFFIC,0.0,900,NRCell,Huawei
1696851000000,BCN014_01,VOLTE_CALL_SETUP_ATT,0.0,900,NRCell,Huawei
1696851000000,BCN014_01,VOLTE_CALL_SETUP_SUCC,0.0,900,NRCell,Huawei
1696851000000,BIL001_01,DCR_DEN,955.0,900,NRCell,Huawei
1696851000000,BIL001_01,DCR_NUM,0.0,900,NRCell,Huawei
1696851000000,BIL001_01,DROP_CALL_VOLTE_DEN,1.0,900,NRCell,Huawei
1696851000000,BIL001_01,DROP_CALL_VOLTE_NUM,0.0,900,NRCell,Huawei
1696851000000,BIL001_01,ERAB_SR_DEN,944.0,900,NRCell,Huawei
1696851000000,BIL001_01,ERAB_SR_NUM,944.0,900,NRCell,Huawei
1696851000000,BIL001_01,INTEGRITY_NGBR_QCI_9,1328899656.0,900,NRCell,Huawei
1696851000000,BIL001_01,INTRA_FREQUENCY_HO_OUT_ATT,21.0,900,NRCell,Huawei
1696851000000,BIL001_01,INTRA_FREQUENCY_HO_OUT_SUCC,21.0,900,NRCell,Huawei
1696851000000,BIL001_01,RRC_SETUP_ATT,626.0,900,NRCell,Huawei
1696851000000,BIL001_01,RRC_SETUP_SUCC,626.0,900,NRCell,Huawei
1696851000000,BIL001_01,S1SIG_Connection_Setup_SR_DEN,626.0,900,NRCell,Huawei
1696851000000,BIL001_01,S1SIG_Connection_Setup_SR_NUM,626.0,900,NRCell,Huawei
1696851000000,BIL001_01,SERVICE_LATENCY_OVER_AIR_INTERFACE_DEN,85271.0,900,NRCell,Huawei
1696851000000,BIL001_01,SERVICE_LATENCY_OVER_AIR_INTERFACE_NUM,149055.0,900,NRCell,Huawei
1696851000000,BIL001_01,VOICE_TRAFFIC,0.0,900,NRCell,Huawei
1696851000000,BIL001_01,VOLTE_CALL_SETUP_ATT,1.0,900,NRCell,Huawei
1696851000000,BIL001_01,VOLTE_CALL_SETUP_SUCC,1.0,900,NRCell,Huawei
1696851000000,MAD033_01,DCR_DEN,569.0,900,NRCell,Huawei
1696851000000,MAD033_01,DCR_NUM,0.0,900,NRCell,Huawei
1696851000000,MAD033_01,DROP_CALL_VOLTE_DEN,0.0,900,NRCell,Huawei
1696851000000,MAD033_01,DROP_CALL_VOLTE_NUM,0.0,900,NRCell,Huawei
1696851000000,MAD033_01,ERAB_SR_DEN,573.0,900,NRCell,Huawei
1696851000000,MAD033_01,ERAB_SR_NUM,573.0,900,NRCell,Huawei
1696851000000,MAD033_01,INTEGRITY_NGBR_QCI_9,968028520.0,900,NRCell,Huawei
1696851000000,MAD033_01,INTRA_FREQUENCY_HO_OUT_ATT,6.0,900,NRCell,Huawei
1696851000000,MAD033_01,INTRA_FREQUENCY_HO_OUT_SUCC,6.0,900,NRCell,Huawei
1696851000000,MAD033_01,RRC_SETUP_ATT,348.0,900,NRCell,Huawei
1696851000000,MAD033_01,RRC_SETUP_SUCC,348.0,900,NRCell,Huawei
1696851000000,MAD033_01,S1SIG_Connection_Setup_SR_DEN,348.0,900,NRCell,Huawei
1696851000000,MAD033_01,S1SIG_Connection_Setup_SR_NUM,348.0,900,NRCell,Huawei
1696851000000,MAD033_01,SERVICE_LATENCY_OVER_AIR_INTERFACE_DEN,14029.0,900,NRCell,Huawei
1696851000000,MAD033_01,SERVICE_LATENCY_OVER_AIR_INTERFACE_NUM,18620.0,900,NRCell,Huawei
1696851000000,MAD033_01,VOICE_TRAFFIC,23.0,900,NRCell,Huawei
1696851000000,MAD033_01,VOLTE_CALL_SETUP_ATT,1.0,900,NRCell,Huawei
1696851000000,MAD033_01,VOLTE_CALL_SETUP_SUCC,1.0,900,NRCell,Huawei
1696851000000,SAL030_01,DCR_DEN,106.0,900,NRCell,Huawei
1696851000000,SAL030_01,DCR_NUM,0.0,900,NRCell,Huawei
1696851000000,SAL030_01,DROP_CALL_VOLTE_DEN,0.0,900,NRCell,Huawei
1696851000000,SAL030_01,DROP_CALL_VOLTE_NUM,0.0,900,NRCell,Huawei
1696851000000,SAL030_01,ERAB_SR_DEN,95.0,900,NRCell,Huawei
1696851000000,SAL030_01,ERAB_SR_NUM,95.0,900,NRCell,Huawei
1696851000000,SAL030_01,INTEGRITY_NGBR_QCI_9,767277824.0,900,NRCell,Huawei
1696851000000,SAL030_01,INTRA_FREQUENCY_HO_OUT_ATT,1.0,900,NRCell,Huawei
1696851000000,SAL030_01,INTRA_FREQUENCY_HO_OUT_SUCC,1.0,900,NRCell,Huawei
1696851000000,SAL030_01,RRC_SETUP_ATT,69.0,900,NRCell,Huawei
1696851000000,SAL030_01,RRC_SETUP_SUCC,69.0,900,NRCell,Huawei
1696851000000,SAL030_01,S1SIG_Connection_Setup_SR_DEN,69.0,900,NRCell,Huawei
1696851000000,SAL030_01,S1SIG_Connection_Setup_SR_NUM,69.0,900,NRCell,Huawei
1696851000000,SAL030_01,SERVICE_LATENCY_OVER_AIR_INTERFACE_DEN,3615.0,900,NRCell,Huawei
1696851000000,SAL030_01,SERVICE_LATENCY_OVER_AIR_INTERFACE_NUM,8892.0,900,NRCell,Huawei
1696851000000,SAL030_01,VOICE_TRAFFIC,0.0,900,NRCell,Huawei
1696851000000,SAL030_01,VOLTE_CALL_SETUP_ATT,0.0,900,NRCell,Huawei
1696851000000,SAL030_01,VOLTE_CALL_SETUP_SUCC,0.0,900,NRCell,Huawei
1696851000000,SEV001_01,DCR_DEN,2098.0,900,NRCell,Huawei
1696851000000,SEV001_01,DCR_NUM,1.0,900,NRCell,Huawei
1696851000000,SEV001_01,DROP_CALL_VOLTE_DEN,1.0,900,NRCell,Huawei
1696851000000,SEV001_01,DROP_CALL_VOLTE_NUM,0.0,900,NRCell,Huawei
1696851000000,SEV001_01,ERAB_SR_DEN,2097.0,900,NRCell,Huawei
1696851000000,SEV001_01,ERAB_SR_NUM,2097.0,900,NRCell,Huawei
1696851000000,SEV001_01,INTEGRITY_NGBR_QCI_9,3445674648.0,900,NRCell,Huawei
1696851000000,SEV001_01,INTRA_FREQUENCY_HO_OUT_ATT,23.0,900,NRCell,Huawei
1696851000000,SEV001_01,INTRA_FREQUENCY_HO_OUT_SUCC,23.0,900,NRCell,Huawei
1696851000000,SEV001_01,RRC_SETUP_ATT,1224.0,900,NRCell,Huawei
1696851000000,SEV001_01,RRC_SETUP_SUCC,1224.0,900,NRCell,Huawei
1696851000000,SEV001_01,S1SIG_Connection_Setup_SR_DEN,1224.0,900,NRCell,Huawei
1696851000000,SEV001_01,S1SIG_Connection_Setup_SR_NUM,1224.0,900,NRCell,Huawei
1696851000000,SEV001_01,SERVICE_LATENCY_OVER_AIR_INTERFACE_DEN,63134.0,900,NRCell,Huawei
1696851000000,SEV001_01,SERVICE_LATENCY_OVER_AIR_INTERFACE_NUM,99108.0,900,NRCell,Huawei
1696851000000,SEV001_01,VOICE_TRAFFIC,101.0,900,NRCell,Huawei
1696851000000,SEV001_01,VOLTE_CALL_SETUP_ATT,1.0,900,NRCell,Huawei
1696851000000,SEV001_01,VOLTE_CALL_SETUP_SUCC,1.0,900,NRCell,Huawei
1696851000000,SNT002_01,DCR_DEN,582.0,900,NRCell,Huawei
1696851000000,SNT002_01,DCR_NUM,0.0,900,NRCell,Huawei
1696851000000,SNT002_01,DROP_CALL_VOLTE_DEN,1.0,900,NRCell,Huawei
1696851000000,SNT002_01,DROP_CALL_VOLTE_NUM,0.0,900,NRCell,Huawei
1696851000000,SNT002_01,ERAB_SR_DEN,578.0,900,NRCell,Huawei
1696851000000,SNT002_01,ERAB_SR_NUM,578.0,900,NRCell,Huawei
1696851000000,SNT002_01,INTEGRITY_NGBR_QCI_9,758602216.0,900,NRCell,Huawei
1696851000000,SNT002_01,INTRA_FREQUENCY_HO_OUT_ATT,16.0,900,NRCell,Huawei
1696851000000,SNT002_01,INTRA_FREQUENCY_HO_OUT_SUCC,16.0,900,NRCell,Huawei
1696851000000,SNT002_01,RRC_SETUP_ATT,365.0,900,NRCell,Huawei
1696851000000,SNT002_01,RRC_SETUP_SUCC,365.0,900,NRCell,Huawei
1696851000000,SNT002_01,S1SIG_Connection_Setup_SR_DEN,365.0,900,NRCell,Huawei
1696851000000,SNT002_01,S1SIG_Connection_Setup_SR_NUM,365.0,900,NRCell,Huawei
1696851000000,SNT002_01,SERVICE_LATENCY_OVER_AIR_INTERFACE_DEN,13944.0,900,NRCell,Huawei
1696851000000,SNT002_01,SERVICE_LATENCY_OVER_AIR_INTERFACE_NUM,16801.0,900,NRCell,Huawei
1696851000000,SNT002_01,VOICE_TRAFFIC,453.0,900,NRCell,Huawei
1696851000000,SNT002_01,VOLTE_CALL_SETUP_ATT,2.0,900,NRCell,Huawei
1696851000000,SNT002_01,VOLTE_CALL_SETUP_SUCC,2.0,900,NRCell,Huawei
1696851000000,TAR015_01,DCR_DEN,2338.0,900,NRCell,Huawei
1696851000000,TAR015_01,DCR_NUM,0.0,900,NRCell,Huawei
1696851000000,TAR015_01,DROP_CALL_VOLTE_DEN,1.0,900,NRCell,Huawei
1696851000000,TAR015_01,DROP_CALL_VOLTE_NUM,0.0,900,NRCell,Huawei
1696851000000,TAR015_01,ERAB_SR_DEN,2303.0,900,NRCell,Huawei
1696851000000,TAR015_01,ERAB_SR_NUM,2303.0,900,NRCell,Huawei
1696851000000,TAR015_01,INTEGRITY_NGBR_QCI_9,9551220152.0,900,NRCell,Huawei
1696851000000,TAR015_01,INTRA_FREQUENCY_HO_OUT_ATT,35.0,900,NRCell,Huawei
1696851000000,TAR015_01,INTRA_FREQUENCY_HO_OUT_SUCC,35.0,900,NRCell,Huawei
1696851000000,TAR015_01,RRC_SETUP_ATT,1376.0,900,NRCell,Huawei
1696851000000,TAR015_01,RRC_SETUP_SUCC,1376.0,900,NRCell,Huawei
1696851000000,TAR015_01,S1SIG_Connection_Setup_SR_DEN,1376.0,900,NRCell,Huawei
1696851000000,TAR015_01,S1SIG_Connection_Setup_SR_NUM,1376.0,900,NRCell,Huawei
1696851000000,TAR015_01,SERVICE_LATENCY_OVER_AIR_INTERFACE_DEN,157845.0,900,NRCell,Huawei
1696851000000,TAR015_01,SERVICE_LATENCY_OVER_AIR_INTERFACE_NUM,219307.0,900,NRCell,Huawei
1696851000000,TAR015_01,VOICE_TRAFFIC,516.0,900,NRCell,Huawei
1696851000000,TAR015_01,VOLTE_CALL_SETUP_ATT,2.0,900,NRCell,Huawei
1696851000000,TAR015_01,VOLTE_CALL_SETUP_SUCC,2.0,900,NRCell,Huawei
1696851000000,TOL034_01,DCR_DEN,5.0,900,NRCell,Huawei
1696851000000,TOL034_01,DCR_NUM,0.0,900,NRCell,Huawei
1696851000000,TOL034_01,DROP_CALL_VOLTE_DEN,0.0,900,NRCell,Huawei
1696851000000,TOL034_01,DROP_CALL_VOLTE_NUM,0.0,900,NRCell,Huawei
1696851000000,TOL034_01,ERAB_SR_DEN,8.0,900,NRCell,Huawei
1696851000000,TOL034_01,ERAB_SR_NUM,8.0,900,NRCell,Huawei
1696851000000,TOL034_01,INTEGRITY_NGBR_QCI_9,116356384.0,900,NRCell,Huawei
1696851000000,TOL034_01,INTRA_FREQUENCY_HO_OUT_ATT,7.0,900,NRCell,Huawei
1696851000000,TOL034_01,INTRA_FREQUENCY_HO_OUT_SUCC,7.0,900,NRCell,Huawei
1696851000000,TOL034_01,RRC_SETUP_ATT,11.0,900,NRCell,Huawei
1696851000000,TOL034_01,RRC_SETUP_SUCC,11.0,900,NRCell,Huawei
1696851000000,TOL034_01,S1SIG_Connection_Setup_SR_DEN,11.0,900,NRCell,Huawei
1696851000000,TOL034_01,S1SIG_Connection_Setup_SR_NUM,11.0,900,NRCell,Huawei
1696851000000,TOL034_01,SERVICE_LATENCY_OVER_AIR_INTERFACE_DEN,847.0,900,NRCell,Huawei
1696851000000,TOL034_01,SERVICE_LATENCY_OVER_AIR_INTERFACE_NUM,928.0,900,NRCell,Huawei
1696851000000,TOL034_01,VOICE_TRAFFIC,0.0,900,NRCell,Huawei
1696851000000,TOL034_01,VOLTE_CALL_SETUP_ATT,0.0,900,NRCell,Huawei
1696851000000,TOL034_01,VOLTE_CALL_SETUP_SUCC,0.0,900,NRCell,Huawei
1696851000000,VAL002_01,DCR_DEN,7.0,900,NRCell,Huawei
1696851000000,VAL002_01,DCR_NUM,0.0,900,NRCell,Huawei
1696851000000,VAL002_01,DROP_CALL_VOLTE_DEN,0.0,900,NRCell,Huawei
1696851000000,VAL002_01,DROP_CALL_VOLTE_NUM,0.0,900,NRCell,Huawei
1696851000000,VAL002_01,ERAB_SR_DEN,7.0,900,NRCell,Huawei
1696851000000,VAL002_01,ERAB_SR_NUM,7.0,900,NRCell,Huawei
1696851000000,VAL002_01,INTEGRITY_NGBR_QCI_9,16693880.0,900,NRCell,Huawei
1696851000000,VAL002_01,INTRA_FREQUENCY_HO_OUT_ATT,1.0,900,NRCell,Huawei
1696851000000,VAL002_01,INTRA_FREQUENCY_HO_OUT_SUCC,1.0,900,NRCell,Huawei
1696851000000,VAL002_01,RRC_SETUP_ATT,5.0,900,NRCell,Huawei
1696851000000,VAL002_01,RRC_SETUP_SUCC,5.0,900,NRCell,Huawei
1696851000000,VAL002_01,S1SIG_Connection_Setup_SR_DEN,5.0,900,NRCell,Huawei
1696851000000,VAL002_01,S1SIG_Connection_Setup_SR_NUM,5.0,900,NRCell,Huawei
1696851000000,VAL002_01,SERVICE_LATENCY_OVER_AIR_INTERFACE_DEN,244.0,900,NRCell,Huawei
1696851000000,VAL002_01,SERVICE_LATENCY_OVER_AIR_INTERFACE_NUM,247.0,900,NRCell,Huawei
1696851000000,VAL002_01,VOICE_TRAFFIC,0.0,900,NRCell,Huawei
1696851000000,VAL002_01,VOLTE_CALL_SETUP_ATT,0.0,900,NRCell,Huawei
1696851000000,VAL002_01,VOLTE_CALL_SETUP_SUCC,0.0,900,NRCell,Huawei
