startTime,neId,counterCode,counterValue,granularity,neType,vendorName
1696567500000,BCN014_01,DCR_DEN,1316.0,900,NRCell,Huawei
1696567500000,BCN014_01,DCR_NUM,2.0,900,NRCell,Huawei
1696567500000,BCN014_01,DROP_CALL_VOLTE_DEN,7.0,900,NRCell,Huawei
1696567500000,BCN014_01,DROP_CALL_VOLTE_NUM,0.0,900,NRCell,Huawei
1696567500000,BCN014_01,ERAB_SR_DEN,1307.0,900,NRCell,Huawei
1696567500000,BCN014_01,ERAB_SR_NUM,1307.0,900,NRCell,Huawei
1696567500000,BCN014_01,INTEGRITY_NGBR_QCI_9,11684205984.0,900,NRCell,Huawei
1696567500000,BCN014_01,INTRA_FREQUENCY_HO_OUT_ATT,84.0,900,NRCell,Huawei
1696567500000,BCN014_01,INTRA_FREQUENCY_HO_OUT_SUCC,84.0,900,NRCell,Huawei
1696567500000,BCN014_01,RRC_SETUP_ATT,749.0,900,NRCell,Huawei
1696567500000,BCN014_01,RRC_SETUP_SUCC,746.0,900,NRCell,Huawei
1696567500000,BCN014_01,S1SIG_Connection_Setup_SR_DEN,746.0,900,NRCell,Huawei
1696567500000,BCN014_01,S1SIG_Connection_Setup_SR_NUM,746.0,900,NRCell,Huawei
1696567500000,BCN014_01,SERVICE_LATENCY_OVER_AIR_INTERFACE_DEN,412953.0,900,NRCell,Huawei
1696567500000,BCN014_01,SERVICE_LATENCY_OVER_AIR_INTERFACE_NUM,585977.0,900,NRCell,Huawei
1696567500000,BCN014_01,VOICE_TRAFFIC,19781.0,900,NRCell,Huawei
1696567500000,BCN014_01,VOLTE_CALL_SETUP_ATT,5.0,900,NRCell,Huawei
1696567500000,BCN014_01,VOLTE_CALL_SETUP_SUCC,5.0,900,NRCell,Huawei
1696567500000,BIL001_01,DCR_DEN,1322.0,900,NRCell,Huawei
1696567500000,BIL001_01,DCR_NUM,1.0,900,NRCell,Huawei
1696567500000,BIL001_01,DROP_CALL_VOLTE_DEN,3.0,900,NRCell,Huawei
1696567500000,BIL001_01,DROP_CALL_VOLTE_NUM,0.0,900,NRCell,Huawei
1696567500000,BIL001_01,ERAB_SR_DEN,1351.0,900,NRCell,Huawei
1696567500000,BIL001_01,ERAB_SR_NUM,1350.0,900,NRCell,Huawei
1696567500000,BIL001_01,INTEGRITY_NGBR_QCI_9,9407411600.0,900,NRCell,Huawei
1696567500000,BIL001_01,INTRA_FREQUENCY_HO_OUT_ATT,65.0,900,NRCell,Huawei
1696567500000,BIL001_01,INTRA_FREQUENCY_HO_OUT_SUCC,65.0,900,NRCell,Huawei
1696567500000,BIL001_01,RRC_SETUP_ATT,781.0,900,NRCell,Huawei
1696567500000,BIL001_01,RRC_SETUP_SUCC,780.0,900,NRCell,Huawei
1696567500000,BIL001_01,S1SIG_Connection_Setup_SR_DEN,780.0,900,NRCell,Huawei
1696567500000,BIL001_01,S1SIG_Connection_Setup_SR_NUM,780.0,900,NRCell,Huawei
1696567500000,BIL001_01,SERVICE_LATENCY_OVER_AIR_INTERFACE_DEN,289939.0,900,NRCell,Huawei
1696567500000,BIL001_01,SERVICE_LATENCY_OVER_AIR_INTERFACE_NUM,361251.0,900,NRCell,Huawei
1696567500000,BIL001_01,VOICE_TRAFFIC,12522.0,900,NRCell,Huawei
1696567500000,BIL001_01,VOLTE_CALL_SETUP_ATT,3.0,900,NRCell,Huawei
1696567500000,BIL001_01,VOLTE_CALL_SETUP_SUCC,2.0,900,NRCell,Huawei
1696567500000,MAD033_01,DCR_DEN,713.0,900,NRCell,Huawei
1696567500000,MAD033_01,DCR_NUM,0.0,900,NRCell,Huawei
1696567500000,MAD033_01,DROP_CALL_VOLTE_DEN,3.0,900,NRCell,Huawei
1696567500000,MAD033_01,DROP_CALL_VOLTE_NUM,0.0,900,NRCell,Huawei
1696567500000,MAD033_01,ERAB_SR_DEN,687.0,900,NRCell,Huawei
1696567500000,MAD033_01,ERAB_SR_NUM,687.0,900,NRCell,Huawei
1696567500000,MAD033_01,INTEGRITY_NGBR_QCI_9,6521020544.0,900,NRCell,Huawei
1696567500000,MAD033_01,INTRA_FREQUENCY_HO_OUT_ATT,36.0,900,NRCell,Huawei
1696567500000,MAD033_01,INTRA_FREQUENCY_HO_OUT_SUCC,36.0,900,NRCell,Huawei
1696567500000,MAD033_01,RRC_SETUP_ATT,427.0,900,NRCell,Huawei
1696567500000,MAD033_01,RRC_SETUP_SUCC,426.0,900,NRCell,Huawei
1696567500000,MAD033_01,S1SIG_Connection_Setup_SR_DEN,426.0,900,NRCell,Huawei
1696567500000,MAD033_01,S1SIG_Connection_Setup_SR_NUM,426.0,900,NRCell,Huawei
1696567500000,MAD033_01,SERVICE_LATENCY_OVER_AIR_INTERFACE_DEN,202925.0,900,NRCell,Huawei
1696567500000,MAD033_01,SERVICE_LATENCY_OVER_AIR_INTERFACE_NUM,292768.0,900,NRCell,Huawei
1696567500000,MAD033_01,VOICE_TRAFFIC,13990.0,900,NRCell,Huawei
1696567500000,MAD033_01,VOLTE_CALL_SETUP_ATT,3.0,900,NRCell,Huawei
1696567500000,MAD033_01,VOLTE_CALL_SETUP_SUCC,3.0,900,NRCell,Huawei
1696567500000,SAL030_01,DCR_DEN,101.0,900,NRCell,Huawei
1696567500000,SAL030_01,DCR_NUM,0.0,900,NRCell,Huawei
1696567500000,SAL030_01,DROP_CALL_VOLTE_DEN,0.0,900,NRCell,Huawei
1696567500000,SAL030_01,DROP_CALL_VOLTE_NUM,0.0,900,NRCell,Huawei
1696567500000,SAL030_01,ERAB_SR_DEN,94.0,900,NRCell,Huawei
1696567500000,SAL030_01,ERAB_SR_NUM,94.0,900,NRCell,Huawei
1696567500000,SAL030_01,INTEGRITY_NGBR_QCI_9,3571689472.0,900,NRCell,Huawei
1696567500000,SAL030_01,INTRA_FREQUENCY_HO_OUT_ATT,2.0,900,NRCell,Huawei
1696567500000,SAL030_01,INTRA_FREQUENCY_HO_OUT_SUCC,2.0,900,NRCell,Huawei
1696567500000,SAL030_01,RRC_SETUP_ATT,61.0,900,NRCell,Huawei
1696567500000,SAL030_01,RRC_SETUP_SUCC,61.0,900,NRCell,Huawei
1696567500000,SAL030_01,S1SIG_Connection_Setup_SR_DEN,61.0,900,NRCell,Huawei
1696567500000,SAL030_01,S1SIG_Connection_Setup_SR_NUM,61.0,900,NRCell,Huawei
1696567500000,SAL030_01,SERVICE_LATENCY_OVER_AIR_INTERFACE_DEN,17632.0,900,NRCell,Huawei
1696567500000,SAL030_01,SERVICE_LATENCY_OVER_AIR_INTERFACE_NUM,41861.0,900,NRCell,Huawei
1696567500000,SAL030_01,VOICE_TRAFFIC,0.0,900,NRCell,Huawei
1696567500000,SAL030_01,VOLTE_CALL_SETUP_ATT,0.0,900,NRCell,Huawei
1696567500000,SAL030_01,VOLTE_CALL_SETUP_SUCC,0.0,900,NRCell,Huawei
1696567500000,SEV001_01,DCR_DEN,2355.0,900,NRCell,Huawei
1696567500000,SEV001_01,DCR_NUM,2.0,900,NRCell,Huawei
1696567500000,SEV001_01,DROP_CALL_VOLTE_DEN,5.0,900,NRCell,Huawei
1696567500000,SEV001_01,DROP_CALL_VOLTE_NUM,0.0,900,NRCell,Huawei
1696567500000,SEV001_01,ERAB_SR_DEN,2354.0,900,NRCell,Huawei
1696567500000,SEV001_01,ERAB_SR_NUM,2353.0,900,NRCell,Huawei
1696567500000,SEV001_01,INTEGRITY_NGBR_QCI_9,13031776160.0,900,NRCell,Huawei
1696567500000,SEV001_01,INTRA_FREQUENCY_HO_OUT_ATT,41.0,900,NRCell,Huawei
1696567500000,SEV001_01,INTRA_FREQUENCY_HO_OUT_SUCC,41.0,900,NRCell,Huawei
1696567500000,SEV001_01,RRC_SETUP_ATT,1325.0,900,NRCell,Huawei
1696567500000,SEV001_01,RRC_SETUP_SUCC,1323.0,900,NRCell,Huawei
1696567500000,SEV001_01,S1SIG_Connection_Setup_SR_DEN,1323.0,900,NRCell,Huawei
1696567500000,SEV001_01,S1SIG_Connection_Setup_SR_NUM,1323.0,900,NRCell,Huawei
1696567500000,SEV001_01,SERVICE_LATENCY_OVER_AIR_INTERFACE_DEN,341643.0,900,NRCell,Huawei
1696567500000,SEV001_01,SERVICE_LATENCY_OVER_AIR_INTERFACE_NUM,887104.0,900,NRCell,Huawei
1696567500000,SEV001_01,VOICE_TRAFFIC,8086.0,900,NRCell,Huawei
1696567500000,SEV001_01,VOLTE_CALL_SETUP_ATT,7.0,900,NRCell,Huawei
1696567500000,SEV001_01,VOLTE_CALL_SETUP_SUCC,7.0,900,NRCell,Huawei
1696567500000,SNT002_01,DCR_DEN,810.0,900,NRCell,Huawei
1696567500000,SNT002_01,DCR_NUM,1.0,900,NRCell,Huawei
1696567500000,SNT002_01,DROP_CALL_VOLTE_DEN,2.0,900,NRCell,Huawei
1696567500000,SNT002_01,DROP_CALL_VOLTE_NUM,0.0,900,NRCell,Huawei
1696567500000,SNT002_01,ERAB_SR_DEN,796.0,900,NRCell,Huawei
1696567500000,SNT002_01,ERAB_SR_NUM,796.0,900,NRCell,Huawei
1696567500000,SNT002_01,INTEGRITY_NGBR_QCI_9,5863292728.0,900,NRCell,Huawei
1696567500000,SNT002_01,INTRA_FREQUENCY_HO_OUT_ATT,24.0,900,NRCell,Huawei
1696567500000,SNT002_01,INTRA_FREQUENCY_HO_OUT_SUCC,24.0,900,NRCell,Huawei
1696567500000,SNT002_01,RRC_SETUP_ATT,517.0,900,NRCell,Huawei
1696567500000,SNT002_01,RRC_SETUP_SUCC,517.0,900,NRCell,Huawei
1696567500000,SNT002_01,S1SIG_Connection_Setup_SR_DEN,517.0,900,NRCell,Huawei
1696567500000,SNT002_01,S1SIG_Connection_Setup_SR_NUM,517.0,900,NRCell,Huawei
1696567500000,SNT002_01,SERVICE_LATENCY_OVER_AIR_INTERFACE_DEN,225442.0,900,NRCell,Huawei
1696567500000,SNT002_01,SERVICE_LATENCY_OVER_AIR_INTERFACE_NUM,252891.0,900,NRCell,Huawei
1696567500000,SNT002_01,VOICE_TRAFFIC,19444.0,900,NRCell,Huawei
1696567500000,SNT002_01,VOLTE_CALL_SETUP_ATT,3.0,900,NRCell,Huawei
1696567500000,SNT002_01,VOLTE_CALL_SETUP_SUCC,3.0,900,NRCell,Huawei
1696567500000,TAR015_01,DCR_DEN,2827.0,900,NRCell,Huawei
1696567500000,TAR015_01,DCR_NUM,5.0,900,NRCell,Huawei
1696567500000,TAR015_01,DROP_CALL_VOLTE_DEN,8.0,900,NRCell,Huawei
1696567500000,TAR015_01,DROP_CALL_VOLTE_NUM,1.0,900,NRCell,Huawei
1696567500000,TAR015_01,ERAB_SR_DEN,2794.0,900,NRCell,Huawei
1696567500000,TAR015_01,ERAB_SR_NUM,2793.0,900,NRCell,Huawei
1696567500000,TAR015_01,INTEGRITY_NGBR_QCI_9,16262821400.0,900,NRCell,Huawei
1696567500000,TAR015_01,INTRA_FREQUENCY_HO_OUT_ATT,76.0,900,NRCell,Huawei
1696567500000,TAR015_01,INTRA_FREQUENCY_HO_OUT_SUCC,76.0,900,NRCell,Huawei
1696567500000,TAR015_01,RRC_SETUP_ATT,1600.0,900,NRCell,Huawei
1696567500000,TAR015_01,RRC_SETUP_SUCC,1600.0,900,NRCell,Huawei
1696567500000,TAR015_01,S1SIG_Connection_Setup_SR_DEN,1600.0,900,NRCell,Huawei
1696567500000,TAR015_01,S1SIG_Connection_Setup_SR_NUM,1600.0,900,NRCell,Huawei
1696567500000,TAR015_01,SERVICE_LATENCY_OVER_AIR_INTERFACE_DEN,552386.0,900,NRCell,Huawei
1696567500000,TAR015_01,SERVICE_LATENCY_OVER_AIR_INTERFACE_NUM,1088759.0,900,NRCell,Huawei
1696567500000,TAR015_01,VOICE_TRAFFIC,47835.0,900,NRCell,Huawei
1696567500000,TAR015_01,VOLTE_CALL_SETUP_ATT,7.0,900,NRCell,Huawei
1696567500000,TAR015_01,VOLTE_CALL_SETUP_SUCC,7.0,900,NRCell,Huawei
1696567500000,TOL034_01,DCR_DEN,174.0,900,NRCell,Huawei
1696567500000,TOL034_01,DCR_NUM,0.0,900,NRCell,Huawei
1696567500000,TOL034_01,DROP_CALL_VOLTE_DEN,0.0,900,NRCell,Huawei
1696567500000,TOL034_01,DROP_CALL_VOLTE_NUM,0.0,900,NRCell,Huawei
1696567500000,TOL034_01,ERAB_SR_DEN,167.0,900,NRCell,Huawei
1696567500000,TOL034_01,ERAB_SR_NUM,167.0,900,NRCell,Huawei
1696567500000,TOL034_01,INTEGRITY_NGBR_QCI_9,4246666344.0,900,NRCell,Huawei
1696567500000,TOL034_01,INTRA_FREQUENCY_HO_OUT_ATT,3.0,900,NRCell,Huawei
1696567500000,TOL034_01,INTRA_FREQUENCY_HO_OUT_SUCC,3.0,900,NRCell,Huawei
1696567500000,TOL034_01,RRC_SETUP_ATT,91.0,900,NRCell,Huawei
1696567500000,TOL034_01,RRC_SETUP_SUCC,91.0,900,NRCell,Huawei
1696567500000,TOL034_01,S1SIG_Connection_Setup_SR_DEN,91.0,900,NRCell,Huawei
1696567500000,TOL034_01,S1SIG_Connection_Setup_SR_NUM,91.0,900,NRCell,Huawei
1696567500000,TOL034_01,SERVICE_LATENCY_OVER_AIR_INTERFACE_DEN,86310.0,900,NRCell,Huawei
1696567500000,TOL034_01,SERVICE_LATENCY_OVER_AIR_INTERFACE_NUM,112294.0,900,NRCell,Huawei
1696567500000,TOL034_01,VOICE_TRAFFIC,0.0,900,NRCell,Huawei
1696567500000,TOL034_01,VOLTE_CALL_SETUP_ATT,0.0,900,NRCell,Huawei
1696567500000,TOL034_01,VOLTE_CALL_SETUP_SUCC,0.0,900,NRCell,Huawei
1696567500000,VAL002_01,DCR_DEN,18.0,900,NRCell,Huawei
1696567500000,VAL002_01,DCR_NUM,0.0,900,NRCell,Huawei
1696567500000,VAL002_01,DROP_CALL_VOLTE_DEN,0.0,900,NRCell,Huawei
1696567500000,VAL002_01,DROP_CALL_VOLTE_NUM,0.0,900,NRCell,Huawei
1696567500000,VAL002_01,ERAB_SR_DEN,18.0,900,NRCell,Huawei
1696567500000,VAL002_01,ERAB_SR_NUM,18.0,900,NRCell,Huawei
1696567500000,VAL002_01,INTEGRITY_NGBR_QCI_9,938553840.0,900,NRCell,Huawei
1696567500000,VAL002_01,INTRA_FREQUENCY_HO_OUT_ATT,2.0,900,NRCell,Huawei
1696567500000,VAL002_01,INTRA_FREQUENCY_HO_OUT_SUCC,2.0,900,NRCell,Huawei
1696567500000,VAL002_01,RRC_SETUP_ATT,16.0,900,NRCell,Huawei
1696567500000,VAL002_01,RRC_SETUP_SUCC,16.0,900,NRCell,Huawei
1696567500000,VAL002_01,S1SIG_Connection_Setup_SR_DEN,16.0,900,NRCell,Huawei
1696567500000,VAL002_01,S1SIG_Connection_Setup_SR_NUM,16.0,900,NRCell,Huawei
1696567500000,VAL002_01,SERVICE_LATENCY_OVER_AIR_INTERFACE_DEN,45993.0,900,NRCell,Huawei
1696567500000,VAL002_01,SERVICE_LATENCY_OVER_AIR_INTERFACE_NUM,51659.0,900,NRCell,Huawei
1696567500000,VAL002_01,VOICE_TRAFFIC,0.0,900,NRCell,Huawei
1696567500000,VAL002_01,VOLTE_CALL_SETUP_ATT,0.0,900,NRCell,Huawei
1696567500000,VAL002_01,VOLTE_CALL_SETUP_SUCC,0.0,900,NRCell,Huawei
