startTime,neId,counterCode,counterValue,granularity,neType,vendorName
1696895100000,BCN014_01,DCR_DEN,3510.0,900,NRCell,Huawei
1696895100000,BCN014_01,DCR_NUM,4.0,900,NRCell,Huawei
1696895100000,BCN014_01,DROP_CALL_VOLTE_DEN,47.0,900,NRCell,Huawei
1696895100000,BCN014_01,DROP_CALL_VOLTE_NUM,0.0,900,NRCell,Huawei
1696895100000,BCN014_01,ERAB_SR_DEN,3511.0,900,NRCell,Huawei
1696895100000,BCN014_01,ERAB_SR_NUM,3510.0,900,NRCell,Huawei
1696895100000,BCN014_01,INTEGRITY_NGBR_QCI_9,10660608248.0,900,NRCell,Huawei
1696895100000,BCN014_01,INTRA_FREQUENCY_HO_OUT_ATT,223.0,900,NRCell,Huawei
1696895100000,BCN014_01,INTRA_FREQUENCY_HO_OUT_SUCC,223.0,900,NRCell,Huawei
1696895100000,BCN014_01,RRC_SETUP_ATT,2029.0,900,NRCell,Huawei
1696895100000,BCN014_01,RRC_SETUP_SUCC,2026.0,900,NRCell,Huawei
1696895100000,BCN014_01,S1SIG_Connection_Setup_SR_DEN,2026.0,900,NRCell,Huawei
1696895100000,BCN014_01,S1SIG_Connection_Setup_SR_NUM,2026.0,900,NRCell,Huawei
1696895100000,BCN014_01,SERVICE_LATENCY_OVER_AIR_INTERFACE_DEN,412612.0,900,NRCell,Huawei
1696895100000,BCN014_01,SERVICE_LATENCY_OVER_AIR_INTERFACE_NUM,802261.0,900,NRCell,Huawei
1696895100000,BCN014_01,VOICE_TRAFFIC,43562.0,900,NRCell,Huawei
1696895100000,BCN014_01,VOLTE_CALL_SETUP_ATT,42.0,900,NRCell,Huawei
1696895100000,BCN014_01,VOLTE_CALL_SETUP_SUCC,42.0,900,NRCell,Huawei
1696895100000,BIL001_01,DCR_DEN,3191.0,900,NRCell,Huawei
1696895100000,BIL001_01,DCR_NUM,12.0,900,NRCell,Huawei
1696895100000,BIL001_01,DROP_CALL_VOLTE_DEN,25.0,900,NRCell,Huawei
1696895100000,BIL001_01,DROP_CALL_VOLTE_NUM,1.0,900,NRCell,Huawei
1696895100000,BIL001_01,ERAB_SR_DEN,3183.0,900,NRCell,Huawei
1696895100000,BIL001_01,ERAB_SR_NUM,3177.0,900,NRCell,Huawei
1696895100000,BIL001_01,INTEGRITY_NGBR_QCI_9,13223069896.0,900,NRCell,Huawei
1696895100000,BIL001_01,INTRA_FREQUENCY_HO_OUT_ATT,182.0,900,NRCell,Huawei
1696895100000,BIL001_01,INTRA_FREQUENCY_HO_OUT_SUCC,182.0,900,NRCell,Huawei
1696895100000,BIL001_01,RRC_SETUP_ATT,1893.0,900,NRCell,Huawei
1696895100000,BIL001_01,RRC_SETUP_SUCC,1869.0,900,NRCell,Huawei
1696895100000,BIL001_01,S1SIG_Connection_Setup_SR_DEN,1869.0,900,NRCell,Huawei
1696895100000,BIL001_01,S1SIG_Connection_Setup_SR_NUM,1869.0,900,NRCell,Huawei
1696895100000,BIL001_01,SERVICE_LATENCY_OVER_AIR_INTERFACE_DEN,394192.0,900,NRCell,Huawei
1696895100000,BIL001_01,SERVICE_LATENCY_OVER_AIR_INTERFACE_NUM,710612.0,900,NRCell,Huawei
1696895100000,BIL001_01,VOICE_TRAFFIC,18267.0,900,NRCell,Huawei
1696895100000,BIL001_01,VOLTE_CALL_SETUP_ATT,24.0,900,NRCell,Huawei
1696895100000,BIL001_01,VOLTE_CALL_SETUP_SUCC,24.0,900,NRCell,Huawei
1696895100000,MAD033_01,DCR_DEN,1533.0,900,NRCell,Huawei
1696895100000,MAD033_01,DCR_NUM,0.0,900,NRCell,Huawei
1696895100000,MAD033_01,DROP_CALL_VOLTE_DEN,17.0,900,NRCell,Huawei
1696895100000,MAD033_01,DROP_CALL_VOLTE_NUM,0.0,900,NRCell,Huawei
1696895100000,MAD033_01,ERAB_SR_DEN,1535.0,900,NRCell,Huawei
1696895100000,MAD033_01,ERAB_SR_NUM,1535.0,900,NRCell,Huawei
1696895100000,MAD033_01,INTEGRITY_NGBR_QCI_9,3203114040.0,900,NRCell,Huawei
1696895100000,MAD033_01,INTRA_FREQUENCY_HO_OUT_ATT,124.0,900,NRCell,Huawei
1696895100000,MAD033_01,INTRA_FREQUENCY_HO_OUT_SUCC,124.0,900,NRCell,Huawei
1696895100000,MAD033_01,RRC_SETUP_ATT,869.0,900,NRCell,Huawei
1696895100000,MAD033_01,RRC_SETUP_SUCC,869.0,900,NRCell,Huawei
1696895100000,MAD033_01,S1SIG_Connection_Setup_SR_DEN,869.0,900,NRCell,Huawei
1696895100000,MAD033_01,S1SIG_Connection_Setup_SR_NUM,869.0,900,NRCell,Huawei
1696895100000,MAD033_01,SERVICE_LATENCY_OVER_AIR_INTERFACE_DEN,143804.0,900,NRCell,Huawei
1696895100000,MAD033_01,SERVICE_LATENCY_OVER_AIR_INTERFACE_NUM,192619.0,900,NRCell,Huawei
1696895100000,MAD033_01,VOICE_TRAFFIC,16467.0,900,NRCell,Huawei
1696895100000,MAD033_01,VOLTE_CALL_SETUP_ATT,17.0,900,NRCell,Huawei
1696895100000,MAD033_01,VOLTE_CALL_SETUP_SUCC,17.0,900,NRCell,Huawei
1696895100000,SAL030_01,DCR_DEN,262.0,900,NRCell,Huawei
1696895100000,SAL030_01,DCR_NUM,1.0,900,NRCell,Huawei
1696895100000,SAL030_01,DROP_CALL_VOLTE_DEN,3.0,900,NRCell,Huawei
1696895100000,SAL030_01,DROP_CALL_VOLTE_NUM,0.0,900,NRCell,Huawei
1696895100000,SAL030_01,ERAB_SR_DEN,257.0,900,NRCell,Huawei
1696895100000,SAL030_01,ERAB_SR_NUM,257.0,900,NRCell,Huawei
1696895100000,SAL030_01,INTEGRITY_NGBR_QCI_9,1206160192.0,900,NRCell,Huawei
1696895100000,SAL030_01,INTRA_FREQUENCY_HO_OUT_ATT,12.0,900,NRCell,Huawei
1696895100000,SAL030_01,INTRA_FREQUENCY_HO_OUT_SUCC,12.0,900,NRCell,Huawei
1696895100000,SAL030_01,RRC_SETUP_ATT,153.0,900,NRCell,Huawei
1696895100000,SAL030_01,RRC_SETUP_SUCC,153.0,900,NRCell,Huawei
1696895100000,SAL030_01,S1SIG_Connection_Setup_SR_DEN,153.0,900,NRCell,Huawei
1696895100000,SAL030_01,S1SIG_Connection_Setup_SR_NUM,153.0,900,NRCell,Huawei
1696895100000,SAL030_01,SERVICE_LATENCY_OVER_AIR_INTERFACE_DEN,55460.0,900,NRCell,Huawei
1696895100000,SAL030_01,SERVICE_LATENCY_OVER_AIR_INTERFACE_NUM,152403.0,900,NRCell,Huawei
1696895100000,SAL030_01,VOICE_TRAFFIC,9199.0,900,NRCell,Huawei
1696895100000,SAL030_01,VOLTE_CALL_SETUP_ATT,3.0,900,NRCell,Huawei
1696895100000,SAL030_01,VOLTE_CALL_SETUP_SUCC,3.0,900,NRCell,Huawei
1696895100000,SEV001_01,DCR_DEN,3634.0,900,NRCell,Huawei
1696895100000,SEV001_01,DCR_NUM,6.0,900,NRCell,Huawei
1696895100000,SEV001_01,DROP_CALL_VOLTE_DEN,23.0,900,NRCell,Huawei
1696895100000,SEV001_01,DROP_CALL_VOLTE_NUM,0.0,900,NRCell,Huawei
1696895100000,SEV001_01,ERAB_SR_DEN,3635.0,900,NRCell,Huawei
1696895100000,SEV001_01,ERAB_SR_NUM,3627.0,900,NRCell,Huawei
1696895100000,SEV001_01,INTEGRITY_NGBR_QCI_9,16347547752.0,900,NRCell,Huawei
1696895100000,SEV001_01,INTRA_FREQUENCY_HO_OUT_ATT,95.0,900,NRCell,Huawei
1696895100000,SEV001_01,INTRA_FREQUENCY_HO_OUT_SUCC,95.0,900,NRCell,Huawei
1696895100000,SEV001_01,RRC_SETUP_ATT,2017.0,900,NRCell,Huawei
1696895100000,SEV001_01,RRC_SETUP_SUCC,2014.0,900,NRCell,Huawei
1696895100000,SEV001_01,S1SIG_Connection_Setup_SR_DEN,2014.0,900,NRCell,Huawei
1696895100000,SEV001_01,S1SIG_Connection_Setup_SR_NUM,2013.0,900,NRCell,Huawei
1696895100000,SEV001_01,SERVICE_LATENCY_OVER_AIR_INTERFACE_DEN,566502.0,900,NRCell,Huawei
1696895100000,SEV001_01,SERVICE_LATENCY_OVER_AIR_INTERFACE_NUM,996700.0,900,NRCell,Huawei
1696895100000,SEV001_01,VOICE_TRAFFIC,28944.0,900,NRCell,Huawei
1696895100000,SEV001_01,VOLTE_CALL_SETUP_ATT,30.0,900,NRCell,Huawei
1696895100000,SEV001_01,VOLTE_CALL_SETUP_SUCC,30.0,900,NRCell,Huawei
1696895100000,SNT002_01,DCR_DEN,1411.0,900,NRCell,Huawei
1696895100000,SNT002_01,DCR_NUM,0.0,900,NRCell,Huawei
1696895100000,SNT002_01,DROP_CALL_VOLTE_DEN,23.0,900,NRCell,Huawei
1696895100000,SNT002_01,DROP_CALL_VOLTE_NUM,0.0,900,NRCell,Huawei
1696895100000,SNT002_01,ERAB_SR_DEN,1411.0,900,NRCell,Huawei
1696895100000,SNT002_01,ERAB_SR_NUM,1411.0,900,NRCell,Huawei
1696895100000,SNT002_01,INTEGRITY_NGBR_QCI_9,7018602128.0,900,NRCell,Huawei
1696895100000,SNT002_01,INTRA_FREQUENCY_HO_OUT_ATT,75.0,900,NRCell,Huawei
1696895100000,SNT002_01,INTRA_FREQUENCY_HO_OUT_SUCC,75.0,900,NRCell,Huawei
1696895100000,SNT002_01,RRC_SETUP_ATT,772.0,900,NRCell,Huawei
1696895100000,SNT002_01,RRC_SETUP_SUCC,772.0,900,NRCell,Huawei
1696895100000,SNT002_01,S1SIG_Connection_Setup_SR_DEN,772.0,900,NRCell,Huawei
1696895100000,SNT002_01,S1SIG_Connection_Setup_SR_NUM,772.0,900,NRCell,Huawei
1696895100000,SNT002_01,SERVICE_LATENCY_OVER_AIR_INTERFACE_DEN,266723.0,900,NRCell,Huawei
1696895100000,SNT002_01,SERVICE_LATENCY_OVER_AIR_INTERFACE_NUM,359887.0,900,NRCell,Huawei
1696895100000,SNT002_01,VOICE_TRAFFIC,26547.0,900,NRCell,Huawei
1696895100000,SNT002_01,VOLTE_CALL_SETUP_ATT,19.0,900,NRCell,Huawei
1696895100000,SNT002_01,VOLTE_CALL_SETUP_SUCC,19.0,900,NRCell,Huawei
1696895100000,TAR015_01,DCR_DEN,3866.0,900,NRCell,Huawei
1696895100000,TAR015_01,DCR_NUM,2.0,900,NRCell,Huawei
1696895100000,TAR015_01,DROP_CALL_VOLTE_DEN,37.0,900,NRCell,Huawei
1696895100000,TAR015_01,DROP_CALL_VOLTE_NUM,0.0,900,NRCell,Huawei
1696895100000,TAR015_01,ERAB_SR_DEN,3811.0,900,NRCell,Huawei
1696895100000,TAR015_01,ERAB_SR_NUM,3805.0,900,NRCell,Huawei
1696895100000,TAR015_01,INTEGRITY_NGBR_QCI_9,13756239312.0,900,NRCell,Huawei
1696895100000,TAR015_01,INTRA_FREQUENCY_HO_OUT_ATT,126.0,900,NRCell,Huawei
1696895100000,TAR015_01,INTRA_FREQUENCY_HO_OUT_SUCC,126.0,900,NRCell,Huawei
1696895100000,TAR015_01,RRC_SETUP_ATT,2083.0,900,NRCell,Huawei
1696895100000,TAR015_01,RRC_SETUP_SUCC,2083.0,900,NRCell,Huawei
1696895100000,TAR015_01,S1SIG_Connection_Setup_SR_DEN,2083.0,900,NRCell,Huawei
1696895100000,TAR015_01,S1SIG_Connection_Setup_SR_NUM,2082.0,900,NRCell,Huawei
1696895100000,TAR015_01,SERVICE_LATENCY_OVER_AIR_INTERFACE_DEN,429508.0,900,NRCell,Huawei
1696895100000,TAR015_01,SERVICE_LATENCY_OVER_AIR_INTERFACE_NUM,1414921.0,900,NRCell,Huawei
1696895100000,TAR015_01,VOICE_TRAFFIC,23242.0,900,NRCell,Huawei
1696895100000,TAR015_01,VOLTE_CALL_SETUP_ATT,33.0,900,NRCell,Huawei
1696895100000,TAR015_01,VOLTE_CALL_SETUP_SUCC,33.0,900,NRCell,Huawei
1696895100000,TOL034_01,DCR_DEN,302.0,900,NRCell,Huawei
1696895100000,TOL034_01,DCR_NUM,0.0,900,NRCell,Huawei
1696895100000,TOL034_01,DROP_CALL_VOLTE_DEN,1.0,900,NRCell,Huawei
1696895100000,TOL034_01,DROP_CALL_VOLTE_NUM,0.0,900,NRCell,Huawei
1696895100000,TOL034_01,ERAB_SR_DEN,288.0,900,NRCell,Huawei
1696895100000,TOL034_01,ERAB_SR_NUM,288.0,900,NRCell,Huawei
1696895100000,TOL034_01,INTEGRITY_NGBR_QCI_9,3935317912.0,900,NRCell,Huawei
1696895100000,TOL034_01,INTRA_FREQUENCY_HO_OUT_ATT,18.0,900,NRCell,Huawei
1696895100000,TOL034_01,INTRA_FREQUENCY_HO_OUT_SUCC,18.0,900,NRCell,Huawei
1696895100000,TOL034_01,RRC_SETUP_ATT,186.0,900,NRCell,Huawei
1696895100000,TOL034_01,RRC_SETUP_SUCC,186.0,900,NRCell,Huawei
1696895100000,TOL034_01,S1SIG_Connection_Setup_SR_DEN,186.0,900,NRCell,Huawei
1696895100000,TOL034_01,S1SIG_Connection_Setup_SR_NUM,186.0,900,NRCell,Huawei
1696895100000,TOL034_01,SERVICE_LATENCY_OVER_AIR_INTERFACE_DEN,87415.0,900,NRCell,Huawei
1696895100000,TOL034_01,SERVICE_LATENCY_OVER_AIR_INTERFACE_NUM,133753.0,900,NRCell,Huawei
1696895100000,TOL034_01,VOICE_TRAFFIC,72.0,900,NRCell,Huawei
1696895100000,TOL034_01,VOLTE_CALL_SETUP_ATT,1.0,900,NRCell,Huawei
1696895100000,TOL034_01,VOLTE_CALL_SETUP_SUCC,1.0,900,NRCell,Huawei
1696895100000,VAL002_01,DCR_DEN,39.0,900,NRCell,Huawei
1696895100000,VAL002_01,DCR_NUM,0.0,900,NRCell,Huawei
1696895100000,VAL002_01,DROP_CALL_VOLTE_DEN,0.0,900,NRCell,Huawei
1696895100000,VAL002_01,DROP_CALL_VOLTE_NUM,0.0,900,NRCell,Huawei
1696895100000,VAL002_01,ERAB_SR_DEN,40.0,900,NRCell,Huawei
1696895100000,VAL002_01,ERAB_SR_NUM,40.0,900,NRCell,Huawei
1696895100000,VAL002_01,INTEGRITY_NGBR_QCI_9,198467360.0,900,NRCell,Huawei
1696895100000,VAL002_01,INTRA_FREQUENCY_HO_OUT_ATT,4.0,900,NRCell,Huawei
1696895100000,VAL002_01,INTRA_FREQUENCY_HO_OUT_SUCC,4.0,900,NRCell,Huawei
1696895100000,VAL002_01,RRC_SETUP_ATT,35.0,900,NRCell,Huawei
1696895100000,VAL002_01,RRC_SETUP_SUCC,35.0,900,NRCell,Huawei
1696895100000,VAL002_01,S1SIG_Connection_Setup_SR_DEN,35.0,900,NRCell,Huawei
1696895100000,VAL002_01,S1SIG_Connection_Setup_SR_NUM,35.0,900,NRCell,Huawei
1696895100000,VAL002_01,SERVICE_LATENCY_OVER_AIR_INTERFACE_DEN,4676.0,900,NRCell,Huawei
1696895100000,VAL002_01,SERVICE_LATENCY_OVER_AIR_INTERFACE_NUM,9815.0,900,NRCell,Huawei
1696895100000,VAL002_01,VOICE_TRAFFIC,0.0,900,NRCell,Huawei
1696895100000,VAL002_01,VOLTE_CALL_SETUP_ATT,0.0,900,NRCell,Huawei
1696895100000,VAL002_01,VOLTE_CALL_SETUP_SUCC,0.0,900,NRCell,Huawei
