startTime,neId,counterCode,counterValue,granularity,neType,vendorName
1696868100000,BCN014_01,DCR_DEN,4231.0,900,NRCell,Huawei
1696868100000,BCN014_01,DCR_NUM,9.0,900,NRCell,Huawei
1696868100000,BCN014_01,DROP_CALL_VOLTE_DEN,32.0,900,NRCell,Huawei
1696868100000,BCN014_01,DROP_CALL_VOLTE_NUM,0.0,900,NRCell,Huawei
1696868100000,BCN014_01,ERAB_SR_DEN,4201.0,900,NRCell,Huawei
1696868100000,BCN014_01,ERAB_SR_NUM,4194.0,900,NRCell,Huawei
1696868100000,BCN014_01,INTEGRITY_NGBR_QCI_9,12331046696.0,900,NRCell,Huawei
1696868100000,BCN014_01,INTRA_FREQUENCY_HO_OUT_ATT,199.0,900,NRCell,Huawei
1696868100000,BCN014_01,INTRA_FREQUENCY_HO_OUT_SUCC,199.0,900,NRCell,Huawei
1696868100000,BCN014_01,RRC_SETUP_ATT,2341.0,900,NRCell,Huawei
1696868100000,BCN014_01,RRC_SETUP_SUCC,2332.0,900,NRCell,Huawei
1696868100000,BCN014_01,S1SIG_Connection_Setup_SR_DEN,2332.0,900,NRCell,Huawei
1696868100000,BCN014_01,S1SIG_Connection_Setup_SR_NUM,2332.0,900,NRCell,Huawei
1696868100000,BCN014_01,SERVICE_LATENCY_OVER_AIR_INTERFACE_DEN,343212.0,900,NRCell,Huawei
1696868100000,BCN014_01,SERVICE_LATENCY_OVER_AIR_INTERFACE_NUM,707071.0,900,NRCell,Huawei
1696868100000,BCN014_01,VOICE_TRAFFIC,18798.0,900,NRCell,Huawei
1696868100000,BCN014_01,VOLTE_CALL_SETUP_ATT,34.0,900,NRCell,Huawei
1696868100000,BCN014_01,VOLTE_CALL_SETUP_SUCC,34.0,900,NRCell,Huawei
1696868100000,BIL001_01,DCR_DEN,3789.0,900,NRCell,Huawei
1696868100000,BIL001_01,DCR_NUM,3.0,900,NRCell,Huawei
1696868100000,BIL001_01,DROP_CALL_VOLTE_DEN,33.0,900,NRCell,Huawei
1696868100000,BIL001_01,DROP_CALL_VOLTE_NUM,0.0,900,NRCell,Huawei
1696868100000,BIL001_01,ERAB_SR_DEN,3857.0,900,NRCell,Huawei
1696868100000,BIL001_01,ERAB_SR_NUM,3852.0,900,NRCell,Huawei
1696868100000,BIL001_01,INTEGRITY_NGBR_QCI_9,12271047472.0,900,NRCell,Huawei
1696868100000,BIL001_01,INTRA_FREQUENCY_HO_OUT_ATT,208.0,900,NRCell,Huawei
1696868100000,BIL001_01,INTRA_FREQUENCY_HO_OUT_SUCC,208.0,900,NRCell,Huawei
1696868100000,BIL001_01,RRC_SETUP_ATT,2173.0,900,NRCell,Huawei
1696868100000,BIL001_01,RRC_SETUP_SUCC,2163.0,900,NRCell,Huawei
1696868100000,BIL001_01,S1SIG_Connection_Setup_SR_DEN,2163.0,900,NRCell,Huawei
1696868100000,BIL001_01,S1SIG_Connection_Setup_SR_NUM,2163.0,900,NRCell,Huawei
1696868100000,BIL001_01,SERVICE_LATENCY_OVER_AIR_INTERFACE_DEN,434715.0,900,NRCell,Huawei
1696868100000,BIL001_01,SERVICE_LATENCY_OVER_AIR_INTERFACE_NUM,1001369.0,900,NRCell,Huawei
1696868100000,BIL001_01,VOICE_TRAFFIC,32052.0,900,NRCell,Huawei
1696868100000,BIL001_01,VOLTE_CALL_SETUP_ATT,37.0,900,NRCell,Huawei
1696868100000,BIL001_01,VOLTE_CALL_SETUP_SUCC,37.0,900,NRCell,Huawei
1696868100000,MAD033_01,DCR_DEN,1653.0,900,NRCell,Huawei
1696868100000,MAD033_01,DCR_NUM,2.0,900,NRCell,Huawei
1696868100000,MAD033_01,DROP_CALL_VOLTE_DEN,25.0,900,NRCell,Huawei
1696868100000,MAD033_01,DROP_CALL_VOLTE_NUM,0.0,900,NRCell,Huawei
1696868100000,MAD033_01,ERAB_SR_DEN,1682.0,900,NRCell,Huawei
1696868100000,MAD033_01,ERAB_SR_NUM,1674.0,900,NRCell,Huawei
1696868100000,MAD033_01,INTEGRITY_NGBR_QCI_9,6206975192.0,900,NRCell,Huawei
1696868100000,MAD033_01,INTRA_FREQUENCY_HO_OUT_ATT,91.0,900,NRCell,Huawei
1696868100000,MAD033_01,INTRA_FREQUENCY_HO_OUT_SUCC,91.0,900,NRCell,Huawei
1696868100000,MAD033_01,RRC_SETUP_ATT,944.0,900,NRCell,Huawei
1696868100000,MAD033_01,RRC_SETUP_SUCC,943.0,900,NRCell,Huawei
1696868100000,MAD033_01,S1SIG_Connection_Setup_SR_DEN,943.0,900,NRCell,Huawei
1696868100000,MAD033_01,S1SIG_Connection_Setup_SR_NUM,943.0,900,NRCell,Huawei
1696868100000,MAD033_01,SERVICE_LATENCY_OVER_AIR_INTERFACE_DEN,182125.0,900,NRCell,Huawei
1696868100000,MAD033_01,SERVICE_LATENCY_OVER_AIR_INTERFACE_NUM,252407.0,900,NRCell,Huawei
1696868100000,MAD033_01,VOICE_TRAFFIC,15522.0,900,NRCell,Huawei
1696868100000,MAD033_01,VOLTE_CALL_SETUP_ATT,20.0,900,NRCell,Huawei
1696868100000,MAD033_01,VOLTE_CALL_SETUP_SUCC,20.0,900,NRCell,Huawei
1696868100000,SAL030_01,DCR_DEN,140.0,900,NRCell,Huawei
1696868100000,SAL030_01,DCR_NUM,1.0,900,NRCell,Huawei
1696868100000,SAL030_01,DROP_CALL_VOLTE_DEN,1.0,900,NRCell,Huawei
1696868100000,SAL030_01,DROP_CALL_VOLTE_NUM,1.0,900,NRCell,Huawei
1696868100000,SAL030_01,ERAB_SR_DEN,142.0,900,NRCell,Huawei
1696868100000,SAL030_01,ERAB_SR_NUM,142.0,900,NRCell,Huawei
1696868100000,SAL030_01,INTEGRITY_NGBR_QCI_9,3040000920.0,900,NRCell,Huawei
1696868100000,SAL030_01,INTRA_FREQUENCY_HO_OUT_ATT,5.0,900,NRCell,Huawei
1696868100000,SAL030_01,INTRA_FREQUENCY_HO_OUT_SUCC,5.0,900,NRCell,Huawei
1696868100000,SAL030_01,RRC_SETUP_ATT,83.0,900,NRCell,Huawei
1696868100000,SAL030_01,RRC_SETUP_SUCC,83.0,900,NRCell,Huawei
1696868100000,SAL030_01,S1SIG_Connection_Setup_SR_DEN,83.0,900,NRCell,Huawei
1696868100000,SAL030_01,S1SIG_Connection_Setup_SR_NUM,83.0,900,NRCell,Huawei
1696868100000,SAL030_01,SERVICE_LATENCY_OVER_AIR_INTERFACE_DEN,122565.0,900,NRCell,Huawei
1696868100000,SAL030_01,SERVICE_LATENCY_OVER_AIR_INTERFACE_NUM,161604.0,900,NRCell,Huawei
1696868100000,SAL030_01,VOICE_TRAFFIC,1132.0,900,NRCell,Huawei
1696868100000,SAL030_01,VOLTE_CALL_SETUP_ATT,1.0,900,NRCell,Huawei
1696868100000,SAL030_01,VOLTE_CALL_SETUP_SUCC,1.0,900,NRCell,Huawei
1696868100000,SEV001_01,DCR_DEN,3947.0,900,NRCell,Huawei
1696868100000,SEV001_01,DCR_NUM,1.0,900,NRCell,Huawei
1696868100000,SEV001_01,DROP_CALL_VOLTE_DEN,27.0,900,NRCell,Huawei
1696868100000,SEV001_01,DROP_CALL_VOLTE_NUM,0.0,900,NRCell,Huawei
1696868100000,SEV001_01,ERAB_SR_DEN,3912.0,900,NRCell,Huawei
1696868100000,SEV001_01,ERAB_SR_NUM,3910.0,900,NRCell,Huawei
1696868100000,SEV001_01,INTEGRITY_NGBR_QCI_9,18067922312.0,900,NRCell,Huawei
1696868100000,SEV001_01,INTRA_FREQUENCY_HO_OUT_ATT,73.0,900,NRCell,Huawei
1696868100000,SEV001_01,INTRA_FREQUENCY_HO_OUT_SUCC,73.0,900,NRCell,Huawei
1696868100000,SEV001_01,RRC_SETUP_ATT,2105.0,900,NRCell,Huawei
1696868100000,SEV001_01,RRC_SETUP_SUCC,2104.0,900,NRCell,Huawei
1696868100000,SEV001_01,S1SIG_Connection_Setup_SR_DEN,2104.0,900,NRCell,Huawei
1696868100000,SEV001_01,S1SIG_Connection_Setup_SR_NUM,2104.0,900,NRCell,Huawei
1696868100000,SEV001_01,SERVICE_LATENCY_OVER_AIR_INTERFACE_DEN,618390.0,900,NRCell,Huawei
1696868100000,SEV001_01,SERVICE_LATENCY_OVER_AIR_INTERFACE_NUM,1713059.0,900,NRCell,Huawei
1696868100000,SEV001_01,VOICE_TRAFFIC,20861.0,900,NRCell,Huawei
1696868100000,SEV001_01,VOLTE_CALL_SETUP_ATT,23.0,900,NRCell,Huawei
1696868100000,SEV001_01,VOLTE_CALL_SETUP_SUCC,23.0,900,NRCell,Huawei
1696868100000,SNT002_01,DCR_DEN,1769.0,900,NRCell,Huawei
1696868100000,SNT002_01,DCR_NUM,0.0,900,NRCell,Huawei
1696868100000,SNT002_01,DROP_CALL_VOLTE_DEN,21.0,900,NRCell,Huawei
1696868100000,SNT002_01,DROP_CALL_VOLTE_NUM,0.0,900,NRCell,Huawei
1696868100000,SNT002_01,ERAB_SR_DEN,1790.0,900,NRCell,Huawei
1696868100000,SNT002_01,ERAB_SR_NUM,1788.0,900,NRCell,Huawei
1696868100000,SNT002_01,INTEGRITY_NGBR_QCI_9,6820590096.0,900,NRCell,Huawei
1696868100000,SNT002_01,INTRA_FREQUENCY_HO_OUT_ATT,78.0,900,NRCell,Huawei
1696868100000,SNT002_01,INTRA_FREQUENCY_HO_OUT_SUCC,78.0,900,NRCell,Huawei
1696868100000,SNT002_01,RRC_SETUP_ATT,980.0,900,NRCell,Huawei
1696868100000,SNT002_01,RRC_SETUP_SUCC,974.0,900,NRCell,Huawei
1696868100000,SNT002_01,S1SIG_Connection_Setup_SR_DEN,974.0,900,NRCell,Huawei
1696868100000,SNT002_01,S1SIG_Connection_Setup_SR_NUM,974.0,900,NRCell,Huawei
1696868100000,SNT002_01,SERVICE_LATENCY_OVER_AIR_INTERFACE_DEN,284546.0,900,NRCell,Huawei
1696868100000,SNT002_01,SERVICE_LATENCY_OVER_AIR_INTERFACE_NUM,351371.0,900,NRCell,Huawei
1696868100000,SNT002_01,VOICE_TRAFFIC,24454.0,900,NRCell,Huawei
1696868100000,SNT002_01,VOLTE_CALL_SETUP_ATT,19.0,900,NRCell,Huawei
1696868100000,SNT002_01,VOLTE_CALL_SETUP_SUCC,19.0,900,NRCell,Huawei
1696868100000,TAR015_01,DCR_DEN,4499.0,900,NRCell,Huawei
1696868100000,TAR015_01,DCR_NUM,2.0,900,NRCell,Huawei
1696868100000,TAR015_01,DROP_CALL_VOLTE_DEN,28.0,900,NRCell,Huawei
1696868100000,TAR015_01,DROP_CALL_VOLTE_NUM,0.0,900,NRCell,Huawei
1696868100000,TAR015_01,ERAB_SR_DEN,4455.0,900,NRCell,Huawei
1696868100000,TAR015_01,ERAB_SR_NUM,4451.0,900,NRCell,Huawei
1696868100000,TAR015_01,INTEGRITY_NGBR_QCI_9,14867022392.0,900,NRCell,Huawei
1696868100000,TAR015_01,INTRA_FREQUENCY_HO_OUT_ATT,123.0,900,NRCell,Huawei
1696868100000,TAR015_01,INTRA_FREQUENCY_HO_OUT_SUCC,123.0,900,NRCell,Huawei
1696868100000,TAR015_01,RRC_SETUP_ATT,2386.0,900,NRCell,Huawei
1696868100000,TAR015_01,RRC_SETUP_SUCC,2386.0,900,NRCell,Huawei
1696868100000,TAR015_01,S1SIG_Connection_Setup_SR_DEN,2386.0,900,NRCell,Huawei
1696868100000,TAR015_01,S1SIG_Connection_Setup_SR_NUM,2386.0,900,NRCell,Huawei
1696868100000,TAR015_01,SERVICE_LATENCY_OVER_AIR_INTERFACE_DEN,329298.0,900,NRCell,Huawei
1696868100000,TAR015_01,SERVICE_LATENCY_OVER_AIR_INTERFACE_NUM,744742.0,900,NRCell,Huawei
1696868100000,TAR015_01,VOICE_TRAFFIC,22078.0,900,NRCell,Huawei
1696868100000,TAR015_01,VOLTE_CALL_SETUP_ATT,27.0,900,NRCell,Huawei
1696868100000,TAR015_01,VOLTE_CALL_SETUP_SUCC,27.0,900,NRCell,Huawei
1696868100000,TOL034_01,DCR_DEN,250.0,900,NRCell,Huawei
1696868100000,TOL034_01,DCR_NUM,3.0,900,NRCell,Huawei
1696868100000,TOL034_01,DROP_CALL_VOLTE_DEN,3.0,900,NRCell,Huawei
1696868100000,TOL034_01,DROP_CALL_VOLTE_NUM,1.0,900,NRCell,Huawei
1696868100000,TOL034_01,ERAB_SR_DEN,254.0,900,NRCell,Huawei
1696868100000,TOL034_01,ERAB_SR_NUM,254.0,900,NRCell,Huawei
1696868100000,TOL034_01,INTEGRITY_NGBR_QCI_9,1807677064.0,900,NRCell,Huawei
1696868100000,TOL034_01,INTRA_FREQUENCY_HO_OUT_ATT,12.0,900,NRCell,Huawei
1696868100000,TOL034_01,INTRA_FREQUENCY_HO_OUT_SUCC,12.0,900,NRCell,Huawei
1696868100000,TOL034_01,RRC_SETUP_ATT,180.0,900,NRCell,Huawei
1696868100000,TOL034_01,RRC_SETUP_SUCC,178.0,900,NRCell,Huawei
1696868100000,TOL034_01,S1SIG_Connection_Setup_SR_DEN,178.0,900,NRCell,Huawei
1696868100000,TOL034_01,S1SIG_Connection_Setup_SR_NUM,178.0,900,NRCell,Huawei
1696868100000,TOL034_01,SERVICE_LATENCY_OVER_AIR_INTERFACE_DEN,30127.0,900,NRCell,Huawei
1696868100000,TOL034_01,SERVICE_LATENCY_OVER_AIR_INTERFACE_NUM,47611.0,900,NRCell,Huawei
1696868100000,TOL034_01,VOICE_TRAFFIC,3170.0,900,NRCell,Huawei
1696868100000,TOL034_01,VOLTE_CALL_SETUP_ATT,0.0,900,NRCell,Huawei
1696868100000,TOL034_01,VOLTE_CALL_SETUP_SUCC,0.0,900,NRCell,Huawei
1696868100000,VAL002_01,DCR_DEN,55.0,900,NRCell,Huawei
1696868100000,VAL002_01,DCR_NUM,0.0,900,NRCell,Huawei
1696868100000,VAL002_01,DROP_CALL_VOLTE_DEN,1.0,900,NRCell,Huawei
1696868100000,VAL002_01,DROP_CALL_VOLTE_NUM,0.0,900,NRCell,Huawei
1696868100000,VAL002_01,ERAB_SR_DEN,51.0,900,NRCell,Huawei
1696868100000,VAL002_01,ERAB_SR_NUM,51.0,900,NRCell,Huawei
1696868100000,VAL002_01,INTEGRITY_NGBR_QCI_9,251601384.0,900,NRCell,Huawei
1696868100000,VAL002_01,INTRA_FREQUENCY_HO_OUT_ATT,5.0,900,NRCell,Huawei
1696868100000,VAL002_01,INTRA_FREQUENCY_HO_OUT_SUCC,5.0,900,NRCell,Huawei
1696868100000,VAL002_01,RRC_SETUP_ATT,44.0,900,NRCell,Huawei
1696868100000,VAL002_01,RRC_SETUP_SUCC,43.0,900,NRCell,Huawei
1696868100000,VAL002_01,S1SIG_Connection_Setup_SR_DEN,43.0,900,NRCell,Huawei
1696868100000,VAL002_01,S1SIG_Connection_Setup_SR_NUM,43.0,900,NRCell,Huawei
1696868100000,VAL002_01,SERVICE_LATENCY_OVER_AIR_INTERFACE_DEN,9466.0,900,NRCell,Huawei
1696868100000,VAL002_01,SERVICE_LATENCY_OVER_AIR_INTERFACE_NUM,11754.0,900,NRCell,Huawei
1696868100000,VAL002_01,VOICE_TRAFFIC,308.0,900,NRCell,Huawei
1696868100000,VAL002_01,VOLTE_CALL_SETUP_ATT,1.0,900,NRCell,Huawei
1696868100000,VAL002_01,VOLTE_CALL_SETUP_SUCC,1.0,900,NRCell,Huawei
