startTime,neId,counterCode,counterValue,granularity,neType,vendorName
1696767300000,BCN014_01,DCR_DEN,1189.0,900,NRCell,Huawei
1696767300000,BCN014_01,DCR_NUM,0.0,900,NRCell,Huawei
1696767300000,BCN014_01,DROP_CALL_VOLTE_DEN,0.0,900,NRCell,Huawei
1696767300000,BCN014_01,DROP_CALL_VOLTE_NUM,0.0,900,NRCell,Huawei
1696767300000,BCN014_01,ERAB_SR_DEN,1185.0,900,NRCell,Huawei
1696767300000,BCN014_01,ERAB_SR_NUM,1184.0,900,NRCell,Huawei
1696767300000,BCN014_01,INTEGRITY_NGBR_QCI_9,10291830032.0,900,NRCell,Huawei
1696767300000,BCN014_01,INTRA_FREQUENCY_HO_OUT_ATT,35.0,900,NRCell,Huawei
1696767300000,BCN014_01,INTRA_FREQUENCY_HO_OUT_SUCC,35.0,900,NRCell,Huawei
1696767300000,BCN014_01,RRC_SETUP_ATT,801.0,900,NRCell,Huawei
1696767300000,BCN014_01,RRC_SETUP_SUCC,800.0,900,NRCell,Huawei
1696767300000,BCN014_01,S1SIG_Connection_Setup_SR_DEN,800.0,900,NRCell,Huawei
1696767300000,BCN014_01,S1SIG_Connection_Setup_SR_NUM,800.0,900,NRCell,Huawei
1696767300000,BCN014_01,SERVICE_LATENCY_OVER_AIR_INTERFACE_DEN,159479.0,900,NRCell,Huawei
1696767300000,BCN014_01,SERVICE_LATENCY_OVER_AIR_INTERFACE_NUM,192803.0,900,NRCell,Huawei
1696767300000,BCN014_01,VOICE_TRAFFIC,0.0,900,NRCell,Huawei
1696767300000,BCN014_01,VOLTE_CALL_SETUP_ATT,0.0,900,NRCell,Huawei
1696767300000,BCN014_01,VOLTE_CALL_SETUP_SUCC,0.0,900,NRCell,Huawei
1696767300000,BIL001_01,DCR_DEN,1147.0,900,NRCell,Huawei
1696767300000,BIL001_01,DCR_NUM,0.0,900,NRCell,Huawei
1696767300000,BIL001_01,DROP_CALL_VOLTE_DEN,0.0,900,NRCell,Huawei
1696767300000,BIL001_01,DROP_CALL_VOLTE_NUM,0.0,900,NRCell,Huawei
1696767300000,BIL001_01,ERAB_SR_DEN,1147.0,900,NRCell,Huawei
1696767300000,BIL001_01,ERAB_SR_NUM,1147.0,900,NRCell,Huawei
1696767300000,BIL001_01,INTEGRITY_NGBR_QCI_9,8140763784.0,900,NRCell,Huawei
1696767300000,BIL001_01,INTRA_FREQUENCY_HO_OUT_ATT,31.0,900,NRCell,Huawei
1696767300000,BIL001_01,INTRA_FREQUENCY_HO_OUT_SUCC,31.0,900,NRCell,Huawei
1696767300000,BIL001_01,RRC_SETUP_ATT,710.0,900,NRCell,Huawei
1696767300000,BIL001_01,RRC_SETUP_SUCC,710.0,900,NRCell,Huawei
1696767300000,BIL001_01,S1SIG_Connection_Setup_SR_DEN,710.0,900,NRCell,Huawei
1696767300000,BIL001_01,S1SIG_Connection_Setup_SR_NUM,710.0,900,NRCell,Huawei
1696767300000,BIL001_01,SERVICE_LATENCY_OVER_AIR_INTERFACE_DEN,73315.0,900,NRCell,Huawei
1696767300000,BIL001_01,SERVICE_LATENCY_OVER_AIR_INTERFACE_NUM,94812.0,900,NRCell,Huawei
1696767300000,BIL001_01,VOICE_TRAFFIC,0.0,900,NRCell,Huawei
1696767300000,BIL001_01,VOLTE_CALL_SETUP_ATT,0.0,900,NRCell,Huawei
1696767300000,BIL001_01,VOLTE_CALL_SETUP_SUCC,0.0,900,NRCell,Huawei
1696767300000,MAD033_01,DCR_DEN,707.0,900,NRCell,Huawei
1696767300000,MAD033_01,DCR_NUM,1.0,900,NRCell,Huawei
1696767300000,MAD033_01,DROP_CALL_VOLTE_DEN,1.0,900,NRCell,Huawei
1696767300000,MAD033_01,DROP_CALL_VOLTE_NUM,0.0,900,NRCell,Huawei
1696767300000,MAD033_01,ERAB_SR_DEN,708.0,900,NRCell,Huawei
1696767300000,MAD033_01,ERAB_SR_NUM,708.0,900,NRCell,Huawei
1696767300000,MAD033_01,INTEGRITY_NGBR_QCI_9,976974248.0,900,NRCell,Huawei
1696767300000,MAD033_01,INTRA_FREQUENCY_HO_OUT_ATT,8.0,900,NRCell,Huawei
1696767300000,MAD033_01,INTRA_FREQUENCY_HO_OUT_SUCC,8.0,900,NRCell,Huawei
1696767300000,MAD033_01,RRC_SETUP_ATT,431.0,900,NRCell,Huawei
1696767300000,MAD033_01,RRC_SETUP_SUCC,431.0,900,NRCell,Huawei
1696767300000,MAD033_01,S1SIG_Connection_Setup_SR_DEN,431.0,900,NRCell,Huawei
1696767300000,MAD033_01,S1SIG_Connection_Setup_SR_NUM,431.0,900,NRCell,Huawei
1696767300000,MAD033_01,SERVICE_LATENCY_OVER_AIR_INTERFACE_DEN,16653.0,900,NRCell,Huawei
1696767300000,MAD033_01,SERVICE_LATENCY_OVER_AIR_INTERFACE_NUM,19441.0,900,NRCell,Huawei
1696767300000,MAD033_01,VOICE_TRAFFIC,0.0,900,NRCell,Huawei
1696767300000,MAD033_01,VOLTE_CALL_SETUP_ATT,1.0,900,NRCell,Huawei
1696767300000,MAD033_01,VOLTE_CALL_SETUP_SUCC,1.0,900,NRCell,Huawei
1696767300000,SAL030_01,DCR_DEN,109.0,900,NRCell,Huawei
1696767300000,SAL030_01,DCR_NUM,0.0,900,NRCell,Huawei
1696767300000,SAL030_01,DROP_CALL_VOLTE_DEN,0.0,900,NRCell,Huawei
1696767300000,SAL030_01,DROP_CALL_VOLTE_NUM,0.0,900,NRCell,Huawei
1696767300000,SAL030_01,ERAB_SR_DEN,109.0,900,NRCell,Huawei
1696767300000,SAL030_01,ERAB_SR_NUM,109.0,900,NRCell,Huawei
1696767300000,SAL030_01,INTEGRITY_NGBR_QCI_9,19273456.0,900,NRCell,Huawei
1696767300000,SAL030_01,INTRA_FREQUENCY_HO_OUT_ATT,0.0,900,NRCell,Huawei
1696767300000,SAL030_01,INTRA_FREQUENCY_HO_OUT_SUCC,0.0,900,NRCell,Huawei
1696767300000,SAL030_01,RRC_SETUP_ATT,69.0,900,NRCell,Huawei
1696767300000,SAL030_01,RRC_SETUP_SUCC,69.0,900,NRCell,Huawei
1696767300000,SAL030_01,S1SIG_Connection_Setup_SR_DEN,69.0,900,NRCell,Huawei
1696767300000,SAL030_01,S1SIG_Connection_Setup_SR_NUM,69.0,900,NRCell,Huawei
1696767300000,SAL030_01,SERVICE_LATENCY_OVER_AIR_INTERFACE_DEN,1319.0,900,NRCell,Huawei
1696767300000,SAL030_01,SERVICE_LATENCY_OVER_AIR_INTERFACE_NUM,2177.0,900,NRCell,Huawei
1696767300000,SAL030_01,VOICE_TRAFFIC,0.0,900,NRCell,Huawei
1696767300000,SAL030_01,VOLTE_CALL_SETUP_ATT,0.0,900,NRCell,Huawei
1696767300000,SAL030_01,VOLTE_CALL_SETUP_SUCC,0.0,900,NRCell,Huawei
1696767300000,SEV001_01,DCR_DEN,2676.0,900,NRCell,Huawei
1696767300000,SEV001_01,DCR_NUM,0.0,900,NRCell,Huawei
1696767300000,SEV001_01,DROP_CALL_VOLTE_DEN,1.0,900,NRCell,Huawei
1696767300000,SEV001_01,DROP_CALL_VOLTE_NUM,0.0,900,NRCell,Huawei
1696767300000,SEV001_01,ERAB_SR_DEN,2696.0,900,NRCell,Huawei
1696767300000,SEV001_01,ERAB_SR_NUM,2694.0,900,NRCell,Huawei
1696767300000,SEV001_01,INTEGRITY_NGBR_QCI_9,7790095336.0,900,NRCell,Huawei
1696767300000,SEV001_01,INTRA_FREQUENCY_HO_OUT_ATT,39.0,900,NRCell,Huawei
1696767300000,SEV001_01,INTRA_FREQUENCY_HO_OUT_SUCC,39.0,900,NRCell,Huawei
1696767300000,SEV001_01,RRC_SETUP_ATT,1520.0,900,NRCell,Huawei
1696767300000,SEV001_01,RRC_SETUP_SUCC,1520.0,900,NRCell,Huawei
1696767300000,SEV001_01,S1SIG_Connection_Setup_SR_DEN,1520.0,900,NRCell,Huawei
1696767300000,SEV001_01,S1SIG_Connection_Setup_SR_NUM,1520.0,900,NRCell,Huawei
1696767300000,SEV001_01,SERVICE_LATENCY_OVER_AIR_INTERFACE_DEN,422435.0,900,NRCell,Huawei
1696767300000,SEV001_01,SERVICE_LATENCY_OVER_AIR_INTERFACE_NUM,539175.0,900,NRCell,Huawei
1696767300000,SEV001_01,VOICE_TRAFFIC,345.0,900,NRCell,Huawei
1696767300000,SEV001_01,VOLTE_CALL_SETUP_ATT,1.0,900,NRCell,Huawei
1696767300000,SEV001_01,VOLTE_CALL_SETUP_SUCC,1.0,900,NRCell,Huawei
1696767300000,SNT002_01,DCR_DEN,647.0,900,NRCell,Huawei
1696767300000,SNT002_01,DCR_NUM,0.0,900,NRCell,Huawei
1696767300000,SNT002_01,DROP_CALL_VOLTE_DEN,0.0,900,NRCell,Huawei
1696767300000,SNT002_01,DROP_CALL_VOLTE_NUM,0.0,900,NRCell,Huawei
1696767300000,SNT002_01,ERAB_SR_DEN,658.0,900,NRCell,Huawei
1696767300000,SNT002_01,ERAB_SR_NUM,658.0,900,NRCell,Huawei
1696767300000,SNT002_01,INTEGRITY_NGBR_QCI_9,688437864.0,900,NRCell,Huawei
1696767300000,SNT002_01,INTRA_FREQUENCY_HO_OUT_ATT,5.0,900,NRCell,Huawei
1696767300000,SNT002_01,INTRA_FREQUENCY_HO_OUT_SUCC,5.0,900,NRCell,Huawei
1696767300000,SNT002_01,RRC_SETUP_ATT,400.0,900,NRCell,Huawei
1696767300000,SNT002_01,RRC_SETUP_SUCC,399.0,900,NRCell,Huawei
1696767300000,SNT002_01,S1SIG_Connection_Setup_SR_DEN,399.0,900,NRCell,Huawei
1696767300000,SNT002_01,S1SIG_Connection_Setup_SR_NUM,399.0,900,NRCell,Huawei
1696767300000,SNT002_01,SERVICE_LATENCY_OVER_AIR_INTERFACE_DEN,14526.0,900,NRCell,Huawei
1696767300000,SNT002_01,SERVICE_LATENCY_OVER_AIR_INTERFACE_NUM,15057.0,900,NRCell,Huawei
1696767300000,SNT002_01,VOICE_TRAFFIC,0.0,900,NRCell,Huawei
1696767300000,SNT002_01,VOLTE_CALL_SETUP_ATT,0.0,900,NRCell,Huawei
1696767300000,SNT002_01,VOLTE_CALL_SETUP_SUCC,0.0,900,NRCell,Huawei
1696767300000,TAR015_01,DCR_DEN,2529.0,900,NRCell,Huawei
1696767300000,TAR015_01,DCR_NUM,0.0,900,NRCell,Huawei
1696767300000,TAR015_01,DROP_CALL_VOLTE_DEN,3.0,900,NRCell,Huawei
1696767300000,TAR015_01,DROP_CALL_VOLTE_NUM,0.0,900,NRCell,Huawei
1696767300000,TAR015_01,ERAB_SR_DEN,2499.0,900,NRCell,Huawei
1696767300000,TAR015_01,ERAB_SR_NUM,2499.0,900,NRCell,Huawei
1696767300000,TAR015_01,INTEGRITY_NGBR_QCI_9,5043613208.0,900,NRCell,Huawei
1696767300000,TAR015_01,INTRA_FREQUENCY_HO_OUT_ATT,39.0,900,NRCell,Huawei
1696767300000,TAR015_01,INTRA_FREQUENCY_HO_OUT_SUCC,39.0,900,NRCell,Huawei
1696767300000,TAR015_01,RRC_SETUP_ATT,1478.0,900,NRCell,Huawei
1696767300000,TAR015_01,RRC_SETUP_SUCC,1478.0,900,NRCell,Huawei
1696767300000,TAR015_01,S1SIG_Connection_Setup_SR_DEN,1478.0,900,NRCell,Huawei
1696767300000,TAR015_01,S1SIG_Connection_Setup_SR_NUM,1478.0,900,NRCell,Huawei
1696767300000,TAR015_01,SERVICE_LATENCY_OVER_AIR_INTERFACE_DEN,216349.0,900,NRCell,Huawei
1696767300000,TAR015_01,SERVICE_LATENCY_OVER_AIR_INTERFACE_NUM,313861.0,900,NRCell,Huawei
1696767300000,TAR015_01,VOICE_TRAFFIC,1515.0,900,NRCell,Huawei
1696767300000,TAR015_01,VOLTE_CALL_SETUP_ATT,0.0,900,NRCell,Huawei
1696767300000,TAR015_01,VOLTE_CALL_SETUP_SUCC,0.0,900,NRCell,Huawei
1696767300000,TOL034_01,DCR_DEN,17.0,900,NRCell,Huawei
1696767300000,TOL034_01,DCR_NUM,0.0,900,NRCell,Huawei
1696767300000,TOL034_01,DROP_CALL_VOLTE_DEN,0.0,900,NRCell,Huawei
1696767300000,TOL034_01,DROP_CALL_VOLTE_NUM,0.0,900,NRCell,Huawei
1696767300000,TOL034_01,ERAB_SR_DEN,13.0,900,NRCell,Huawei
1696767300000,TOL034_01,ERAB_SR_NUM,13.0,900,NRCell,Huawei
1696767300000,TOL034_01,INTEGRITY_NGBR_QCI_9,732143944.0,900,NRCell,Huawei
1696767300000,TOL034_01,INTRA_FREQUENCY_HO_OUT_ATT,1.0,900,NRCell,Huawei
1696767300000,TOL034_01,INTRA_FREQUENCY_HO_OUT_SUCC,1.0,900,NRCell,Huawei
1696767300000,TOL034_01,RRC_SETUP_ATT,11.0,900,NRCell,Huawei
1696767300000,TOL034_01,RRC_SETUP_SUCC,11.0,900,NRCell,Huawei
1696767300000,TOL034_01,S1SIG_Connection_Setup_SR_DEN,11.0,900,NRCell,Huawei
1696767300000,TOL034_01,S1SIG_Connection_Setup_SR_NUM,11.0,900,NRCell,Huawei
1696767300000,TOL034_01,SERVICE_LATENCY_OVER_AIR_INTERFACE_DEN,20197.0,900,NRCell,Huawei
1696767300000,TOL034_01,SERVICE_LATENCY_OVER_AIR_INTERFACE_NUM,21577.0,900,NRCell,Huawei
1696767300000,TOL034_01,VOICE_TRAFFIC,0.0,900,NRCell,Huawei
1696767300000,TOL034_01,VOLTE_CALL_SETUP_ATT,0.0,900,NRCell,Huawei
1696767300000,TOL034_01,VOLTE_CALL_SETUP_SUCC,0.0,900,NRCell,Huawei
1696767300000,VAL002_01,DCR_DEN,16.0,900,NRCell,Huawei
1696767300000,VAL002_01,DCR_NUM,0.0,900,NRCell,Huawei
1696767300000,VAL002_01,DROP_CALL_VOLTE_DEN,0.0,900,NRCell,Huawei
1696767300000,VAL002_01,DROP_CALL_VOLTE_NUM,0.0,900,NRCell,Huawei
1696767300000,VAL002_01,ERAB_SR_DEN,16.0,900,NRCell,Huawei
1696767300000,VAL002_01,ERAB_SR_NUM,16.0,900,NRCell,Huawei
1696767300000,VAL002_01,INTEGRITY_NGBR_QCI_9,684744.0,900,NRCell,Huawei
1696767300000,VAL002_01,INTRA_FREQUENCY_HO_OUT_ATT,0.0,900,NRCell,Huawei
1696767300000,VAL002_01,INTRA_FREQUENCY_HO_OUT_SUCC,0.0,900,NRCell,Huawei
1696767300000,VAL002_01,RRC_SETUP_ATT,17.0,900,NRCell,Huawei
1696767300000,VAL002_01,RRC_SETUP_SUCC,17.0,900,NRCell,Huawei
1696767300000,VAL002_01,S1SIG_Connection_Setup_SR_DEN,17.0,900,NRCell,Huawei
1696767300000,VAL002_01,S1SIG_Connection_Setup_SR_NUM,17.0,900,NRCell,Huawei
1696767300000,VAL002_01,SERVICE_LATENCY_OVER_AIR_INTERFACE_DEN,117.0,900,NRCell,Huawei
1696767300000,VAL002_01,SERVICE_LATENCY_OVER_AIR_INTERFACE_NUM,120.0,900,NRCell,Huawei
1696767300000,VAL002_01,VOICE_TRAFFIC,0.0,900,NRCell,Huawei
1696767300000,VAL002_01,VOLTE_CALL_SETUP_ATT,0.0,900,NRCell,Huawei
1696767300000,VAL002_01,VOLTE_CALL_SETUP_SUCC,0.0,900,NRCell,Huawei
