startTime,neId,counterCode,counterValue,granularity,neType,vendorName
1696612500000,BCN014_01,DCR_DEN,4045.0,900,NRCell,Huawei
1696612500000,BCN014_01,DCR_NUM,7.0,900,NRCell,Huawei
1696612500000,BCN014_01,DROP_CALL_VOLTE_DEN,34.0,900,NRCell,Huawei
1696612500000,BCN014_01,DROP_CALL_VOLTE_NUM,1.0,900,NRCell,Huawei
1696612500000,BCN014_01,ERAB_SR_DEN,4018.0,900,NRCell,Huawei
1696612500000,BCN014_01,ERAB_SR_NUM,4015.0,900,NRCell,Huawei
1696612500000,BCN014_01,INTEGRITY_NGBR_QCI_9,13091589856.0,900,NRCell,Huawei
1696612500000,BCN014_01,INTRA_FREQUENCY_HO_OUT_ATT,212.0,900,NRCell,Huawei
1696612500000,BCN014_01,INTRA_FREQUENCY_HO_OUT_SUCC,212.0,900,NRCell,Huawei
1696612500000,BCN014_01,RRC_SETUP_ATT,2323.0,900,NRCell,Huawei
1696612500000,BCN014_01,RRC_SETUP_SUCC,2318.0,900,NRCell,Huawei
1696612500000,BCN014_01,S1SIG_Connection_Setup_SR_DEN,2318.0,900,NRCell,Huawei
1696612500000,BCN014_01,S1SIG_Connection_Setup_SR_NUM,2318.0,900,NRCell,Huawei
1696612500000,BCN014_01,SERVICE_LATENCY_OVER_AIR_INTERFACE_DEN,378477.0,900,NRCell,Huawei
1696612500000,BCN014_01,SERVICE_LATENCY_OVER_AIR_INTERFACE_NUM,715820.0,900,NRCell,Huawei
1696612500000,BCN014_01,VOICE_TRAFFIC,38911.0,900,NRCell,Huawei
1696612500000,BCN014_01,VOLTE_CALL_SETUP_ATT,26.0,900,NRCell,Huawei
1696612500000,BCN014_01,VOLTE_CALL_SETUP_SUCC,25.0,900,NRCell,Huawei
1696612500000,BIL001_01,DCR_DEN,3447.0,900,NRCell,Huawei
1696612500000,BIL001_01,DCR_NUM,1.0,900,NRCell,Huawei
1696612500000,BIL001_01,DROP_CALL_VOLTE_DEN,29.0,900,NRCell,Huawei
1696612500000,BIL001_01,DROP_CALL_VOLTE_NUM,0.0,900,NRCell,Huawei
1696612500000,BIL001_01,ERAB_SR_DEN,3564.0,900,NRCell,Huawei
1696612500000,BIL001_01,ERAB_SR_NUM,3560.0,900,NRCell,Huawei
1696612500000,BIL001_01,INTEGRITY_NGBR_QCI_9,13982315456.0,900,NRCell,Huawei
1696612500000,BIL001_01,INTRA_FREQUENCY_HO_OUT_ATT,206.0,900,NRCell,Huawei
1696612500000,BIL001_01,INTRA_FREQUENCY_HO_OUT_SUCC,206.0,900,NRCell,Huawei
1696612500000,BIL001_01,RRC_SETUP_ATT,2076.0,900,NRCell,Huawei
1696612500000,BIL001_01,RRC_SETUP_SUCC,2047.0,900,NRCell,Huawei
1696612500000,BIL001_01,S1SIG_Connection_Setup_SR_DEN,2047.0,900,NRCell,Huawei
1696612500000,BIL001_01,S1SIG_Connection_Setup_SR_NUM,2047.0,900,NRCell,Huawei
1696612500000,BIL001_01,SERVICE_LATENCY_OVER_AIR_INTERFACE_DEN,445238.0,900,NRCell,Huawei
1696612500000,BIL001_01,SERVICE_LATENCY_OVER_AIR_INTERFACE_NUM,1271053.0,900,NRCell,Huawei
1696612500000,BIL001_01,VOICE_TRAFFIC,29756.0,900,NRCell,Huawei
1696612500000,BIL001_01,VOLTE_CALL_SETUP_ATT,32.0,900,NRCell,Huawei
1696612500000,BIL001_01,VOLTE_CALL_SETUP_SUCC,32.0,900,NRCell,Huawei
1696612500000,MAD033_01,DCR_DEN,1761.0,900,NRCell,Huawei
1696612500000,MAD033_01,DCR_NUM,3.0,900,NRCell,Huawei
1696612500000,MAD033_01,DROP_CALL_VOLTE_DEN,18.0,900,NRCell,Huawei
1696612500000,MAD033_01,DROP_CALL_VOLTE_NUM,0.0,900,NRCell,Huawei
1696612500000,MAD033_01,ERAB_SR_DEN,1767.0,900,NRCell,Huawei
1696612500000,MAD033_01,ERAB_SR_NUM,1766.0,900,NRCell,Huawei
1696612500000,MAD033_01,INTEGRITY_NGBR_QCI_9,7126531600.0,900,NRCell,Huawei
1696612500000,MAD033_01,INTRA_FREQUENCY_HO_OUT_ATT,105.0,900,NRCell,Huawei
1696612500000,MAD033_01,INTRA_FREQUENCY_HO_OUT_SUCC,105.0,900,NRCell,Huawei
1696612500000,MAD033_01,RRC_SETUP_ATT,1036.0,900,NRCell,Huawei
1696612500000,MAD033_01,RRC_SETUP_SUCC,1034.0,900,NRCell,Huawei
1696612500000,MAD033_01,S1SIG_Connection_Setup_SR_DEN,1034.0,900,NRCell,Huawei
1696612500000,MAD033_01,S1SIG_Connection_Setup_SR_NUM,1034.0,900,NRCell,Huawei
1696612500000,MAD033_01,SERVICE_LATENCY_OVER_AIR_INTERFACE_DEN,252551.0,900,NRCell,Huawei
1696612500000,MAD033_01,SERVICE_LATENCY_OVER_AIR_INTERFACE_NUM,332737.0,900,NRCell,Huawei
1696612500000,MAD033_01,VOICE_TRAFFIC,12558.0,900,NRCell,Huawei
1696612500000,MAD033_01,VOLTE_CALL_SETUP_ATT,16.0,900,NRCell,Huawei
1696612500000,MAD033_01,VOLTE_CALL_SETUP_SUCC,16.0,900,NRCell,Huawei
1696612500000,SAL030_01,DCR_DEN,171.0,900,NRCell,Huawei
1696612500000,SAL030_01,DCR_NUM,4.0,900,NRCell,Huawei
1696612500000,SAL030_01,DROP_CALL_VOLTE_DEN,2.0,900,NRCell,Huawei
1696612500000,SAL030_01,DROP_CALL_VOLTE_NUM,1.0,900,NRCell,Huawei
1696612500000,SAL030_01,ERAB_SR_DEN,161.0,900,NRCell,Huawei
1696612500000,SAL030_01,ERAB_SR_NUM,159.0,900,NRCell,Huawei
1696612500000,SAL030_01,INTEGRITY_NGBR_QCI_9,4348016184.0,900,NRCell,Huawei
1696612500000,SAL030_01,INTRA_FREQUENCY_HO_OUT_ATT,10.0,900,NRCell,Huawei
1696612500000,SAL030_01,INTRA_FREQUENCY_HO_OUT_SUCC,10.0,900,NRCell,Huawei
1696612500000,SAL030_01,RRC_SETUP_ATT,91.0,900,NRCell,Huawei
1696612500000,SAL030_01,RRC_SETUP_SUCC,91.0,900,NRCell,Huawei
1696612500000,SAL030_01,S1SIG_Connection_Setup_SR_DEN,91.0,900,NRCell,Huawei
1696612500000,SAL030_01,S1SIG_Connection_Setup_SR_NUM,91.0,900,NRCell,Huawei
1696612500000,SAL030_01,SERVICE_LATENCY_OVER_AIR_INTERFACE_DEN,148514.0,900,NRCell,Huawei
1696612500000,SAL030_01,SERVICE_LATENCY_OVER_AIR_INTERFACE_NUM,243397.0,900,NRCell,Huawei
1696612500000,SAL030_01,VOICE_TRAFFIC,945.0,900,NRCell,Huawei
1696612500000,SAL030_01,VOLTE_CALL_SETUP_ATT,1.0,900,NRCell,Huawei
1696612500000,SAL030_01,VOLTE_CALL_SETUP_SUCC,1.0,900,NRCell,Huawei
1696612500000,SEV001_01,DCR_DEN,4517.0,900,NRCell,Huawei
1696612500000,SEV001_01,DCR_NUM,2.0,900,NRCell,Huawei
1696612500000,SEV001_01,DROP_CALL_VOLTE_DEN,36.0,900,NRCell,Huawei
1696612500000,SEV001_01,DROP_CALL_VOLTE_NUM,0.0,900,NRCell,Huawei
1696612500000,SEV001_01,ERAB_SR_DEN,4514.0,900,NRCell,Huawei
1696612500000,SEV001_01,ERAB_SR_NUM,4513.0,900,NRCell,Huawei
1696612500000,SEV001_01,INTEGRITY_NGBR_QCI_9,16409767072.0,900,NRCell,Huawei
1696612500000,SEV001_01,INTRA_FREQUENCY_HO_OUT_ATT,91.0,900,NRCell,Huawei
1696612500000,SEV001_01,INTRA_FREQUENCY_HO_OUT_SUCC,91.0,900,NRCell,Huawei
1696612500000,SEV001_01,RRC_SETUP_ATT,2417.0,900,NRCell,Huawei
1696612500000,SEV001_01,RRC_SETUP_SUCC,2417.0,900,NRCell,Huawei
1696612500000,SEV001_01,S1SIG_Connection_Setup_SR_DEN,2417.0,900,NRCell,Huawei
1696612500000,SEV001_01,S1SIG_Connection_Setup_SR_NUM,2417.0,900,NRCell,Huawei
1696612500000,SEV001_01,SERVICE_LATENCY_OVER_AIR_INTERFACE_DEN,525942.0,900,NRCell,Huawei
1696612500000,SEV001_01,SERVICE_LATENCY_OVER_AIR_INTERFACE_NUM,942693.0,900,NRCell,Huawei
1696612500000,SEV001_01,VOICE_TRAFFIC,30234.0,900,NRCell,Huawei
1696612500000,SEV001_01,VOLTE_CALL_SETUP_ATT,34.0,900,NRCell,Huawei
1696612500000,SEV001_01,VOLTE_CALL_SETUP_SUCC,34.0,900,NRCell,Huawei
1696612500000,SNT002_01,DCR_DEN,1583.0,900,NRCell,Huawei
1696612500000,SNT002_01,DCR_NUM,1.0,900,NRCell,Huawei
1696612500000,SNT002_01,DROP_CALL_VOLTE_DEN,11.0,900,NRCell,Huawei
1696612500000,SNT002_01,DROP_CALL_VOLTE_NUM,0.0,900,NRCell,Huawei
1696612500000,SNT002_01,ERAB_SR_DEN,1603.0,900,NRCell,Huawei
1696612500000,SNT002_01,ERAB_SR_NUM,1603.0,900,NRCell,Huawei
1696612500000,SNT002_01,INTEGRITY_NGBR_QCI_9,10083683848.0,900,NRCell,Huawei
1696612500000,SNT002_01,INTRA_FREQUENCY_HO_OUT_ATT,112.0,900,NRCell,Huawei
1696612500000,SNT002_01,INTRA_FREQUENCY_HO_OUT_SUCC,112.0,900,NRCell,Huawei
1696612500000,SNT002_01,RRC_SETUP_ATT,909.0,900,NRCell,Huawei
1696612500000,SNT002_01,RRC_SETUP_SUCC,901.0,900,NRCell,Huawei
1696612500000,SNT002_01,S1SIG_Connection_Setup_SR_DEN,901.0,900,NRCell,Huawei
1696612500000,SNT002_01,S1SIG_Connection_Setup_SR_NUM,901.0,900,NRCell,Huawei
1696612500000,SNT002_01,SERVICE_LATENCY_OVER_AIR_INTERFACE_DEN,238625.0,900,NRCell,Huawei
1696612500000,SNT002_01,SERVICE_LATENCY_OVER_AIR_INTERFACE_NUM,372306.0,900,NRCell,Huawei
1696612500000,SNT002_01,VOICE_TRAFFIC,12845.0,900,NRCell,Huawei
1696612500000,SNT002_01,VOLTE_CALL_SETUP_ATT,15.0,900,NRCell,Huawei
1696612500000,SNT002_01,VOLTE_CALL_SETUP_SUCC,15.0,900,NRCell,Huawei
1696612500000,TAR015_01,DCR_DEN,4877.0,900,NRCell,Huawei
1696612500000,TAR015_01,DCR_NUM,2.0,900,NRCell,Huawei
1696612500000,TAR015_01,DROP_CALL_VOLTE_DEN,49.0,900,NRCell,Huawei
1696612500000,TAR015_01,DROP_CALL_VOLTE_NUM,0.0,900,NRCell,Huawei
1696612500000,TAR015_01,ERAB_SR_DEN,4875.0,900,NRCell,Huawei
1696612500000,TAR015_01,ERAB_SR_NUM,4871.0,900,NRCell,Huawei
1696612500000,TAR015_01,INTEGRITY_NGBR_QCI_9,15874608824.0,900,NRCell,Huawei
1696612500000,TAR015_01,INTRA_FREQUENCY_HO_OUT_ATT,129.0,900,NRCell,Huawei
1696612500000,TAR015_01,INTRA_FREQUENCY_HO_OUT_SUCC,129.0,900,NRCell,Huawei
1696612500000,TAR015_01,RRC_SETUP_ATT,2599.0,900,NRCell,Huawei
1696612500000,TAR015_01,RRC_SETUP_SUCC,2597.0,900,NRCell,Huawei
1696612500000,TAR015_01,S1SIG_Connection_Setup_SR_DEN,2597.0,900,NRCell,Huawei
1696612500000,TAR015_01,S1SIG_Connection_Setup_SR_NUM,2597.0,900,NRCell,Huawei
1696612500000,TAR015_01,SERVICE_LATENCY_OVER_AIR_INTERFACE_DEN,637922.0,900,NRCell,Huawei
1696612500000,TAR015_01,SERVICE_LATENCY_OVER_AIR_INTERFACE_NUM,1006598.0,900,NRCell,Huawei
1696612500000,TAR015_01,VOICE_TRAFFIC,43380.0,900,NRCell,Huawei
1696612500000,TAR015_01,VOLTE_CALL_SETUP_ATT,48.0,900,NRCell,Huawei
1696612500000,TAR015_01,VOLTE_CALL_SETUP_SUCC,48.0,900,NRCell,Huawei
1696612500000,TOL034_01,DCR_DEN,204.0,900,NRCell,Huawei
1696612500000,TOL034_01,DCR_NUM,0.0,900,NRCell,Huawei
1696612500000,TOL034_01,DROP_CALL_VOLTE_DEN,1.0,900,NRCell,Huawei
1696612500000,TOL034_01,DROP_CALL_VOLTE_NUM,0.0,900,NRCell,Huawei
1696612500000,TOL034_01,ERAB_SR_DEN,191.0,900,NRCell,Huawei
1696612500000,TOL034_01,ERAB_SR_NUM,190.0,900,NRCell,Huawei
1696612500000,TOL034_01,INTEGRITY_NGBR_QCI_9,1025355272.0,900,NRCell,Huawei
1696612500000,TOL034_01,INTRA_FREQUENCY_HO_OUT_ATT,17.0,900,NRCell,Huawei
1696612500000,TOL034_01,INTRA_FREQUENCY_HO_OUT_SUCC,17.0,900,NRCell,Huawei
1696612500000,TOL034_01,RRC_SETUP_ATT,149.0,900,NRCell,Huawei
1696612500000,TOL034_01,RRC_SETUP_SUCC,148.0,900,NRCell,Huawei
1696612500000,TOL034_01,S1SIG_Connection_Setup_SR_DEN,148.0,900,NRCell,Huawei
1696612500000,TOL034_01,S1SIG_Connection_Setup_SR_NUM,148.0,900,NRCell,Huawei
1696612500000,TOL034_01,SERVICE_LATENCY_OVER_AIR_INTERFACE_DEN,82507.0,900,NRCell,Huawei
1696612500000,TOL034_01,SERVICE_LATENCY_OVER_AIR_INTERFACE_NUM,107237.0,900,NRCell,Huawei
1696612500000,TOL034_01,VOICE_TRAFFIC,2015.0,900,NRCell,Huawei
1696612500000,TOL034_01,VOLTE_CALL_SETUP_ATT,0.0,900,NRCell,Huawei
1696612500000,TOL034_01,VOLTE_CALL_SETUP_SUCC,0.0,900,NRCell,Huawei
1696612500000,VAL002_01,DCR_DEN,31.0,900,NRCell,Huawei
1696612500000,VAL002_01,DCR_NUM,0.0,900,NRCell,Huawei
1696612500000,VAL002_01,DROP_CALL_VOLTE_DEN,2.0,900,NRCell,Huawei
1696612500000,VAL002_01,DROP_CALL_VOLTE_NUM,0.0,900,NRCell,Huawei
1696612500000,VAL002_01,ERAB_SR_DEN,36.0,900,NRCell,Huawei
1696612500000,VAL002_01,ERAB_SR_NUM,36.0,900,NRCell,Huawei
1696612500000,VAL002_01,INTEGRITY_NGBR_QCI_9,743809128.0,900,NRCell,Huawei
1696612500000,VAL002_01,INTRA_FREQUENCY_HO_OUT_ATT,4.0,900,NRCell,Huawei
1696612500000,VAL002_01,INTRA_FREQUENCY_HO_OUT_SUCC,4.0,900,NRCell,Huawei
1696612500000,VAL002_01,RRC_SETUP_ATT,30.0,900,NRCell,Huawei
1696612500000,VAL002_01,RRC_SETUP_SUCC,29.0,900,NRCell,Huawei
1696612500000,VAL002_01,S1SIG_Connection_Setup_SR_DEN,29.0,900,NRCell,Huawei
1696612500000,VAL002_01,S1SIG_Connection_Setup_SR_NUM,29.0,900,NRCell,Huawei
1696612500000,VAL002_01,SERVICE_LATENCY_OVER_AIR_INTERFACE_DEN,2804.0,900,NRCell,Huawei
1696612500000,VAL002_01,SERVICE_LATENCY_OVER_AIR_INTERFACE_NUM,5405.0,900,NRCell,Huawei
1696612500000,VAL002_01,VOICE_TRAFFIC,24.0,900,NRCell,Huawei
1696612500000,VAL002_01,VOLTE_CALL_SETUP_ATT,1.0,900,NRCell,Huawei
1696612500000,VAL002_01,VOLTE_CALL_SETUP_SUCC,1.0,900,NRCell,Huawei
