startTime,neId,counterCode,counterValue,granularity,neType,vendorName
1696756500000,BCN014_01,DCR_DEN,1299.0,900,NRCell,Huawei
1696756500000,BCN014_01,DCR_NUM,0.0,900,NRCell,Huawei
1696756500000,BCN014_01,DROP_CALL_VOLTE_DEN,0.0,900,NRCell,Huawei
1696756500000,BCN014_01,DROP_CALL_VOLTE_NUM,0.0,900,NRCell,Huawei
1696756500000,BCN014_01,ERAB_SR_DEN,1295.0,900,NRCell,Huawei
1696756500000,BCN014_01,ERAB_SR_NUM,1295.0,900,NRCell,Huawei
1696756500000,BCN014_01,INTEGRITY_NGBR_QCI_9,1453083984.0,900,NRCell,Huawei
1696756500000,BCN014_01,INTRA_FREQUENCY_HO_OUT_ATT,25.0,900,NRCell,Huawei
1696756500000,BCN014_01,INTRA_FREQUENCY_HO_OUT_SUCC,25.0,900,NRCell,Huawei
1696756500000,BCN014_01,RRC_SETUP_ATT,832.0,900,NRCell,Huawei
1696756500000,BCN014_01,RRC_SETUP_SUCC,831.0,900,NRCell,Huawei
1696756500000,BCN014_01,S1SIG_Connection_Setup_SR_DEN,831.0,900,NRCell,Huawei
1696756500000,BCN014_01,S1SIG_Connection_Setup_SR_NUM,831.0,900,NRCell,Huawei
1696756500000,BCN014_01,SERVICE_LATENCY_OVER_AIR_INTERFACE_DEN,90164.0,900,NRCell,Huawei
1696756500000,BCN014_01,SERVICE_LATENCY_OVER_AIR_INTERFACE_NUM,104470.0,900,NRCell,Huawei
1696756500000,BCN014_01,VOICE_TRAFFIC,42.0,900,NRCell,Huawei
1696756500000,BCN014_01,VOLTE_CALL_SETUP_ATT,0.0,900,NRCell,Huawei
1696756500000,BCN014_01,VOLTE_CALL_SETUP_SUCC,0.0,900,NRCell,Huawei
1696756500000,BIL001_01,DCR_DEN,1333.0,900,NRCell,Huawei
1696756500000,BIL001_01,DCR_NUM,0.0,900,NRCell,Huawei
1696756500000,BIL001_01,DROP_CALL_VOLTE_DEN,2.0,900,NRCell,Huawei
1696756500000,BIL001_01,DROP_CALL_VOLTE_NUM,0.0,900,NRCell,Huawei
1696756500000,BIL001_01,ERAB_SR_DEN,1351.0,900,NRCell,Huawei
1696756500000,BIL001_01,ERAB_SR_NUM,1351.0,900,NRCell,Huawei
1696756500000,BIL001_01,INTEGRITY_NGBR_QCI_9,6399159072.0,900,NRCell,Huawei
1696756500000,BIL001_01,INTRA_FREQUENCY_HO_OUT_ATT,32.0,900,NRCell,Huawei
1696756500000,BIL001_01,INTRA_FREQUENCY_HO_OUT_SUCC,32.0,900,NRCell,Huawei
1696756500000,BIL001_01,RRC_SETUP_ATT,809.0,900,NRCell,Huawei
1696756500000,BIL001_01,RRC_SETUP_SUCC,809.0,900,NRCell,Huawei
1696756500000,BIL001_01,S1SIG_Connection_Setup_SR_DEN,809.0,900,NRCell,Huawei
1696756500000,BIL001_01,S1SIG_Connection_Setup_SR_NUM,809.0,900,NRCell,Huawei
1696756500000,BIL001_01,SERVICE_LATENCY_OVER_AIR_INTERFACE_DEN,50906.0,900,NRCell,Huawei
1696756500000,BIL001_01,SERVICE_LATENCY_OVER_AIR_INTERFACE_NUM,66202.0,900,NRCell,Huawei
1696756500000,BIL001_01,VOICE_TRAFFIC,2984.0,900,NRCell,Huawei
1696756500000,BIL001_01,VOLTE_CALL_SETUP_ATT,2.0,900,NRCell,Huawei
1696756500000,BIL001_01,VOLTE_CALL_SETUP_SUCC,2.0,900,NRCell,Huawei
1696756500000,MAD033_01,DCR_DEN,725.0,900,NRCell,Huawei
1696756500000,MAD033_01,DCR_NUM,0.0,900,NRCell,Huawei
1696756500000,MAD033_01,DROP_CALL_VOLTE_DEN,0.0,900,NRCell,Huawei
1696756500000,MAD033_01,DROP_CALL_VOLTE_NUM,0.0,900,NRCell,Huawei
1696756500000,MAD033_01,ERAB_SR_DEN,714.0,900,NRCell,Huawei
1696756500000,MAD033_01,ERAB_SR_NUM,714.0,900,NRCell,Huawei
1696756500000,MAD033_01,INTEGRITY_NGBR_QCI_9,1918665264.0,900,NRCell,Huawei
1696756500000,MAD033_01,INTRA_FREQUENCY_HO_OUT_ATT,5.0,900,NRCell,Huawei
1696756500000,MAD033_01,INTRA_FREQUENCY_HO_OUT_SUCC,5.0,900,NRCell,Huawei
1696756500000,MAD033_01,RRC_SETUP_ATT,406.0,900,NRCell,Huawei
1696756500000,MAD033_01,RRC_SETUP_SUCC,406.0,900,NRCell,Huawei
1696756500000,MAD033_01,S1SIG_Connection_Setup_SR_DEN,406.0,900,NRCell,Huawei
1696756500000,MAD033_01,S1SIG_Connection_Setup_SR_NUM,406.0,900,NRCell,Huawei
1696756500000,MAD033_01,SERVICE_LATENCY_OVER_AIR_INTERFACE_DEN,49791.0,900,NRCell,Huawei
1696756500000,MAD033_01,SERVICE_LATENCY_OVER_AIR_INTERFACE_NUM,52181.0,900,NRCell,Huawei
1696756500000,MAD033_01,VOICE_TRAFFIC,0.0,900,NRCell,Huawei
1696756500000,MAD033_01,VOLTE_CALL_SETUP_ATT,0.0,900,NRCell,Huawei
1696756500000,MAD033_01,VOLTE_CALL_SETUP_SUCC,0.0,900,NRCell,Huawei
1696756500000,SAL030_01,DCR_DEN,178.0,900,NRCell,Huawei
1696756500000,SAL030_01,DCR_NUM,0.0,900,NRCell,Huawei
1696756500000,SAL030_01,DROP_CALL_VOLTE_DEN,0.0,900,NRCell,Huawei
1696756500000,SAL030_01,DROP_CALL_VOLTE_NUM,0.0,900,NRCell,Huawei
1696756500000,SAL030_01,ERAB_SR_DEN,178.0,900,NRCell,Huawei
1696756500000,SAL030_01,ERAB_SR_NUM,178.0,900,NRCell,Huawei
1696756500000,SAL030_01,INTEGRITY_NGBR_QCI_9,48035048.0,900,NRCell,Huawei
1696756500000,SAL030_01,INTRA_FREQUENCY_HO_OUT_ATT,0.0,900,NRCell,Huawei
1696756500000,SAL030_01,INTRA_FREQUENCY_HO_OUT_SUCC,0.0,900,NRCell,Huawei
1696756500000,SAL030_01,RRC_SETUP_ATT,105.0,900,NRCell,Huawei
1696756500000,SAL030_01,RRC_SETUP_SUCC,105.0,900,NRCell,Huawei
1696756500000,SAL030_01,S1SIG_Connection_Setup_SR_DEN,105.0,900,NRCell,Huawei
1696756500000,SAL030_01,S1SIG_Connection_Setup_SR_NUM,105.0,900,NRCell,Huawei
1696756500000,SAL030_01,SERVICE_LATENCY_OVER_AIR_INTERFACE_DEN,23261.0,900,NRCell,Huawei
1696756500000,SAL030_01,SERVICE_LATENCY_OVER_AIR_INTERFACE_NUM,63699.0,900,NRCell,Huawei
1696756500000,SAL030_01,VOICE_TRAFFIC,6494.0,900,NRCell,Huawei
1696756500000,SAL030_01,VOLTE_CALL_SETUP_ATT,1.0,900,NRCell,Huawei
1696756500000,SAL030_01,VOLTE_CALL_SETUP_SUCC,1.0,900,NRCell,Huawei
1696756500000,SEV001_01,DCR_DEN,2390.0,900,NRCell,Huawei
1696756500000,SEV001_01,DCR_NUM,0.0,900,NRCell,Huawei
1696756500000,SEV001_01,DROP_CALL_VOLTE_DEN,6.0,900,NRCell,Huawei
1696756500000,SEV001_01,DROP_CALL_VOLTE_NUM,0.0,900,NRCell,Huawei
1696756500000,SEV001_01,ERAB_SR_DEN,2377.0,900,NRCell,Huawei
1696756500000,SEV001_01,ERAB_SR_NUM,2377.0,900,NRCell,Huawei
1696756500000,SEV001_01,INTEGRITY_NGBR_QCI_9,3183095408.0,900,NRCell,Huawei
1696756500000,SEV001_01,INTRA_FREQUENCY_HO_OUT_ATT,20.0,900,NRCell,Huawei
1696756500000,SEV001_01,INTRA_FREQUENCY_HO_OUT_SUCC,20.0,900,NRCell,Huawei
1696756500000,SEV001_01,RRC_SETUP_ATT,1359.0,900,NRCell,Huawei
1696756500000,SEV001_01,RRC_SETUP_SUCC,1359.0,900,NRCell,Huawei
1696756500000,SEV001_01,S1SIG_Connection_Setup_SR_DEN,1359.0,900,NRCell,Huawei
1696756500000,SEV001_01,S1SIG_Connection_Setup_SR_NUM,1359.0,900,NRCell,Huawei
1696756500000,SEV001_01,SERVICE_LATENCY_OVER_AIR_INTERFACE_DEN,71455.0,900,NRCell,Huawei
1696756500000,SEV001_01,SERVICE_LATENCY_OVER_AIR_INTERFACE_NUM,111545.0,900,NRCell,Huawei
1696756500000,SEV001_01,VOICE_TRAFFIC,3447.0,900,NRCell,Huawei
1696756500000,SEV001_01,VOLTE_CALL_SETUP_ATT,3.0,900,NRCell,Huawei
1696756500000,SEV001_01,VOLTE_CALL_SETUP_SUCC,3.0,900,NRCell,Huawei
1696756500000,SNT002_01,DCR_DEN,590.0,900,NRCell,Huawei
1696756500000,SNT002_01,DCR_NUM,0.0,900,NRCell,Huawei
1696756500000,SNT002_01,DROP_CALL_VOLTE_DEN,0.0,900,NRCell,Huawei
1696756500000,SNT002_01,DROP_CALL_VOLTE_NUM,0.0,900,NRCell,Huawei
1696756500000,SNT002_01,ERAB_SR_DEN,597.0,900,NRCell,Huawei
1696756500000,SNT002_01,ERAB_SR_NUM,597.0,900,NRCell,Huawei
1696756500000,SNT002_01,INTEGRITY_NGBR_QCI_9,529338712.0,900,NRCell,Huawei
1696756500000,SNT002_01,INTRA_FREQUENCY_HO_OUT_ATT,8.0,900,NRCell,Huawei
1696756500000,SNT002_01,INTRA_FREQUENCY_HO_OUT_SUCC,8.0,900,NRCell,Huawei
1696756500000,SNT002_01,RRC_SETUP_ATT,353.0,900,NRCell,Huawei
1696756500000,SNT002_01,RRC_SETUP_SUCC,353.0,900,NRCell,Huawei
1696756500000,SNT002_01,S1SIG_Connection_Setup_SR_DEN,353.0,900,NRCell,Huawei
1696756500000,SNT002_01,S1SIG_Connection_Setup_SR_NUM,353.0,900,NRCell,Huawei
1696756500000,SNT002_01,SERVICE_LATENCY_OVER_AIR_INTERFACE_DEN,16312.0,900,NRCell,Huawei
1696756500000,SNT002_01,SERVICE_LATENCY_OVER_AIR_INTERFACE_NUM,20719.0,900,NRCell,Huawei
1696756500000,SNT002_01,VOICE_TRAFFIC,0.0,900,NRCell,Huawei
1696756500000,SNT002_01,VOLTE_CALL_SETUP_ATT,0.0,900,NRCell,Huawei
1696756500000,SNT002_01,VOLTE_CALL_SETUP_SUCC,0.0,900,NRCell,Huawei
1696756500000,TAR015_01,DCR_DEN,2681.0,900,NRCell,Huawei
1696756500000,TAR015_01,DCR_NUM,0.0,900,NRCell,Huawei
1696756500000,TAR015_01,DROP_CALL_VOLTE_DEN,2.0,900,NRCell,Huawei
1696756500000,TAR015_01,DROP_CALL_VOLTE_NUM,0.0,900,NRCell,Huawei
1696756500000,TAR015_01,ERAB_SR_DEN,2650.0,900,NRCell,Huawei
1696756500000,TAR015_01,ERAB_SR_NUM,2650.0,900,NRCell,Huawei
1696756500000,TAR015_01,INTEGRITY_NGBR_QCI_9,5209296096.0,900,NRCell,Huawei
1696756500000,TAR015_01,INTRA_FREQUENCY_HO_OUT_ATT,27.0,900,NRCell,Huawei
1696756500000,TAR015_01,INTRA_FREQUENCY_HO_OUT_SUCC,27.0,900,NRCell,Huawei
1696756500000,TAR015_01,RRC_SETUP_ATT,1533.0,900,NRCell,Huawei
1696756500000,TAR015_01,RRC_SETUP_SUCC,1533.0,900,NRCell,Huawei
1696756500000,TAR015_01,S1SIG_Connection_Setup_SR_DEN,1533.0,900,NRCell,Huawei
1696756500000,TAR015_01,S1SIG_Connection_Setup_SR_NUM,1533.0,900,NRCell,Huawei
1696756500000,TAR015_01,SERVICE_LATENCY_OVER_AIR_INTERFACE_DEN,94778.0,900,NRCell,Huawei
1696756500000,TAR015_01,SERVICE_LATENCY_OVER_AIR_INTERFACE_NUM,120226.0,900,NRCell,Huawei
1696756500000,TAR015_01,VOICE_TRAFFIC,766.0,900,NRCell,Huawei
1696756500000,TAR015_01,VOLTE_CALL_SETUP_ATT,2.0,900,NRCell,Huawei
1696756500000,TAR015_01,VOLTE_CALL_SETUP_SUCC,2.0,900,NRCell,Huawei
1696756500000,TOL034_01,DCR_DEN,51.0,900,NRCell,Huawei
1696756500000,TOL034_01,DCR_NUM,0.0,900,NRCell,Huawei
1696756500000,TOL034_01,DROP_CALL_VOLTE_DEN,0.0,900,NRCell,Huawei
1696756500000,TOL034_01,DROP_CALL_VOLTE_NUM,0.0,900,NRCell,Huawei
1696756500000,TOL034_01,ERAB_SR_DEN,44.0,900,NRCell,Huawei
1696756500000,TOL034_01,ERAB_SR_NUM,44.0,900,NRCell,Huawei
1696756500000,TOL034_01,INTEGRITY_NGBR_QCI_9,211631120.0,900,NRCell,Huawei
1696756500000,TOL034_01,INTRA_FREQUENCY_HO_OUT_ATT,11.0,900,NRCell,Huawei
1696756500000,TOL034_01,INTRA_FREQUENCY_HO_OUT_SUCC,11.0,900,NRCell,Huawei
1696756500000,TOL034_01,RRC_SETUP_ATT,25.0,900,NRCell,Huawei
1696756500000,TOL034_01,RRC_SETUP_SUCC,25.0,900,NRCell,Huawei
1696756500000,TOL034_01,S1SIG_Connection_Setup_SR_DEN,25.0,900,NRCell,Huawei
1696756500000,TOL034_01,S1SIG_Connection_Setup_SR_NUM,25.0,900,NRCell,Huawei
1696756500000,TOL034_01,SERVICE_LATENCY_OVER_AIR_INTERFACE_DEN,6673.0,900,NRCell,Huawei
1696756500000,TOL034_01,SERVICE_LATENCY_OVER_AIR_INTERFACE_NUM,12118.0,900,NRCell,Huawei
1696756500000,TOL034_01,VOICE_TRAFFIC,29.0,900,NRCell,Huawei
1696756500000,TOL034_01,VOLTE_CALL_SETUP_ATT,0.0,900,NRCell,Huawei
1696756500000,TOL034_01,VOLTE_CALL_SETUP_SUCC,0.0,900,NRCell,Huawei
1696756500000,VAL002_01,DCR_DEN,8.0,900,NRCell,Huawei
1696756500000,VAL002_01,DCR_NUM,0.0,900,NRCell,Huawei
1696756500000,VAL002_01,DROP_CALL_VOLTE_DEN,0.0,900,NRCell,Huawei
1696756500000,VAL002_01,DROP_CALL_VOLTE_NUM,0.0,900,NRCell,Huawei
1696756500000,VAL002_01,ERAB_SR_DEN,9.0,900,NRCell,Huawei
1696756500000,VAL002_01,ERAB_SR_NUM,9.0,900,NRCell,Huawei
1696756500000,VAL002_01,INTEGRITY_NGBR_QCI_9,149688.0,900,NRCell,Huawei
1696756500000,VAL002_01,INTRA_FREQUENCY_HO_OUT_ATT,2.0,900,NRCell,Huawei
1696756500000,VAL002_01,INTRA_FREQUENCY_HO_OUT_SUCC,2.0,900,NRCell,Huawei
1696756500000,VAL002_01,RRC_SETUP_ATT,10.0,900,NRCell,Huawei
1696756500000,VAL002_01,RRC_SETUP_SUCC,10.0,900,NRCell,Huawei
1696756500000,VAL002_01,S1SIG_Connection_Setup_SR_DEN,10.0,900,NRCell,Huawei
1696756500000,VAL002_01,S1SIG_Connection_Setup_SR_NUM,10.0,900,NRCell,Huawei
1696756500000,VAL002_01,SERVICE_LATENCY_OVER_AIR_INTERFACE_DEN,68.0,900,NRCell,Huawei
1696756500000,VAL002_01,SERVICE_LATENCY_OVER_AIR_INTERFACE_NUM,72.0,900,NRCell,Huawei
1696756500000,VAL002_01,VOICE_TRAFFIC,2.0,900,NRCell,Huawei
1696756500000,VAL002_01,VOLTE_CALL_SETUP_ATT,1.0,900,NRCell,Huawei
1696756500000,VAL002_01,VOLTE_CALL_SETUP_SUCC,1.0,900,NRCell,Huawei
