startTime,neId,counterCode,counterValue,granularity,neType,vendorName
1696626000000,BCN014_01,DCR_DEN,4165.0,900,NRCell,Huawei
1696626000000,BCN014_01,DCR_NUM,2.0,900,NRCell,Huawei
1696626000000,BCN014_01,DROP_CALL_VOLTE_DEN,36.0,900,NRCell,Huawei
1696626000000,BCN014_01,DROP_CALL_VOLTE_NUM,0.0,900,NRCell,Huawei
1696626000000,BCN014_01,ERAB_SR_DEN,4100.0,900,NRCell,Huawei
1696626000000,BCN014_01,ERAB_SR_NUM,4092.0,900,NRCell,Huawei
1696626000000,BCN014_01,INTEGRITY_NGBR_QCI_9,17428167560.0,900,NRCell,Huawei
1696626000000,BCN014_01,INTRA_FREQUENCY_HO_OUT_ATT,322.0,900,NRCell,Huawei
1696626000000,BCN014_01,INTRA_FREQUENCY_HO_OUT_SUCC,321.0,900,NRCell,Huawei
1696626000000,BCN014_01,RRC_SETUP_ATT,2354.0,900,NRCell,Huawei
1696626000000,BCN014_01,RRC_SETUP_SUCC,2344.0,900,NRCell,Huawei
1696626000000,BCN014_01,S1SIG_Connection_Setup_SR_DEN,2344.0,900,NRCell,Huawei
1696626000000,BCN014_01,S1SIG_Connection_Setup_SR_NUM,2343.0,900,NRCell,Huawei
1696626000000,BCN014_01,SERVICE_LATENCY_OVER_AIR_INTERFACE_DEN,422368.0,900,NRCell,Huawei
1696626000000,BCN014_01,SERVICE_LATENCY_OVER_AIR_INTERFACE_NUM,1137993.0,900,NRCell,Huawei
1696626000000,BCN014_01,VOICE_TRAFFIC,25148.0,900,NRCell,Huawei
1696626000000,BCN014_01,VOLTE_CALL_SETUP_ATT,34.0,900,NRCell,Huawei
1696626000000,BCN014_01,VOLTE_CALL_SETUP_SUCC,34.0,900,NRCell,Huawei
1696626000000,BIL001_01,DCR_DEN,3637.0,900,NRCell,Huawei
1696626000000,BIL001_01,DCR_NUM,2.0,900,NRCell,Huawei
1696626000000,BIL001_01,DROP_CALL_VOLTE_DEN,35.0,900,NRCell,Huawei
1696626000000,BIL001_01,DROP_CALL_VOLTE_NUM,0.0,900,NRCell,Huawei
1696626000000,BIL001_01,ERAB_SR_DEN,3614.0,900,NRCell,Huawei
1696626000000,BIL001_01,ERAB_SR_NUM,3607.0,900,NRCell,Huawei
1696626000000,BIL001_01,INTEGRITY_NGBR_QCI_9,17020313384.0,900,NRCell,Huawei
1696626000000,BIL001_01,INTRA_FREQUENCY_HO_OUT_ATT,246.0,900,NRCell,Huawei
1696626000000,BIL001_01,INTRA_FREQUENCY_HO_OUT_SUCC,246.0,900,NRCell,Huawei
1696626000000,BIL001_01,RRC_SETUP_ATT,2109.0,900,NRCell,Huawei
1696626000000,BIL001_01,RRC_SETUP_SUCC,2079.0,900,NRCell,Huawei
1696626000000,BIL001_01,S1SIG_Connection_Setup_SR_DEN,2079.0,900,NRCell,Huawei
1696626000000,BIL001_01,S1SIG_Connection_Setup_SR_NUM,2079.0,900,NRCell,Huawei
1696626000000,BIL001_01,SERVICE_LATENCY_OVER_AIR_INTERFACE_DEN,494612.0,900,NRCell,Huawei
1696626000000,BIL001_01,SERVICE_LATENCY_OVER_AIR_INTERFACE_NUM,975982.0,900,NRCell,Huawei
1696626000000,BIL001_01,VOICE_TRAFFIC,45592.0,900,NRCell,Huawei
1696626000000,BIL001_01,VOLTE_CALL_SETUP_ATT,35.0,900,NRCell,Huawei
1696626000000,BIL001_01,VOLTE_CALL_SETUP_SUCC,35.0,900,NRCell,Huawei
1696626000000,MAD033_01,DCR_DEN,1421.0,900,NRCell,Huawei
1696626000000,MAD033_01,DCR_NUM,0.0,900,NRCell,Huawei
1696626000000,MAD033_01,DROP_CALL_VOLTE_DEN,19.0,900,NRCell,Huawei
1696626000000,MAD033_01,DROP_CALL_VOLTE_NUM,0.0,900,NRCell,Huawei
1696626000000,MAD033_01,ERAB_SR_DEN,1426.0,900,NRCell,Huawei
1696626000000,MAD033_01,ERAB_SR_NUM,1425.0,900,NRCell,Huawei
1696626000000,MAD033_01,INTEGRITY_NGBR_QCI_9,7407595552.0,900,NRCell,Huawei
1696626000000,MAD033_01,INTRA_FREQUENCY_HO_OUT_ATT,124.0,900,NRCell,Huawei
1696626000000,MAD033_01,INTRA_FREQUENCY_HO_OUT_SUCC,124.0,900,NRCell,Huawei
1696626000000,MAD033_01,RRC_SETUP_ATT,820.0,900,NRCell,Huawei
1696626000000,MAD033_01,RRC_SETUP_SUCC,820.0,900,NRCell,Huawei
1696626000000,MAD033_01,S1SIG_Connection_Setup_SR_DEN,820.0,900,NRCell,Huawei
1696626000000,MAD033_01,S1SIG_Connection_Setup_SR_NUM,820.0,900,NRCell,Huawei
1696626000000,MAD033_01,SERVICE_LATENCY_OVER_AIR_INTERFACE_DEN,266822.0,900,NRCell,Huawei
1696626000000,MAD033_01,SERVICE_LATENCY_OVER_AIR_INTERFACE_NUM,341103.0,900,NRCell,Huawei
1696626000000,MAD033_01,VOICE_TRAFFIC,20379.0,900,NRCell,Huawei
1696626000000,MAD033_01,VOLTE_CALL_SETUP_ATT,18.0,900,NRCell,Huawei
1696626000000,MAD033_01,VOLTE_CALL_SETUP_SUCC,18.0,900,NRCell,Huawei
1696626000000,SAL030_01,DCR_DEN,305.0,900,NRCell,Huawei
1696626000000,SAL030_01,DCR_NUM,1.0,900,NRCell,Huawei
1696626000000,SAL030_01,DROP_CALL_VOLTE_DEN,3.0,900,NRCell,Huawei
1696626000000,SAL030_01,DROP_CALL_VOLTE_NUM,0.0,900,NRCell,Huawei
1696626000000,SAL030_01,ERAB_SR_DEN,294.0,900,NRCell,Huawei
1696626000000,SAL030_01,ERAB_SR_NUM,294.0,900,NRCell,Huawei
1696626000000,SAL030_01,INTEGRITY_NGBR_QCI_9,1264923544.0,900,NRCell,Huawei
1696626000000,SAL030_01,INTRA_FREQUENCY_HO_OUT_ATT,19.0,900,NRCell,Huawei
1696626000000,SAL030_01,INTRA_FREQUENCY_HO_OUT_SUCC,19.0,900,NRCell,Huawei
1696626000000,SAL030_01,RRC_SETUP_ATT,172.0,900,NRCell,Huawei
1696626000000,SAL030_01,RRC_SETUP_SUCC,171.0,900,NRCell,Huawei
1696626000000,SAL030_01,S1SIG_Connection_Setup_SR_DEN,171.0,900,NRCell,Huawei
1696626000000,SAL030_01,S1SIG_Connection_Setup_SR_NUM,171.0,900,NRCell,Huawei
1696626000000,SAL030_01,SERVICE_LATENCY_OVER_AIR_INTERFACE_DEN,66927.0,900,NRCell,Huawei
1696626000000,SAL030_01,SERVICE_LATENCY_OVER_AIR_INTERFACE_NUM,131655.0,900,NRCell,Huawei
1696626000000,SAL030_01,VOICE_TRAFFIC,2343.0,900,NRCell,Huawei
1696626000000,SAL030_01,VOLTE_CALL_SETUP_ATT,2.0,900,NRCell,Huawei
1696626000000,SAL030_01,VOLTE_CALL_SETUP_SUCC,2.0,900,NRCell,Huawei
1696626000000,SEV001_01,DCR_DEN,3909.0,900,NRCell,Huawei
1696626000000,SEV001_01,DCR_NUM,2.0,900,NRCell,Huawei
1696626000000,SEV001_01,DROP_CALL_VOLTE_DEN,48.0,900,NRCell,Huawei
1696626000000,SEV001_01,DROP_CALL_VOLTE_NUM,0.0,900,NRCell,Huawei
1696626000000,SEV001_01,ERAB_SR_DEN,3888.0,900,NRCell,Huawei
1696626000000,SEV001_01,ERAB_SR_NUM,3885.0,900,NRCell,Huawei
1696626000000,SEV001_01,INTEGRITY_NGBR_QCI_9,14274703584.0,900,NRCell,Huawei
1696626000000,SEV001_01,INTRA_FREQUENCY_HO_OUT_ATT,127.0,900,NRCell,Huawei
1696626000000,SEV001_01,INTRA_FREQUENCY_HO_OUT_SUCC,123.0,900,NRCell,Huawei
1696626000000,SEV001_01,RRC_SETUP_ATT,2122.0,900,NRCell,Huawei
1696626000000,SEV001_01,RRC_SETUP_SUCC,2119.0,900,NRCell,Huawei
1696626000000,SEV001_01,S1SIG_Connection_Setup_SR_DEN,2119.0,900,NRCell,Huawei
1696626000000,SEV001_01,S1SIG_Connection_Setup_SR_NUM,2118.0,900,NRCell,Huawei
1696626000000,SEV001_01,SERVICE_LATENCY_OVER_AIR_INTERFACE_DEN,462368.0,900,NRCell,Huawei
1696626000000,SEV001_01,SERVICE_LATENCY_OVER_AIR_INTERFACE_NUM,781023.0,900,NRCell,Huawei
1696626000000,SEV001_01,VOICE_TRAFFIC,30631.0,900,NRCell,Huawei
1696626000000,SEV001_01,VOLTE_CALL_SETUP_ATT,54.0,900,NRCell,Huawei
1696626000000,SEV001_01,VOLTE_CALL_SETUP_SUCC,54.0,900,NRCell,Huawei
1696626000000,SNT002_01,DCR_DEN,1578.0,900,NRCell,Huawei
1696626000000,SNT002_01,DCR_NUM,1.0,900,NRCell,Huawei
1696626000000,SNT002_01,DROP_CALL_VOLTE_DEN,24.0,900,NRCell,Huawei
1696626000000,SNT002_01,DROP_CALL_VOLTE_NUM,0.0,900,NRCell,Huawei
1696626000000,SNT002_01,ERAB_SR_DEN,1595.0,900,NRCell,Huawei
1696626000000,SNT002_01,ERAB_SR_NUM,1592.0,900,NRCell,Huawei
1696626000000,SNT002_01,INTEGRITY_NGBR_QCI_9,5388419136.0,900,NRCell,Huawei
1696626000000,SNT002_01,INTRA_FREQUENCY_HO_OUT_ATT,100.0,900,NRCell,Huawei
1696626000000,SNT002_01,INTRA_FREQUENCY_HO_OUT_SUCC,100.0,900,NRCell,Huawei
1696626000000,SNT002_01,RRC_SETUP_ATT,894.0,900,NRCell,Huawei
1696626000000,SNT002_01,RRC_SETUP_SUCC,893.0,900,NRCell,Huawei
1696626000000,SNT002_01,S1SIG_Connection_Setup_SR_DEN,893.0,900,NRCell,Huawei
1696626000000,SNT002_01,S1SIG_Connection_Setup_SR_NUM,893.0,900,NRCell,Huawei
1696626000000,SNT002_01,SERVICE_LATENCY_OVER_AIR_INTERFACE_DEN,153348.0,900,NRCell,Huawei
1696626000000,SNT002_01,SERVICE_LATENCY_OVER_AIR_INTERFACE_NUM,183641.0,900,NRCell,Huawei
1696626000000,SNT002_01,VOICE_TRAFFIC,14488.0,900,NRCell,Huawei
1696626000000,SNT002_01,VOLTE_CALL_SETUP_ATT,16.0,900,NRCell,Huawei
1696626000000,SNT002_01,VOLTE_CALL_SETUP_SUCC,16.0,900,NRCell,Huawei
1696626000000,TAR015_01,DCR_DEN,4670.0,900,NRCell,Huawei
1696626000000,TAR015_01,DCR_NUM,3.0,900,NRCell,Huawei
1696626000000,TAR015_01,DROP_CALL_VOLTE_DEN,51.0,900,NRCell,Huawei
1696626000000,TAR015_01,DROP_CALL_VOLTE_NUM,0.0,900,NRCell,Huawei
1696626000000,TAR015_01,ERAB_SR_DEN,4610.0,900,NRCell,Huawei
1696626000000,TAR015_01,ERAB_SR_NUM,4606.0,900,NRCell,Huawei
1696626000000,TAR015_01,INTEGRITY_NGBR_QCI_9,17939409336.0,900,NRCell,Huawei
1696626000000,TAR015_01,INTRA_FREQUENCY_HO_OUT_ATT,166.0,900,NRCell,Huawei
1696626000000,TAR015_01,INTRA_FREQUENCY_HO_OUT_SUCC,166.0,900,NRCell,Huawei
1696626000000,TAR015_01,RRC_SETUP_ATT,2456.0,900,NRCell,Huawei
1696626000000,TAR015_01,RRC_SETUP_SUCC,2456.0,900,NRCell,Huawei
1696626000000,TAR015_01,S1SIG_Connection_Setup_SR_DEN,2456.0,900,NRCell,Huawei
1696626000000,TAR015_01,S1SIG_Connection_Setup_SR_NUM,2456.0,900,NRCell,Huawei
1696626000000,TAR015_01,SERVICE_LATENCY_OVER_AIR_INTERFACE_DEN,641007.0,900,NRCell,Huawei
1696626000000,TAR015_01,SERVICE_LATENCY_OVER_AIR_INTERFACE_NUM,1147654.0,900,NRCell,Huawei
1696626000000,TAR015_01,VOICE_TRAFFIC,49207.0,900,NRCell,Huawei
1696626000000,TAR015_01,VOLTE_CALL_SETUP_ATT,42.0,900,NRCell,Huawei
1696626000000,TAR015_01,VOLTE_CALL_SETUP_SUCC,42.0,900,NRCell,Huawei
1696626000000,TOL034_01,DCR_DEN,230.0,900,NRCell,Huawei
1696626000000,TOL034_01,DCR_NUM,0.0,900,NRCell,Huawei
1696626000000,TOL034_01,DROP_CALL_VOLTE_DEN,1.0,900,NRCell,Huawei
1696626000000,TOL034_01,DROP_CALL_VOLTE_NUM,0.0,900,NRCell,Huawei
1696626000000,TOL034_01,ERAB_SR_DEN,213.0,900,NRCell,Huawei
1696626000000,TOL034_01,ERAB_SR_NUM,212.0,900,NRCell,Huawei
1696626000000,TOL034_01,INTEGRITY_NGBR_QCI_9,2253082424.0,900,NRCell,Huawei
1696626000000,TOL034_01,INTRA_FREQUENCY_HO_OUT_ATT,31.0,900,NRCell,Huawei
1696626000000,TOL034_01,INTRA_FREQUENCY_HO_OUT_SUCC,30.0,900,NRCell,Huawei
1696626000000,TOL034_01,RRC_SETUP_ATT,169.0,900,NRCell,Huawei
1696626000000,TOL034_01,RRC_SETUP_SUCC,169.0,900,NRCell,Huawei
1696626000000,TOL034_01,S1SIG_Connection_Setup_SR_DEN,169.0,900,NRCell,Huawei
1696626000000,TOL034_01,S1SIG_Connection_Setup_SR_NUM,169.0,900,NRCell,Huawei
1696626000000,TOL034_01,SERVICE_LATENCY_OVER_AIR_INTERFACE_DEN,69319.0,900,NRCell,Huawei
1696626000000,TOL034_01,SERVICE_LATENCY_OVER_AIR_INTERFACE_NUM,95721.0,900,NRCell,Huawei
1696626000000,TOL034_01,VOICE_TRAFFIC,279.0,900,NRCell,Huawei
1696626000000,TOL034_01,VOLTE_CALL_SETUP_ATT,1.0,900,NRCell,Huawei
1696626000000,TOL034_01,VOLTE_CALL_SETUP_SUCC,1.0,900,NRCell,Huawei
1696626000000,VAL002_01,DCR_DEN,71.0,900,NRCell,Huawei
1696626000000,VAL002_01,DCR_NUM,2.0,900,NRCell,Huawei
1696626000000,VAL002_01,DROP_CALL_VOLTE_DEN,1.0,900,NRCell,Huawei
1696626000000,VAL002_01,DROP_CALL_VOLTE_NUM,0.0,900,NRCell,Huawei
1696626000000,VAL002_01,ERAB_SR_DEN,76.0,900,NRCell,Huawei
1696626000000,VAL002_01,ERAB_SR_NUM,76.0,900,NRCell,Huawei
1696626000000,VAL002_01,INTEGRITY_NGBR_QCI_9,115452720.0,900,NRCell,Huawei
1696626000000,VAL002_01,INTRA_FREQUENCY_HO_OUT_ATT,7.0,900,NRCell,Huawei
1696626000000,VAL002_01,INTRA_FREQUENCY_HO_OUT_SUCC,7.0,900,NRCell,Huawei
1696626000000,VAL002_01,RRC_SETUP_ATT,55.0,900,NRCell,Huawei
1696626000000,VAL002_01,RRC_SETUP_SUCC,54.0,900,NRCell,Huawei
1696626000000,VAL002_01,S1SIG_Connection_Setup_SR_DEN,54.0,900,NRCell,Huawei
1696626000000,VAL002_01,S1SIG_Connection_Setup_SR_NUM,54.0,900,NRCell,Huawei
1696626000000,VAL002_01,SERVICE_LATENCY_OVER_AIR_INTERFACE_DEN,4168.0,900,NRCell,Huawei
1696626000000,VAL002_01,SERVICE_LATENCY_OVER_AIR_INTERFACE_NUM,4821.0,900,NRCell,Huawei
1696626000000,VAL002_01,VOICE_TRAFFIC,549.0,900,NRCell,Huawei
1696626000000,VAL002_01,VOLTE_CALL_SETUP_ATT,1.0,900,NRCell,Huawei
1696626000000,VAL002_01,VOLTE_CALL_SETUP_SUCC,1.0,900,NRCell,Huawei
