startTime,neId,counterCode,counterValue,granularity,neType,vendorName
1696669200000,BCN014_01,DCR_DEN,909.0,900,NRCell,Huawei
1696669200000,BCN014_01,DCR_NUM,2.0,900,NRCell,Huawei
1696669200000,BCN014_01,DROP_CALL_VOLTE_DEN,0.0,900,NRCell,Huawei
1696669200000,BCN014_01,DROP_CALL_VOLTE_NUM,0.0,900,NRCell,Huawei
1696669200000,BCN014_01,ERAB_SR_DEN,902.0,900,NRCell,Huawei
1696669200000,BCN014_01,ERAB_SR_NUM,902.0,900,NRCell,Huawei
1696669200000,BCN014_01,INTEGRITY_NGBR_QCI_9,1390614632.0,900,NRCell,Huawei
1696669200000,BCN014_01,INTRA_FREQUENCY_HO_OUT_ATT,9.0,900,NRCell,Huawei
1696669200000,BCN014_01,INTRA_FREQUENCY_HO_OUT_SUCC,9.0,900,NRCell,Huawei
1696669200000,BCN014_01,RRC_SETUP_ATT,590.0,900,NRCell,Huawei
1696669200000,BCN014_01,RRC_SETUP_SUCC,590.0,900,NRCell,Huawei
1696669200000,BCN014_01,S1SIG_Connection_Setup_SR_DEN,590.0,900,NRCell,Huawei
1696669200000,BCN014_01,S1SIG_Connection_Setup_SR_NUM,590.0,900,NRCell,Huawei
1696669200000,BCN014_01,SERVICE_LATENCY_OVER_AIR_INTERFACE_DEN,98827.0,900,NRCell,Huawei
1696669200000,BCN014_01,SERVICE_LATENCY_OVER_AIR_INTERFACE_NUM,105151.0,900,NRCell,Huawei
1696669200000,BCN014_01,VOICE_TRAFFIC,0.0,900,NRCell,Huawei
1696669200000,BCN014_01,VOLTE_CALL_SETUP_ATT,0.0,900,NRCell,Huawei
1696669200000,BCN014_01,VOLTE_CALL_SETUP_SUCC,0.0,900,NRCell,Huawei
1696669200000,BIL001_01,DCR_DEN,995.0,900,NRCell,Huawei
1696669200000,BIL001_01,DCR_NUM,0.0,900,NRCell,Huawei
1696669200000,BIL001_01,DROP_CALL_VOLTE_DEN,0.0,900,NRCell,Huawei
1696669200000,BIL001_01,DROP_CALL_VOLTE_NUM,0.0,900,NRCell,Huawei
1696669200000,BIL001_01,ERAB_SR_DEN,1006.0,900,NRCell,Huawei
1696669200000,BIL001_01,ERAB_SR_NUM,1006.0,900,NRCell,Huawei
1696669200000,BIL001_01,INTEGRITY_NGBR_QCI_9,866541032.0,900,NRCell,Huawei
1696669200000,BIL001_01,INTRA_FREQUENCY_HO_OUT_ATT,18.0,900,NRCell,Huawei
1696669200000,BIL001_01,INTRA_FREQUENCY_HO_OUT_SUCC,18.0,900,NRCell,Huawei
1696669200000,BIL001_01,RRC_SETUP_ATT,657.0,900,NRCell,Huawei
1696669200000,BIL001_01,RRC_SETUP_SUCC,657.0,900,NRCell,Huawei
1696669200000,BIL001_01,S1SIG_Connection_Setup_SR_DEN,657.0,900,NRCell,Huawei
1696669200000,BIL001_01,S1SIG_Connection_Setup_SR_NUM,657.0,900,NRCell,Huawei
1696669200000,BIL001_01,SERVICE_LATENCY_OVER_AIR_INTERFACE_DEN,63157.0,900,NRCell,Huawei
1696669200000,BIL001_01,SERVICE_LATENCY_OVER_AIR_INTERFACE_NUM,87233.0,900,NRCell,Huawei
1696669200000,BIL001_01,VOICE_TRAFFIC,433.0,900,NRCell,Huawei
1696669200000,BIL001_01,VOLTE_CALL_SETUP_ATT,0.0,900,NRCell,Huawei
1696669200000,BIL001_01,VOLTE_CALL_SETUP_SUCC,0.0,900,NRCell,Huawei
1696669200000,MAD033_01,DCR_DEN,702.0,900,NRCell,Huawei
1696669200000,MAD033_01,DCR_NUM,0.0,900,NRCell,Huawei
1696669200000,MAD033_01,DROP_CALL_VOLTE_DEN,0.0,900,NRCell,Huawei
1696669200000,MAD033_01,DROP_CALL_VOLTE_NUM,0.0,900,NRCell,Huawei
1696669200000,MAD033_01,ERAB_SR_DEN,700.0,900,NRCell,Huawei
1696669200000,MAD033_01,ERAB_SR_NUM,700.0,900,NRCell,Huawei
1696669200000,MAD033_01,INTEGRITY_NGBR_QCI_9,757607896.0,900,NRCell,Huawei
1696669200000,MAD033_01,INTRA_FREQUENCY_HO_OUT_ATT,5.0,900,NRCell,Huawei
1696669200000,MAD033_01,INTRA_FREQUENCY_HO_OUT_SUCC,5.0,900,NRCell,Huawei
1696669200000,MAD033_01,RRC_SETUP_ATT,396.0,900,NRCell,Huawei
1696669200000,MAD033_01,RRC_SETUP_SUCC,396.0,900,NRCell,Huawei
1696669200000,MAD033_01,S1SIG_Connection_Setup_SR_DEN,396.0,900,NRCell,Huawei
1696669200000,MAD033_01,S1SIG_Connection_Setup_SR_NUM,396.0,900,NRCell,Huawei
1696669200000,MAD033_01,SERVICE_LATENCY_OVER_AIR_INTERFACE_DEN,18391.0,900,NRCell,Huawei
1696669200000,MAD033_01,SERVICE_LATENCY_OVER_AIR_INTERFACE_NUM,28017.0,900,NRCell,Huawei
1696669200000,MAD033_01,VOICE_TRAFFIC,0.0,900,NRCell,Huawei
1696669200000,MAD033_01,VOLTE_CALL_SETUP_ATT,0.0,900,NRCell,Huawei
1696669200000,MAD033_01,VOLTE_CALL_SETUP_SUCC,0.0,900,NRCell,Huawei
1696669200000,SAL030_01,DCR_DEN,69.0,900,NRCell,Huawei
1696669200000,SAL030_01,DCR_NUM,0.0,900,NRCell,Huawei
1696669200000,SAL030_01,DROP_CALL_VOLTE_DEN,0.0,900,NRCell,Huawei
1696669200000,SAL030_01,DROP_CALL_VOLTE_NUM,0.0,900,NRCell,Huawei
1696669200000,SAL030_01,ERAB_SR_DEN,69.0,900,NRCell,Huawei
1696669200000,SAL030_01,ERAB_SR_NUM,69.0,900,NRCell,Huawei
1696669200000,SAL030_01,INTEGRITY_NGBR_QCI_9,543128032.0,900,NRCell,Huawei
1696669200000,SAL030_01,INTRA_FREQUENCY_HO_OUT_ATT,0.0,900,NRCell,Huawei
1696669200000,SAL030_01,INTRA_FREQUENCY_HO_OUT_SUCC,0.0,900,NRCell,Huawei
1696669200000,SAL030_01,RRC_SETUP_ATT,37.0,900,NRCell,Huawei
1696669200000,SAL030_01,RRC_SETUP_SUCC,37.0,900,NRCell,Huawei
1696669200000,SAL030_01,S1SIG_Connection_Setup_SR_DEN,37.0,900,NRCell,Huawei
1696669200000,SAL030_01,S1SIG_Connection_Setup_SR_NUM,37.0,900,NRCell,Huawei
1696669200000,SAL030_01,SERVICE_LATENCY_OVER_AIR_INTERFACE_DEN,4458.0,900,NRCell,Huawei
1696669200000,SAL030_01,SERVICE_LATENCY_OVER_AIR_INTERFACE_NUM,8075.0,900,NRCell,Huawei
1696669200000,SAL030_01,VOICE_TRAFFIC,0.0,900,NRCell,Huawei
1696669200000,SAL030_01,VOLTE_CALL_SETUP_ATT,0.0,900,NRCell,Huawei
1696669200000,SAL030_01,VOLTE_CALL_SETUP_SUCC,0.0,900,NRCell,Huawei
1696669200000,SEV001_01,DCR_DEN,1655.0,900,NRCell,Huawei
1696669200000,SEV001_01,DCR_NUM,0.0,900,NRCell,Huawei
1696669200000,SEV001_01,DROP_CALL_VOLTE_DEN,1.0,900,NRCell,Huawei
1696669200000,SEV001_01,DROP_CALL_VOLTE_NUM,0.0,900,NRCell,Huawei
1696669200000,SEV001_01,ERAB_SR_DEN,1670.0,900,NRCell,Huawei
1696669200000,SEV001_01,ERAB_SR_NUM,1670.0,900,NRCell,Huawei
1696669200000,SEV001_01,INTEGRITY_NGBR_QCI_9,415630240.0,900,NRCell,Huawei
1696669200000,SEV001_01,INTRA_FREQUENCY_HO_OUT_ATT,11.0,900,NRCell,Huawei
1696669200000,SEV001_01,INTRA_FREQUENCY_HO_OUT_SUCC,11.0,900,NRCell,Huawei
1696669200000,SEV001_01,RRC_SETUP_ATT,947.0,900,NRCell,Huawei
1696669200000,SEV001_01,RRC_SETUP_SUCC,947.0,900,NRCell,Huawei
1696669200000,SEV001_01,S1SIG_Connection_Setup_SR_DEN,947.0,900,NRCell,Huawei
1696669200000,SEV001_01,S1SIG_Connection_Setup_SR_NUM,947.0,900,NRCell,Huawei
1696669200000,SEV001_01,SERVICE_LATENCY_OVER_AIR_INTERFACE_DEN,31005.0,900,NRCell,Huawei
1696669200000,SEV001_01,SERVICE_LATENCY_OVER_AIR_INTERFACE_NUM,39679.0,900,NRCell,Huawei
1696669200000,SEV001_01,VOICE_TRAFFIC,0.0,900,NRCell,Huawei
1696669200000,SEV001_01,VOLTE_CALL_SETUP_ATT,1.0,900,NRCell,Huawei
1696669200000,SEV001_01,VOLTE_CALL_SETUP_SUCC,1.0,900,NRCell,Huawei
1696669200000,SNT002_01,DCR_DEN,762.0,900,NRCell,Huawei
1696669200000,SNT002_01,DCR_NUM,0.0,900,NRCell,Huawei
1696669200000,SNT002_01,DROP_CALL_VOLTE_DEN,1.0,900,NRCell,Huawei
1696669200000,SNT002_01,DROP_CALL_VOLTE_NUM,0.0,900,NRCell,Huawei
1696669200000,SNT002_01,ERAB_SR_DEN,762.0,900,NRCell,Huawei
1696669200000,SNT002_01,ERAB_SR_NUM,762.0,900,NRCell,Huawei
1696669200000,SNT002_01,INTEGRITY_NGBR_QCI_9,629727832.0,900,NRCell,Huawei
1696669200000,SNT002_01,INTRA_FREQUENCY_HO_OUT_ATT,5.0,900,NRCell,Huawei
1696669200000,SNT002_01,INTRA_FREQUENCY_HO_OUT_SUCC,5.0,900,NRCell,Huawei
1696669200000,SNT002_01,RRC_SETUP_ATT,450.0,900,NRCell,Huawei
1696669200000,SNT002_01,RRC_SETUP_SUCC,449.0,900,NRCell,Huawei
1696669200000,SNT002_01,S1SIG_Connection_Setup_SR_DEN,449.0,900,NRCell,Huawei
1696669200000,SNT002_01,S1SIG_Connection_Setup_SR_NUM,449.0,900,NRCell,Huawei
1696669200000,SNT002_01,SERVICE_LATENCY_OVER_AIR_INTERFACE_DEN,16079.0,900,NRCell,Huawei
1696669200000,SNT002_01,SERVICE_LATENCY_OVER_AIR_INTERFACE_NUM,19694.0,900,NRCell,Huawei
1696669200000,SNT002_01,VOICE_TRAFFIC,1157.0,900,NRCell,Huawei
1696669200000,SNT002_01,VOLTE_CALL_SETUP_ATT,2.0,900,NRCell,Huawei
1696669200000,SNT002_01,VOLTE_CALL_SETUP_SUCC,2.0,900,NRCell,Huawei
1696669200000,TAR015_01,DCR_DEN,2270.0,900,NRCell,Huawei
1696669200000,TAR015_01,DCR_NUM,0.0,900,NRCell,Huawei
1696669200000,TAR015_01,DROP_CALL_VOLTE_DEN,3.0,900,NRCell,Huawei
1696669200000,TAR015_01,DROP_CALL_VOLTE_NUM,0.0,900,NRCell,Huawei
1696669200000,TAR015_01,ERAB_SR_DEN,2253.0,900,NRCell,Huawei
1696669200000,TAR015_01,ERAB_SR_NUM,2253.0,900,NRCell,Huawei
1696669200000,TAR015_01,INTEGRITY_NGBR_QCI_9,2134819744.0,900,NRCell,Huawei
1696669200000,TAR015_01,INTRA_FREQUENCY_HO_OUT_ATT,14.0,900,NRCell,Huawei
1696669200000,TAR015_01,INTRA_FREQUENCY_HO_OUT_SUCC,14.0,900,NRCell,Huawei
1696669200000,TAR015_01,RRC_SETUP_ATT,1292.0,900,NRCell,Huawei
1696669200000,TAR015_01,RRC_SETUP_SUCC,1292.0,900,NRCell,Huawei
1696669200000,TAR015_01,S1SIG_Connection_Setup_SR_DEN,1292.0,900,NRCell,Huawei
1696669200000,TAR015_01,S1SIG_Connection_Setup_SR_NUM,1292.0,900,NRCell,Huawei
1696669200000,TAR015_01,SERVICE_LATENCY_OVER_AIR_INTERFACE_DEN,131099.0,900,NRCell,Huawei
1696669200000,TAR015_01,SERVICE_LATENCY_OVER_AIR_INTERFACE_NUM,153923.0,900,NRCell,Huawei
1696669200000,TAR015_01,VOICE_TRAFFIC,151.0,900,NRCell,Huawei
1696669200000,TAR015_01,VOLTE_CALL_SETUP_ATT,2.0,900,NRCell,Huawei
1696669200000,TAR015_01,VOLTE_CALL_SETUP_SUCC,2.0,900,NRCell,Huawei
1696669200000,TOL034_01,DCR_DEN,53.0,900,NRCell,Huawei
1696669200000,TOL034_01,DCR_NUM,0.0,900,NRCell,Huawei
1696669200000,TOL034_01,DROP_CALL_VOLTE_DEN,0.0,900,NRCell,Huawei
1696669200000,TOL034_01,DROP_CALL_VOLTE_NUM,0.0,900,NRCell,Huawei
1696669200000,TOL034_01,ERAB_SR_DEN,49.0,900,NRCell,Huawei
1696669200000,TOL034_01,ERAB_SR_NUM,49.0,900,NRCell,Huawei
1696669200000,TOL034_01,INTEGRITY_NGBR_QCI_9,120471832.0,900,NRCell,Huawei
1696669200000,TOL034_01,INTRA_FREQUENCY_HO_OUT_ATT,0.0,900,NRCell,Huawei
1696669200000,TOL034_01,INTRA_FREQUENCY_HO_OUT_SUCC,0.0,900,NRCell,Huawei
1696669200000,TOL034_01,RRC_SETUP_ATT,27.0,900,NRCell,Huawei
1696669200000,TOL034_01,RRC_SETUP_SUCC,27.0,900,NRCell,Huawei
1696669200000,TOL034_01,S1SIG_Connection_Setup_SR_DEN,27.0,900,NRCell,Huawei
1696669200000,TOL034_01,S1SIG_Connection_Setup_SR_NUM,27.0,900,NRCell,Huawei
1696669200000,TOL034_01,SERVICE_LATENCY_OVER_AIR_INTERFACE_DEN,28672.0,900,NRCell,Huawei
1696669200000,TOL034_01,SERVICE_LATENCY_OVER_AIR_INTERFACE_NUM,46143.0,900,NRCell,Huawei
1696669200000,TOL034_01,VOICE_TRAFFIC,0.0,900,NRCell,Huawei
1696669200000,TOL034_01,VOLTE_CALL_SETUP_ATT,0.0,900,NRCell,Huawei
1696669200000,TOL034_01,VOLTE_CALL_SETUP_SUCC,0.0,900,NRCell,Huawei
1696669200000,VAL002_01,DCR_DEN,4.0,900,NRCell,Huawei
1696669200000,VAL002_01,DCR_NUM,0.0,900,NRCell,Huawei
1696669200000,VAL002_01,DROP_CALL_VOLTE_DEN,0.0,900,NRCell,Huawei
1696669200000,VAL002_01,DROP_CALL_VOLTE_NUM,0.0,900,NRCell,Huawei
1696669200000,VAL002_01,ERAB_SR_DEN,4.0,900,NRCell,Huawei
1696669200000,VAL002_01,ERAB_SR_NUM,4.0,900,NRCell,Huawei
1696669200000,VAL002_01,INTEGRITY_NGBR_QCI_9,1257488.0,900,NRCell,Huawei
1696669200000,VAL002_01,INTRA_FREQUENCY_HO_OUT_ATT,0.0,900,NRCell,Huawei
1696669200000,VAL002_01,INTRA_FREQUENCY_HO_OUT_SUCC,0.0,900,NRCell,Huawei
1696669200000,VAL002_01,RRC_SETUP_ATT,5.0,900,NRCell,Huawei
1696669200000,VAL002_01,RRC_SETUP_SUCC,5.0,900,NRCell,Huawei
1696669200000,VAL002_01,S1SIG_Connection_Setup_SR_DEN,5.0,900,NRCell,Huawei
1696669200000,VAL002_01,S1SIG_Connection_Setup_SR_NUM,5.0,900,NRCell,Huawei
1696669200000,VAL002_01,SERVICE_LATENCY_OVER_AIR_INTERFACE_DEN,1783.0,900,NRCell,Huawei
1696669200000,VAL002_01,SERVICE_LATENCY_OVER_AIR_INTERFACE_NUM,1801.0,900,NRCell,Huawei
1696669200000,VAL002_01,VOICE_TRAFFIC,0.0,900,NRCell,Huawei
1696669200000,VAL002_01,VOLTE_CALL_SETUP_ATT,0.0,900,NRCell,Huawei
1696669200000,VAL002_01,VOLTE_CALL_SETUP_SUCC,0.0,900,NRCell,Huawei
