startTime,neId,counterCode,counterValue,granularity,neType,vendorName
1696766400000,BCN014_01,DCR_DEN,1035.0,900,NRCell,Huawei
1696766400000,BCN014_01,DCR_NUM,1.0,900,NRCell,Huawei
1696766400000,BCN014_01,DROP_CALL_VOLTE_DEN,1.0,900,NRCell,Huawei
1696766400000,BCN014_01,DROP_CALL_VOLTE_NUM,0.0,900,NRCell,Huawei
1696766400000,BCN014_01,ERAB_SR_DEN,1027.0,900,NRCell,Huawei
1696766400000,BCN014_01,ERAB_SR_NUM,1027.0,900,NRCell,Huawei
1696766400000,BCN014_01,INTEGRITY_NGBR_QCI_9,6147343480.0,900,NRCell,Huawei
1696766400000,BCN014_01,INTRA_FREQUENCY_HO_OUT_ATT,32.0,900,NRCell,Huawei
1696766400000,BCN014_01,INTRA_FREQUENCY_HO_OUT_SUCC,32.0,900,NRCell,Huawei
1696766400000,BCN014_01,RRC_SETUP_ATT,678.0,900,NRCell,Huawei
1696766400000,BCN014_01,RRC_SETUP_SUCC,677.0,900,NRCell,Huawei
1696766400000,BCN014_01,S1SIG_Connection_Setup_SR_DEN,677.0,900,NRCell,Huawei
1696766400000,BCN014_01,S1SIG_Connection_Setup_SR_NUM,677.0,900,NRCell,Huawei
1696766400000,BCN014_01,SERVICE_LATENCY_OVER_AIR_INTERFACE_DEN,102970.0,900,NRCell,Huawei
1696766400000,BCN014_01,SERVICE_LATENCY_OVER_AIR_INTERFACE_NUM,118863.0,900,NRCell,Huawei
1696766400000,BCN014_01,VOICE_TRAFFIC,310.0,900,NRCell,Huawei
1696766400000,BCN014_01,VOLTE_CALL_SETUP_ATT,1.0,900,NRCell,Huawei
1696766400000,BCN014_01,VOLTE_CALL_SETUP_SUCC,1.0,900,NRCell,Huawei
1696766400000,BIL001_01,DCR_DEN,1027.0,900,NRCell,Huawei
1696766400000,BIL001_01,DCR_NUM,0.0,900,NRCell,Huawei
1696766400000,BIL001_01,DROP_CALL_VOLTE_DEN,0.0,900,NRCell,Huawei
1696766400000,BIL001_01,DROP_CALL_VOLTE_NUM,0.0,900,NRCell,Huawei
1696766400000,BIL001_01,ERAB_SR_DEN,1036.0,900,NRCell,Huawei
1696766400000,BIL001_01,ERAB_SR_NUM,1036.0,900,NRCell,Huawei
1696766400000,BIL001_01,INTEGRITY_NGBR_QCI_9,7208942808.0,900,NRCell,Huawei
1696766400000,BIL001_01,INTRA_FREQUENCY_HO_OUT_ATT,27.0,900,NRCell,Huawei
1696766400000,BIL001_01,INTRA_FREQUENCY_HO_OUT_SUCC,27.0,900,NRCell,Huawei
1696766400000,BIL001_01,RRC_SETUP_ATT,654.0,900,NRCell,Huawei
1696766400000,BIL001_01,RRC_SETUP_SUCC,654.0,900,NRCell,Huawei
1696766400000,BIL001_01,S1SIG_Connection_Setup_SR_DEN,654.0,900,NRCell,Huawei
1696766400000,BIL001_01,S1SIG_Connection_Setup_SR_NUM,654.0,900,NRCell,Huawei
1696766400000,BIL001_01,SERVICE_LATENCY_OVER_AIR_INTERFACE_DEN,58636.0,900,NRCell,Huawei
1696766400000,BIL001_01,SERVICE_LATENCY_OVER_AIR_INTERFACE_NUM,93370.0,900,NRCell,Huawei
1696766400000,BIL001_01,VOICE_TRAFFIC,0.0,900,NRCell,Huawei
1696766400000,BIL001_01,VOLTE_CALL_SETUP_ATT,0.0,900,NRCell,Huawei
1696766400000,BIL001_01,VOLTE_CALL_SETUP_SUCC,0.0,900,NRCell,Huawei
1696766400000,MAD033_01,DCR_DEN,683.0,900,NRCell,Huawei
1696766400000,MAD033_01,DCR_NUM,0.0,900,NRCell,Huawei
1696766400000,MAD033_01,DROP_CALL_VOLTE_DEN,1.0,900,NRCell,Huawei
1696766400000,MAD033_01,DROP_CALL_VOLTE_NUM,0.0,900,NRCell,Huawei
1696766400000,MAD033_01,ERAB_SR_DEN,668.0,900,NRCell,Huawei
1696766400000,MAD033_01,ERAB_SR_NUM,668.0,900,NRCell,Huawei
1696766400000,MAD033_01,INTEGRITY_NGBR_QCI_9,379114360.0,900,NRCell,Huawei
1696766400000,MAD033_01,INTRA_FREQUENCY_HO_OUT_ATT,6.0,900,NRCell,Huawei
1696766400000,MAD033_01,INTRA_FREQUENCY_HO_OUT_SUCC,6.0,900,NRCell,Huawei
1696766400000,MAD033_01,RRC_SETUP_ATT,416.0,900,NRCell,Huawei
1696766400000,MAD033_01,RRC_SETUP_SUCC,416.0,900,NRCell,Huawei
1696766400000,MAD033_01,S1SIG_Connection_Setup_SR_DEN,416.0,900,NRCell,Huawei
1696766400000,MAD033_01,S1SIG_Connection_Setup_SR_NUM,416.0,900,NRCell,Huawei
1696766400000,MAD033_01,SERVICE_LATENCY_OVER_AIR_INTERFACE_DEN,16262.0,900,NRCell,Huawei
1696766400000,MAD033_01,SERVICE_LATENCY_OVER_AIR_INTERFACE_NUM,17296.0,900,NRCell,Huawei
1696766400000,MAD033_01,VOICE_TRAFFIC,157.0,900,NRCell,Huawei
1696766400000,MAD033_01,VOLTE_CALL_SETUP_ATT,1.0,900,NRCell,Huawei
1696766400000,MAD033_01,VOLTE_CALL_SETUP_SUCC,1.0,900,NRCell,Huawei
1696766400000,SAL030_01,DCR_DEN,108.0,900,NRCell,Huawei
1696766400000,SAL030_01,DCR_NUM,0.0,900,NRCell,Huawei
1696766400000,SAL030_01,DROP_CALL_VOLTE_DEN,0.0,900,NRCell,Huawei
1696766400000,SAL030_01,DROP_CALL_VOLTE_NUM,0.0,900,NRCell,Huawei
1696766400000,SAL030_01,ERAB_SR_DEN,107.0,900,NRCell,Huawei
1696766400000,SAL030_01,ERAB_SR_NUM,107.0,900,NRCell,Huawei
1696766400000,SAL030_01,INTEGRITY_NGBR_QCI_9,20631408.0,900,NRCell,Huawei
1696766400000,SAL030_01,INTRA_FREQUENCY_HO_OUT_ATT,0.0,900,NRCell,Huawei
1696766400000,SAL030_01,INTRA_FREQUENCY_HO_OUT_SUCC,0.0,900,NRCell,Huawei
1696766400000,SAL030_01,RRC_SETUP_ATT,61.0,900,NRCell,Huawei
1696766400000,SAL030_01,RRC_SETUP_SUCC,61.0,900,NRCell,Huawei
1696766400000,SAL030_01,S1SIG_Connection_Setup_SR_DEN,61.0,900,NRCell,Huawei
1696766400000,SAL030_01,S1SIG_Connection_Setup_SR_NUM,61.0,900,NRCell,Huawei
1696766400000,SAL030_01,SERVICE_LATENCY_OVER_AIR_INTERFACE_DEN,654.0,900,NRCell,Huawei
1696766400000,SAL030_01,SERVICE_LATENCY_OVER_AIR_INTERFACE_NUM,1088.0,900,NRCell,Huawei
1696766400000,SAL030_01,VOICE_TRAFFIC,6.0,900,NRCell,Huawei
1696766400000,SAL030_01,VOLTE_CALL_SETUP_ATT,1.0,900,NRCell,Huawei
1696766400000,SAL030_01,VOLTE_CALL_SETUP_SUCC,1.0,900,NRCell,Huawei
1696766400000,SEV001_01,DCR_DEN,2721.0,900,NRCell,Huawei
1696766400000,SEV001_01,DCR_NUM,0.0,900,NRCell,Huawei
1696766400000,SEV001_01,DROP_CALL_VOLTE_DEN,0.0,900,NRCell,Huawei
1696766400000,SEV001_01,DROP_CALL_VOLTE_NUM,0.0,900,NRCell,Huawei
1696766400000,SEV001_01,ERAB_SR_DEN,2730.0,900,NRCell,Huawei
1696766400000,SEV001_01,ERAB_SR_NUM,2730.0,900,NRCell,Huawei
1696766400000,SEV001_01,INTEGRITY_NGBR_QCI_9,3709985560.0,900,NRCell,Huawei
1696766400000,SEV001_01,INTRA_FREQUENCY_HO_OUT_ATT,26.0,900,NRCell,Huawei
1696766400000,SEV001_01,INTRA_FREQUENCY_HO_OUT_SUCC,26.0,900,NRCell,Huawei
1696766400000,SEV001_01,RRC_SETUP_ATT,1560.0,900,NRCell,Huawei
1696766400000,SEV001_01,RRC_SETUP_SUCC,1560.0,900,NRCell,Huawei
1696766400000,SEV001_01,S1SIG_Connection_Setup_SR_DEN,1560.0,900,NRCell,Huawei
1696766400000,SEV001_01,S1SIG_Connection_Setup_SR_NUM,1560.0,900,NRCell,Huawei
1696766400000,SEV001_01,SERVICE_LATENCY_OVER_AIR_INTERFACE_DEN,214879.0,900,NRCell,Huawei
1696766400000,SEV001_01,SERVICE_LATENCY_OVER_AIR_INTERFACE_NUM,297264.0,900,NRCell,Huawei
1696766400000,SEV001_01,VOICE_TRAFFIC,230.0,900,NRCell,Huawei
1696766400000,SEV001_01,VOLTE_CALL_SETUP_ATT,1.0,900,NRCell,Huawei
1696766400000,SEV001_01,VOLTE_CALL_SETUP_SUCC,1.0,900,NRCell,Huawei
1696766400000,SNT002_01,DCR_DEN,516.0,900,NRCell,Huawei
1696766400000,SNT002_01,DCR_NUM,0.0,900,NRCell,Huawei
1696766400000,SNT002_01,DROP_CALL_VOLTE_DEN,1.0,900,NRCell,Huawei
1696766400000,SNT002_01,DROP_CALL_VOLTE_NUM,0.0,900,NRCell,Huawei
1696766400000,SNT002_01,ERAB_SR_DEN,520.0,900,NRCell,Huawei
1696766400000,SNT002_01,ERAB_SR_NUM,520.0,900,NRCell,Huawei
1696766400000,SNT002_01,INTEGRITY_NGBR_QCI_9,779652672.0,900,NRCell,Huawei
1696766400000,SNT002_01,INTRA_FREQUENCY_HO_OUT_ATT,7.0,900,NRCell,Huawei
1696766400000,SNT002_01,INTRA_FREQUENCY_HO_OUT_SUCC,7.0,900,NRCell,Huawei
1696766400000,SNT002_01,RRC_SETUP_ATT,322.0,900,NRCell,Huawei
1696766400000,SNT002_01,RRC_SETUP_SUCC,322.0,900,NRCell,Huawei
1696766400000,SNT002_01,S1SIG_Connection_Setup_SR_DEN,322.0,900,NRCell,Huawei
1696766400000,SNT002_01,S1SIG_Connection_Setup_SR_NUM,322.0,900,NRCell,Huawei
1696766400000,SNT002_01,SERVICE_LATENCY_OVER_AIR_INTERFACE_DEN,13064.0,900,NRCell,Huawei
1696766400000,SNT002_01,SERVICE_LATENCY_OVER_AIR_INTERFACE_NUM,13680.0,900,NRCell,Huawei
1696766400000,SNT002_01,VOICE_TRAFFIC,575.0,900,NRCell,Huawei
1696766400000,SNT002_01,VOLTE_CALL_SETUP_ATT,1.0,900,NRCell,Huawei
1696766400000,SNT002_01,VOLTE_CALL_SETUP_SUCC,1.0,900,NRCell,Huawei
1696766400000,TAR015_01,DCR_DEN,2471.0,900,NRCell,Huawei
1696766400000,TAR015_01,DCR_NUM,0.0,900,NRCell,Huawei
1696766400000,TAR015_01,DROP_CALL_VOLTE_DEN,2.0,900,NRCell,Huawei
1696766400000,TAR015_01,DROP_CALL_VOLTE_NUM,0.0,900,NRCell,Huawei
1696766400000,TAR015_01,ERAB_SR_DEN,2462.0,900,NRCell,Huawei
1696766400000,TAR015_01,ERAB_SR_NUM,2458.0,900,NRCell,Huawei
1696766400000,TAR015_01,INTEGRITY_NGBR_QCI_9,5769410880.0,900,NRCell,Huawei
1696766400000,TAR015_01,INTRA_FREQUENCY_HO_OUT_ATT,32.0,900,NRCell,Huawei
1696766400000,TAR015_01,INTRA_FREQUENCY_HO_OUT_SUCC,32.0,900,NRCell,Huawei
1696766400000,TAR015_01,RRC_SETUP_ATT,1441.0,900,NRCell,Huawei
1696766400000,TAR015_01,RRC_SETUP_SUCC,1441.0,900,NRCell,Huawei
1696766400000,TAR015_01,S1SIG_Connection_Setup_SR_DEN,1441.0,900,NRCell,Huawei
1696766400000,TAR015_01,S1SIG_Connection_Setup_SR_NUM,1441.0,900,NRCell,Huawei
1696766400000,TAR015_01,SERVICE_LATENCY_OVER_AIR_INTERFACE_DEN,123386.0,900,NRCell,Huawei
1696766400000,TAR015_01,SERVICE_LATENCY_OVER_AIR_INTERFACE_NUM,178172.0,900,NRCell,Huawei
1696766400000,TAR015_01,VOICE_TRAFFIC,1932.0,900,NRCell,Huawei
1696766400000,TAR015_01,VOLTE_CALL_SETUP_ATT,4.0,900,NRCell,Huawei
1696766400000,TAR015_01,VOLTE_CALL_SETUP_SUCC,4.0,900,NRCell,Huawei
1696766400000,TOL034_01,DCR_DEN,64.0,900,NRCell,Huawei
1696766400000,TOL034_01,DCR_NUM,0.0,900,NRCell,Huawei
1696766400000,TOL034_01,DROP_CALL_VOLTE_DEN,0.0,900,NRCell,Huawei
1696766400000,TOL034_01,DROP_CALL_VOLTE_NUM,0.0,900,NRCell,Huawei
1696766400000,TOL034_01,ERAB_SR_DEN,62.0,900,NRCell,Huawei
1696766400000,TOL034_01,ERAB_SR_NUM,62.0,900,NRCell,Huawei
1696766400000,TOL034_01,INTEGRITY_NGBR_QCI_9,378036680.0,900,NRCell,Huawei
1696766400000,TOL034_01,INTRA_FREQUENCY_HO_OUT_ATT,0.0,900,NRCell,Huawei
1696766400000,TOL034_01,INTRA_FREQUENCY_HO_OUT_SUCC,0.0,900,NRCell,Huawei
1696766400000,TOL034_01,RRC_SETUP_ATT,51.0,900,NRCell,Huawei
1696766400000,TOL034_01,RRC_SETUP_SUCC,51.0,900,NRCell,Huawei
1696766400000,TOL034_01,S1SIG_Connection_Setup_SR_DEN,51.0,900,NRCell,Huawei
1696766400000,TOL034_01,S1SIG_Connection_Setup_SR_NUM,51.0,900,NRCell,Huawei
1696766400000,TOL034_01,SERVICE_LATENCY_OVER_AIR_INTERFACE_DEN,11963.0,900,NRCell,Huawei
1696766400000,TOL034_01,SERVICE_LATENCY_OVER_AIR_INTERFACE_NUM,12836.0,900,NRCell,Huawei
1696766400000,TOL034_01,VOICE_TRAFFIC,0.0,900,NRCell,Huawei
1696766400000,TOL034_01,VOLTE_CALL_SETUP_ATT,0.0,900,NRCell,Huawei
1696766400000,TOL034_01,VOLTE_CALL_SETUP_SUCC,0.0,900,NRCell,Huawei
1696766400000,VAL002_01,DCR_DEN,8.0,900,NRCell,Huawei
1696766400000,VAL002_01,DCR_NUM,0.0,900,NRCell,Huawei
1696766400000,VAL002_01,DROP_CALL_VOLTE_DEN,0.0,900,NRCell,Huawei
1696766400000,VAL002_01,DROP_CALL_VOLTE_NUM,0.0,900,NRCell,Huawei
1696766400000,VAL002_01,ERAB_SR_DEN,8.0,900,NRCell,Huawei
1696766400000,VAL002_01,ERAB_SR_NUM,8.0,900,NRCell,Huawei
1696766400000,VAL002_01,INTEGRITY_NGBR_QCI_9,24224.0,900,NRCell,Huawei
1696766400000,VAL002_01,INTRA_FREQUENCY_HO_OUT_ATT,0.0,900,NRCell,Huawei
1696766400000,VAL002_01,INTRA_FREQUENCY_HO_OUT_SUCC,0.0,900,NRCell,Huawei
1696766400000,VAL002_01,RRC_SETUP_ATT,8.0,900,NRCell,Huawei
1696766400000,VAL002_01,RRC_SETUP_SUCC,8.0,900,NRCell,Huawei
1696766400000,VAL002_01,S1SIG_Connection_Setup_SR_DEN,8.0,900,NRCell,Huawei
1696766400000,VAL002_01,S1SIG_Connection_Setup_SR_NUM,8.0,900,NRCell,Huawei
1696766400000,VAL002_01,SERVICE_LATENCY_OVER_AIR_INTERFACE_DEN,17.0,900,NRCell,Huawei
1696766400000,VAL002_01,SERVICE_LATENCY_OVER_AIR_INTERFACE_NUM,27.0,900,NRCell,Huawei
1696766400000,VAL002_01,VOICE_TRAFFIC,0.0,900,NRCell,Huawei
1696766400000,VAL002_01,VOLTE_CALL_SETUP_ATT,0.0,900,NRCell,Huawei
1696766400000,VAL002_01,VOLTE_CALL_SETUP_SUCC,0.0,900,NRCell,Huawei
