startTime,neId,counterCode,counterValue,granularity,neType,vendorName
1696893300000,BCN014_01,DCR_DEN,3743.0,900,NRCell,Huawei
1696893300000,BCN014_01,DCR_NUM,3.0,900,NRCell,Huawei
1696893300000,BCN014_01,DROP_CALL_VOLTE_DEN,48.0,900,NRCell,Huawei
1696893300000,BCN014_01,DROP_CALL_VOLTE_NUM,0.0,900,NRCell,Huawei
1696893300000,BCN014_01,ERAB_SR_DEN,3663.0,900,NRCell,Huawei
1696893300000,BCN014_01,ERAB_SR_NUM,3663.0,900,NRCell,Huawei
1696893300000,BCN014_01,INTEGRITY_NGBR_QCI_9,14294306936.0,900,NRCell,Huawei
1696893300000,BCN014_01,INTRA_FREQUENCY_HO_OUT_ATT,201.0,900,NRCell,Huawei
1696893300000,BCN014_01,INTRA_FREQUENCY_HO_OUT_SUCC,201.0,900,NRCell,Huawei
1696893300000,BCN014_01,RRC_SETUP_ATT,2084.0,900,NRCell,Huawei
1696893300000,BCN014_01,RRC_SETUP_SUCC,2081.0,900,NRCell,Huawei
1696893300000,BCN014_01,S1SIG_Connection_Setup_SR_DEN,2081.0,900,NRCell,Huawei
1696893300000,BCN014_01,S1SIG_Connection_Setup_SR_NUM,2081.0,900,NRCell,Huawei
1696893300000,BCN014_01,SERVICE_LATENCY_OVER_AIR_INTERFACE_DEN,508297.0,900,NRCell,Huawei
1696893300000,BCN014_01,SERVICE_LATENCY_OVER_AIR_INTERFACE_NUM,1011029.0,900,NRCell,Huawei
1696893300000,BCN014_01,VOICE_TRAFFIC,35328.0,900,NRCell,Huawei
1696893300000,BCN014_01,VOLTE_CALL_SETUP_ATT,42.0,900,NRCell,Huawei
1696893300000,BCN014_01,VOLTE_CALL_SETUP_SUCC,42.0,900,NRCell,Huawei
1696893300000,BIL001_01,DCR_DEN,3340.0,900,NRCell,Huawei
1696893300000,BIL001_01,DCR_NUM,1.0,900,NRCell,Huawei
1696893300000,BIL001_01,DROP_CALL_VOLTE_DEN,25.0,900,NRCell,Huawei
1696893300000,BIL001_01,DROP_CALL_VOLTE_NUM,0.0,900,NRCell,Huawei
1696893300000,BIL001_01,ERAB_SR_DEN,3479.0,900,NRCell,Huawei
1696893300000,BIL001_01,ERAB_SR_NUM,3478.0,900,NRCell,Huawei
1696893300000,BIL001_01,INTEGRITY_NGBR_QCI_9,13602656272.0,900,NRCell,Huawei
1696893300000,BIL001_01,INTRA_FREQUENCY_HO_OUT_ATT,262.0,900,NRCell,Huawei
1696893300000,BIL001_01,INTRA_FREQUENCY_HO_OUT_SUCC,262.0,900,NRCell,Huawei
1696893300000,BIL001_01,RRC_SETUP_ATT,2021.0,900,NRCell,Huawei
1696893300000,BIL001_01,RRC_SETUP_SUCC,2006.0,900,NRCell,Huawei
1696893300000,BIL001_01,S1SIG_Connection_Setup_SR_DEN,2006.0,900,NRCell,Huawei
1696893300000,BIL001_01,S1SIG_Connection_Setup_SR_NUM,2006.0,900,NRCell,Huawei
1696893300000,BIL001_01,SERVICE_LATENCY_OVER_AIR_INTERFACE_DEN,504473.0,900,NRCell,Huawei
1696893300000,BIL001_01,SERVICE_LATENCY_OVER_AIR_INTERFACE_NUM,1033375.0,900,NRCell,Huawei
1696893300000,BIL001_01,VOICE_TRAFFIC,45471.0,900,NRCell,Huawei
1696893300000,BIL001_01,VOLTE_CALL_SETUP_ATT,33.0,900,NRCell,Huawei
1696893300000,BIL001_01,VOLTE_CALL_SETUP_SUCC,33.0,900,NRCell,Huawei
1696893300000,MAD033_01,DCR_DEN,1432.0,900,NRCell,Huawei
1696893300000,MAD033_01,DCR_NUM,4.0,900,NRCell,Huawei
1696893300000,MAD033_01,DROP_CALL_VOLTE_DEN,15.0,900,NRCell,Huawei
1696893300000,MAD033_01,DROP_CALL_VOLTE_NUM,0.0,900,NRCell,Huawei
1696893300000,MAD033_01,ERAB_SR_DEN,1454.0,900,NRCell,Huawei
1696893300000,MAD033_01,ERAB_SR_NUM,1453.0,900,NRCell,Huawei
1696893300000,MAD033_01,INTEGRITY_NGBR_QCI_9,6873812656.0,900,NRCell,Huawei
1696893300000,MAD033_01,INTRA_FREQUENCY_HO_OUT_ATT,83.0,900,NRCell,Huawei
1696893300000,MAD033_01,INTRA_FREQUENCY_HO_OUT_SUCC,82.0,900,NRCell,Huawei
1696893300000,MAD033_01,RRC_SETUP_ATT,828.0,900,NRCell,Huawei
1696893300000,MAD033_01,RRC_SETUP_SUCC,826.0,900,NRCell,Huawei
1696893300000,MAD033_01,S1SIG_Connection_Setup_SR_DEN,826.0,900,NRCell,Huawei
1696893300000,MAD033_01,S1SIG_Connection_Setup_SR_NUM,826.0,900,NRCell,Huawei
1696893300000,MAD033_01,SERVICE_LATENCY_OVER_AIR_INTERFACE_DEN,109036.0,900,NRCell,Huawei
1696893300000,MAD033_01,SERVICE_LATENCY_OVER_AIR_INTERFACE_NUM,165102.0,900,NRCell,Huawei
1696893300000,MAD033_01,VOICE_TRAFFIC,5814.0,900,NRCell,Huawei
1696893300000,MAD033_01,VOLTE_CALL_SETUP_ATT,16.0,900,NRCell,Huawei
1696893300000,MAD033_01,VOLTE_CALL_SETUP_SUCC,16.0,900,NRCell,Huawei
1696893300000,SAL030_01,DCR_DEN,243.0,900,NRCell,Huawei
1696893300000,SAL030_01,DCR_NUM,1.0,900,NRCell,Huawei
1696893300000,SAL030_01,DROP_CALL_VOLTE_DEN,2.0,900,NRCell,Huawei
1696893300000,SAL030_01,DROP_CALL_VOLTE_NUM,0.0,900,NRCell,Huawei
1696893300000,SAL030_01,ERAB_SR_DEN,228.0,900,NRCell,Huawei
1696893300000,SAL030_01,ERAB_SR_NUM,228.0,900,NRCell,Huawei
1696893300000,SAL030_01,INTEGRITY_NGBR_QCI_9,2407509984.0,900,NRCell,Huawei
1696893300000,SAL030_01,INTRA_FREQUENCY_HO_OUT_ATT,21.0,900,NRCell,Huawei
1696893300000,SAL030_01,INTRA_FREQUENCY_HO_OUT_SUCC,21.0,900,NRCell,Huawei
1696893300000,SAL030_01,RRC_SETUP_ATT,127.0,900,NRCell,Huawei
1696893300000,SAL030_01,RRC_SETUP_SUCC,127.0,900,NRCell,Huawei
1696893300000,SAL030_01,S1SIG_Connection_Setup_SR_DEN,127.0,900,NRCell,Huawei
1696893300000,SAL030_01,S1SIG_Connection_Setup_SR_NUM,127.0,900,NRCell,Huawei
1696893300000,SAL030_01,SERVICE_LATENCY_OVER_AIR_INTERFACE_DEN,44475.0,900,NRCell,Huawei
1696893300000,SAL030_01,SERVICE_LATENCY_OVER_AIR_INTERFACE_NUM,99347.0,900,NRCell,Huawei
1696893300000,SAL030_01,VOICE_TRAFFIC,2333.0,900,NRCell,Huawei
1696893300000,SAL030_01,VOLTE_CALL_SETUP_ATT,3.0,900,NRCell,Huawei
1696893300000,SAL030_01,VOLTE_CALL_SETUP_SUCC,3.0,900,NRCell,Huawei
1696893300000,SEV001_01,DCR_DEN,3390.0,900,NRCell,Huawei
1696893300000,SEV001_01,DCR_NUM,2.0,900,NRCell,Huawei
1696893300000,SEV001_01,DROP_CALL_VOLTE_DEN,22.0,900,NRCell,Huawei
1696893300000,SEV001_01,DROP_CALL_VOLTE_NUM,0.0,900,NRCell,Huawei
1696893300000,SEV001_01,ERAB_SR_DEN,3404.0,900,NRCell,Huawei
1696893300000,SEV001_01,ERAB_SR_NUM,3403.0,900,NRCell,Huawei
1696893300000,SEV001_01,INTEGRITY_NGBR_QCI_9,16798075288.0,900,NRCell,Huawei
1696893300000,SEV001_01,INTRA_FREQUENCY_HO_OUT_ATT,102.0,900,NRCell,Huawei
1696893300000,SEV001_01,INTRA_FREQUENCY_HO_OUT_SUCC,102.0,900,NRCell,Huawei
1696893300000,SEV001_01,RRC_SETUP_ATT,1884.0,900,NRCell,Huawei
1696893300000,SEV001_01,RRC_SETUP_SUCC,1883.0,900,NRCell,Huawei
1696893300000,SEV001_01,S1SIG_Connection_Setup_SR_DEN,1883.0,900,NRCell,Huawei
1696893300000,SEV001_01,S1SIG_Connection_Setup_SR_NUM,1883.0,900,NRCell,Huawei
1696893300000,SEV001_01,SERVICE_LATENCY_OVER_AIR_INTERFACE_DEN,469295.0,900,NRCell,Huawei
1696893300000,SEV001_01,SERVICE_LATENCY_OVER_AIR_INTERFACE_NUM,830245.0,900,NRCell,Huawei
1696893300000,SEV001_01,VOICE_TRAFFIC,15780.0,900,NRCell,Huawei
1696893300000,SEV001_01,VOLTE_CALL_SETUP_ATT,24.0,900,NRCell,Huawei
1696893300000,SEV001_01,VOLTE_CALL_SETUP_SUCC,24.0,900,NRCell,Huawei
1696893300000,SNT002_01,DCR_DEN,1351.0,900,NRCell,Huawei
1696893300000,SNT002_01,DCR_NUM,0.0,900,NRCell,Huawei
1696893300000,SNT002_01,DROP_CALL_VOLTE_DEN,6.0,900,NRCell,Huawei
1696893300000,SNT002_01,DROP_CALL_VOLTE_NUM,0.0,900,NRCell,Huawei
1696893300000,SNT002_01,ERAB_SR_DEN,1335.0,900,NRCell,Huawei
1696893300000,SNT002_01,ERAB_SR_NUM,1335.0,900,NRCell,Huawei
1696893300000,SNT002_01,INTEGRITY_NGBR_QCI_9,5107248992.0,900,NRCell,Huawei
1696893300000,SNT002_01,INTRA_FREQUENCY_HO_OUT_ATT,72.0,900,NRCell,Huawei
1696893300000,SNT002_01,INTRA_FREQUENCY_HO_OUT_SUCC,72.0,900,NRCell,Huawei
1696893300000,SNT002_01,RRC_SETUP_ATT,756.0,900,NRCell,Huawei
1696893300000,SNT002_01,RRC_SETUP_SUCC,754.0,900,NRCell,Huawei
1696893300000,SNT002_01,S1SIG_Connection_Setup_SR_DEN,754.0,900,NRCell,Huawei
1696893300000,SNT002_01,S1SIG_Connection_Setup_SR_NUM,754.0,900,NRCell,Huawei
1696893300000,SNT002_01,SERVICE_LATENCY_OVER_AIR_INTERFACE_DEN,138153.0,900,NRCell,Huawei
1696893300000,SNT002_01,SERVICE_LATENCY_OVER_AIR_INTERFACE_NUM,171609.0,900,NRCell,Huawei
1696893300000,SNT002_01,VOICE_TRAFFIC,5573.0,900,NRCell,Huawei
1696893300000,SNT002_01,VOLTE_CALL_SETUP_ATT,7.0,900,NRCell,Huawei
1696893300000,SNT002_01,VOLTE_CALL_SETUP_SUCC,7.0,900,NRCell,Huawei
1696893300000,TAR015_01,DCR_DEN,3629.0,900,NRCell,Huawei
1696893300000,TAR015_01,DCR_NUM,5.0,900,NRCell,Huawei
1696893300000,TAR015_01,DROP_CALL_VOLTE_DEN,22.0,900,NRCell,Huawei
1696893300000,TAR015_01,DROP_CALL_VOLTE_NUM,0.0,900,NRCell,Huawei
1696893300000,TAR015_01,ERAB_SR_DEN,3601.0,900,NRCell,Huawei
1696893300000,TAR015_01,ERAB_SR_NUM,3596.0,900,NRCell,Huawei
1696893300000,TAR015_01,INTEGRITY_NGBR_QCI_9,15237164096.0,900,NRCell,Huawei
1696893300000,TAR015_01,INTRA_FREQUENCY_HO_OUT_ATT,129.0,900,NRCell,Huawei
1696893300000,TAR015_01,INTRA_FREQUENCY_HO_OUT_SUCC,129.0,900,NRCell,Huawei
1696893300000,TAR015_01,RRC_SETUP_ATT,1990.0,900,NRCell,Huawei
1696893300000,TAR015_01,RRC_SETUP_SUCC,1988.0,900,NRCell,Huawei
1696893300000,TAR015_01,S1SIG_Connection_Setup_SR_DEN,1988.0,900,NRCell,Huawei
1696893300000,TAR015_01,S1SIG_Connection_Setup_SR_NUM,1988.0,900,NRCell,Huawei
1696893300000,TAR015_01,SERVICE_LATENCY_OVER_AIR_INTERFACE_DEN,470258.0,900,NRCell,Huawei
1696893300000,TAR015_01,SERVICE_LATENCY_OVER_AIR_INTERFACE_NUM,1362575.0,900,NRCell,Huawei
1696893300000,TAR015_01,VOICE_TRAFFIC,34053.0,900,NRCell,Huawei
1696893300000,TAR015_01,VOLTE_CALL_SETUP_ATT,26.0,900,NRCell,Huawei
1696893300000,TAR015_01,VOLTE_CALL_SETUP_SUCC,26.0,900,NRCell,Huawei
1696893300000,TOL034_01,DCR_DEN,119.0,900,NRCell,Huawei
1696893300000,TOL034_01,DCR_NUM,0.0,900,NRCell,Huawei
1696893300000,TOL034_01,DROP_CALL_VOLTE_DEN,0.0,900,NRCell,Huawei
1696893300000,TOL034_01,DROP_CALL_VOLTE_NUM,0.0,900,NRCell,Huawei
1696893300000,TOL034_01,ERAB_SR_DEN,115.0,900,NRCell,Huawei
1696893300000,TOL034_01,ERAB_SR_NUM,115.0,900,NRCell,Huawei
1696893300000,TOL034_01,INTEGRITY_NGBR_QCI_9,6635668608.0,900,NRCell,Huawei
1696893300000,TOL034_01,INTRA_FREQUENCY_HO_OUT_ATT,20.0,900,NRCell,Huawei
1696893300000,TOL034_01,INTRA_FREQUENCY_HO_OUT_SUCC,20.0,900,NRCell,Huawei
1696893300000,TOL034_01,RRC_SETUP_ATT,94.0,900,NRCell,Huawei
1696893300000,TOL034_01,RRC_SETUP_SUCC,93.0,900,NRCell,Huawei
1696893300000,TOL034_01,S1SIG_Connection_Setup_SR_DEN,93.0,900,NRCell,Huawei
1696893300000,TOL034_01,S1SIG_Connection_Setup_SR_NUM,93.0,900,NRCell,Huawei
1696893300000,TOL034_01,SERVICE_LATENCY_OVER_AIR_INTERFACE_DEN,191626.0,900,NRCell,Huawei
1696893300000,TOL034_01,SERVICE_LATENCY_OVER_AIR_INTERFACE_NUM,252679.0,900,NRCell,Huawei
1696893300000,TOL034_01,VOICE_TRAFFIC,0.0,900,NRCell,Huawei
1696893300000,TOL034_01,VOLTE_CALL_SETUP_ATT,0.0,900,NRCell,Huawei
1696893300000,TOL034_01,VOLTE_CALL_SETUP_SUCC,0.0,900,NRCell,Huawei
1696893300000,VAL002_01,DCR_DEN,40.0,900,NRCell,Huawei
1696893300000,VAL002_01,DCR_NUM,0.0,900,NRCell,Huawei
1696893300000,VAL002_01,DROP_CALL_VOLTE_DEN,0.0,900,NRCell,Huawei
1696893300000,VAL002_01,DROP_CALL_VOLTE_NUM,0.0,900,NRCell,Huawei
1696893300000,VAL002_01,ERAB_SR_DEN,40.0,900,NRCell,Huawei
1696893300000,VAL002_01,ERAB_SR_NUM,40.0,900,NRCell,Huawei
1696893300000,VAL002_01,INTEGRITY_NGBR_QCI_9,39769632.0,900,NRCell,Huawei
1696893300000,VAL002_01,INTRA_FREQUENCY_HO_OUT_ATT,7.0,900,NRCell,Huawei
1696893300000,VAL002_01,INTRA_FREQUENCY_HO_OUT_SUCC,7.0,900,NRCell,Huawei
1696893300000,VAL002_01,RRC_SETUP_ATT,34.0,900,NRCell,Huawei
1696893300000,VAL002_01,RRC_SETUP_SUCC,34.0,900,NRCell,Huawei
1696893300000,VAL002_01,S1SIG_Connection_Setup_SR_DEN,34.0,900,NRCell,Huawei
1696893300000,VAL002_01,S1SIG_Connection_Setup_SR_NUM,34.0,900,NRCell,Huawei
1696893300000,VAL002_01,SERVICE_LATENCY_OVER_AIR_INTERFACE_DEN,4437.0,900,NRCell,Huawei
1696893300000,VAL002_01,SERVICE_LATENCY_OVER_AIR_INTERFACE_NUM,5993.0,900,NRCell,Huawei
1696893300000,VAL002_01,VOICE_TRAFFIC,46.0,900,NRCell,Huawei
1696893300000,VAL002_01,VOLTE_CALL_SETUP_ATT,0.0,900,NRCell,Huawei
1696893300000,VAL002_01,VOLTE_CALL_SETUP_SUCC,0.0,900,NRCell,Huawei
