startTime,neId,counterCode,counterValue,granularity,neType,vendorName
1696464000000,BCN014_01,DCR_DEN,3641.0,900,NRCell,Huawei
1696464000000,BCN014_01,DCR_NUM,4.0,900,NRCell,Huawei
1696464000000,BCN014_01,DROP_CALL_VOLTE_DEN,43.0,900,NRCell,Huawei
1696464000000,BCN014_01,DROP_CALL_VOLTE_NUM,0.0,900,NRCell,Huawei
1696464000000,BCN014_01,ERAB_SR_DEN,3583.0,900,NRCell,Huawei
1696464000000,BCN014_01,ERAB_SR_NUM,3581.0,900,NRCell,Huawei
1696464000000,BCN014_01,INTEGRITY_NGBR_QCI_9,14703232560.0,900,NRCell,Huawei
1696464000000,BCN014_01,INTRA_FREQUENCY_HO_OUT_ATT,231.0,900,NRCell,Huawei
1696464000000,BCN014_01,INTRA_FREQUENCY_HO_OUT_SUCC,230.0,900,NRCell,Huawei
1696464000000,BCN014_01,RRC_SETUP_ATT,1987.0,900,NRCell,Huawei
1696464000000,BCN014_01,RRC_SETUP_SUCC,1984.0,900,NRCell,Huawei
1696464000000,BCN014_01,S1SIG_Connection_Setup_SR_DEN,1984.0,900,NRCell,Huawei
1696464000000,BCN014_01,S1SIG_Connection_Setup_SR_NUM,1984.0,900,NRCell,Huawei
1696464000000,BCN014_01,SERVICE_LATENCY_OVER_AIR_INTERFACE_DEN,469657.0,900,NRCell,Huawei
1696464000000,BCN014_01,SERVICE_LATENCY_OVER_AIR_INTERFACE_NUM,1003517.0,900,NRCell,Huawei
1696464000000,BCN014_01,VOICE_TRAFFIC,43107.0,900,NRCell,Huawei
1696464000000,BCN014_01,VOLTE_CALL_SETUP_ATT,45.0,900,NRCell,Huawei
1696464000000,BCN014_01,VOLTE_CALL_SETUP_SUCC,45.0,900,NRCell,Huawei
1696464000000,BIL001_01,DCR_DEN,3289.0,900,NRCell,Huawei
1696464000000,BIL001_01,DCR_NUM,0.0,900,NRCell,Huawei
1696464000000,BIL001_01,DROP_CALL_VOLTE_DEN,36.0,900,NRCell,Huawei
1696464000000,BIL001_01,DROP_CALL_VOLTE_NUM,0.0,900,NRCell,Huawei
1696464000000,BIL001_01,ERAB_SR_DEN,3300.0,900,NRCell,Huawei
1696464000000,BIL001_01,ERAB_SR_NUM,3295.0,900,NRCell,Huawei
1696464000000,BIL001_01,INTEGRITY_NGBR_QCI_9,10693981752.0,900,NRCell,Huawei
1696464000000,BIL001_01,INTRA_FREQUENCY_HO_OUT_ATT,169.0,900,NRCell,Huawei
1696464000000,BIL001_01,INTRA_FREQUENCY_HO_OUT_SUCC,169.0,900,NRCell,Huawei
1696464000000,BIL001_01,RRC_SETUP_ATT,1909.0,900,NRCell,Huawei
1696464000000,BIL001_01,RRC_SETUP_SUCC,1899.0,900,NRCell,Huawei
1696464000000,BIL001_01,S1SIG_Connection_Setup_SR_DEN,1899.0,900,NRCell,Huawei
1696464000000,BIL001_01,S1SIG_Connection_Setup_SR_NUM,1899.0,900,NRCell,Huawei
1696464000000,BIL001_01,SERVICE_LATENCY_OVER_AIR_INTERFACE_DEN,438703.0,900,NRCell,Huawei
1696464000000,BIL001_01,SERVICE_LATENCY_OVER_AIR_INTERFACE_NUM,697801.0,900,NRCell,Huawei
1696464000000,BIL001_01,VOICE_TRAFFIC,28379.0,900,NRCell,Huawei
1696464000000,BIL001_01,VOLTE_CALL_SETUP_ATT,39.0,900,NRCell,Huawei
1696464000000,BIL001_01,VOLTE_CALL_SETUP_SUCC,39.0,900,NRCell,Huawei
1696464000000,MAD033_01,DCR_DEN,2123.0,900,NRCell,Huawei
1696464000000,MAD033_01,DCR_NUM,0.0,900,NRCell,Huawei
1696464000000,MAD033_01,DROP_CALL_VOLTE_DEN,20.0,900,NRCell,Huawei
1696464000000,MAD033_01,DROP_CALL_VOLTE_NUM,0.0,900,NRCell,Huawei
1696464000000,MAD033_01,ERAB_SR_DEN,2186.0,900,NRCell,Huawei
1696464000000,MAD033_01,ERAB_SR_NUM,2183.0,900,NRCell,Huawei
1696464000000,MAD033_01,INTEGRITY_NGBR_QCI_9,6214425656.0,900,NRCell,Huawei
1696464000000,MAD033_01,INTRA_FREQUENCY_HO_OUT_ATT,169.0,900,NRCell,Huawei
1696464000000,MAD033_01,INTRA_FREQUENCY_HO_OUT_SUCC,169.0,900,NRCell,Huawei
1696464000000,MAD033_01,RRC_SETUP_ATT,1256.0,900,NRCell,Huawei
1696464000000,MAD033_01,RRC_SETUP_SUCC,1253.0,900,NRCell,Huawei
1696464000000,MAD033_01,S1SIG_Connection_Setup_SR_DEN,1253.0,900,NRCell,Huawei
1696464000000,MAD033_01,S1SIG_Connection_Setup_SR_NUM,1253.0,900,NRCell,Huawei
1696464000000,MAD033_01,SERVICE_LATENCY_OVER_AIR_INTERFACE_DEN,213459.0,900,NRCell,Huawei
1696464000000,MAD033_01,SERVICE_LATENCY_OVER_AIR_INTERFACE_NUM,421995.0,900,NRCell,Huawei
1696464000000,MAD033_01,VOICE_TRAFFIC,19135.0,900,NRCell,Huawei
1696464000000,MAD033_01,VOLTE_CALL_SETUP_ATT,20.0,900,NRCell,Huawei
1696464000000,MAD033_01,VOLTE_CALL_SETUP_SUCC,20.0,900,NRCell,Huawei
1696464000000,SAL030_01,DCR_DEN,621.0,900,NRCell,Huawei
1696464000000,SAL030_01,DCR_NUM,5.0,900,NRCell,Huawei
1696464000000,SAL030_01,DROP_CALL_VOLTE_DEN,4.0,900,NRCell,Huawei
1696464000000,SAL030_01,DROP_CALL_VOLTE_NUM,0.0,900,NRCell,Huawei
1696464000000,SAL030_01,ERAB_SR_DEN,621.0,900,NRCell,Huawei
1696464000000,SAL030_01,ERAB_SR_NUM,619.0,900,NRCell,Huawei
1696464000000,SAL030_01,INTEGRITY_NGBR_QCI_9,4843638592.0,900,NRCell,Huawei
1696464000000,SAL030_01,INTRA_FREQUENCY_HO_OUT_ATT,15.0,900,NRCell,Huawei
1696464000000,SAL030_01,INTRA_FREQUENCY_HO_OUT_SUCC,15.0,900,NRCell,Huawei
1696464000000,SAL030_01,RRC_SETUP_ATT,354.0,900,NRCell,Huawei
1696464000000,SAL030_01,RRC_SETUP_SUCC,353.0,900,NRCell,Huawei
1696464000000,SAL030_01,S1SIG_Connection_Setup_SR_DEN,353.0,900,NRCell,Huawei
1696464000000,SAL030_01,S1SIG_Connection_Setup_SR_NUM,353.0,900,NRCell,Huawei
1696464000000,SAL030_01,SERVICE_LATENCY_OVER_AIR_INTERFACE_DEN,71026.0,900,NRCell,Huawei
1696464000000,SAL030_01,SERVICE_LATENCY_OVER_AIR_INTERFACE_NUM,103635.0,900,NRCell,Huawei
1696464000000,SAL030_01,VOICE_TRAFFIC,1270.0,900,NRCell,Huawei
1696464000000,SAL030_01,VOLTE_CALL_SETUP_ATT,4.0,900,NRCell,Huawei
1696464000000,SAL030_01,VOLTE_CALL_SETUP_SUCC,4.0,900,NRCell,Huawei
1696464000000,SEV001_01,DCR_DEN,4832.0,900,NRCell,Huawei
1696464000000,SEV001_01,DCR_NUM,12.0,900,NRCell,Huawei
1696464000000,SEV001_01,DROP_CALL_VOLTE_DEN,46.0,900,NRCell,Huawei
1696464000000,SEV001_01,DROP_CALL_VOLTE_NUM,0.0,900,NRCell,Huawei
1696464000000,SEV001_01,ERAB_SR_DEN,4967.0,900,NRCell,Huawei
1696464000000,SEV001_01,ERAB_SR_NUM,4953.0,900,NRCell,Huawei
1696464000000,SEV001_01,INTEGRITY_NGBR_QCI_9,22079219664.0,900,NRCell,Huawei
1696464000000,SEV001_01,INTRA_FREQUENCY_HO_OUT_ATT,143.0,900,NRCell,Huawei
1696464000000,SEV001_01,INTRA_FREQUENCY_HO_OUT_SUCC,143.0,900,NRCell,Huawei
1696464000000,SEV001_01,RRC_SETUP_ATT,2708.0,900,NRCell,Huawei
1696464000000,SEV001_01,RRC_SETUP_SUCC,2691.0,900,NRCell,Huawei
1696464000000,SEV001_01,S1SIG_Connection_Setup_SR_DEN,2691.0,900,NRCell,Huawei
1696464000000,SEV001_01,S1SIG_Connection_Setup_SR_NUM,2690.0,900,NRCell,Huawei
1696464000000,SEV001_01,SERVICE_LATENCY_OVER_AIR_INTERFACE_DEN,719979.0,900,NRCell,Huawei
1696464000000,SEV001_01,SERVICE_LATENCY_OVER_AIR_INTERFACE_NUM,1758683.0,900,NRCell,Huawei
1696464000000,SEV001_01,VOICE_TRAFFIC,30468.0,900,NRCell,Huawei
1696464000000,SEV001_01,VOLTE_CALL_SETUP_ATT,43.0,900,NRCell,Huawei
1696464000000,SEV001_01,VOLTE_CALL_SETUP_SUCC,43.0,900,NRCell,Huawei
1696464000000,SNT002_01,DCR_DEN,2350.0,900,NRCell,Huawei
1696464000000,SNT002_01,DCR_NUM,3.0,900,NRCell,Huawei
1696464000000,SNT002_01,DROP_CALL_VOLTE_DEN,25.0,900,NRCell,Huawei
1696464000000,SNT002_01,DROP_CALL_VOLTE_NUM,0.0,900,NRCell,Huawei
1696464000000,SNT002_01,ERAB_SR_DEN,2410.0,900,NRCell,Huawei
1696464000000,SNT002_01,ERAB_SR_NUM,2410.0,900,NRCell,Huawei
1696464000000,SNT002_01,INTEGRITY_NGBR_QCI_9,8850624024.0,900,NRCell,Huawei
1696464000000,SNT002_01,INTRA_FREQUENCY_HO_OUT_ATT,151.0,900,NRCell,Huawei
1696464000000,SNT002_01,INTRA_FREQUENCY_HO_OUT_SUCC,151.0,900,NRCell,Huawei
1696464000000,SNT002_01,RRC_SETUP_ATT,1381.0,900,NRCell,Huawei
1696464000000,SNT002_01,RRC_SETUP_SUCC,1372.0,900,NRCell,Huawei
1696464000000,SNT002_01,S1SIG_Connection_Setup_SR_DEN,1372.0,900,NRCell,Huawei
1696464000000,SNT002_01,S1SIG_Connection_Setup_SR_NUM,1372.0,900,NRCell,Huawei
1696464000000,SNT002_01,SERVICE_LATENCY_OVER_AIR_INTERFACE_DEN,280254.0,900,NRCell,Huawei
1696464000000,SNT002_01,SERVICE_LATENCY_OVER_AIR_INTERFACE_NUM,405342.0,900,NRCell,Huawei
1696464000000,SNT002_01,VOICE_TRAFFIC,19829.0,900,NRCell,Huawei
1696464000000,SNT002_01,VOLTE_CALL_SETUP_ATT,21.0,900,NRCell,Huawei
1696464000000,SNT002_01,VOLTE_CALL_SETUP_SUCC,21.0,900,NRCell,Huawei
1696464000000,TAR015_01,DCR_DEN,4553.0,900,NRCell,Huawei
1696464000000,TAR015_01,DCR_NUM,12.0,900,NRCell,Huawei
1696464000000,TAR015_01,DROP_CALL_VOLTE_DEN,37.0,900,NRCell,Huawei
1696464000000,TAR015_01,DROP_CALL_VOLTE_NUM,0.0,900,NRCell,Huawei
1696464000000,TAR015_01,ERAB_SR_DEN,4420.0,900,NRCell,Huawei
1696464000000,TAR015_01,ERAB_SR_NUM,4412.0,900,NRCell,Huawei
1696464000000,TAR015_01,INTEGRITY_NGBR_QCI_9,17378738712.0,900,NRCell,Huawei
1696464000000,TAR015_01,INTRA_FREQUENCY_HO_OUT_ATT,192.0,900,NRCell,Huawei
1696464000000,TAR015_01,INTRA_FREQUENCY_HO_OUT_SUCC,191.0,900,NRCell,Huawei
1696464000000,TAR015_01,RRC_SETUP_ATT,2393.0,900,NRCell,Huawei
1696464000000,TAR015_01,RRC_SETUP_SUCC,2392.0,900,NRCell,Huawei
1696464000000,TAR015_01,S1SIG_Connection_Setup_SR_DEN,2392.0,900,NRCell,Huawei
1696464000000,TAR015_01,S1SIG_Connection_Setup_SR_NUM,2392.0,900,NRCell,Huawei
1696464000000,TAR015_01,SERVICE_LATENCY_OVER_AIR_INTERFACE_DEN,560109.0,900,NRCell,Huawei
1696464000000,TAR015_01,SERVICE_LATENCY_OVER_AIR_INTERFACE_NUM,2649629.0,900,NRCell,Huawei
1696464000000,TAR015_01,VOICE_TRAFFIC,58801.0,900,NRCell,Huawei
1696464000000,TAR015_01,VOLTE_CALL_SETUP_ATT,35.0,900,NRCell,Huawei
1696464000000,TAR015_01,VOLTE_CALL_SETUP_SUCC,35.0,900,NRCell,Huawei
1696464000000,TOL034_01,DCR_DEN,188.0,900,NRCell,Huawei
1696464000000,TOL034_01,DCR_NUM,0.0,900,NRCell,Huawei
1696464000000,TOL034_01,DROP_CALL_VOLTE_DEN,1.0,900,NRCell,Huawei
1696464000000,TOL034_01,DROP_CALL_VOLTE_NUM,0.0,900,NRCell,Huawei
1696464000000,TOL034_01,ERAB_SR_DEN,199.0,900,NRCell,Huawei
1696464000000,TOL034_01,ERAB_SR_NUM,197.0,900,NRCell,Huawei
1696464000000,TOL034_01,INTEGRITY_NGBR_QCI_9,2539357512.0,900,NRCell,Huawei
1696464000000,TOL034_01,INTRA_FREQUENCY_HO_OUT_ATT,11.0,900,NRCell,Huawei
1696464000000,TOL034_01,INTRA_FREQUENCY_HO_OUT_SUCC,11.0,900,NRCell,Huawei
1696464000000,TOL034_01,RRC_SETUP_ATT,132.0,900,NRCell,Huawei
1696464000000,TOL034_01,RRC_SETUP_SUCC,132.0,900,NRCell,Huawei
1696464000000,TOL034_01,S1SIG_Connection_Setup_SR_DEN,132.0,900,NRCell,Huawei
1696464000000,TOL034_01,S1SIG_Connection_Setup_SR_NUM,132.0,900,NRCell,Huawei
1696464000000,TOL034_01,SERVICE_LATENCY_OVER_AIR_INTERFACE_DEN,50297.0,900,NRCell,Huawei
1696464000000,TOL034_01,SERVICE_LATENCY_OVER_AIR_INTERFACE_NUM,71796.0,900,NRCell,Huawei
1696464000000,TOL034_01,VOICE_TRAFFIC,1717.0,900,NRCell,Huawei
1696464000000,TOL034_01,VOLTE_CALL_SETUP_ATT,1.0,900,NRCell,Huawei
1696464000000,TOL034_01,VOLTE_CALL_SETUP_SUCC,1.0,900,NRCell,Huawei
1696464000000,VAL002_01,DCR_DEN,90.0,900,NRCell,Huawei
1696464000000,VAL002_01,DCR_NUM,0.0,900,NRCell,Huawei
1696464000000,VAL002_01,DROP_CALL_VOLTE_DEN,3.0,900,NRCell,Huawei
1696464000000,VAL002_01,DROP_CALL_VOLTE_NUM,0.0,900,NRCell,Huawei
1696464000000,VAL002_01,ERAB_SR_DEN,84.0,900,NRCell,Huawei
1696464000000,VAL002_01,ERAB_SR_NUM,84.0,900,NRCell,Huawei
1696464000000,VAL002_01,INTEGRITY_NGBR_QCI_9,1471416552.0,900,NRCell,Huawei
1696464000000,VAL002_01,INTRA_FREQUENCY_HO_OUT_ATT,5.0,900,NRCell,Huawei
1696464000000,VAL002_01,INTRA_FREQUENCY_HO_OUT_SUCC,5.0,900,NRCell,Huawei
1696464000000,VAL002_01,RRC_SETUP_ATT,59.0,900,NRCell,Huawei
1696464000000,VAL002_01,RRC_SETUP_SUCC,59.0,900,NRCell,Huawei
1696464000000,VAL002_01,S1SIG_Connection_Setup_SR_DEN,59.0,900,NRCell,Huawei
1696464000000,VAL002_01,S1SIG_Connection_Setup_SR_NUM,59.0,900,NRCell,Huawei
1696464000000,VAL002_01,SERVICE_LATENCY_OVER_AIR_INTERFACE_DEN,11069.0,900,NRCell,Huawei
1696464000000,VAL002_01,SERVICE_LATENCY_OVER_AIR_INTERFACE_NUM,20059.0,900,NRCell,Huawei
1696464000000,VAL002_01,VOICE_TRAFFIC,365.0,900,NRCell,Huawei
1696464000000,VAL002_01,VOLTE_CALL_SETUP_ATT,0.0,900,NRCell,Huawei
1696464000000,VAL002_01,VOLTE_CALL_SETUP_SUCC,0.0,900,NRCell,Huawei
