startTime,neId,counterCode,counterValue,granularity,neType,vendorName
1696678200000,BCN014_01,DCR_DEN,1014.0,900,NRCell,Huawei
1696678200000,BCN014_01,DCR_NUM,1.0,900,NRCell,Huawei
1696678200000,BCN014_01,DROP_CALL_VOLTE_DEN,2.0,900,NRCell,Huawei
1696678200000,BCN014_01,DROP_CALL_VOLTE_NUM,0.0,900,NRCell,Huawei
1696678200000,BCN014_01,ERAB_SR_DEN,1030.0,900,NRCell,Huawei
1696678200000,BCN014_01,ERAB_SR_NUM,1030.0,900,NRCell,Huawei
1696678200000,BCN014_01,INTEGRITY_NGBR_QCI_9,3031421736.0,900,NRCell,Huawei
1696678200000,BCN014_01,INTRA_FREQUENCY_HO_OUT_ATT,22.0,900,NRCell,Huawei
1696678200000,BCN014_01,INTRA_FREQUENCY_HO_OUT_SUCC,22.0,900,NRCell,Huawei
1696678200000,BCN014_01,RRC_SETUP_ATT,692.0,900,NRCell,Huawei
1696678200000,BCN014_01,RRC_SETUP_SUCC,692.0,900,NRCell,Huawei
1696678200000,BCN014_01,S1SIG_Connection_Setup_SR_DEN,692.0,900,NRCell,Huawei
1696678200000,BCN014_01,S1SIG_Connection_Setup_SR_NUM,692.0,900,NRCell,Huawei
1696678200000,BCN014_01,SERVICE_LATENCY_OVER_AIR_INTERFACE_DEN,137102.0,900,NRCell,Huawei
1696678200000,BCN014_01,SERVICE_LATENCY_OVER_AIR_INTERFACE_NUM,156851.0,900,NRCell,Huawei
1696678200000,BCN014_01,VOICE_TRAFFIC,231.0,900,NRCell,Huawei
1696678200000,BCN014_01,VOLTE_CALL_SETUP_ATT,2.0,900,NRCell,Huawei
1696678200000,BCN014_01,VOLTE_CALL_SETUP_SUCC,2.0,900,NRCell,Huawei
1696678200000,BIL001_01,DCR_DEN,1108.0,900,NRCell,Huawei
1696678200000,BIL001_01,DCR_NUM,0.0,900,NRCell,Huawei
1696678200000,BIL001_01,DROP_CALL_VOLTE_DEN,0.0,900,NRCell,Huawei
1696678200000,BIL001_01,DROP_CALL_VOLTE_NUM,0.0,900,NRCell,Huawei
1696678200000,BIL001_01,ERAB_SR_DEN,1096.0,900,NRCell,Huawei
1696678200000,BIL001_01,ERAB_SR_NUM,1096.0,900,NRCell,Huawei
1696678200000,BIL001_01,INTEGRITY_NGBR_QCI_9,6647480088.0,900,NRCell,Huawei
1696678200000,BIL001_01,INTRA_FREQUENCY_HO_OUT_ATT,24.0,900,NRCell,Huawei
1696678200000,BIL001_01,INTRA_FREQUENCY_HO_OUT_SUCC,24.0,900,NRCell,Huawei
1696678200000,BIL001_01,RRC_SETUP_ATT,681.0,900,NRCell,Huawei
1696678200000,BIL001_01,RRC_SETUP_SUCC,681.0,900,NRCell,Huawei
1696678200000,BIL001_01,S1SIG_Connection_Setup_SR_DEN,681.0,900,NRCell,Huawei
1696678200000,BIL001_01,S1SIG_Connection_Setup_SR_NUM,681.0,900,NRCell,Huawei
1696678200000,BIL001_01,SERVICE_LATENCY_OVER_AIR_INTERFACE_DEN,91911.0,900,NRCell,Huawei
1696678200000,BIL001_01,SERVICE_LATENCY_OVER_AIR_INTERFACE_NUM,106688.0,900,NRCell,Huawei
1696678200000,BIL001_01,VOICE_TRAFFIC,0.0,900,NRCell,Huawei
1696678200000,BIL001_01,VOLTE_CALL_SETUP_ATT,0.0,900,NRCell,Huawei
1696678200000,BIL001_01,VOLTE_CALL_SETUP_SUCC,0.0,900,NRCell,Huawei
1696678200000,MAD033_01,DCR_DEN,829.0,900,NRCell,Huawei
1696678200000,MAD033_01,DCR_NUM,0.0,900,NRCell,Huawei
1696678200000,MAD033_01,DROP_CALL_VOLTE_DEN,1.0,900,NRCell,Huawei
1696678200000,MAD033_01,DROP_CALL_VOLTE_NUM,0.0,900,NRCell,Huawei
1696678200000,MAD033_01,ERAB_SR_DEN,819.0,900,NRCell,Huawei
1696678200000,MAD033_01,ERAB_SR_NUM,819.0,900,NRCell,Huawei
1696678200000,MAD033_01,INTEGRITY_NGBR_QCI_9,64535376.0,900,NRCell,Huawei
1696678200000,MAD033_01,INTRA_FREQUENCY_HO_OUT_ATT,8.0,900,NRCell,Huawei
1696678200000,MAD033_01,INTRA_FREQUENCY_HO_OUT_SUCC,8.0,900,NRCell,Huawei
1696678200000,MAD033_01,RRC_SETUP_ATT,453.0,900,NRCell,Huawei
1696678200000,MAD033_01,RRC_SETUP_SUCC,453.0,900,NRCell,Huawei
1696678200000,MAD033_01,S1SIG_Connection_Setup_SR_DEN,453.0,900,NRCell,Huawei
1696678200000,MAD033_01,S1SIG_Connection_Setup_SR_NUM,453.0,900,NRCell,Huawei
1696678200000,MAD033_01,SERVICE_LATENCY_OVER_AIR_INTERFACE_DEN,8999.0,900,NRCell,Huawei
1696678200000,MAD033_01,SERVICE_LATENCY_OVER_AIR_INTERFACE_NUM,9399.0,900,NRCell,Huawei
1696678200000,MAD033_01,VOICE_TRAFFIC,297.0,900,NRCell,Huawei
1696678200000,MAD033_01,VOLTE_CALL_SETUP_ATT,1.0,900,NRCell,Huawei
1696678200000,MAD033_01,VOLTE_CALL_SETUP_SUCC,1.0,900,NRCell,Huawei
1696678200000,SAL030_01,DCR_DEN,127.0,900,NRCell,Huawei
1696678200000,SAL030_01,DCR_NUM,0.0,900,NRCell,Huawei
1696678200000,SAL030_01,DROP_CALL_VOLTE_DEN,0.0,900,NRCell,Huawei
1696678200000,SAL030_01,DROP_CALL_VOLTE_NUM,0.0,900,NRCell,Huawei
1696678200000,SAL030_01,ERAB_SR_DEN,133.0,900,NRCell,Huawei
1696678200000,SAL030_01,ERAB_SR_NUM,133.0,900,NRCell,Huawei
1696678200000,SAL030_01,INTEGRITY_NGBR_QCI_9,141804536.0,900,NRCell,Huawei
1696678200000,SAL030_01,INTRA_FREQUENCY_HO_OUT_ATT,6.0,900,NRCell,Huawei
1696678200000,SAL030_01,INTRA_FREQUENCY_HO_OUT_SUCC,6.0,900,NRCell,Huawei
1696678200000,SAL030_01,RRC_SETUP_ATT,89.0,900,NRCell,Huawei
1696678200000,SAL030_01,RRC_SETUP_SUCC,89.0,900,NRCell,Huawei
1696678200000,SAL030_01,S1SIG_Connection_Setup_SR_DEN,89.0,900,NRCell,Huawei
1696678200000,SAL030_01,S1SIG_Connection_Setup_SR_NUM,89.0,900,NRCell,Huawei
1696678200000,SAL030_01,SERVICE_LATENCY_OVER_AIR_INTERFACE_DEN,2094.0,900,NRCell,Huawei
1696678200000,SAL030_01,SERVICE_LATENCY_OVER_AIR_INTERFACE_NUM,3405.0,900,NRCell,Huawei
1696678200000,SAL030_01,VOICE_TRAFFIC,0.0,900,NRCell,Huawei
1696678200000,SAL030_01,VOLTE_CALL_SETUP_ATT,0.0,900,NRCell,Huawei
1696678200000,SAL030_01,VOLTE_CALL_SETUP_SUCC,0.0,900,NRCell,Huawei
1696678200000,SEV001_01,DCR_DEN,2035.0,900,NRCell,Huawei
1696678200000,SEV001_01,DCR_NUM,3.0,900,NRCell,Huawei
1696678200000,SEV001_01,DROP_CALL_VOLTE_DEN,1.0,900,NRCell,Huawei
1696678200000,SEV001_01,DROP_CALL_VOLTE_NUM,0.0,900,NRCell,Huawei
1696678200000,SEV001_01,ERAB_SR_DEN,2021.0,900,NRCell,Huawei
1696678200000,SEV001_01,ERAB_SR_NUM,2020.0,900,NRCell,Huawei
1696678200000,SEV001_01,INTEGRITY_NGBR_QCI_9,2416517536.0,900,NRCell,Huawei
1696678200000,SEV001_01,INTRA_FREQUENCY_HO_OUT_ATT,42.0,900,NRCell,Huawei
1696678200000,SEV001_01,INTRA_FREQUENCY_HO_OUT_SUCC,42.0,900,NRCell,Huawei
1696678200000,SEV001_01,RRC_SETUP_ATT,1152.0,900,NRCell,Huawei
1696678200000,SEV001_01,RRC_SETUP_SUCC,1151.0,900,NRCell,Huawei
1696678200000,SEV001_01,S1SIG_Connection_Setup_SR_DEN,1151.0,900,NRCell,Huawei
1696678200000,SEV001_01,S1SIG_Connection_Setup_SR_NUM,1151.0,900,NRCell,Huawei
1696678200000,SEV001_01,SERVICE_LATENCY_OVER_AIR_INTERFACE_DEN,95659.0,900,NRCell,Huawei
1696678200000,SEV001_01,SERVICE_LATENCY_OVER_AIR_INTERFACE_NUM,118975.0,900,NRCell,Huawei
1696678200000,SEV001_01,VOICE_TRAFFIC,1559.0,900,NRCell,Huawei
1696678200000,SEV001_01,VOLTE_CALL_SETUP_ATT,2.0,900,NRCell,Huawei
1696678200000,SEV001_01,VOLTE_CALL_SETUP_SUCC,2.0,900,NRCell,Huawei
1696678200000,SNT002_01,DCR_DEN,793.0,900,NRCell,Huawei
1696678200000,SNT002_01,DCR_NUM,0.0,900,NRCell,Huawei
1696678200000,SNT002_01,DROP_CALL_VOLTE_DEN,0.0,900,NRCell,Huawei
1696678200000,SNT002_01,DROP_CALL_VOLTE_NUM,0.0,900,NRCell,Huawei
1696678200000,SNT002_01,ERAB_SR_DEN,788.0,900,NRCell,Huawei
1696678200000,SNT002_01,ERAB_SR_NUM,788.0,900,NRCell,Huawei
1696678200000,SNT002_01,INTEGRITY_NGBR_QCI_9,50014128.0,900,NRCell,Huawei
1696678200000,SNT002_01,INTRA_FREQUENCY_HO_OUT_ATT,6.0,900,NRCell,Huawei
1696678200000,SNT002_01,INTRA_FREQUENCY_HO_OUT_SUCC,6.0,900,NRCell,Huawei
1696678200000,SNT002_01,RRC_SETUP_ATT,460.0,900,NRCell,Huawei
1696678200000,SNT002_01,RRC_SETUP_SUCC,460.0,900,NRCell,Huawei
1696678200000,SNT002_01,S1SIG_Connection_Setup_SR_DEN,460.0,900,NRCell,Huawei
1696678200000,SNT002_01,S1SIG_Connection_Setup_SR_NUM,460.0,900,NRCell,Huawei
1696678200000,SNT002_01,SERVICE_LATENCY_OVER_AIR_INTERFACE_DEN,20908.0,900,NRCell,Huawei
1696678200000,SNT002_01,SERVICE_LATENCY_OVER_AIR_INTERFACE_NUM,22049.0,900,NRCell,Huawei
1696678200000,SNT002_01,VOICE_TRAFFIC,0.0,900,NRCell,Huawei
1696678200000,SNT002_01,VOLTE_CALL_SETUP_ATT,0.0,900,NRCell,Huawei
1696678200000,SNT002_01,VOLTE_CALL_SETUP_SUCC,0.0,900,NRCell,Huawei
1696678200000,TAR015_01,DCR_DEN,2611.0,900,NRCell,Huawei
1696678200000,TAR015_01,DCR_NUM,0.0,900,NRCell,Huawei
1696678200000,TAR015_01,DROP_CALL_VOLTE_DEN,1.0,900,NRCell,Huawei
1696678200000,TAR015_01,DROP_CALL_VOLTE_NUM,0.0,900,NRCell,Huawei
1696678200000,TAR015_01,ERAB_SR_DEN,2623.0,900,NRCell,Huawei
1696678200000,TAR015_01,ERAB_SR_NUM,2622.0,900,NRCell,Huawei
1696678200000,TAR015_01,INTEGRITY_NGBR_QCI_9,5026622536.0,900,NRCell,Huawei
1696678200000,TAR015_01,INTRA_FREQUENCY_HO_OUT_ATT,24.0,900,NRCell,Huawei
1696678200000,TAR015_01,INTRA_FREQUENCY_HO_OUT_SUCC,24.0,900,NRCell,Huawei
1696678200000,TAR015_01,RRC_SETUP_ATT,1506.0,900,NRCell,Huawei
1696678200000,TAR015_01,RRC_SETUP_SUCC,1505.0,900,NRCell,Huawei
1696678200000,TAR015_01,S1SIG_Connection_Setup_SR_DEN,1505.0,900,NRCell,Huawei
1696678200000,TAR015_01,S1SIG_Connection_Setup_SR_NUM,1505.0,900,NRCell,Huawei
1696678200000,TAR015_01,SERVICE_LATENCY_OVER_AIR_INTERFACE_DEN,188737.0,900,NRCell,Huawei
1696678200000,TAR015_01,SERVICE_LATENCY_OVER_AIR_INTERFACE_NUM,226734.0,900,NRCell,Huawei
1696678200000,TAR015_01,VOICE_TRAFFIC,409.0,900,NRCell,Huawei
1696678200000,TAR015_01,VOLTE_CALL_SETUP_ATT,1.0,900,NRCell,Huawei
1696678200000,TAR015_01,VOLTE_CALL_SETUP_SUCC,1.0,900,NRCell,Huawei
1696678200000,TOL034_01,DCR_DEN,6.0,900,NRCell,Huawei
1696678200000,TOL034_01,DCR_NUM,0.0,900,NRCell,Huawei
1696678200000,TOL034_01,DROP_CALL_VOLTE_DEN,0.0,900,NRCell,Huawei
1696678200000,TOL034_01,DROP_CALL_VOLTE_NUM,0.0,900,NRCell,Huawei
1696678200000,TOL034_01,ERAB_SR_DEN,6.0,900,NRCell,Huawei
1696678200000,TOL034_01,ERAB_SR_NUM,6.0,900,NRCell,Huawei
1696678200000,TOL034_01,INTEGRITY_NGBR_QCI_9,473664.0,900,NRCell,Huawei
1696678200000,TOL034_01,INTRA_FREQUENCY_HO_OUT_ATT,0.0,900,NRCell,Huawei
1696678200000,TOL034_01,INTRA_FREQUENCY_HO_OUT_SUCC,0.0,900,NRCell,Huawei
1696678200000,TOL034_01,RRC_SETUP_ATT,5.0,900,NRCell,Huawei
1696678200000,TOL034_01,RRC_SETUP_SUCC,5.0,900,NRCell,Huawei
1696678200000,TOL034_01,S1SIG_Connection_Setup_SR_DEN,5.0,900,NRCell,Huawei
1696678200000,TOL034_01,S1SIG_Connection_Setup_SR_NUM,5.0,900,NRCell,Huawei
1696678200000,TOL034_01,SERVICE_LATENCY_OVER_AIR_INTERFACE_DEN,366.0,900,NRCell,Huawei
1696678200000,TOL034_01,SERVICE_LATENCY_OVER_AIR_INTERFACE_NUM,367.0,900,NRCell,Huawei
1696678200000,TOL034_01,VOICE_TRAFFIC,0.0,900,NRCell,Huawei
1696678200000,TOL034_01,VOLTE_CALL_SETUP_ATT,0.0,900,NRCell,Huawei
1696678200000,TOL034_01,VOLTE_CALL_SETUP_SUCC,0.0,900,NRCell,Huawei
1696678200000,VAL002_01,DCR_DEN,27.0,900,NRCell,Huawei
1696678200000,VAL002_01,DCR_NUM,0.0,900,NRCell,Huawei
1696678200000,VAL002_01,DROP_CALL_VOLTE_DEN,0.0,900,NRCell,Huawei
1696678200000,VAL002_01,DROP_CALL_VOLTE_NUM,0.0,900,NRCell,Huawei
1696678200000,VAL002_01,ERAB_SR_DEN,23.0,900,NRCell,Huawei
1696678200000,VAL002_01,ERAB_SR_NUM,23.0,900,NRCell,Huawei
1696678200000,VAL002_01,INTEGRITY_NGBR_QCI_9,2494608.0,900,NRCell,Huawei
1696678200000,VAL002_01,INTRA_FREQUENCY_HO_OUT_ATT,0.0,900,NRCell,Huawei
1696678200000,VAL002_01,INTRA_FREQUENCY_HO_OUT_SUCC,0.0,900,NRCell,Huawei
1696678200000,VAL002_01,RRC_SETUP_ATT,17.0,900,NRCell,Huawei
1696678200000,VAL002_01,RRC_SETUP_SUCC,17.0,900,NRCell,Huawei
1696678200000,VAL002_01,S1SIG_Connection_Setup_SR_DEN,17.0,900,NRCell,Huawei
1696678200000,VAL002_01,S1SIG_Connection_Setup_SR_NUM,17.0,900,NRCell,Huawei
1696678200000,VAL002_01,SERVICE_LATENCY_OVER_AIR_INTERFACE_DEN,2025.0,900,NRCell,Huawei
1696678200000,VAL002_01,SERVICE_LATENCY_OVER_AIR_INTERFACE_NUM,2121.0,900,NRCell,Huawei
1696678200000,VAL002_01,VOICE_TRAFFIC,0.0,900,NRCell,Huawei
1696678200000,VAL002_01,VOLTE_CALL_SETUP_ATT,0.0,900,NRCell,Huawei
1696678200000,VAL002_01,VOLTE_CALL_SETUP_SUCC,0.0,900,NRCell,Huawei
