startTime,neId,counterCode,counterValue,granularity,neType,vendorName
1696741200000,BCN014_01,DCR_DEN,2110.0,900,NRCell,Huawei
1696741200000,BCN014_01,DCR_NUM,1.0,900,NRCell,Huawei
1696741200000,BCN014_01,DROP_CALL_VOLTE_DEN,3.0,900,NRCell,Huawei
1696741200000,BCN014_01,DROP_CALL_VOLTE_NUM,0.0,900,NRCell,Huawei
1696741200000,BCN014_01,ERAB_SR_DEN,2108.0,900,NRCell,Huawei
1696741200000,BCN014_01,ERAB_SR_NUM,2108.0,900,NRCell,Huawei
1696741200000,BCN014_01,INTEGRITY_NGBR_QCI_9,9685805728.0,900,NRCell,Huawei
1696741200000,BCN014_01,INTRA_FREQUENCY_HO_OUT_ATT,92.0,900,NRCell,Huawei
1696741200000,BCN014_01,INTRA_FREQUENCY_HO_OUT_SUCC,92.0,900,NRCell,Huawei
1696741200000,BCN014_01,RRC_SETUP_ATT,1230.0,900,NRCell,Huawei
1696741200000,BCN014_01,RRC_SETUP_SUCC,1230.0,900,NRCell,Huawei
1696741200000,BCN014_01,S1SIG_Connection_Setup_SR_DEN,1230.0,900,NRCell,Huawei
1696741200000,BCN014_01,S1SIG_Connection_Setup_SR_NUM,1230.0,900,NRCell,Huawei
1696741200000,BCN014_01,SERVICE_LATENCY_OVER_AIR_INTERFACE_DEN,282509.0,900,NRCell,Huawei
1696741200000,BCN014_01,SERVICE_LATENCY_OVER_AIR_INTERFACE_NUM,388360.0,900,NRCell,Huawei
1696741200000,BCN014_01,VOICE_TRAFFIC,10225.0,900,NRCell,Huawei
1696741200000,BCN014_01,VOLTE_CALL_SETUP_ATT,1.0,900,NRCell,Huawei
1696741200000,BCN014_01,VOLTE_CALL_SETUP_SUCC,1.0,900,NRCell,Huawei
1696741200000,BIL001_01,DCR_DEN,1803.0,900,NRCell,Huawei
1696741200000,BIL001_01,DCR_NUM,1.0,900,NRCell,Huawei
1696741200000,BIL001_01,DROP_CALL_VOLTE_DEN,7.0,900,NRCell,Huawei
1696741200000,BIL001_01,DROP_CALL_VOLTE_NUM,0.0,900,NRCell,Huawei
1696741200000,BIL001_01,ERAB_SR_DEN,1796.0,900,NRCell,Huawei
1696741200000,BIL001_01,ERAB_SR_NUM,1795.0,900,NRCell,Huawei
1696741200000,BIL001_01,INTEGRITY_NGBR_QCI_9,14066610664.0,900,NRCell,Huawei
1696741200000,BIL001_01,INTRA_FREQUENCY_HO_OUT_ATT,92.0,900,NRCell,Huawei
1696741200000,BIL001_01,INTRA_FREQUENCY_HO_OUT_SUCC,92.0,900,NRCell,Huawei
1696741200000,BIL001_01,RRC_SETUP_ATT,1093.0,900,NRCell,Huawei
1696741200000,BIL001_01,RRC_SETUP_SUCC,1091.0,900,NRCell,Huawei
1696741200000,BIL001_01,S1SIG_Connection_Setup_SR_DEN,1091.0,900,NRCell,Huawei
1696741200000,BIL001_01,S1SIG_Connection_Setup_SR_NUM,1091.0,900,NRCell,Huawei
1696741200000,BIL001_01,SERVICE_LATENCY_OVER_AIR_INTERFACE_DEN,486676.0,900,NRCell,Huawei
1696741200000,BIL001_01,SERVICE_LATENCY_OVER_AIR_INTERFACE_NUM,667465.0,900,NRCell,Huawei
1696741200000,BIL001_01,VOICE_TRAFFIC,21388.0,900,NRCell,Huawei
1696741200000,BIL001_01,VOLTE_CALL_SETUP_ATT,7.0,900,NRCell,Huawei
1696741200000,BIL001_01,VOLTE_CALL_SETUP_SUCC,7.0,900,NRCell,Huawei
1696741200000,MAD033_01,DCR_DEN,538.0,900,NRCell,Huawei
1696741200000,MAD033_01,DCR_NUM,0.0,900,NRCell,Huawei
1696741200000,MAD033_01,DROP_CALL_VOLTE_DEN,1.0,900,NRCell,Huawei
1696741200000,MAD033_01,DROP_CALL_VOLTE_NUM,0.0,900,NRCell,Huawei
1696741200000,MAD033_01,ERAB_SR_DEN,563.0,900,NRCell,Huawei
1696741200000,MAD033_01,ERAB_SR_NUM,563.0,900,NRCell,Huawei
1696741200000,MAD033_01,INTEGRITY_NGBR_QCI_9,4624119944.0,900,NRCell,Huawei
1696741200000,MAD033_01,INTRA_FREQUENCY_HO_OUT_ATT,29.0,900,NRCell,Huawei
1696741200000,MAD033_01,INTRA_FREQUENCY_HO_OUT_SUCC,29.0,900,NRCell,Huawei
1696741200000,MAD033_01,RRC_SETUP_ATT,342.0,900,NRCell,Huawei
1696741200000,MAD033_01,RRC_SETUP_SUCC,342.0,900,NRCell,Huawei
1696741200000,MAD033_01,S1SIG_Connection_Setup_SR_DEN,342.0,900,NRCell,Huawei
1696741200000,MAD033_01,S1SIG_Connection_Setup_SR_NUM,342.0,900,NRCell,Huawei
1696741200000,MAD033_01,SERVICE_LATENCY_OVER_AIR_INTERFACE_DEN,97489.0,900,NRCell,Huawei
1696741200000,MAD033_01,SERVICE_LATENCY_OVER_AIR_INTERFACE_NUM,131846.0,900,NRCell,Huawei
1696741200000,MAD033_01,VOICE_TRAFFIC,6774.0,900,NRCell,Huawei
1696741200000,MAD033_01,VOLTE_CALL_SETUP_ATT,2.0,900,NRCell,Huawei
1696741200000,MAD033_01,VOLTE_CALL_SETUP_SUCC,2.0,900,NRCell,Huawei
1696741200000,SAL030_01,DCR_DEN,108.0,900,NRCell,Huawei
1696741200000,SAL030_01,DCR_NUM,0.0,900,NRCell,Huawei
1696741200000,SAL030_01,DROP_CALL_VOLTE_DEN,7.0,900,NRCell,Huawei
1696741200000,SAL030_01,DROP_CALL_VOLTE_NUM,0.0,900,NRCell,Huawei
1696741200000,SAL030_01,ERAB_SR_DEN,104.0,900,NRCell,Huawei
1696741200000,SAL030_01,ERAB_SR_NUM,104.0,900,NRCell,Huawei
1696741200000,SAL030_01,INTEGRITY_NGBR_QCI_9,1881568144.0,900,NRCell,Huawei
1696741200000,SAL030_01,INTRA_FREQUENCY_HO_OUT_ATT,6.0,900,NRCell,Huawei
1696741200000,SAL030_01,INTRA_FREQUENCY_HO_OUT_SUCC,6.0,900,NRCell,Huawei
1696741200000,SAL030_01,RRC_SETUP_ATT,51.0,900,NRCell,Huawei
1696741200000,SAL030_01,RRC_SETUP_SUCC,51.0,900,NRCell,Huawei
1696741200000,SAL030_01,S1SIG_Connection_Setup_SR_DEN,51.0,900,NRCell,Huawei
1696741200000,SAL030_01,S1SIG_Connection_Setup_SR_NUM,51.0,900,NRCell,Huawei
1696741200000,SAL030_01,SERVICE_LATENCY_OVER_AIR_INTERFACE_DEN,40175.0,900,NRCell,Huawei
1696741200000,SAL030_01,SERVICE_LATENCY_OVER_AIR_INTERFACE_NUM,61373.0,900,NRCell,Huawei
1696741200000,SAL030_01,VOICE_TRAFFIC,1559.0,900,NRCell,Huawei
1696741200000,SAL030_01,VOLTE_CALL_SETUP_ATT,7.0,900,NRCell,Huawei
1696741200000,SAL030_01,VOLTE_CALL_SETUP_SUCC,7.0,900,NRCell,Huawei
1696741200000,SEV001_01,DCR_DEN,2298.0,900,NRCell,Huawei
1696741200000,SEV001_01,DCR_NUM,1.0,900,NRCell,Huawei
1696741200000,SEV001_01,DROP_CALL_VOLTE_DEN,21.0,900,NRCell,Huawei
1696741200000,SEV001_01,DROP_CALL_VOLTE_NUM,0.0,900,NRCell,Huawei
1696741200000,SEV001_01,ERAB_SR_DEN,2282.0,900,NRCell,Huawei
1696741200000,SEV001_01,ERAB_SR_NUM,2282.0,900,NRCell,Huawei
1696741200000,SEV001_01,INTEGRITY_NGBR_QCI_9,14486644120.0,900,NRCell,Huawei
1696741200000,SEV001_01,INTRA_FREQUENCY_HO_OUT_ATT,50.0,900,NRCell,Huawei
1696741200000,SEV001_01,INTRA_FREQUENCY_HO_OUT_SUCC,50.0,900,NRCell,Huawei
1696741200000,SEV001_01,RRC_SETUP_ATT,1288.0,900,NRCell,Huawei
1696741200000,SEV001_01,RRC_SETUP_SUCC,1287.0,900,NRCell,Huawei
1696741200000,SEV001_01,S1SIG_Connection_Setup_SR_DEN,1287.0,900,NRCell,Huawei
1696741200000,SEV001_01,S1SIG_Connection_Setup_SR_NUM,1287.0,900,NRCell,Huawei
1696741200000,SEV001_01,SERVICE_LATENCY_OVER_AIR_INTERFACE_DEN,418578.0,900,NRCell,Huawei
1696741200000,SEV001_01,SERVICE_LATENCY_OVER_AIR_INTERFACE_NUM,1460530.0,900,NRCell,Huawei
1696741200000,SEV001_01,VOICE_TRAFFIC,29636.0,900,NRCell,Huawei
1696741200000,SEV001_01,VOLTE_CALL_SETUP_ATT,23.0,900,NRCell,Huawei
1696741200000,SEV001_01,VOLTE_CALL_SETUP_SUCC,23.0,900,NRCell,Huawei
1696741200000,SNT002_01,DCR_DEN,445.0,900,NRCell,Huawei
1696741200000,SNT002_01,DCR_NUM,0.0,900,NRCell,Huawei
1696741200000,SNT002_01,DROP_CALL_VOLTE_DEN,2.0,900,NRCell,Huawei
1696741200000,SNT002_01,DROP_CALL_VOLTE_NUM,0.0,900,NRCell,Huawei
1696741200000,SNT002_01,ERAB_SR_DEN,450.0,900,NRCell,Huawei
1696741200000,SNT002_01,ERAB_SR_NUM,450.0,900,NRCell,Huawei
1696741200000,SNT002_01,INTEGRITY_NGBR_QCI_9,2637720760.0,900,NRCell,Huawei
1696741200000,SNT002_01,INTRA_FREQUENCY_HO_OUT_ATT,18.0,900,NRCell,Huawei
1696741200000,SNT002_01,INTRA_FREQUENCY_HO_OUT_SUCC,18.0,900,NRCell,Huawei
1696741200000,SNT002_01,RRC_SETUP_ATT,276.0,900,NRCell,Huawei
1696741200000,SNT002_01,RRC_SETUP_SUCC,276.0,900,NRCell,Huawei
1696741200000,SNT002_01,S1SIG_Connection_Setup_SR_DEN,276.0,900,NRCell,Huawei
1696741200000,SNT002_01,S1SIG_Connection_Setup_SR_NUM,276.0,900,NRCell,Huawei
1696741200000,SNT002_01,SERVICE_LATENCY_OVER_AIR_INTERFACE_DEN,100024.0,900,NRCell,Huawei
1696741200000,SNT002_01,SERVICE_LATENCY_OVER_AIR_INTERFACE_NUM,147352.0,900,NRCell,Huawei
1696741200000,SNT002_01,VOICE_TRAFFIC,9353.0,900,NRCell,Huawei
1696741200000,SNT002_01,VOLTE_CALL_SETUP_ATT,2.0,900,NRCell,Huawei
1696741200000,SNT002_01,VOLTE_CALL_SETUP_SUCC,2.0,900,NRCell,Huawei
1696741200000,TAR015_01,DCR_DEN,2418.0,900,NRCell,Huawei
1696741200000,TAR015_01,DCR_NUM,5.0,900,NRCell,Huawei
1696741200000,TAR015_01,DROP_CALL_VOLTE_DEN,11.0,900,NRCell,Huawei
1696741200000,TAR015_01,DROP_CALL_VOLTE_NUM,0.0,900,NRCell,Huawei
1696741200000,TAR015_01,ERAB_SR_DEN,2388.0,900,NRCell,Huawei
1696741200000,TAR015_01,ERAB_SR_NUM,2388.0,900,NRCell,Huawei
1696741200000,TAR015_01,INTEGRITY_NGBR_QCI_9,14856641536.0,900,NRCell,Huawei
1696741200000,TAR015_01,INTRA_FREQUENCY_HO_OUT_ATT,60.0,900,NRCell,Huawei
1696741200000,TAR015_01,INTRA_FREQUENCY_HO_OUT_SUCC,60.0,900,NRCell,Huawei
1696741200000,TAR015_01,RRC_SETUP_ATT,1376.0,900,NRCell,Huawei
1696741200000,TAR015_01,RRC_SETUP_SUCC,1375.0,900,NRCell,Huawei
1696741200000,TAR015_01,S1SIG_Connection_Setup_SR_DEN,1375.0,900,NRCell,Huawei
1696741200000,TAR015_01,S1SIG_Connection_Setup_SR_NUM,1375.0,900,NRCell,Huawei
1696741200000,TAR015_01,SERVICE_LATENCY_OVER_AIR_INTERFACE_DEN,333745.0,900,NRCell,Huawei
1696741200000,TAR015_01,SERVICE_LATENCY_OVER_AIR_INTERFACE_NUM,720693.0,900,NRCell,Huawei
1696741200000,TAR015_01,VOICE_TRAFFIC,19338.0,900,NRCell,Huawei
1696741200000,TAR015_01,VOLTE_CALL_SETUP_ATT,7.0,900,NRCell,Huawei
1696741200000,TAR015_01,VOLTE_CALL_SETUP_SUCC,7.0,900,NRCell,Huawei
1696741200000,TOL034_01,DCR_DEN,124.0,900,NRCell,Huawei
1696741200000,TOL034_01,DCR_NUM,1.0,900,NRCell,Huawei
1696741200000,TOL034_01,DROP_CALL_VOLTE_DEN,0.0,900,NRCell,Huawei
1696741200000,TOL034_01,DROP_CALL_VOLTE_NUM,0.0,900,NRCell,Huawei
1696741200000,TOL034_01,ERAB_SR_DEN,103.0,900,NRCell,Huawei
1696741200000,TOL034_01,ERAB_SR_NUM,103.0,900,NRCell,Huawei
1696741200000,TOL034_01,INTEGRITY_NGBR_QCI_9,6479465104.0,900,NRCell,Huawei
1696741200000,TOL034_01,INTRA_FREQUENCY_HO_OUT_ATT,12.0,900,NRCell,Huawei
1696741200000,TOL034_01,INTRA_FREQUENCY_HO_OUT_SUCC,12.0,900,NRCell,Huawei
1696741200000,TOL034_01,RRC_SETUP_ATT,60.0,900,NRCell,Huawei
1696741200000,TOL034_01,RRC_SETUP_SUCC,60.0,900,NRCell,Huawei
1696741200000,TOL034_01,S1SIG_Connection_Setup_SR_DEN,60.0,900,NRCell,Huawei
1696741200000,TOL034_01,S1SIG_Connection_Setup_SR_NUM,60.0,900,NRCell,Huawei
1696741200000,TOL034_01,SERVICE_LATENCY_OVER_AIR_INTERFACE_DEN,12835.0,900,NRCell,Huawei
1696741200000,TOL034_01,SERVICE_LATENCY_OVER_AIR_INTERFACE_NUM,21372.0,900,NRCell,Huawei
1696741200000,TOL034_01,VOICE_TRAFFIC,0.0,900,NRCell,Huawei
1696741200000,TOL034_01,VOLTE_CALL_SETUP_ATT,0.0,900,NRCell,Huawei
1696741200000,TOL034_01,VOLTE_CALL_SETUP_SUCC,0.0,900,NRCell,Huawei
1696741200000,VAL002_01,DCR_DEN,2.0,900,NRCell,Huawei
1696741200000,VAL002_01,DCR_NUM,0.0,900,NRCell,Huawei
1696741200000,VAL002_01,DROP_CALL_VOLTE_DEN,0.0,900,NRCell,Huawei
1696741200000,VAL002_01,DROP_CALL_VOLTE_NUM,0.0,900,NRCell,Huawei
1696741200000,VAL002_01,ERAB_SR_DEN,2.0,900,NRCell,Huawei
1696741200000,VAL002_01,ERAB_SR_NUM,2.0,900,NRCell,Huawei
1696741200000,VAL002_01,INTEGRITY_NGBR_QCI_9,9360.0,900,NRCell,Huawei
1696741200000,VAL002_01,INTRA_FREQUENCY_HO_OUT_ATT,0.0,900,NRCell,Huawei
1696741200000,VAL002_01,INTRA_FREQUENCY_HO_OUT_SUCC,0.0,900,NRCell,Huawei
1696741200000,VAL002_01,RRC_SETUP_ATT,3.0,900,NRCell,Huawei
1696741200000,VAL002_01,RRC_SETUP_SUCC,3.0,900,NRCell,Huawei
1696741200000,VAL002_01,S1SIG_Connection_Setup_SR_DEN,3.0,900,NRCell,Huawei
1696741200000,VAL002_01,S1SIG_Connection_Setup_SR_NUM,3.0,900,NRCell,Huawei
1696741200000,VAL002_01,SERVICE_LATENCY_OVER_AIR_INTERFACE_DEN,6.0,900,NRCell,Huawei
1696741200000,VAL002_01,SERVICE_LATENCY_OVER_AIR_INTERFACE_NUM,8.0,900,NRCell,Huawei
1696741200000,VAL002_01,VOICE_TRAFFIC,0.0,900,NRCell,Huawei
1696741200000,VAL002_01,VOLTE_CALL_SETUP_ATT,0.0,900,NRCell,Huawei
1696741200000,VAL002_01,VOLTE_CALL_SETUP_SUCC,0.0,900,NRCell,Huawei
