startTime,neId,counterCode,counterValue,granularity,neType,vendorName
1696690800000,BCN014_01,DCR_DEN,2333.0,900,NRCell,Huawei
1696690800000,BCN014_01,DCR_NUM,1.0,900,NRCell,Huawei
1696690800000,BCN014_01,DROP_CALL_VOLTE_DEN,14.0,900,NRCell,Huawei
1696690800000,BCN014_01,DROP_CALL_VOLTE_NUM,0.0,900,NRCell,Huawei
1696690800000,BCN014_01,ERAB_SR_DEN,2353.0,900,NRCell,Huawei
1696690800000,BCN014_01,ERAB_SR_NUM,2347.0,900,NRCell,Huawei
1696690800000,BCN014_01,INTEGRITY_NGBR_QCI_9,14048637480.0,900,NRCell,Huawei
1696690800000,BCN014_01,INTRA_FREQUENCY_HO_OUT_ATT,175.0,900,NRCell,Huawei
1696690800000,BCN014_01,INTRA_FREQUENCY_HO_OUT_SUCC,175.0,900,NRCell,Huawei
1696690800000,BCN014_01,RRC_SETUP_ATT,1427.0,900,NRCell,Huawei
1696690800000,BCN014_01,RRC_SETUP_SUCC,1424.0,900,NRCell,Huawei
1696690800000,BCN014_01,S1SIG_Connection_Setup_SR_DEN,1424.0,900,NRCell,Huawei
1696690800000,BCN014_01,S1SIG_Connection_Setup_SR_NUM,1424.0,900,NRCell,Huawei
1696690800000,BCN014_01,SERVICE_LATENCY_OVER_AIR_INTERFACE_DEN,390422.0,900,NRCell,Huawei
1696690800000,BCN014_01,SERVICE_LATENCY_OVER_AIR_INTERFACE_NUM,481702.0,900,NRCell,Huawei
1696690800000,BCN014_01,VOICE_TRAFFIC,19020.0,900,NRCell,Huawei
1696690800000,BCN014_01,VOLTE_CALL_SETUP_ATT,11.0,900,NRCell,Huawei
1696690800000,BCN014_01,VOLTE_CALL_SETUP_SUCC,11.0,900,NRCell,Huawei
1696690800000,BIL001_01,DCR_DEN,2291.0,900,NRCell,Huawei
1696690800000,BIL001_01,DCR_NUM,3.0,900,NRCell,Huawei
1696690800000,BIL001_01,DROP_CALL_VOLTE_DEN,24.0,900,NRCell,Huawei
1696690800000,BIL001_01,DROP_CALL_VOLTE_NUM,0.0,900,NRCell,Huawei
1696690800000,BIL001_01,ERAB_SR_DEN,2345.0,900,NRCell,Huawei
1696690800000,BIL001_01,ERAB_SR_NUM,2343.0,900,NRCell,Huawei
1696690800000,BIL001_01,INTEGRITY_NGBR_QCI_9,11923353336.0,900,NRCell,Huawei
1696690800000,BIL001_01,INTRA_FREQUENCY_HO_OUT_ATT,171.0,900,NRCell,Huawei
1696690800000,BIL001_01,INTRA_FREQUENCY_HO_OUT_SUCC,170.0,900,NRCell,Huawei
1696690800000,BIL001_01,RRC_SETUP_ATT,1406.0,900,NRCell,Huawei
1696690800000,BIL001_01,RRC_SETUP_SUCC,1401.0,900,NRCell,Huawei
1696690800000,BIL001_01,S1SIG_Connection_Setup_SR_DEN,1401.0,900,NRCell,Huawei
1696690800000,BIL001_01,S1SIG_Connection_Setup_SR_NUM,1401.0,900,NRCell,Huawei
1696690800000,BIL001_01,SERVICE_LATENCY_OVER_AIR_INTERFACE_DEN,274468.0,900,NRCell,Huawei
1696690800000,BIL001_01,SERVICE_LATENCY_OVER_AIR_INTERFACE_NUM,343665.0,900,NRCell,Huawei
1696690800000,BIL001_01,VOICE_TRAFFIC,14003.0,900,NRCell,Huawei
1696690800000,BIL001_01,VOLTE_CALL_SETUP_ATT,26.0,900,NRCell,Huawei
1696690800000,BIL001_01,VOLTE_CALL_SETUP_SUCC,26.0,900,NRCell,Huawei
1696690800000,MAD033_01,DCR_DEN,1510.0,900,NRCell,Huawei
1696690800000,MAD033_01,DCR_NUM,5.0,900,NRCell,Huawei
1696690800000,MAD033_01,DROP_CALL_VOLTE_DEN,17.0,900,NRCell,Huawei
1696690800000,MAD033_01,DROP_CALL_VOLTE_NUM,0.0,900,NRCell,Huawei
1696690800000,MAD033_01,ERAB_SR_DEN,1536.0,900,NRCell,Huawei
1696690800000,MAD033_01,ERAB_SR_NUM,1536.0,900,NRCell,Huawei
1696690800000,MAD033_01,INTEGRITY_NGBR_QCI_9,4690170704.0,900,NRCell,Huawei
1696690800000,MAD033_01,INTRA_FREQUENCY_HO_OUT_ATT,75.0,900,NRCell,Huawei
1696690800000,MAD033_01,INTRA_FREQUENCY_HO_OUT_SUCC,75.0,900,NRCell,Huawei
1696690800000,MAD033_01,RRC_SETUP_ATT,846.0,900,NRCell,Huawei
1696690800000,MAD033_01,RRC_SETUP_SUCC,846.0,900,NRCell,Huawei
1696690800000,MAD033_01,S1SIG_Connection_Setup_SR_DEN,846.0,900,NRCell,Huawei
1696690800000,MAD033_01,S1SIG_Connection_Setup_SR_NUM,846.0,900,NRCell,Huawei
1696690800000,MAD033_01,SERVICE_LATENCY_OVER_AIR_INTERFACE_DEN,122875.0,900,NRCell,Huawei
1696690800000,MAD033_01,SERVICE_LATENCY_OVER_AIR_INTERFACE_NUM,136297.0,900,NRCell,Huawei
1696690800000,MAD033_01,VOICE_TRAFFIC,8382.0,900,NRCell,Huawei
1696690800000,MAD033_01,VOLTE_CALL_SETUP_ATT,13.0,900,NRCell,Huawei
1696690800000,MAD033_01,VOLTE_CALL_SETUP_SUCC,13.0,900,NRCell,Huawei
1696690800000,SAL030_01,DCR_DEN,212.0,900,NRCell,Huawei
1696690800000,SAL030_01,DCR_NUM,0.0,900,NRCell,Huawei
1696690800000,SAL030_01,DROP_CALL_VOLTE_DEN,2.0,900,NRCell,Huawei
1696690800000,SAL030_01,DROP_CALL_VOLTE_NUM,0.0,900,NRCell,Huawei
1696690800000,SAL030_01,ERAB_SR_DEN,197.0,900,NRCell,Huawei
1696690800000,SAL030_01,ERAB_SR_NUM,197.0,900,NRCell,Huawei
1696690800000,SAL030_01,INTEGRITY_NGBR_QCI_9,1662710616.0,900,NRCell,Huawei
1696690800000,SAL030_01,INTRA_FREQUENCY_HO_OUT_ATT,12.0,900,NRCell,Huawei
1696690800000,SAL030_01,INTRA_FREQUENCY_HO_OUT_SUCC,12.0,900,NRCell,Huawei
1696690800000,SAL030_01,RRC_SETUP_ATT,126.0,900,NRCell,Huawei
1696690800000,SAL030_01,RRC_SETUP_SUCC,126.0,900,NRCell,Huawei
1696690800000,SAL030_01,S1SIG_Connection_Setup_SR_DEN,126.0,900,NRCell,Huawei
1696690800000,SAL030_01,S1SIG_Connection_Setup_SR_NUM,126.0,900,NRCell,Huawei
1696690800000,SAL030_01,SERVICE_LATENCY_OVER_AIR_INTERFACE_DEN,28781.0,900,NRCell,Huawei
1696690800000,SAL030_01,SERVICE_LATENCY_OVER_AIR_INTERFACE_NUM,42388.0,900,NRCell,Huawei
1696690800000,SAL030_01,VOICE_TRAFFIC,314.0,900,NRCell,Huawei
1696690800000,SAL030_01,VOLTE_CALL_SETUP_ATT,1.0,900,NRCell,Huawei
1696690800000,SAL030_01,VOLTE_CALL_SETUP_SUCC,1.0,900,NRCell,Huawei
1696690800000,SEV001_01,DCR_DEN,3012.0,900,NRCell,Huawei
1696690800000,SEV001_01,DCR_NUM,3.0,900,NRCell,Huawei
1696690800000,SEV001_01,DROP_CALL_VOLTE_DEN,25.0,900,NRCell,Huawei
1696690800000,SEV001_01,DROP_CALL_VOLTE_NUM,0.0,900,NRCell,Huawei
1696690800000,SEV001_01,ERAB_SR_DEN,3033.0,900,NRCell,Huawei
1696690800000,SEV001_01,ERAB_SR_NUM,3031.0,900,NRCell,Huawei
1696690800000,SEV001_01,INTEGRITY_NGBR_QCI_9,13328246256.0,900,NRCell,Huawei
1696690800000,SEV001_01,INTRA_FREQUENCY_HO_OUT_ATT,135.0,900,NRCell,Huawei
1696690800000,SEV001_01,INTRA_FREQUENCY_HO_OUT_SUCC,135.0,900,NRCell,Huawei
1696690800000,SEV001_01,RRC_SETUP_ATT,1662.0,900,NRCell,Huawei
1696690800000,SEV001_01,RRC_SETUP_SUCC,1659.0,900,NRCell,Huawei
1696690800000,SEV001_01,S1SIG_Connection_Setup_SR_DEN,1659.0,900,NRCell,Huawei
1696690800000,SEV001_01,S1SIG_Connection_Setup_SR_NUM,1659.0,900,NRCell,Huawei
1696690800000,SEV001_01,SERVICE_LATENCY_OVER_AIR_INTERFACE_DEN,390081.0,900,NRCell,Huawei
1696690800000,SEV001_01,SERVICE_LATENCY_OVER_AIR_INTERFACE_NUM,645505.0,900,NRCell,Huawei
1696690800000,SEV001_01,VOICE_TRAFFIC,16039.0,900,NRCell,Huawei
1696690800000,SEV001_01,VOLTE_CALL_SETUP_ATT,24.0,900,NRCell,Huawei
1696690800000,SEV001_01,VOLTE_CALL_SETUP_SUCC,24.0,900,NRCell,Huawei
1696690800000,SNT002_01,DCR_DEN,1392.0,900,NRCell,Huawei
1696690800000,SNT002_01,DCR_NUM,0.0,900,NRCell,Huawei
1696690800000,SNT002_01,DROP_CALL_VOLTE_DEN,9.0,900,NRCell,Huawei
1696690800000,SNT002_01,DROP_CALL_VOLTE_NUM,0.0,900,NRCell,Huawei
1696690800000,SNT002_01,ERAB_SR_DEN,1418.0,900,NRCell,Huawei
1696690800000,SNT002_01,ERAB_SR_NUM,1418.0,900,NRCell,Huawei
1696690800000,SNT002_01,INTEGRITY_NGBR_QCI_9,3503650712.0,900,NRCell,Huawei
1696690800000,SNT002_01,INTRA_FREQUENCY_HO_OUT_ATT,70.0,900,NRCell,Huawei
1696690800000,SNT002_01,INTRA_FREQUENCY_HO_OUT_SUCC,70.0,900,NRCell,Huawei
1696690800000,SNT002_01,RRC_SETUP_ATT,784.0,900,NRCell,Huawei
1696690800000,SNT002_01,RRC_SETUP_SUCC,784.0,900,NRCell,Huawei
1696690800000,SNT002_01,S1SIG_Connection_Setup_SR_DEN,784.0,900,NRCell,Huawei
1696690800000,SNT002_01,S1SIG_Connection_Setup_SR_NUM,784.0,900,NRCell,Huawei
1696690800000,SNT002_01,SERVICE_LATENCY_OVER_AIR_INTERFACE_DEN,109142.0,900,NRCell,Huawei
1696690800000,SNT002_01,SERVICE_LATENCY_OVER_AIR_INTERFACE_NUM,125598.0,900,NRCell,Huawei
1696690800000,SNT002_01,VOICE_TRAFFIC,9745.0,900,NRCell,Huawei
1696690800000,SNT002_01,VOLTE_CALL_SETUP_ATT,13.0,900,NRCell,Huawei
1696690800000,SNT002_01,VOLTE_CALL_SETUP_SUCC,13.0,900,NRCell,Huawei
1696690800000,TAR015_01,DCR_DEN,3014.0,900,NRCell,Huawei
1696690800000,TAR015_01,DCR_NUM,8.0,900,NRCell,Huawei
1696690800000,TAR015_01,DROP_CALL_VOLTE_DEN,32.0,900,NRCell,Huawei
1696690800000,TAR015_01,DROP_CALL_VOLTE_NUM,0.0,900,NRCell,Huawei
1696690800000,TAR015_01,ERAB_SR_DEN,2976.0,900,NRCell,Huawei
1696690800000,TAR015_01,ERAB_SR_NUM,2974.0,900,NRCell,Huawei
1696690800000,TAR015_01,INTEGRITY_NGBR_QCI_9,17117593136.0,900,NRCell,Huawei
1696690800000,TAR015_01,INTRA_FREQUENCY_HO_OUT_ATT,138.0,900,NRCell,Huawei
1696690800000,TAR015_01,INTRA_FREQUENCY_HO_OUT_SUCC,137.0,900,NRCell,Huawei
1696690800000,TAR015_01,RRC_SETUP_ATT,1676.0,900,NRCell,Huawei
1696690800000,TAR015_01,RRC_SETUP_SUCC,1675.0,900,NRCell,Huawei
1696690800000,TAR015_01,S1SIG_Connection_Setup_SR_DEN,1675.0,900,NRCell,Huawei
1696690800000,TAR015_01,S1SIG_Connection_Setup_SR_NUM,1675.0,900,NRCell,Huawei
1696690800000,TAR015_01,SERVICE_LATENCY_OVER_AIR_INTERFACE_DEN,530973.0,900,NRCell,Huawei
1696690800000,TAR015_01,SERVICE_LATENCY_OVER_AIR_INTERFACE_NUM,1404163.0,900,NRCell,Huawei
1696690800000,TAR015_01,VOICE_TRAFFIC,32229.0,900,NRCell,Huawei
1696690800000,TAR015_01,VOLTE_CALL_SETUP_ATT,30.0,900,NRCell,Huawei
1696690800000,TAR015_01,VOLTE_CALL_SETUP_SUCC,30.0,900,NRCell,Huawei
1696690800000,TOL034_01,DCR_DEN,137.0,900,NRCell,Huawei
1696690800000,TOL034_01,DCR_NUM,0.0,900,NRCell,Huawei
1696690800000,TOL034_01,DROP_CALL_VOLTE_DEN,1.0,900,NRCell,Huawei
1696690800000,TOL034_01,DROP_CALL_VOLTE_NUM,0.0,900,NRCell,Huawei
1696690800000,TOL034_01,ERAB_SR_DEN,129.0,900,NRCell,Huawei
1696690800000,TOL034_01,ERAB_SR_NUM,129.0,900,NRCell,Huawei
1696690800000,TOL034_01,INTEGRITY_NGBR_QCI_9,2060024352.0,900,NRCell,Huawei
1696690800000,TOL034_01,INTRA_FREQUENCY_HO_OUT_ATT,14.0,900,NRCell,Huawei
1696690800000,TOL034_01,INTRA_FREQUENCY_HO_OUT_SUCC,14.0,900,NRCell,Huawei
1696690800000,TOL034_01,RRC_SETUP_ATT,90.0,900,NRCell,Huawei
1696690800000,TOL034_01,RRC_SETUP_SUCC,90.0,900,NRCell,Huawei
1696690800000,TOL034_01,S1SIG_Connection_Setup_SR_DEN,90.0,900,NRCell,Huawei
1696690800000,TOL034_01,S1SIG_Connection_Setup_SR_NUM,90.0,900,NRCell,Huawei
1696690800000,TOL034_01,SERVICE_LATENCY_OVER_AIR_INTERFACE_DEN,12227.0,900,NRCell,Huawei
1696690800000,TOL034_01,SERVICE_LATENCY_OVER_AIR_INTERFACE_NUM,28204.0,900,NRCell,Huawei
1696690800000,TOL034_01,VOICE_TRAFFIC,1312.0,900,NRCell,Huawei
1696690800000,TOL034_01,VOLTE_CALL_SETUP_ATT,1.0,900,NRCell,Huawei
1696690800000,TOL034_01,VOLTE_CALL_SETUP_SUCC,1.0,900,NRCell,Huawei
1696690800000,VAL002_01,DCR_DEN,29.0,900,NRCell,Huawei
1696690800000,VAL002_01,DCR_NUM,0.0,900,NRCell,Huawei
1696690800000,VAL002_01,DROP_CALL_VOLTE_DEN,0.0,900,NRCell,Huawei
1696690800000,VAL002_01,DROP_CALL_VOLTE_NUM,0.0,900,NRCell,Huawei
1696690800000,VAL002_01,ERAB_SR_DEN,21.0,900,NRCell,Huawei
1696690800000,VAL002_01,ERAB_SR_NUM,21.0,900,NRCell,Huawei
1696690800000,VAL002_01,INTEGRITY_NGBR_QCI_9,18123792.0,900,NRCell,Huawei
1696690800000,VAL002_01,INTRA_FREQUENCY_HO_OUT_ATT,3.0,900,NRCell,Huawei
1696690800000,VAL002_01,INTRA_FREQUENCY_HO_OUT_SUCC,3.0,900,NRCell,Huawei
1696690800000,VAL002_01,RRC_SETUP_ATT,16.0,900,NRCell,Huawei
1696690800000,VAL002_01,RRC_SETUP_SUCC,16.0,900,NRCell,Huawei
1696690800000,VAL002_01,S1SIG_Connection_Setup_SR_DEN,16.0,900,NRCell,Huawei
1696690800000,VAL002_01,S1SIG_Connection_Setup_SR_NUM,16.0,900,NRCell,Huawei
1696690800000,VAL002_01,SERVICE_LATENCY_OVER_AIR_INTERFACE_DEN,790.0,900,NRCell,Huawei
1696690800000,VAL002_01,SERVICE_LATENCY_OVER_AIR_INTERFACE_NUM,961.0,900,NRCell,Huawei
1696690800000,VAL002_01,VOICE_TRAFFIC,0.0,900,NRCell,Huawei
1696690800000,VAL002_01,VOLTE_CALL_SETUP_ATT,0.0,900,NRCell,Huawei
1696690800000,VAL002_01,VOLTE_CALL_SETUP_SUCC,0.0,900,NRCell,Huawei
