startTime,neId,counterCode,counterValue,granularity,neType,vendorName
1696617000000,BCN014_01,DCR_DEN,4063.0,900,NRCell,Huawei
1696617000000,BCN014_01,DCR_NUM,1.0,900,NRCell,Huawei
1696617000000,BCN014_01,DROP_CALL_VOLTE_DEN,33.0,900,NRCell,Huawei
1696617000000,BCN014_01,DROP_CALL_VOLTE_NUM,0.0,900,NRCell,Huawei
1696617000000,BCN014_01,ERAB_SR_DEN,4087.0,900,NRCell,Huawei
1696617000000,BCN014_01,ERAB_SR_NUM,4086.0,900,NRCell,Huawei
1696617000000,BCN014_01,INTEGRITY_NGBR_QCI_9,14661677592.0,900,NRCell,Huawei
1696617000000,BCN014_01,INTRA_FREQUENCY_HO_OUT_ATT,287.0,900,NRCell,Huawei
1696617000000,BCN014_01,INTRA_FREQUENCY_HO_OUT_SUCC,287.0,900,NRCell,Huawei
1696617000000,BCN014_01,RRC_SETUP_ATT,2313.0,900,NRCell,Huawei
1696617000000,BCN014_01,RRC_SETUP_SUCC,2310.0,900,NRCell,Huawei
1696617000000,BCN014_01,S1SIG_Connection_Setup_SR_DEN,2310.0,900,NRCell,Huawei
1696617000000,BCN014_01,S1SIG_Connection_Setup_SR_NUM,2310.0,900,NRCell,Huawei
1696617000000,BCN014_01,SERVICE_LATENCY_OVER_AIR_INTERFACE_DEN,500609.0,900,NRCell,Huawei
1696617000000,BCN014_01,SERVICE_LATENCY_OVER_AIR_INTERFACE_NUM,969780.0,900,NRCell,Huawei
1696617000000,BCN014_01,VOICE_TRAFFIC,49640.0,900,NRCell,Huawei
1696617000000,BCN014_01,VOLTE_CALL_SETUP_ATT,30.0,900,NRCell,Huawei
1696617000000,BCN014_01,VOLTE_CALL_SETUP_SUCC,30.0,900,NRCell,Huawei
1696617000000,BIL001_01,DCR_DEN,3596.0,900,NRCell,Huawei
1696617000000,BIL001_01,DCR_NUM,5.0,900,NRCell,Huawei
1696617000000,BIL001_01,DROP_CALL_VOLTE_DEN,21.0,900,NRCell,Huawei
1696617000000,BIL001_01,DROP_CALL_VOLTE_NUM,0.0,900,NRCell,Huawei
1696617000000,BIL001_01,ERAB_SR_DEN,3587.0,900,NRCell,Huawei
1696617000000,BIL001_01,ERAB_SR_NUM,3585.0,900,NRCell,Huawei
1696617000000,BIL001_01,INTEGRITY_NGBR_QCI_9,11795069288.0,900,NRCell,Huawei
1696617000000,BIL001_01,INTRA_FREQUENCY_HO_OUT_ATT,218.0,900,NRCell,Huawei
1696617000000,BIL001_01,INTRA_FREQUENCY_HO_OUT_SUCC,218.0,900,NRCell,Huawei
1696617000000,BIL001_01,RRC_SETUP_ATT,2081.0,900,NRCell,Huawei
1696617000000,BIL001_01,RRC_SETUP_SUCC,2057.0,900,NRCell,Huawei
1696617000000,BIL001_01,S1SIG_Connection_Setup_SR_DEN,2057.0,900,NRCell,Huawei
1696617000000,BIL001_01,S1SIG_Connection_Setup_SR_NUM,2057.0,900,NRCell,Huawei
1696617000000,BIL001_01,SERVICE_LATENCY_OVER_AIR_INTERFACE_DEN,305994.0,900,NRCell,Huawei
1696617000000,BIL001_01,SERVICE_LATENCY_OVER_AIR_INTERFACE_NUM,604033.0,900,NRCell,Huawei
1696617000000,BIL001_01,VOICE_TRAFFIC,15492.0,900,NRCell,Huawei
1696617000000,BIL001_01,VOLTE_CALL_SETUP_ATT,20.0,900,NRCell,Huawei
1696617000000,BIL001_01,VOLTE_CALL_SETUP_SUCC,20.0,900,NRCell,Huawei
1696617000000,MAD033_01,DCR_DEN,2586.0,900,NRCell,Huawei
1696617000000,MAD033_01,DCR_NUM,1.0,900,NRCell,Huawei
1696617000000,MAD033_01,DROP_CALL_VOLTE_DEN,44.0,900,NRCell,Huawei
1696617000000,MAD033_01,DROP_CALL_VOLTE_NUM,0.0,900,NRCell,Huawei
1696617000000,MAD033_01,ERAB_SR_DEN,2596.0,900,NRCell,Huawei
1696617000000,MAD033_01,ERAB_SR_NUM,2596.0,900,NRCell,Huawei
1696617000000,MAD033_01,INTEGRITY_NGBR_QCI_9,8203893072.0,900,NRCell,Huawei
1696617000000,MAD033_01,INTRA_FREQUENCY_HO_OUT_ATT,123.0,900,NRCell,Huawei
1696617000000,MAD033_01,INTRA_FREQUENCY_HO_OUT_SUCC,122.0,900,NRCell,Huawei
1696617000000,MAD033_01,RRC_SETUP_ATT,1412.0,900,NRCell,Huawei
1696617000000,MAD033_01,RRC_SETUP_SUCC,1411.0,900,NRCell,Huawei
1696617000000,MAD033_01,S1SIG_Connection_Setup_SR_DEN,1411.0,900,NRCell,Huawei
1696617000000,MAD033_01,S1SIG_Connection_Setup_SR_NUM,1411.0,900,NRCell,Huawei
1696617000000,MAD033_01,SERVICE_LATENCY_OVER_AIR_INTERFACE_DEN,258815.0,900,NRCell,Huawei
1696617000000,MAD033_01,SERVICE_LATENCY_OVER_AIR_INTERFACE_NUM,332245.0,900,NRCell,Huawei
1696617000000,MAD033_01,VOICE_TRAFFIC,28790.0,900,NRCell,Huawei
1696617000000,MAD033_01,VOLTE_CALL_SETUP_ATT,46.0,900,NRCell,Huawei
1696617000000,MAD033_01,VOLTE_CALL_SETUP_SUCC,46.0,900,NRCell,Huawei
1696617000000,SAL030_01,DCR_DEN,190.0,900,NRCell,Huawei
1696617000000,SAL030_01,DCR_NUM,1.0,900,NRCell,Huawei
1696617000000,SAL030_01,DROP_CALL_VOLTE_DEN,4.0,900,NRCell,Huawei
1696617000000,SAL030_01,DROP_CALL_VOLTE_NUM,0.0,900,NRCell,Huawei
1696617000000,SAL030_01,ERAB_SR_DEN,182.0,900,NRCell,Huawei
1696617000000,SAL030_01,ERAB_SR_NUM,182.0,900,NRCell,Huawei
1696617000000,SAL030_01,INTEGRITY_NGBR_QCI_9,3674456264.0,900,NRCell,Huawei
1696617000000,SAL030_01,INTRA_FREQUENCY_HO_OUT_ATT,7.0,900,NRCell,Huawei
1696617000000,SAL030_01,INTRA_FREQUENCY_HO_OUT_SUCC,7.0,900,NRCell,Huawei
1696617000000,SAL030_01,RRC_SETUP_ATT,102.0,900,NRCell,Huawei
1696617000000,SAL030_01,RRC_SETUP_SUCC,102.0,900,NRCell,Huawei
1696617000000,SAL030_01,S1SIG_Connection_Setup_SR_DEN,102.0,900,NRCell,Huawei
1696617000000,SAL030_01,S1SIG_Connection_Setup_SR_NUM,102.0,900,NRCell,Huawei
1696617000000,SAL030_01,SERVICE_LATENCY_OVER_AIR_INTERFACE_DEN,100152.0,900,NRCell,Huawei
1696617000000,SAL030_01,SERVICE_LATENCY_OVER_AIR_INTERFACE_NUM,159770.0,900,NRCell,Huawei
1696617000000,SAL030_01,VOICE_TRAFFIC,821.0,900,NRCell,Huawei
1696617000000,SAL030_01,VOLTE_CALL_SETUP_ATT,4.0,900,NRCell,Huawei
1696617000000,SAL030_01,VOLTE_CALL_SETUP_SUCC,4.0,900,NRCell,Huawei
1696617000000,SEV001_01,DCR_DEN,4474.0,900,NRCell,Huawei
1696617000000,SEV001_01,DCR_NUM,1.0,900,NRCell,Huawei
1696617000000,SEV001_01,DROP_CALL_VOLTE_DEN,59.0,900,NRCell,Huawei
1696617000000,SEV001_01,DROP_CALL_VOLTE_NUM,0.0,900,NRCell,Huawei
1696617000000,SEV001_01,ERAB_SR_DEN,4491.0,900,NRCell,Huawei
1696617000000,SEV001_01,ERAB_SR_NUM,4484.0,900,NRCell,Huawei
1696617000000,SEV001_01,INTEGRITY_NGBR_QCI_9,16274683032.0,900,NRCell,Huawei
1696617000000,SEV001_01,INTRA_FREQUENCY_HO_OUT_ATT,112.0,900,NRCell,Huawei
1696617000000,SEV001_01,INTRA_FREQUENCY_HO_OUT_SUCC,112.0,900,NRCell,Huawei
1696617000000,SEV001_01,RRC_SETUP_ATT,2365.0,900,NRCell,Huawei
1696617000000,SEV001_01,RRC_SETUP_SUCC,2364.0,900,NRCell,Huawei
1696617000000,SEV001_01,S1SIG_Connection_Setup_SR_DEN,2364.0,900,NRCell,Huawei
1696617000000,SEV001_01,S1SIG_Connection_Setup_SR_NUM,2364.0,900,NRCell,Huawei
1696617000000,SEV001_01,SERVICE_LATENCY_OVER_AIR_INTERFACE_DEN,600845.0,900,NRCell,Huawei
1696617000000,SEV001_01,SERVICE_LATENCY_OVER_AIR_INTERFACE_NUM,1070769.0,900,NRCell,Huawei
1696617000000,SEV001_01,VOICE_TRAFFIC,32824.0,900,NRCell,Huawei
1696617000000,SEV001_01,VOLTE_CALL_SETUP_ATT,61.0,900,NRCell,Huawei
1696617000000,SEV001_01,VOLTE_CALL_SETUP_SUCC,61.0,900,NRCell,Huawei
1696617000000,SNT002_01,DCR_DEN,2283.0,900,NRCell,Huawei
1696617000000,SNT002_01,DCR_NUM,1.0,900,NRCell,Huawei
1696617000000,SNT002_01,DROP_CALL_VOLTE_DEN,26.0,900,NRCell,Huawei
1696617000000,SNT002_01,DROP_CALL_VOLTE_NUM,0.0,900,NRCell,Huawei
1696617000000,SNT002_01,ERAB_SR_DEN,2292.0,900,NRCell,Huawei
1696617000000,SNT002_01,ERAB_SR_NUM,2290.0,900,NRCell,Huawei
1696617000000,SNT002_01,INTEGRITY_NGBR_QCI_9,10005968600.0,900,NRCell,Huawei
1696617000000,SNT002_01,INTRA_FREQUENCY_HO_OUT_ATT,131.0,900,NRCell,Huawei
1696617000000,SNT002_01,INTRA_FREQUENCY_HO_OUT_SUCC,131.0,900,NRCell,Huawei
1696617000000,SNT002_01,RRC_SETUP_ATT,1263.0,900,NRCell,Huawei
1696617000000,SNT002_01,RRC_SETUP_SUCC,1260.0,900,NRCell,Huawei
1696617000000,SNT002_01,S1SIG_Connection_Setup_SR_DEN,1260.0,900,NRCell,Huawei
1696617000000,SNT002_01,S1SIG_Connection_Setup_SR_NUM,1260.0,900,NRCell,Huawei
1696617000000,SNT002_01,SERVICE_LATENCY_OVER_AIR_INTERFACE_DEN,207029.0,900,NRCell,Huawei
1696617000000,SNT002_01,SERVICE_LATENCY_OVER_AIR_INTERFACE_NUM,254553.0,900,NRCell,Huawei
1696617000000,SNT002_01,VOICE_TRAFFIC,14235.0,900,NRCell,Huawei
1696617000000,SNT002_01,VOLTE_CALL_SETUP_ATT,32.0,900,NRCell,Huawei
1696617000000,SNT002_01,VOLTE_CALL_SETUP_SUCC,32.0,900,NRCell,Huawei
1696617000000,TAR015_01,DCR_DEN,4903.0,900,NRCell,Huawei
1696617000000,TAR015_01,DCR_NUM,11.0,900,NRCell,Huawei
1696617000000,TAR015_01,DROP_CALL_VOLTE_DEN,39.0,900,NRCell,Huawei
1696617000000,TAR015_01,DROP_CALL_VOLTE_NUM,0.0,900,NRCell,Huawei
1696617000000,TAR015_01,ERAB_SR_DEN,4855.0,900,NRCell,Huawei
1696617000000,TAR015_01,ERAB_SR_NUM,4851.0,900,NRCell,Huawei
1696617000000,TAR015_01,INTEGRITY_NGBR_QCI_9,15095525704.0,900,NRCell,Huawei
1696617000000,TAR015_01,INTRA_FREQUENCY_HO_OUT_ATT,144.0,900,NRCell,Huawei
1696617000000,TAR015_01,INTRA_FREQUENCY_HO_OUT_SUCC,144.0,900,NRCell,Huawei
1696617000000,TAR015_01,RRC_SETUP_ATT,2577.0,900,NRCell,Huawei
1696617000000,TAR015_01,RRC_SETUP_SUCC,2570.0,900,NRCell,Huawei
1696617000000,TAR015_01,S1SIG_Connection_Setup_SR_DEN,2570.0,900,NRCell,Huawei
1696617000000,TAR015_01,S1SIG_Connection_Setup_SR_NUM,2570.0,900,NRCell,Huawei
1696617000000,TAR015_01,SERVICE_LATENCY_OVER_AIR_INTERFACE_DEN,603637.0,900,NRCell,Huawei
1696617000000,TAR015_01,SERVICE_LATENCY_OVER_AIR_INTERFACE_NUM,1253824.0,900,NRCell,Huawei
1696617000000,TAR015_01,VOICE_TRAFFIC,45408.0,900,NRCell,Huawei
1696617000000,TAR015_01,VOLTE_CALL_SETUP_ATT,42.0,900,NRCell,Huawei
1696617000000,TAR015_01,VOLTE_CALL_SETUP_SUCC,42.0,900,NRCell,Huawei
1696617000000,TOL034_01,DCR_DEN,200.0,900,NRCell,Huawei
1696617000000,TOL034_01,DCR_NUM,1.0,900,NRCell,Huawei
1696617000000,TOL034_01,DROP_CALL_VOLTE_DEN,2.0,900,NRCell,Huawei
1696617000000,TOL034_01,DROP_CALL_VOLTE_NUM,0.0,900,NRCell,Huawei
1696617000000,TOL034_01,ERAB_SR_DEN,197.0,900,NRCell,Huawei
1696617000000,TOL034_01,ERAB_SR_NUM,196.0,900,NRCell,Huawei
1696617000000,TOL034_01,INTEGRITY_NGBR_QCI_9,2365612208.0,900,NRCell,Huawei
1696617000000,TOL034_01,INTRA_FREQUENCY_HO_OUT_ATT,24.0,900,NRCell,Huawei
1696617000000,TOL034_01,INTRA_FREQUENCY_HO_OUT_SUCC,24.0,900,NRCell,Huawei
1696617000000,TOL034_01,RRC_SETUP_ATT,162.0,900,NRCell,Huawei
1696617000000,TOL034_01,RRC_SETUP_SUCC,160.0,900,NRCell,Huawei
1696617000000,TOL034_01,S1SIG_Connection_Setup_SR_DEN,160.0,900,NRCell,Huawei
1696617000000,TOL034_01,S1SIG_Connection_Setup_SR_NUM,160.0,900,NRCell,Huawei
1696617000000,TOL034_01,SERVICE_LATENCY_OVER_AIR_INTERFACE_DEN,26825.0,900,NRCell,Huawei
1696617000000,TOL034_01,SERVICE_LATENCY_OVER_AIR_INTERFACE_NUM,67831.0,900,NRCell,Huawei
1696617000000,TOL034_01,VOICE_TRAFFIC,3770.0,900,NRCell,Huawei
1696617000000,TOL034_01,VOLTE_CALL_SETUP_ATT,3.0,900,NRCell,Huawei
1696617000000,TOL034_01,VOLTE_CALL_SETUP_SUCC,3.0,900,NRCell,Huawei
1696617000000,VAL002_01,DCR_DEN,68.0,900,NRCell,Huawei
1696617000000,VAL002_01,DCR_NUM,0.0,900,NRCell,Huawei
1696617000000,VAL002_01,DROP_CALL_VOLTE_DEN,2.0,900,NRCell,Huawei
1696617000000,VAL002_01,DROP_CALL_VOLTE_NUM,0.0,900,NRCell,Huawei
1696617000000,VAL002_01,ERAB_SR_DEN,68.0,900,NRCell,Huawei
1696617000000,VAL002_01,ERAB_SR_NUM,68.0,900,NRCell,Huawei
1696617000000,VAL002_01,INTEGRITY_NGBR_QCI_9,272979720.0,900,NRCell,Huawei
1696617000000,VAL002_01,INTRA_FREQUENCY_HO_OUT_ATT,10.0,900,NRCell,Huawei
1696617000000,VAL002_01,INTRA_FREQUENCY_HO_OUT_SUCC,10.0,900,NRCell,Huawei
1696617000000,VAL002_01,RRC_SETUP_ATT,46.0,900,NRCell,Huawei
1696617000000,VAL002_01,RRC_SETUP_SUCC,46.0,900,NRCell,Huawei
1696617000000,VAL002_01,S1SIG_Connection_Setup_SR_DEN,46.0,900,NRCell,Huawei
1696617000000,VAL002_01,S1SIG_Connection_Setup_SR_NUM,46.0,900,NRCell,Huawei
1696617000000,VAL002_01,SERVICE_LATENCY_OVER_AIR_INTERFACE_DEN,9017.0,900,NRCell,Huawei
1696617000000,VAL002_01,SERVICE_LATENCY_OVER_AIR_INTERFACE_NUM,12221.0,900,NRCell,Huawei
1696617000000,VAL002_01,VOICE_TRAFFIC,307.0,900,NRCell,Huawei
1696617000000,VAL002_01,VOLTE_CALL_SETUP_ATT,0.0,900,NRCell,Huawei
1696617000000,VAL002_01,VOLTE_CALL_SETUP_SUCC,0.0,900,NRCell,Huawei
