startTime,neId,counterCode,counterValue,granularity,neType,vendorName
1696757400000,BCN014_01,DCR_DEN,1164.0,900,NRCell,Huawei
1696757400000,BCN014_01,DCR_NUM,0.0,900,NRCell,Huawei
1696757400000,BCN014_01,DROP_CALL_VOLTE_DEN,0.0,900,NRCell,Huawei
1696757400000,BCN014_01,DROP_CALL_VOLTE_NUM,0.0,900,NRCell,Huawei
1696757400000,BCN014_01,ERAB_SR_DEN,1144.0,900,NRCell,Huawei
1696757400000,BCN014_01,ERAB_SR_NUM,1144.0,900,NRCell,Huawei
1696757400000,BCN014_01,INTEGRITY_NGBR_QCI_9,3433567464.0,900,NRCell,Huawei
1696757400000,BCN014_01,INTRA_FREQUENCY_HO_OUT_ATT,31.0,900,NRCell,Huawei
1696757400000,BCN014_01,INTRA_FREQUENCY_HO_OUT_SUCC,31.0,900,NRCell,Huawei
1696757400000,BCN014_01,RRC_SETUP_ATT,764.0,900,NRCell,Huawei
1696757400000,BCN014_01,RRC_SETUP_SUCC,764.0,900,NRCell,Huawei
1696757400000,BCN014_01,S1SIG_Connection_Setup_SR_DEN,764.0,900,NRCell,Huawei
1696757400000,BCN014_01,S1SIG_Connection_Setup_SR_NUM,764.0,900,NRCell,Huawei
1696757400000,BCN014_01,SERVICE_LATENCY_OVER_AIR_INTERFACE_DEN,119893.0,900,NRCell,Huawei
1696757400000,BCN014_01,SERVICE_LATENCY_OVER_AIR_INTERFACE_NUM,129698.0,900,NRCell,Huawei
1696757400000,BCN014_01,VOICE_TRAFFIC,0.0,900,NRCell,Huawei
1696757400000,BCN014_01,VOLTE_CALL_SETUP_ATT,0.0,900,NRCell,Huawei
1696757400000,BCN014_01,VOLTE_CALL_SETUP_SUCC,0.0,900,NRCell,Huawei
1696757400000,BIL001_01,DCR_DEN,1309.0,900,NRCell,Huawei
1696757400000,BIL001_01,DCR_NUM,0.0,900,NRCell,Huawei
1696757400000,BIL001_01,DROP_CALL_VOLTE_DEN,0.0,900,NRCell,Huawei
1696757400000,BIL001_01,DROP_CALL_VOLTE_NUM,0.0,900,NRCell,Huawei
1696757400000,BIL001_01,ERAB_SR_DEN,1300.0,900,NRCell,Huawei
1696757400000,BIL001_01,ERAB_SR_NUM,1300.0,900,NRCell,Huawei
1696757400000,BIL001_01,INTEGRITY_NGBR_QCI_9,6357756168.0,900,NRCell,Huawei
1696757400000,BIL001_01,INTRA_FREQUENCY_HO_OUT_ATT,30.0,900,NRCell,Huawei
1696757400000,BIL001_01,INTRA_FREQUENCY_HO_OUT_SUCC,30.0,900,NRCell,Huawei
1696757400000,BIL001_01,RRC_SETUP_ATT,769.0,900,NRCell,Huawei
1696757400000,BIL001_01,RRC_SETUP_SUCC,769.0,900,NRCell,Huawei
1696757400000,BIL001_01,S1SIG_Connection_Setup_SR_DEN,769.0,900,NRCell,Huawei
1696757400000,BIL001_01,S1SIG_Connection_Setup_SR_NUM,769.0,900,NRCell,Huawei
1696757400000,BIL001_01,SERVICE_LATENCY_OVER_AIR_INTERFACE_DEN,42449.0,900,NRCell,Huawei
1696757400000,BIL001_01,SERVICE_LATENCY_OVER_AIR_INTERFACE_NUM,57657.0,900,NRCell,Huawei
1696757400000,BIL001_01,VOICE_TRAFFIC,272.0,900,NRCell,Huawei
1696757400000,BIL001_01,VOLTE_CALL_SETUP_ATT,0.0,900,NRCell,Huawei
1696757400000,BIL001_01,VOLTE_CALL_SETUP_SUCC,0.0,900,NRCell,Huawei
1696757400000,MAD033_01,DCR_DEN,573.0,900,NRCell,Huawei
1696757400000,MAD033_01,DCR_NUM,0.0,900,NRCell,Huawei
1696757400000,MAD033_01,DROP_CALL_VOLTE_DEN,0.0,900,NRCell,Huawei
1696757400000,MAD033_01,DROP_CALL_VOLTE_NUM,0.0,900,NRCell,Huawei
1696757400000,MAD033_01,ERAB_SR_DEN,574.0,900,NRCell,Huawei
1696757400000,MAD033_01,ERAB_SR_NUM,574.0,900,NRCell,Huawei
1696757400000,MAD033_01,INTEGRITY_NGBR_QCI_9,2689047896.0,900,NRCell,Huawei
1696757400000,MAD033_01,INTRA_FREQUENCY_HO_OUT_ATT,8.0,900,NRCell,Huawei
1696757400000,MAD033_01,INTRA_FREQUENCY_HO_OUT_SUCC,8.0,900,NRCell,Huawei
1696757400000,MAD033_01,RRC_SETUP_ATT,334.0,900,NRCell,Huawei
1696757400000,MAD033_01,RRC_SETUP_SUCC,334.0,900,NRCell,Huawei
1696757400000,MAD033_01,S1SIG_Connection_Setup_SR_DEN,334.0,900,NRCell,Huawei
1696757400000,MAD033_01,S1SIG_Connection_Setup_SR_NUM,334.0,900,NRCell,Huawei
1696757400000,MAD033_01,SERVICE_LATENCY_OVER_AIR_INTERFACE_DEN,42034.0,900,NRCell,Huawei
1696757400000,MAD033_01,SERVICE_LATENCY_OVER_AIR_INTERFACE_NUM,46326.0,900,NRCell,Huawei
1696757400000,MAD033_01,VOICE_TRAFFIC,302.0,900,NRCell,Huawei
1696757400000,MAD033_01,VOLTE_CALL_SETUP_ATT,1.0,900,NRCell,Huawei
1696757400000,MAD033_01,VOLTE_CALL_SETUP_SUCC,1.0,900,NRCell,Huawei
1696757400000,SAL030_01,DCR_DEN,133.0,900,NRCell,Huawei
1696757400000,SAL030_01,DCR_NUM,0.0,900,NRCell,Huawei
1696757400000,SAL030_01,DROP_CALL_VOLTE_DEN,0.0,900,NRCell,Huawei
1696757400000,SAL030_01,DROP_CALL_VOLTE_NUM,0.0,900,NRCell,Huawei
1696757400000,SAL030_01,ERAB_SR_DEN,137.0,900,NRCell,Huawei
1696757400000,SAL030_01,ERAB_SR_NUM,137.0,900,NRCell,Huawei
1696757400000,SAL030_01,INTEGRITY_NGBR_QCI_9,258362208.0,900,NRCell,Huawei
1696757400000,SAL030_01,INTRA_FREQUENCY_HO_OUT_ATT,1.0,900,NRCell,Huawei
1696757400000,SAL030_01,INTRA_FREQUENCY_HO_OUT_SUCC,1.0,900,NRCell,Huawei
1696757400000,SAL030_01,RRC_SETUP_ATT,76.0,900,NRCell,Huawei
1696757400000,SAL030_01,RRC_SETUP_SUCC,76.0,900,NRCell,Huawei
1696757400000,SAL030_01,S1SIG_Connection_Setup_SR_DEN,76.0,900,NRCell,Huawei
1696757400000,SAL030_01,S1SIG_Connection_Setup_SR_NUM,76.0,900,NRCell,Huawei
1696757400000,SAL030_01,SERVICE_LATENCY_OVER_AIR_INTERFACE_DEN,26113.0,900,NRCell,Huawei
1696757400000,SAL030_01,SERVICE_LATENCY_OVER_AIR_INTERFACE_NUM,45968.0,900,NRCell,Huawei
1696757400000,SAL030_01,VOICE_TRAFFIC,8748.0,900,NRCell,Huawei
1696757400000,SAL030_01,VOLTE_CALL_SETUP_ATT,0.0,900,NRCell,Huawei
1696757400000,SAL030_01,VOLTE_CALL_SETUP_SUCC,0.0,900,NRCell,Huawei
1696757400000,SEV001_01,DCR_DEN,2337.0,900,NRCell,Huawei
1696757400000,SEV001_01,DCR_NUM,0.0,900,NRCell,Huawei
1696757400000,SEV001_01,DROP_CALL_VOLTE_DEN,0.0,900,NRCell,Huawei
1696757400000,SEV001_01,DROP_CALL_VOLTE_NUM,0.0,900,NRCell,Huawei
1696757400000,SEV001_01,ERAB_SR_DEN,2336.0,900,NRCell,Huawei
1696757400000,SEV001_01,ERAB_SR_NUM,2336.0,900,NRCell,Huawei
1696757400000,SEV001_01,INTEGRITY_NGBR_QCI_9,2179276800.0,900,NRCell,Huawei
1696757400000,SEV001_01,INTRA_FREQUENCY_HO_OUT_ATT,15.0,900,NRCell,Huawei
1696757400000,SEV001_01,INTRA_FREQUENCY_HO_OUT_SUCC,15.0,900,NRCell,Huawei
1696757400000,SEV001_01,RRC_SETUP_ATT,1331.0,900,NRCell,Huawei
1696757400000,SEV001_01,RRC_SETUP_SUCC,1331.0,900,NRCell,Huawei
1696757400000,SEV001_01,S1SIG_Connection_Setup_SR_DEN,1331.0,900,NRCell,Huawei
1696757400000,SEV001_01,S1SIG_Connection_Setup_SR_NUM,1331.0,900,NRCell,Huawei
1696757400000,SEV001_01,SERVICE_LATENCY_OVER_AIR_INTERFACE_DEN,55408.0,900,NRCell,Huawei
1696757400000,SEV001_01,SERVICE_LATENCY_OVER_AIR_INTERFACE_NUM,99630.0,900,NRCell,Huawei
1696757400000,SEV001_01,VOICE_TRAFFIC,0.0,900,NRCell,Huawei
1696757400000,SEV001_01,VOLTE_CALL_SETUP_ATT,0.0,900,NRCell,Huawei
1696757400000,SEV001_01,VOLTE_CALL_SETUP_SUCC,0.0,900,NRCell,Huawei
1696757400000,SNT002_01,DCR_DEN,724.0,900,NRCell,Huawei
1696757400000,SNT002_01,DCR_NUM,0.0,900,NRCell,Huawei
1696757400000,SNT002_01,DROP_CALL_VOLTE_DEN,0.0,900,NRCell,Huawei
1696757400000,SNT002_01,DROP_CALL_VOLTE_NUM,0.0,900,NRCell,Huawei
1696757400000,SNT002_01,ERAB_SR_DEN,725.0,900,NRCell,Huawei
1696757400000,SNT002_01,ERAB_SR_NUM,725.0,900,NRCell,Huawei
1696757400000,SNT002_01,INTEGRITY_NGBR_QCI_9,312501824.0,900,NRCell,Huawei
1696757400000,SNT002_01,INTRA_FREQUENCY_HO_OUT_ATT,5.0,900,NRCell,Huawei
1696757400000,SNT002_01,INTRA_FREQUENCY_HO_OUT_SUCC,5.0,900,NRCell,Huawei
1696757400000,SNT002_01,RRC_SETUP_ATT,430.0,900,NRCell,Huawei
1696757400000,SNT002_01,RRC_SETUP_SUCC,430.0,900,NRCell,Huawei
1696757400000,SNT002_01,S1SIG_Connection_Setup_SR_DEN,430.0,900,NRCell,Huawei
1696757400000,SNT002_01,S1SIG_Connection_Setup_SR_NUM,430.0,900,NRCell,Huawei
1696757400000,SNT002_01,SERVICE_LATENCY_OVER_AIR_INTERFACE_DEN,15295.0,900,NRCell,Huawei
1696757400000,SNT002_01,SERVICE_LATENCY_OVER_AIR_INTERFACE_NUM,16036.0,900,NRCell,Huawei
1696757400000,SNT002_01,VOICE_TRAFFIC,0.0,900,NRCell,Huawei
1696757400000,SNT002_01,VOLTE_CALL_SETUP_ATT,0.0,900,NRCell,Huawei
1696757400000,SNT002_01,VOLTE_CALL_SETUP_SUCC,0.0,900,NRCell,Huawei
1696757400000,TAR015_01,DCR_DEN,2509.0,900,NRCell,Huawei
1696757400000,TAR015_01,DCR_NUM,0.0,900,NRCell,Huawei
1696757400000,TAR015_01,DROP_CALL_VOLTE_DEN,6.0,900,NRCell,Huawei
1696757400000,TAR015_01,DROP_CALL_VOLTE_NUM,0.0,900,NRCell,Huawei
1696757400000,TAR015_01,ERAB_SR_DEN,2494.0,900,NRCell,Huawei
1696757400000,TAR015_01,ERAB_SR_NUM,2494.0,900,NRCell,Huawei
1696757400000,TAR015_01,INTEGRITY_NGBR_QCI_9,4684836144.0,900,NRCell,Huawei
1696757400000,TAR015_01,INTRA_FREQUENCY_HO_OUT_ATT,25.0,900,NRCell,Huawei
1696757400000,TAR015_01,INTRA_FREQUENCY_HO_OUT_SUCC,25.0,900,NRCell,Huawei
1696757400000,TAR015_01,RRC_SETUP_ATT,1454.0,900,NRCell,Huawei
1696757400000,TAR015_01,RRC_SETUP_SUCC,1454.0,900,NRCell,Huawei
1696757400000,TAR015_01,S1SIG_Connection_Setup_SR_DEN,1454.0,900,NRCell,Huawei
1696757400000,TAR015_01,S1SIG_Connection_Setup_SR_NUM,1454.0,900,NRCell,Huawei
1696757400000,TAR015_01,SERVICE_LATENCY_OVER_AIR_INTERFACE_DEN,54019.0,900,NRCell,Huawei
1696757400000,TAR015_01,SERVICE_LATENCY_OVER_AIR_INTERFACE_NUM,75214.0,900,NRCell,Huawei
1696757400000,TAR015_01,VOICE_TRAFFIC,9.0,900,NRCell,Huawei
1696757400000,TAR015_01,VOLTE_CALL_SETUP_ATT,6.0,900,NRCell,Huawei
1696757400000,TAR015_01,VOLTE_CALL_SETUP_SUCC,6.0,900,NRCell,Huawei
1696757400000,TOL034_01,DCR_DEN,63.0,900,NRCell,Huawei
1696757400000,TOL034_01,DCR_NUM,0.0,900,NRCell,Huawei
1696757400000,TOL034_01,DROP_CALL_VOLTE_DEN,0.0,900,NRCell,Huawei
1696757400000,TOL034_01,DROP_CALL_VOLTE_NUM,0.0,900,NRCell,Huawei
1696757400000,TOL034_01,ERAB_SR_DEN,58.0,900,NRCell,Huawei
1696757400000,TOL034_01,ERAB_SR_NUM,58.0,900,NRCell,Huawei
1696757400000,TOL034_01,INTEGRITY_NGBR_QCI_9,42941888.0,900,NRCell,Huawei
1696757400000,TOL034_01,INTRA_FREQUENCY_HO_OUT_ATT,3.0,900,NRCell,Huawei
1696757400000,TOL034_01,INTRA_FREQUENCY_HO_OUT_SUCC,3.0,900,NRCell,Huawei
1696757400000,TOL034_01,RRC_SETUP_ATT,36.0,900,NRCell,Huawei
1696757400000,TOL034_01,RRC_SETUP_SUCC,36.0,900,NRCell,Huawei
1696757400000,TOL034_01,S1SIG_Connection_Setup_SR_DEN,36.0,900,NRCell,Huawei
1696757400000,TOL034_01,S1SIG_Connection_Setup_SR_NUM,36.0,900,NRCell,Huawei
1696757400000,TOL034_01,SERVICE_LATENCY_OVER_AIR_INTERFACE_DEN,2640.0,900,NRCell,Huawei
1696757400000,TOL034_01,SERVICE_LATENCY_OVER_AIR_INTERFACE_NUM,5779.0,900,NRCell,Huawei
1696757400000,TOL034_01,VOICE_TRAFFIC,0.0,900,NRCell,Huawei
1696757400000,TOL034_01,VOLTE_CALL_SETUP_ATT,0.0,900,NRCell,Huawei
1696757400000,TOL034_01,VOLTE_CALL_SETUP_SUCC,0.0,900,NRCell,Huawei
1696757400000,VAL002_01,DCR_DEN,4.0,900,NRCell,Huawei
1696757400000,VAL002_01,DCR_NUM,0.0,900,NRCell,Huawei
1696757400000,VAL002_01,DROP_CALL_VOLTE_DEN,0.0,900,NRCell,Huawei
1696757400000,VAL002_01,DROP_CALL_VOLTE_NUM,0.0,900,NRCell,Huawei
1696757400000,VAL002_01,ERAB_SR_DEN,6.0,900,NRCell,Huawei
1696757400000,VAL002_01,ERAB_SR_NUM,6.0,900,NRCell,Huawei
1696757400000,VAL002_01,INTEGRITY_NGBR_QCI_9,1159824.0,900,NRCell,Huawei
1696757400000,VAL002_01,INTRA_FREQUENCY_HO_OUT_ATT,1.0,900,NRCell,Huawei
1696757400000,VAL002_01,INTRA_FREQUENCY_HO_OUT_SUCC,1.0,900,NRCell,Huawei
1696757400000,VAL002_01,RRC_SETUP_ATT,8.0,900,NRCell,Huawei
1696757400000,VAL002_01,RRC_SETUP_SUCC,8.0,900,NRCell,Huawei
1696757400000,VAL002_01,S1SIG_Connection_Setup_SR_DEN,8.0,900,NRCell,Huawei
1696757400000,VAL002_01,S1SIG_Connection_Setup_SR_NUM,8.0,900,NRCell,Huawei
1696757400000,VAL002_01,SERVICE_LATENCY_OVER_AIR_INTERFACE_DEN,281.0,900,NRCell,Huawei
1696757400000,VAL002_01,SERVICE_LATENCY_OVER_AIR_INTERFACE_NUM,344.0,900,NRCell,Huawei
1696757400000,VAL002_01,VOICE_TRAFFIC,0.0,900,NRCell,Huawei
1696757400000,VAL002_01,VOLTE_CALL_SETUP_ATT,0.0,900,NRCell,Huawei
1696757400000,VAL002_01,VOLTE_CALL_SETUP_SUCC,0.0,900,NRCell,Huawei
