startTime,neId,counterCode,counterValue,granularity,neType,vendorName
1696801500000,BCN014_01,DCR_DEN,2432.0,900,NRCell,Huawei
1696801500000,BCN014_01,DCR_NUM,6.0,900,NRCell,Huawei
1696801500000,BCN014_01,DROP_CALL_VOLTE_DEN,13.0,900,NRCell,Huawei
1696801500000,BCN014_01,DROP_CALL_VOLTE_NUM,0.0,900,NRCell,Huawei
1696801500000,BCN014_01,ERAB_SR_DEN,2349.0,900,NRCell,Huawei
1696801500000,BCN014_01,ERAB_SR_NUM,2347.0,900,NRCell,Huawei
1696801500000,BCN014_01,INTEGRITY_NGBR_QCI_9,9348376656.0,900,NRCell,Huawei
1696801500000,BCN014_01,INTRA_FREQUENCY_HO_OUT_ATT,208.0,900,NRCell,Huawei
1696801500000,BCN014_01,INTRA_FREQUENCY_HO_OUT_SUCC,208.0,900,NRCell,Huawei
1696801500000,BCN014_01,RRC_SETUP_ATT,1412.0,900,NRCell,Huawei
1696801500000,BCN014_01,RRC_SETUP_SUCC,1411.0,900,NRCell,Huawei
1696801500000,BCN014_01,S1SIG_Connection_Setup_SR_DEN,1411.0,900,NRCell,Huawei
1696801500000,BCN014_01,S1SIG_Connection_Setup_SR_NUM,1410.0,900,NRCell,Huawei
1696801500000,BCN014_01,SERVICE_LATENCY_OVER_AIR_INTERFACE_DEN,213972.0,900,NRCell,Huawei
1696801500000,BCN014_01,SERVICE_LATENCY_OVER_AIR_INTERFACE_NUM,480644.0,900,NRCell,Huawei
1696801500000,BCN014_01,VOICE_TRAFFIC,5612.0,900,NRCell,Huawei
1696801500000,BCN014_01,VOLTE_CALL_SETUP_ATT,11.0,900,NRCell,Huawei
1696801500000,BCN014_01,VOLTE_CALL_SETUP_SUCC,11.0,900,NRCell,Huawei
1696801500000,BIL001_01,DCR_DEN,2406.0,900,NRCell,Huawei
1696801500000,BIL001_01,DCR_NUM,4.0,900,NRCell,Huawei
1696801500000,BIL001_01,DROP_CALL_VOLTE_DEN,17.0,900,NRCell,Huawei
1696801500000,BIL001_01,DROP_CALL_VOLTE_NUM,0.0,900,NRCell,Huawei
1696801500000,BIL001_01,ERAB_SR_DEN,2385.0,900,NRCell,Huawei
1696801500000,BIL001_01,ERAB_SR_NUM,2384.0,900,NRCell,Huawei
1696801500000,BIL001_01,INTEGRITY_NGBR_QCI_9,12345838544.0,900,NRCell,Huawei
1696801500000,BIL001_01,INTRA_FREQUENCY_HO_OUT_ATT,184.0,900,NRCell,Huawei
1696801500000,BIL001_01,INTRA_FREQUENCY_HO_OUT_SUCC,184.0,900,NRCell,Huawei
1696801500000,BIL001_01,RRC_SETUP_ATT,1452.0,900,NRCell,Huawei
1696801500000,BIL001_01,RRC_SETUP_SUCC,1437.0,900,NRCell,Huawei
1696801500000,BIL001_01,S1SIG_Connection_Setup_SR_DEN,1437.0,900,NRCell,Huawei
1696801500000,BIL001_01,S1SIG_Connection_Setup_SR_NUM,1436.0,900,NRCell,Huawei
1696801500000,BIL001_01,SERVICE_LATENCY_OVER_AIR_INTERFACE_DEN,294659.0,900,NRCell,Huawei
1696801500000,BIL001_01,SERVICE_LATENCY_OVER_AIR_INTERFACE_NUM,461608.0,900,NRCell,Huawei
1696801500000,BIL001_01,VOICE_TRAFFIC,4718.0,900,NRCell,Huawei
1696801500000,BIL001_01,VOLTE_CALL_SETUP_ATT,12.0,900,NRCell,Huawei
1696801500000,BIL001_01,VOLTE_CALL_SETUP_SUCC,12.0,900,NRCell,Huawei
1696801500000,MAD033_01,DCR_DEN,950.0,900,NRCell,Huawei
1696801500000,MAD033_01,DCR_NUM,0.0,900,NRCell,Huawei
1696801500000,MAD033_01,DROP_CALL_VOLTE_DEN,5.0,900,NRCell,Huawei
1696801500000,MAD033_01,DROP_CALL_VOLTE_NUM,0.0,900,NRCell,Huawei
1696801500000,MAD033_01,ERAB_SR_DEN,945.0,900,NRCell,Huawei
1696801500000,MAD033_01,ERAB_SR_NUM,945.0,900,NRCell,Huawei
1696801500000,MAD033_01,INTEGRITY_NGBR_QCI_9,4834610704.0,900,NRCell,Huawei
1696801500000,MAD033_01,INTRA_FREQUENCY_HO_OUT_ATT,95.0,900,NRCell,Huawei
1696801500000,MAD033_01,INTRA_FREQUENCY_HO_OUT_SUCC,95.0,900,NRCell,Huawei
1696801500000,MAD033_01,RRC_SETUP_ATT,564.0,900,NRCell,Huawei
1696801500000,MAD033_01,RRC_SETUP_SUCC,564.0,900,NRCell,Huawei
1696801500000,MAD033_01,S1SIG_Connection_Setup_SR_DEN,564.0,900,NRCell,Huawei
1696801500000,MAD033_01,S1SIG_Connection_Setup_SR_NUM,564.0,900,NRCell,Huawei
1696801500000,MAD033_01,SERVICE_LATENCY_OVER_AIR_INTERFACE_DEN,153311.0,900,NRCell,Huawei
1696801500000,MAD033_01,SERVICE_LATENCY_OVER_AIR_INTERFACE_NUM,190492.0,900,NRCell,Huawei
1696801500000,MAD033_01,VOICE_TRAFFIC,12981.0,900,NRCell,Huawei
1696801500000,MAD033_01,VOLTE_CALL_SETUP_ATT,5.0,900,NRCell,Huawei
1696801500000,MAD033_01,VOLTE_CALL_SETUP_SUCC,5.0,900,NRCell,Huawei
1696801500000,SAL030_01,DCR_DEN,215.0,900,NRCell,Huawei
1696801500000,SAL030_01,DCR_NUM,0.0,900,NRCell,Huawei
1696801500000,SAL030_01,DROP_CALL_VOLTE_DEN,1.0,900,NRCell,Huawei
1696801500000,SAL030_01,DROP_CALL_VOLTE_NUM,0.0,900,NRCell,Huawei
1696801500000,SAL030_01,ERAB_SR_DEN,210.0,900,NRCell,Huawei
1696801500000,SAL030_01,ERAB_SR_NUM,210.0,900,NRCell,Huawei
1696801500000,SAL030_01,INTEGRITY_NGBR_QCI_9,2530469248.0,900,NRCell,Huawei
1696801500000,SAL030_01,INTRA_FREQUENCY_HO_OUT_ATT,13.0,900,NRCell,Huawei
1696801500000,SAL030_01,INTRA_FREQUENCY_HO_OUT_SUCC,13.0,900,NRCell,Huawei
1696801500000,SAL030_01,RRC_SETUP_ATT,121.0,900,NRCell,Huawei
1696801500000,SAL030_01,RRC_SETUP_SUCC,121.0,900,NRCell,Huawei
1696801500000,SAL030_01,S1SIG_Connection_Setup_SR_DEN,121.0,900,NRCell,Huawei
1696801500000,SAL030_01,S1SIG_Connection_Setup_SR_NUM,121.0,900,NRCell,Huawei
1696801500000,SAL030_01,SERVICE_LATENCY_OVER_AIR_INTERFACE_DEN,37859.0,900,NRCell,Huawei
1696801500000,SAL030_01,SERVICE_LATENCY_OVER_AIR_INTERFACE_NUM,89857.0,900,NRCell,Huawei
1696801500000,SAL030_01,VOICE_TRAFFIC,198.0,900,NRCell,Huawei
1696801500000,SAL030_01,VOLTE_CALL_SETUP_ATT,1.0,900,NRCell,Huawei
1696801500000,SAL030_01,VOLTE_CALL_SETUP_SUCC,1.0,900,NRCell,Huawei
1696801500000,SEV001_01,DCR_DEN,2436.0,900,NRCell,Huawei
1696801500000,SEV001_01,DCR_NUM,3.0,900,NRCell,Huawei
1696801500000,SEV001_01,DROP_CALL_VOLTE_DEN,13.0,900,NRCell,Huawei
1696801500000,SEV001_01,DROP_CALL_VOLTE_NUM,0.0,900,NRCell,Huawei
1696801500000,SEV001_01,ERAB_SR_DEN,2428.0,900,NRCell,Huawei
1696801500000,SEV001_01,ERAB_SR_NUM,2428.0,900,NRCell,Huawei
1696801500000,SEV001_01,INTEGRITY_NGBR_QCI_9,10902314016.0,900,NRCell,Huawei
1696801500000,SEV001_01,INTRA_FREQUENCY_HO_OUT_ATT,98.0,900,NRCell,Huawei
1696801500000,SEV001_01,INTRA_FREQUENCY_HO_OUT_SUCC,97.0,900,NRCell,Huawei
1696801500000,SEV001_01,RRC_SETUP_ATT,1377.0,900,NRCell,Huawei
1696801500000,SEV001_01,RRC_SETUP_SUCC,1377.0,900,NRCell,Huawei
1696801500000,SEV001_01,S1SIG_Connection_Setup_SR_DEN,1377.0,900,NRCell,Huawei
1696801500000,SEV001_01,S1SIG_Connection_Setup_SR_NUM,1377.0,900,NRCell,Huawei
1696801500000,SEV001_01,SERVICE_LATENCY_OVER_AIR_INTERFACE_DEN,379577.0,900,NRCell,Huawei
1696801500000,SEV001_01,SERVICE_LATENCY_OVER_AIR_INTERFACE_NUM,1023908.0,900,NRCell,Huawei
1696801500000,SEV001_01,VOICE_TRAFFIC,38778.0,900,NRCell,Huawei
1696801500000,SEV001_01,VOLTE_CALL_SETUP_ATT,20.0,900,NRCell,Huawei
1696801500000,SEV001_01,VOLTE_CALL_SETUP_SUCC,20.0,900,NRCell,Huawei
1696801500000,SNT002_01,DCR_DEN,926.0,900,NRCell,Huawei
1696801500000,SNT002_01,DCR_NUM,0.0,900,NRCell,Huawei
1696801500000,SNT002_01,DROP_CALL_VOLTE_DEN,8.0,900,NRCell,Huawei
1696801500000,SNT002_01,DROP_CALL_VOLTE_NUM,0.0,900,NRCell,Huawei
1696801500000,SNT002_01,ERAB_SR_DEN,940.0,900,NRCell,Huawei
1696801500000,SNT002_01,ERAB_SR_NUM,940.0,900,NRCell,Huawei
1696801500000,SNT002_01,INTEGRITY_NGBR_QCI_9,1629703096.0,900,NRCell,Huawei
1696801500000,SNT002_01,INTRA_FREQUENCY_HO_OUT_ATT,70.0,900,NRCell,Huawei
1696801500000,SNT002_01,INTRA_FREQUENCY_HO_OUT_SUCC,70.0,900,NRCell,Huawei
1696801500000,SNT002_01,RRC_SETUP_ATT,563.0,900,NRCell,Huawei
1696801500000,SNT002_01,RRC_SETUP_SUCC,563.0,900,NRCell,Huawei
1696801500000,SNT002_01,S1SIG_Connection_Setup_SR_DEN,563.0,900,NRCell,Huawei
1696801500000,SNT002_01,S1SIG_Connection_Setup_SR_NUM,563.0,900,NRCell,Huawei
1696801500000,SNT002_01,SERVICE_LATENCY_OVER_AIR_INTERFACE_DEN,60917.0,900,NRCell,Huawei
1696801500000,SNT002_01,SERVICE_LATENCY_OVER_AIR_INTERFACE_NUM,76612.0,900,NRCell,Huawei
1696801500000,SNT002_01,VOICE_TRAFFIC,3645.0,900,NRCell,Huawei
1696801500000,SNT002_01,VOLTE_CALL_SETUP_ATT,8.0,900,NRCell,Huawei
1696801500000,SNT002_01,VOLTE_CALL_SETUP_SUCC,8.0,900,NRCell,Huawei
1696801500000,TAR015_01,DCR_DEN,2924.0,900,NRCell,Huawei
1696801500000,TAR015_01,DCR_NUM,7.0,900,NRCell,Huawei
1696801500000,TAR015_01,DROP_CALL_VOLTE_DEN,22.0,900,NRCell,Huawei
1696801500000,TAR015_01,DROP_CALL_VOLTE_NUM,0.0,900,NRCell,Huawei
1696801500000,TAR015_01,ERAB_SR_DEN,2914.0,900,NRCell,Huawei
1696801500000,TAR015_01,ERAB_SR_NUM,2911.0,900,NRCell,Huawei
1696801500000,TAR015_01,INTEGRITY_NGBR_QCI_9,14860206560.0,900,NRCell,Huawei
1696801500000,TAR015_01,INTRA_FREQUENCY_HO_OUT_ATT,112.0,900,NRCell,Huawei
1696801500000,TAR015_01,INTRA_FREQUENCY_HO_OUT_SUCC,112.0,900,NRCell,Huawei
1696801500000,TAR015_01,RRC_SETUP_ATT,1629.0,900,NRCell,Huawei
1696801500000,TAR015_01,RRC_SETUP_SUCC,1628.0,900,NRCell,Huawei
1696801500000,TAR015_01,S1SIG_Connection_Setup_SR_DEN,1628.0,900,NRCell,Huawei
1696801500000,TAR015_01,S1SIG_Connection_Setup_SR_NUM,1628.0,900,NRCell,Huawei
1696801500000,TAR015_01,SERVICE_LATENCY_OVER_AIR_INTERFACE_DEN,483275.0,900,NRCell,Huawei
1696801500000,TAR015_01,SERVICE_LATENCY_OVER_AIR_INTERFACE_NUM,2083759.0,900,NRCell,Huawei
1696801500000,TAR015_01,VOICE_TRAFFIC,35778.0,900,NRCell,Huawei
1696801500000,TAR015_01,VOLTE_CALL_SETUP_ATT,21.0,900,NRCell,Huawei
1696801500000,TAR015_01,VOLTE_CALL_SETUP_SUCC,21.0,900,NRCell,Huawei
1696801500000,TOL034_01,DCR_DEN,223.0,900,NRCell,Huawei
1696801500000,TOL034_01,DCR_NUM,0.0,900,NRCell,Huawei
1696801500000,TOL034_01,DROP_CALL_VOLTE_DEN,0.0,900,NRCell,Huawei
1696801500000,TOL034_01,DROP_CALL_VOLTE_NUM,0.0,900,NRCell,Huawei
1696801500000,TOL034_01,ERAB_SR_DEN,233.0,900,NRCell,Huawei
1696801500000,TOL034_01,ERAB_SR_NUM,233.0,900,NRCell,Huawei
1696801500000,TOL034_01,INTEGRITY_NGBR_QCI_9,1185897304.0,900,NRCell,Huawei
1696801500000,TOL034_01,INTRA_FREQUENCY_HO_OUT_ATT,12.0,900,NRCell,Huawei
1696801500000,TOL034_01,INTRA_FREQUENCY_HO_OUT_SUCC,12.0,900,NRCell,Huawei
1696801500000,TOL034_01,RRC_SETUP_ATT,153.0,900,NRCell,Huawei
1696801500000,TOL034_01,RRC_SETUP_SUCC,153.0,900,NRCell,Huawei
1696801500000,TOL034_01,S1SIG_Connection_Setup_SR_DEN,153.0,900,NRCell,Huawei
1696801500000,TOL034_01,S1SIG_Connection_Setup_SR_NUM,153.0,900,NRCell,Huawei
1696801500000,TOL034_01,SERVICE_LATENCY_OVER_AIR_INTERFACE_DEN,20283.0,900,NRCell,Huawei
1696801500000,TOL034_01,SERVICE_LATENCY_OVER_AIR_INTERFACE_NUM,28069.0,900,NRCell,Huawei
1696801500000,TOL034_01,VOICE_TRAFFIC,781.0,900,NRCell,Huawei
1696801500000,TOL034_01,VOLTE_CALL_SETUP_ATT,1.0,900,NRCell,Huawei
1696801500000,TOL034_01,VOLTE_CALL_SETUP_SUCC,1.0,900,NRCell,Huawei
1696801500000,VAL002_01,DCR_DEN,30.0,900,NRCell,Huawei
1696801500000,VAL002_01,DCR_NUM,0.0,900,NRCell,Huawei
1696801500000,VAL002_01,DROP_CALL_VOLTE_DEN,0.0,900,NRCell,Huawei
1696801500000,VAL002_01,DROP_CALL_VOLTE_NUM,0.0,900,NRCell,Huawei
1696801500000,VAL002_01,ERAB_SR_DEN,34.0,900,NRCell,Huawei
1696801500000,VAL002_01,ERAB_SR_NUM,34.0,900,NRCell,Huawei
1696801500000,VAL002_01,INTEGRITY_NGBR_QCI_9,1210341864.0,900,NRCell,Huawei
1696801500000,VAL002_01,INTRA_FREQUENCY_HO_OUT_ATT,4.0,900,NRCell,Huawei
1696801500000,VAL002_01,INTRA_FREQUENCY_HO_OUT_SUCC,4.0,900,NRCell,Huawei
1696801500000,VAL002_01,RRC_SETUP_ATT,25.0,900,NRCell,Huawei
1696801500000,VAL002_01,RRC_SETUP_SUCC,25.0,900,NRCell,Huawei
1696801500000,VAL002_01,S1SIG_Connection_Setup_SR_DEN,25.0,900,NRCell,Huawei
1696801500000,VAL002_01,S1SIG_Connection_Setup_SR_NUM,25.0,900,NRCell,Huawei
1696801500000,VAL002_01,SERVICE_LATENCY_OVER_AIR_INTERFACE_DEN,3460.0,900,NRCell,Huawei
1696801500000,VAL002_01,SERVICE_LATENCY_OVER_AIR_INTERFACE_NUM,4811.0,900,NRCell,Huawei
1696801500000,VAL002_01,VOICE_TRAFFIC,0.0,900,NRCell,Huawei
1696801500000,VAL002_01,VOLTE_CALL_SETUP_ATT,0.0,900,NRCell,Huawei
1696801500000,VAL002_01,VOLTE_CALL_SETUP_SUCC,0.0,900,NRCell,Huawei
