startTime,neId,counterCode,counterValue,granularity,neType,vendorName
1696524300000,BCN014_01,DCR_DEN,4660.0,900,NRCell,Huawei
1696524300000,BCN014_01,DCR_NUM,1.0,900,NRCell,Huawei
1696524300000,BCN014_01,DROP_CALL_VOLTE_DEN,38.0,900,NRCell,Huawei
1696524300000,BCN014_01,DROP_CALL_VOLTE_NUM,0.0,900,NRCell,Huawei
1696524300000,BCN014_01,ERAB_SR_DEN,4619.0,900,NRCell,Huawei
1696524300000,BCN014_01,ERAB_SR_NUM,4616.0,900,NRCell,Huawei
1696524300000,BCN014_01,INTEGRITY_NGBR_QCI_9,13617356368.0,900,NRCell,Huawei
1696524300000,BCN014_01,INTRA_FREQUENCY_HO_OUT_ATT,234.0,900,NRCell,Huawei
1696524300000,BCN014_01,INTRA_FREQUENCY_HO_OUT_SUCC,234.0,900,NRCell,Huawei
1696524300000,BCN014_01,RRC_SETUP_ATT,2593.0,900,NRCell,Huawei
1696524300000,BCN014_01,RRC_SETUP_SUCC,2588.0,900,NRCell,Huawei
1696524300000,BCN014_01,S1SIG_Connection_Setup_SR_DEN,2588.0,900,NRCell,Huawei
1696524300000,BCN014_01,S1SIG_Connection_Setup_SR_NUM,2588.0,900,NRCell,Huawei
1696524300000,BCN014_01,SERVICE_LATENCY_OVER_AIR_INTERFACE_DEN,379053.0,900,NRCell,Huawei
1696524300000,BCN014_01,SERVICE_LATENCY_OVER_AIR_INTERFACE_NUM,628209.0,900,NRCell,Huawei
1696524300000,BCN014_01,VOICE_TRAFFIC,29462.0,900,NRCell,Huawei
1696524300000,BCN014_01,VOLTE_CALL_SETUP_ATT,34.0,900,NRCell,Huawei
1696524300000,BCN014_01,VOLTE_CALL_SETUP_SUCC,34.0,900,NRCell,Huawei
1696524300000,BIL001_01,DCR_DEN,3531.0,900,NRCell,Huawei
1696524300000,BIL001_01,DCR_NUM,8.0,900,NRCell,Huawei
1696524300000,BIL001_01,DROP_CALL_VOLTE_DEN,22.0,900,NRCell,Huawei
1696524300000,BIL001_01,DROP_CALL_VOLTE_NUM,0.0,900,NRCell,Huawei
1696524300000,BIL001_01,ERAB_SR_DEN,3598.0,900,NRCell,Huawei
1696524300000,BIL001_01,ERAB_SR_NUM,3590.0,900,NRCell,Huawei
1696524300000,BIL001_01,INTEGRITY_NGBR_QCI_9,14703628528.0,900,NRCell,Huawei
1696524300000,BIL001_01,INTRA_FREQUENCY_HO_OUT_ATT,149.0,900,NRCell,Huawei
1696524300000,BIL001_01,INTRA_FREQUENCY_HO_OUT_SUCC,149.0,900,NRCell,Huawei
1696524300000,BIL001_01,RRC_SETUP_ATT,2065.0,900,NRCell,Huawei
1696524300000,BIL001_01,RRC_SETUP_SUCC,2040.0,900,NRCell,Huawei
1696524300000,BIL001_01,S1SIG_Connection_Setup_SR_DEN,2039.0,900,NRCell,Huawei
1696524300000,BIL001_01,S1SIG_Connection_Setup_SR_NUM,2039.0,900,NRCell,Huawei
1696524300000,BIL001_01,SERVICE_LATENCY_OVER_AIR_INTERFACE_DEN,386769.0,900,NRCell,Huawei
1696524300000,BIL001_01,SERVICE_LATENCY_OVER_AIR_INTERFACE_NUM,722025.0,900,NRCell,Huawei
1696524300000,BIL001_01,VOICE_TRAFFIC,32539.0,900,NRCell,Huawei
1696524300000,BIL001_01,VOLTE_CALL_SETUP_ATT,27.0,900,NRCell,Huawei
1696524300000,BIL001_01,VOLTE_CALL_SETUP_SUCC,27.0,900,NRCell,Huawei
1696524300000,MAD033_01,DCR_DEN,2604.0,900,NRCell,Huawei
1696524300000,MAD033_01,DCR_NUM,1.0,900,NRCell,Huawei
1696524300000,MAD033_01,DROP_CALL_VOLTE_DEN,22.0,900,NRCell,Huawei
1696524300000,MAD033_01,DROP_CALL_VOLTE_NUM,0.0,900,NRCell,Huawei
1696524300000,MAD033_01,ERAB_SR_DEN,2614.0,900,NRCell,Huawei
1696524300000,MAD033_01,ERAB_SR_NUM,2605.0,900,NRCell,Huawei
1696524300000,MAD033_01,INTEGRITY_NGBR_QCI_9,8919987328.0,900,NRCell,Huawei
1696524300000,MAD033_01,INTRA_FREQUENCY_HO_OUT_ATT,198.0,900,NRCell,Huawei
1696524300000,MAD033_01,INTRA_FREQUENCY_HO_OUT_SUCC,196.0,900,NRCell,Huawei
1696524300000,MAD033_01,RRC_SETUP_ATT,1541.0,900,NRCell,Huawei
1696524300000,MAD033_01,RRC_SETUP_SUCC,1537.0,900,NRCell,Huawei
1696524300000,MAD033_01,S1SIG_Connection_Setup_SR_DEN,1537.0,900,NRCell,Huawei
1696524300000,MAD033_01,S1SIG_Connection_Setup_SR_NUM,1537.0,900,NRCell,Huawei
1696524300000,MAD033_01,SERVICE_LATENCY_OVER_AIR_INTERFACE_DEN,335237.0,900,NRCell,Huawei
1696524300000,MAD033_01,SERVICE_LATENCY_OVER_AIR_INTERFACE_NUM,457014.0,900,NRCell,Huawei
1696524300000,MAD033_01,VOICE_TRAFFIC,31005.0,900,NRCell,Huawei
1696524300000,MAD033_01,VOLTE_CALL_SETUP_ATT,22.0,900,NRCell,Huawei
1696524300000,MAD033_01,VOLTE_CALL_SETUP_SUCC,22.0,900,NRCell,Huawei
1696524300000,SAL030_01,DCR_DEN,453.0,900,NRCell,Huawei
1696524300000,SAL030_01,DCR_NUM,0.0,900,NRCell,Huawei
1696524300000,SAL030_01,DROP_CALL_VOLTE_DEN,3.0,900,NRCell,Huawei
1696524300000,SAL030_01,DROP_CALL_VOLTE_NUM,0.0,900,NRCell,Huawei
1696524300000,SAL030_01,ERAB_SR_DEN,492.0,900,NRCell,Huawei
1696524300000,SAL030_01,ERAB_SR_NUM,492.0,900,NRCell,Huawei
1696524300000,SAL030_01,INTEGRITY_NGBR_QCI_9,5065700824.0,900,NRCell,Huawei
1696524300000,SAL030_01,INTRA_FREQUENCY_HO_OUT_ATT,10.0,900,NRCell,Huawei
1696524300000,SAL030_01,INTRA_FREQUENCY_HO_OUT_SUCC,9.0,900,NRCell,Huawei
1696524300000,SAL030_01,RRC_SETUP_ATT,265.0,900,NRCell,Huawei
1696524300000,SAL030_01,RRC_SETUP_SUCC,265.0,900,NRCell,Huawei
1696524300000,SAL030_01,S1SIG_Connection_Setup_SR_DEN,265.0,900,NRCell,Huawei
1696524300000,SAL030_01,S1SIG_Connection_Setup_SR_NUM,265.0,900,NRCell,Huawei
1696524300000,SAL030_01,SERVICE_LATENCY_OVER_AIR_INTERFACE_DEN,104792.0,900,NRCell,Huawei
1696524300000,SAL030_01,SERVICE_LATENCY_OVER_AIR_INTERFACE_NUM,189503.0,900,NRCell,Huawei
1696524300000,SAL030_01,VOICE_TRAFFIC,6920.0,900,NRCell,Huawei
1696524300000,SAL030_01,VOLTE_CALL_SETUP_ATT,4.0,900,NRCell,Huawei
1696524300000,SAL030_01,VOLTE_CALL_SETUP_SUCC,4.0,900,NRCell,Huawei
1696524300000,SEV001_01,DCR_DEN,4698.0,900,NRCell,Huawei
1696524300000,SEV001_01,DCR_NUM,2.0,900,NRCell,Huawei
1696524300000,SEV001_01,DROP_CALL_VOLTE_DEN,52.0,900,NRCell,Huawei
1696524300000,SEV001_01,DROP_CALL_VOLTE_NUM,0.0,900,NRCell,Huawei
1696524300000,SEV001_01,ERAB_SR_DEN,4708.0,900,NRCell,Huawei
1696524300000,SEV001_01,ERAB_SR_NUM,4703.0,900,NRCell,Huawei
1696524300000,SEV001_01,INTEGRITY_NGBR_QCI_9,17923967424.0,900,NRCell,Huawei
1696524300000,SEV001_01,INTRA_FREQUENCY_HO_OUT_ATT,117.0,900,NRCell,Huawei
1696524300000,SEV001_01,INTRA_FREQUENCY_HO_OUT_SUCC,117.0,900,NRCell,Huawei
1696524300000,SEV001_01,RRC_SETUP_ATT,2509.0,900,NRCell,Huawei
1696524300000,SEV001_01,RRC_SETUP_SUCC,2494.0,900,NRCell,Huawei
1696524300000,SEV001_01,S1SIG_Connection_Setup_SR_DEN,2494.0,900,NRCell,Huawei
1696524300000,SEV001_01,S1SIG_Connection_Setup_SR_NUM,2494.0,900,NRCell,Huawei
1696524300000,SEV001_01,SERVICE_LATENCY_OVER_AIR_INTERFACE_DEN,528701.0,900,NRCell,Huawei
1696524300000,SEV001_01,SERVICE_LATENCY_OVER_AIR_INTERFACE_NUM,1074356.0,900,NRCell,Huawei
1696524300000,SEV001_01,VOICE_TRAFFIC,29425.0,900,NRCell,Huawei
1696524300000,SEV001_01,VOLTE_CALL_SETUP_ATT,49.0,900,NRCell,Huawei
1696524300000,SEV001_01,VOLTE_CALL_SETUP_SUCC,49.0,900,NRCell,Huawei
1696524300000,SNT002_01,DCR_DEN,2523.0,900,NRCell,Huawei
1696524300000,SNT002_01,DCR_NUM,3.0,900,NRCell,Huawei
1696524300000,SNT002_01,DROP_CALL_VOLTE_DEN,31.0,900,NRCell,Huawei
1696524300000,SNT002_01,DROP_CALL_VOLTE_NUM,0.0,900,NRCell,Huawei
1696524300000,SNT002_01,ERAB_SR_DEN,2623.0,900,NRCell,Huawei
1696524300000,SNT002_01,ERAB_SR_NUM,2619.0,900,NRCell,Huawei
1696524300000,SNT002_01,INTEGRITY_NGBR_QCI_9,6342014040.0,900,NRCell,Huawei
1696524300000,SNT002_01,INTRA_FREQUENCY_HO_OUT_ATT,151.0,900,NRCell,Huawei
1696524300000,SNT002_01,INTRA_FREQUENCY_HO_OUT_SUCC,151.0,900,NRCell,Huawei
1696524300000,SNT002_01,RRC_SETUP_ATT,1485.0,900,NRCell,Huawei
1696524300000,SNT002_01,RRC_SETUP_SUCC,1467.0,900,NRCell,Huawei
1696524300000,SNT002_01,S1SIG_Connection_Setup_SR_DEN,1468.0,900,NRCell,Huawei
1696524300000,SNT002_01,S1SIG_Connection_Setup_SR_NUM,1468.0,900,NRCell,Huawei
1696524300000,SNT002_01,SERVICE_LATENCY_OVER_AIR_INTERFACE_DEN,186317.0,900,NRCell,Huawei
1696524300000,SNT002_01,SERVICE_LATENCY_OVER_AIR_INTERFACE_NUM,323527.0,900,NRCell,Huawei
1696524300000,SNT002_01,VOICE_TRAFFIC,20299.0,900,NRCell,Huawei
1696524300000,SNT002_01,VOLTE_CALL_SETUP_ATT,32.0,900,NRCell,Huawei
1696524300000,SNT002_01,VOLTE_CALL_SETUP_SUCC,32.0,900,NRCell,Huawei
1696524300000,TAR015_01,DCR_DEN,5468.0,900,NRCell,Huawei
1696524300000,TAR015_01,DCR_NUM,8.0,900,NRCell,Huawei
1696524300000,TAR015_01,DROP_CALL_VOLTE_DEN,61.0,900,NRCell,Huawei
1696524300000,TAR015_01,DROP_CALL_VOLTE_NUM,0.0,900,NRCell,Huawei
1696524300000,TAR015_01,ERAB_SR_DEN,5436.0,900,NRCell,Huawei
1696524300000,TAR015_01,ERAB_SR_NUM,5422.0,900,NRCell,Huawei
1696524300000,TAR015_01,INTEGRITY_NGBR_QCI_9,18782363032.0,900,NRCell,Huawei
1696524300000,TAR015_01,INTRA_FREQUENCY_HO_OUT_ATT,137.0,900,NRCell,Huawei
1696524300000,TAR015_01,INTRA_FREQUENCY_HO_OUT_SUCC,137.0,900,NRCell,Huawei
1696524300000,TAR015_01,RRC_SETUP_ATT,2845.0,900,NRCell,Huawei
1696524300000,TAR015_01,RRC_SETUP_SUCC,2844.0,900,NRCell,Huawei
1696524300000,TAR015_01,S1SIG_Connection_Setup_SR_DEN,2844.0,900,NRCell,Huawei
1696524300000,TAR015_01,S1SIG_Connection_Setup_SR_NUM,2844.0,900,NRCell,Huawei
1696524300000,TAR015_01,SERVICE_LATENCY_OVER_AIR_INTERFACE_DEN,685315.0,900,NRCell,Huawei
1696524300000,TAR015_01,SERVICE_LATENCY_OVER_AIR_INTERFACE_NUM,1519965.0,900,NRCell,Huawei
1696524300000,TAR015_01,VOICE_TRAFFIC,61084.0,900,NRCell,Huawei
1696524300000,TAR015_01,VOLTE_CALL_SETUP_ATT,59.0,900,NRCell,Huawei
1696524300000,TAR015_01,VOLTE_CALL_SETUP_SUCC,59.0,900,NRCell,Huawei
1696524300000,TOL034_01,DCR_DEN,206.0,900,NRCell,Huawei
1696524300000,TOL034_01,DCR_NUM,0.0,900,NRCell,Huawei
1696524300000,TOL034_01,DROP_CALL_VOLTE_DEN,3.0,900,NRCell,Huawei
1696524300000,TOL034_01,DROP_CALL_VOLTE_NUM,0.0,900,NRCell,Huawei
1696524300000,TOL034_01,ERAB_SR_DEN,202.0,900,NRCell,Huawei
1696524300000,TOL034_01,ERAB_SR_NUM,201.0,900,NRCell,Huawei
1696524300000,TOL034_01,INTEGRITY_NGBR_QCI_9,1188470136.0,900,NRCell,Huawei
1696524300000,TOL034_01,INTRA_FREQUENCY_HO_OUT_ATT,17.0,900,NRCell,Huawei
1696524300000,TOL034_01,INTRA_FREQUENCY_HO_OUT_SUCC,17.0,900,NRCell,Huawei
1696524300000,TOL034_01,RRC_SETUP_ATT,139.0,900,NRCell,Huawei
1696524300000,TOL034_01,RRC_SETUP_SUCC,138.0,900,NRCell,Huawei
1696524300000,TOL034_01,S1SIG_Connection_Setup_SR_DEN,138.0,900,NRCell,Huawei
1696524300000,TOL034_01,S1SIG_Connection_Setup_SR_NUM,138.0,900,NRCell,Huawei
1696524300000,TOL034_01,SERVICE_LATENCY_OVER_AIR_INTERFACE_DEN,78673.0,900,NRCell,Huawei
1696524300000,TOL034_01,SERVICE_LATENCY_OVER_AIR_INTERFACE_NUM,180317.0,900,NRCell,Huawei
1696524300000,TOL034_01,VOICE_TRAFFIC,9313.0,900,NRCell,Huawei
1696524300000,TOL034_01,VOLTE_CALL_SETUP_ATT,4.0,900,NRCell,Huawei
1696524300000,TOL034_01,VOLTE_CALL_SETUP_SUCC,4.0,900,NRCell,Huawei
1696524300000,VAL002_01,DCR_DEN,130.0,900,NRCell,Huawei
1696524300000,VAL002_01,DCR_NUM,0.0,900,NRCell,Huawei
1696524300000,VAL002_01,DROP_CALL_VOLTE_DEN,0.0,900,NRCell,Huawei
1696524300000,VAL002_01,DROP_CALL_VOLTE_NUM,0.0,900,NRCell,Huawei
1696524300000,VAL002_01,ERAB_SR_DEN,120.0,900,NRCell,Huawei
1696524300000,VAL002_01,ERAB_SR_NUM,118.0,900,NRCell,Huawei
1696524300000,VAL002_01,INTEGRITY_NGBR_QCI_9,84687920.0,900,NRCell,Huawei
1696524300000,VAL002_01,INTRA_FREQUENCY_HO_OUT_ATT,6.0,900,NRCell,Huawei
1696524300000,VAL002_01,INTRA_FREQUENCY_HO_OUT_SUCC,6.0,900,NRCell,Huawei
1696524300000,VAL002_01,RRC_SETUP_ATT,75.0,900,NRCell,Huawei
1696524300000,VAL002_01,RRC_SETUP_SUCC,75.0,900,NRCell,Huawei
1696524300000,VAL002_01,S1SIG_Connection_Setup_SR_DEN,75.0,900,NRCell,Huawei
1696524300000,VAL002_01,S1SIG_Connection_Setup_SR_NUM,75.0,900,NRCell,Huawei
1696524300000,VAL002_01,SERVICE_LATENCY_OVER_AIR_INTERFACE_DEN,6310.0,900,NRCell,Huawei
1696524300000,VAL002_01,SERVICE_LATENCY_OVER_AIR_INTERFACE_NUM,9659.0,900,NRCell,Huawei
1696524300000,VAL002_01,VOICE_TRAFFIC,59.0,900,NRCell,Huawei
1696524300000,VAL002_01,VOLTE_CALL_SETUP_ATT,0.0,900,NRCell,Huawei
1696524300000,VAL002_01,VOLTE_CALL_SETUP_SUCC,0.0,900,NRCell,Huawei
