startTime,neId,counterCode,counterValue,granularity,neType,vendorName
1696530600000,BCN014_01,DCR_DEN,4494.0,900,NRCell,Huawei
1696530600000,BCN014_01,DCR_NUM,5.0,900,NRCell,Huawei
1696530600000,BCN014_01,DROP_CALL_VOLTE_DEN,52.0,900,NRCell,Huawei
1696530600000,BCN014_01,DROP_CALL_VOLTE_NUM,0.0,900,NRCell,Huawei
1696530600000,BCN014_01,ERAB_SR_DEN,4457.0,900,NRCell,Huawei
1696530600000,BCN014_01,ERAB_SR_NUM,4453.0,900,NRCell,Huawei
1696530600000,BCN014_01,INTEGRITY_NGBR_QCI_9,14480439184.0,900,NRCell,Huawei
1696530600000,BCN014_01,INTRA_FREQUENCY_HO_OUT_ATT,261.0,900,NRCell,Huawei
1696530600000,BCN014_01,INTRA_FREQUENCY_HO_OUT_SUCC,260.0,900,NRCell,Huawei
1696530600000,BCN014_01,RRC_SETUP_ATT,2498.0,900,NRCell,Huawei
1696530600000,BCN014_01,RRC_SETUP_SUCC,2496.0,900,NRCell,Huawei
1696530600000,BCN014_01,S1SIG_Connection_Setup_SR_DEN,2496.0,900,NRCell,Huawei
1696530600000,BCN014_01,S1SIG_Connection_Setup_SR_NUM,2496.0,900,NRCell,Huawei
1696530600000,BCN014_01,SERVICE_LATENCY_OVER_AIR_INTERFACE_DEN,417387.0,900,NRCell,Huawei
1696530600000,BCN014_01,SERVICE_LATENCY_OVER_AIR_INTERFACE_NUM,1111755.0,900,NRCell,Huawei
1696530600000,BCN014_01,VOICE_TRAFFIC,43793.0,900,NRCell,Huawei
1696530600000,BCN014_01,VOLTE_CALL_SETUP_ATT,44.0,900,NRCell,Huawei
1696530600000,BCN014_01,VOLTE_CALL_SETUP_SUCC,44.0,900,NRCell,Huawei
1696530600000,BIL001_01,DCR_DEN,3849.0,900,NRCell,Huawei
1696530600000,BIL001_01,DCR_NUM,3.0,900,NRCell,Huawei
1696530600000,BIL001_01,DROP_CALL_VOLTE_DEN,38.0,900,NRCell,Huawei
1696530600000,BIL001_01,DROP_CALL_VOLTE_NUM,0.0,900,NRCell,Huawei
1696530600000,BIL001_01,ERAB_SR_DEN,3876.0,900,NRCell,Huawei
1696530600000,BIL001_01,ERAB_SR_NUM,3872.0,900,NRCell,Huawei
1696530600000,BIL001_01,INTEGRITY_NGBR_QCI_9,10682251624.0,900,NRCell,Huawei
1696530600000,BIL001_01,INTRA_FREQUENCY_HO_OUT_ATT,192.0,900,NRCell,Huawei
1696530600000,BIL001_01,INTRA_FREQUENCY_HO_OUT_SUCC,192.0,900,NRCell,Huawei
1696530600000,BIL001_01,RRC_SETUP_ATT,2236.0,900,NRCell,Huawei
1696530600000,BIL001_01,RRC_SETUP_SUCC,2210.0,900,NRCell,Huawei
1696530600000,BIL001_01,S1SIG_Connection_Setup_SR_DEN,2210.0,900,NRCell,Huawei
1696530600000,BIL001_01,S1SIG_Connection_Setup_SR_NUM,2210.0,900,NRCell,Huawei
1696530600000,BIL001_01,SERVICE_LATENCY_OVER_AIR_INTERFACE_DEN,478221.0,900,NRCell,Huawei
1696530600000,BIL001_01,SERVICE_LATENCY_OVER_AIR_INTERFACE_NUM,1010462.0,900,NRCell,Huawei
1696530600000,BIL001_01,VOICE_TRAFFIC,49890.0,900,NRCell,Huawei
1696530600000,BIL001_01,VOLTE_CALL_SETUP_ATT,40.0,900,NRCell,Huawei
1696530600000,BIL001_01,VOLTE_CALL_SETUP_SUCC,40.0,900,NRCell,Huawei
1696530600000,MAD033_01,DCR_DEN,2819.0,900,NRCell,Huawei
1696530600000,MAD033_01,DCR_NUM,0.0,900,NRCell,Huawei
1696530600000,MAD033_01,DROP_CALL_VOLTE_DEN,32.0,900,NRCell,Huawei
1696530600000,MAD033_01,DROP_CALL_VOLTE_NUM,0.0,900,NRCell,Huawei
1696530600000,MAD033_01,ERAB_SR_DEN,2871.0,900,NRCell,Huawei
1696530600000,MAD033_01,ERAB_SR_NUM,2869.0,900,NRCell,Huawei
1696530600000,MAD033_01,INTEGRITY_NGBR_QCI_9,8576635616.0,900,NRCell,Huawei
1696530600000,MAD033_01,INTRA_FREQUENCY_HO_OUT_ATT,176.0,900,NRCell,Huawei
1696530600000,MAD033_01,INTRA_FREQUENCY_HO_OUT_SUCC,176.0,900,NRCell,Huawei
1696530600000,MAD033_01,RRC_SETUP_ATT,1997.0,900,NRCell,Huawei
1696530600000,MAD033_01,RRC_SETUP_SUCC,1991.0,900,NRCell,Huawei
1696530600000,MAD033_01,S1SIG_Connection_Setup_SR_DEN,1992.0,900,NRCell,Huawei
1696530600000,MAD033_01,S1SIG_Connection_Setup_SR_NUM,1992.0,900,NRCell,Huawei
1696530600000,MAD033_01,SERVICE_LATENCY_OVER_AIR_INTERFACE_DEN,261595.0,900,NRCell,Huawei
1696530600000,MAD033_01,SERVICE_LATENCY_OVER_AIR_INTERFACE_NUM,458228.0,900,NRCell,Huawei
1696530600000,MAD033_01,VOICE_TRAFFIC,35523.0,900,NRCell,Huawei
1696530600000,MAD033_01,VOLTE_CALL_SETUP_ATT,29.0,900,NRCell,Huawei
1696530600000,MAD033_01,VOLTE_CALL_SETUP_SUCC,29.0,900,NRCell,Huawei
1696530600000,SAL030_01,DCR_DEN,795.0,900,NRCell,Huawei
1696530600000,SAL030_01,DCR_NUM,5.0,900,NRCell,Huawei
1696530600000,SAL030_01,DROP_CALL_VOLTE_DEN,3.0,900,NRCell,Huawei
1696530600000,SAL030_01,DROP_CALL_VOLTE_NUM,0.0,900,NRCell,Huawei
1696530600000,SAL030_01,ERAB_SR_DEN,859.0,900,NRCell,Huawei
1696530600000,SAL030_01,ERAB_SR_NUM,858.0,900,NRCell,Huawei
1696530600000,SAL030_01,INTEGRITY_NGBR_QCI_9,5770895832.0,900,NRCell,Huawei
1696530600000,SAL030_01,INTRA_FREQUENCY_HO_OUT_ATT,15.0,900,NRCell,Huawei
1696530600000,SAL030_01,INTRA_FREQUENCY_HO_OUT_SUCC,15.0,900,NRCell,Huawei
1696530600000,SAL030_01,RRC_SETUP_ATT,460.0,900,NRCell,Huawei
1696530600000,SAL030_01,RRC_SETUP_SUCC,460.0,900,NRCell,Huawei
1696530600000,SAL030_01,S1SIG_Connection_Setup_SR_DEN,460.0,900,NRCell,Huawei
1696530600000,SAL030_01,S1SIG_Connection_Setup_SR_NUM,460.0,900,NRCell,Huawei
1696530600000,SAL030_01,SERVICE_LATENCY_OVER_AIR_INTERFACE_DEN,162365.0,900,NRCell,Huawei
1696530600000,SAL030_01,SERVICE_LATENCY_OVER_AIR_INTERFACE_NUM,222296.0,900,NRCell,Huawei
1696530600000,SAL030_01,VOICE_TRAFFIC,4884.0,900,NRCell,Huawei
1696530600000,SAL030_01,VOLTE_CALL_SETUP_ATT,5.0,900,NRCell,Huawei
1696530600000,SAL030_01,VOLTE_CALL_SETUP_SUCC,5.0,900,NRCell,Huawei
1696530600000,SEV001_01,DCR_DEN,4550.0,900,NRCell,Huawei
1696530600000,SEV001_01,DCR_NUM,10.0,900,NRCell,Huawei
1696530600000,SEV001_01,DROP_CALL_VOLTE_DEN,50.0,900,NRCell,Huawei
1696530600000,SEV001_01,DROP_CALL_VOLTE_NUM,0.0,900,NRCell,Huawei
1696530600000,SEV001_01,ERAB_SR_DEN,4548.0,900,NRCell,Huawei
1696530600000,SEV001_01,ERAB_SR_NUM,4536.0,900,NRCell,Huawei
1696530600000,SEV001_01,INTEGRITY_NGBR_QCI_9,16942049616.0,900,NRCell,Huawei
1696530600000,SEV001_01,INTRA_FREQUENCY_HO_OUT_ATT,147.0,900,NRCell,Huawei
1696530600000,SEV001_01,INTRA_FREQUENCY_HO_OUT_SUCC,147.0,900,NRCell,Huawei
1696530600000,SEV001_01,RRC_SETUP_ATT,2442.0,900,NRCell,Huawei
1696530600000,SEV001_01,RRC_SETUP_SUCC,2438.0,900,NRCell,Huawei
1696530600000,SEV001_01,S1SIG_Connection_Setup_SR_DEN,2438.0,900,NRCell,Huawei
1696530600000,SEV001_01,S1SIG_Connection_Setup_SR_NUM,2438.0,900,NRCell,Huawei
1696530600000,SEV001_01,SERVICE_LATENCY_OVER_AIR_INTERFACE_DEN,605681.0,900,NRCell,Huawei
1696530600000,SEV001_01,SERVICE_LATENCY_OVER_AIR_INTERFACE_NUM,1243534.0,900,NRCell,Huawei
1696530600000,SEV001_01,VOICE_TRAFFIC,48686.0,900,NRCell,Huawei
1696530600000,SEV001_01,VOLTE_CALL_SETUP_ATT,51.0,900,NRCell,Huawei
1696530600000,SEV001_01,VOLTE_CALL_SETUP_SUCC,51.0,900,NRCell,Huawei
1696530600000,SNT002_01,DCR_DEN,2904.0,900,NRCell,Huawei
1696530600000,SNT002_01,DCR_NUM,3.0,900,NRCell,Huawei
1696530600000,SNT002_01,DROP_CALL_VOLTE_DEN,27.0,900,NRCell,Huawei
1696530600000,SNT002_01,DROP_CALL_VOLTE_NUM,0.0,900,NRCell,Huawei
1696530600000,SNT002_01,ERAB_SR_DEN,2981.0,900,NRCell,Huawei
1696530600000,SNT002_01,ERAB_SR_NUM,2977.0,900,NRCell,Huawei
1696530600000,SNT002_01,INTEGRITY_NGBR_QCI_9,11496754544.0,900,NRCell,Huawei
1696530600000,SNT002_01,INTRA_FREQUENCY_HO_OUT_ATT,160.0,900,NRCell,Huawei
1696530600000,SNT002_01,INTRA_FREQUENCY_HO_OUT_SUCC,160.0,900,NRCell,Huawei
1696530600000,SNT002_01,RRC_SETUP_ATT,1655.0,900,NRCell,Huawei
1696530600000,SNT002_01,RRC_SETUP_SUCC,1638.0,900,NRCell,Huawei
1696530600000,SNT002_01,S1SIG_Connection_Setup_SR_DEN,1637.0,900,NRCell,Huawei
1696530600000,SNT002_01,S1SIG_Connection_Setup_SR_NUM,1637.0,900,NRCell,Huawei
1696530600000,SNT002_01,SERVICE_LATENCY_OVER_AIR_INTERFACE_DEN,315945.0,900,NRCell,Huawei
1696530600000,SNT002_01,SERVICE_LATENCY_OVER_AIR_INTERFACE_NUM,549754.0,900,NRCell,Huawei
1696530600000,SNT002_01,VOICE_TRAFFIC,23606.0,900,NRCell,Huawei
1696530600000,SNT002_01,VOLTE_CALL_SETUP_ATT,22.0,900,NRCell,Huawei
1696530600000,SNT002_01,VOLTE_CALL_SETUP_SUCC,22.0,900,NRCell,Huawei
1696530600000,TAR015_01,DCR_DEN,5599.0,900,NRCell,Huawei
1696530600000,TAR015_01,DCR_NUM,14.0,900,NRCell,Huawei
1696530600000,TAR015_01,DROP_CALL_VOLTE_DEN,52.0,900,NRCell,Huawei
1696530600000,TAR015_01,DROP_CALL_VOLTE_NUM,1.0,900,NRCell,Huawei
1696530600000,TAR015_01,ERAB_SR_DEN,5472.0,900,NRCell,Huawei
1696530600000,TAR015_01,ERAB_SR_NUM,5467.0,900,NRCell,Huawei
1696530600000,TAR015_01,INTEGRITY_NGBR_QCI_9,16914251584.0,900,NRCell,Huawei
1696530600000,TAR015_01,INTRA_FREQUENCY_HO_OUT_ATT,145.0,900,NRCell,Huawei
1696530600000,TAR015_01,INTRA_FREQUENCY_HO_OUT_SUCC,145.0,900,NRCell,Huawei
1696530600000,TAR015_01,RRC_SETUP_ATT,2942.0,900,NRCell,Huawei
1696530600000,TAR015_01,RRC_SETUP_SUCC,2937.0,900,NRCell,Huawei
1696530600000,TAR015_01,S1SIG_Connection_Setup_SR_DEN,2937.0,900,NRCell,Huawei
1696530600000,TAR015_01,S1SIG_Connection_Setup_SR_NUM,2937.0,900,NRCell,Huawei
1696530600000,TAR015_01,SERVICE_LATENCY_OVER_AIR_INTERFACE_DEN,543699.0,900,NRCell,Huawei
1696530600000,TAR015_01,SERVICE_LATENCY_OVER_AIR_INTERFACE_NUM,1098595.0,900,NRCell,Huawei
1696530600000,TAR015_01,VOICE_TRAFFIC,39274.0,900,NRCell,Huawei
1696530600000,TAR015_01,VOLTE_CALL_SETUP_ATT,45.0,900,NRCell,Huawei
1696530600000,TAR015_01,VOLTE_CALL_SETUP_SUCC,44.0,900,NRCell,Huawei
1696530600000,TOL034_01,DCR_DEN,239.0,900,NRCell,Huawei
1696530600000,TOL034_01,DCR_NUM,1.0,900,NRCell,Huawei
1696530600000,TOL034_01,DROP_CALL_VOLTE_DEN,3.0,900,NRCell,Huawei
1696530600000,TOL034_01,DROP_CALL_VOLTE_NUM,0.0,900,NRCell,Huawei
1696530600000,TOL034_01,ERAB_SR_DEN,259.0,900,NRCell,Huawei
1696530600000,TOL034_01,ERAB_SR_NUM,259.0,900,NRCell,Huawei
1696530600000,TOL034_01,INTEGRITY_NGBR_QCI_9,2168142104.0,900,NRCell,Huawei
1696530600000,TOL034_01,INTRA_FREQUENCY_HO_OUT_ATT,26.0,900,NRCell,Huawei
1696530600000,TOL034_01,INTRA_FREQUENCY_HO_OUT_SUCC,26.0,900,NRCell,Huawei
1696530600000,TOL034_01,RRC_SETUP_ATT,169.0,900,NRCell,Huawei
1696530600000,TOL034_01,RRC_SETUP_SUCC,168.0,900,NRCell,Huawei
1696530600000,TOL034_01,S1SIG_Connection_Setup_SR_DEN,168.0,900,NRCell,Huawei
1696530600000,TOL034_01,S1SIG_Connection_Setup_SR_NUM,168.0,900,NRCell,Huawei
1696530600000,TOL034_01,SERVICE_LATENCY_OVER_AIR_INTERFACE_DEN,81730.0,900,NRCell,Huawei
1696530600000,TOL034_01,SERVICE_LATENCY_OVER_AIR_INTERFACE_NUM,144198.0,900,NRCell,Huawei
1696530600000,TOL034_01,VOICE_TRAFFIC,6298.0,900,NRCell,Huawei
1696530600000,TOL034_01,VOLTE_CALL_SETUP_ATT,4.0,900,NRCell,Huawei
1696530600000,TOL034_01,VOLTE_CALL_SETUP_SUCC,4.0,900,NRCell,Huawei
1696530600000,VAL002_01,DCR_DEN,133.0,900,NRCell,Huawei
1696530600000,VAL002_01,DCR_NUM,1.0,900,NRCell,Huawei
1696530600000,VAL002_01,DROP_CALL_VOLTE_DEN,0.0,900,NRCell,Huawei
1696530600000,VAL002_01,DROP_CALL_VOLTE_NUM,0.0,900,NRCell,Huawei
1696530600000,VAL002_01,ERAB_SR_DEN,143.0,900,NRCell,Huawei
1696530600000,VAL002_01,ERAB_SR_NUM,143.0,900,NRCell,Huawei
1696530600000,VAL002_01,INTEGRITY_NGBR_QCI_9,1333734192.0,900,NRCell,Huawei
1696530600000,VAL002_01,INTRA_FREQUENCY_HO_OUT_ATT,13.0,900,NRCell,Huawei
1696530600000,VAL002_01,INTRA_FREQUENCY_HO_OUT_SUCC,13.0,900,NRCell,Huawei
1696530600000,VAL002_01,RRC_SETUP_ATT,89.0,900,NRCell,Huawei
1696530600000,VAL002_01,RRC_SETUP_SUCC,88.0,900,NRCell,Huawei
1696530600000,VAL002_01,S1SIG_Connection_Setup_SR_DEN,88.0,900,NRCell,Huawei
1696530600000,VAL002_01,S1SIG_Connection_Setup_SR_NUM,88.0,900,NRCell,Huawei
1696530600000,VAL002_01,SERVICE_LATENCY_OVER_AIR_INTERFACE_DEN,14342.0,900,NRCell,Huawei
1696530600000,VAL002_01,SERVICE_LATENCY_OVER_AIR_INTERFACE_NUM,23036.0,900,NRCell,Huawei
1696530600000,VAL002_01,VOICE_TRAFFIC,389.0,900,NRCell,Huawei
1696530600000,VAL002_01,VOLTE_CALL_SETUP_ATT,0.0,900,NRCell,Huawei
1696530600000,VAL002_01,VOLTE_CALL_SETUP_SUCC,0.0,900,NRCell,Huawei
