startTime,neId,counterCode,counterValue,granularity,neType,vendorName
1696553100000,BCN014_01,DCR_DEN,3397.0,900,NRCell,Huawei
1696553100000,BCN014_01,DCR_NUM,3.0,900,NRCell,Huawei
1696553100000,BCN014_01,DROP_CALL_VOLTE_DEN,23.0,900,NRCell,Huawei
1696553100000,BCN014_01,DROP_CALL_VOLTE_NUM,0.0,900,NRCell,Huawei
1696553100000,BCN014_01,ERAB_SR_DEN,3361.0,900,NRCell,Huawei
1696553100000,BCN014_01,ERAB_SR_NUM,3359.0,900,NRCell,Huawei
1696553100000,BCN014_01,INTEGRITY_NGBR_QCI_9,14617461976.0,900,NRCell,Huawei
1696553100000,BCN014_01,INTRA_FREQUENCY_HO_OUT_ATT,232.0,900,NRCell,Huawei
1696553100000,BCN014_01,INTRA_FREQUENCY_HO_OUT_SUCC,231.0,900,NRCell,Huawei
1696553100000,BCN014_01,RRC_SETUP_ATT,1927.0,900,NRCell,Huawei
1696553100000,BCN014_01,RRC_SETUP_SUCC,1922.0,900,NRCell,Huawei
1696553100000,BCN014_01,S1SIG_Connection_Setup_SR_DEN,1922.0,900,NRCell,Huawei
1696553100000,BCN014_01,S1SIG_Connection_Setup_SR_NUM,1922.0,900,NRCell,Huawei
1696553100000,BCN014_01,SERVICE_LATENCY_OVER_AIR_INTERFACE_DEN,302203.0,900,NRCell,Huawei
1696553100000,BCN014_01,SERVICE_LATENCY_OVER_AIR_INTERFACE_NUM,479733.0,900,NRCell,Huawei
1696553100000,BCN014_01,VOICE_TRAFFIC,12597.0,900,NRCell,Huawei
1696553100000,BCN014_01,VOLTE_CALL_SETUP_ATT,27.0,900,NRCell,Huawei
1696553100000,BCN014_01,VOLTE_CALL_SETUP_SUCC,27.0,900,NRCell,Huawei
1696553100000,BIL001_01,DCR_DEN,2510.0,900,NRCell,Huawei
1696553100000,BIL001_01,DCR_NUM,3.0,900,NRCell,Huawei
1696553100000,BIL001_01,DROP_CALL_VOLTE_DEN,28.0,900,NRCell,Huawei
1696553100000,BIL001_01,DROP_CALL_VOLTE_NUM,0.0,900,NRCell,Huawei
1696553100000,BIL001_01,ERAB_SR_DEN,2587.0,900,NRCell,Huawei
1696553100000,BIL001_01,ERAB_SR_NUM,2586.0,900,NRCell,Huawei
1696553100000,BIL001_01,INTEGRITY_NGBR_QCI_9,11743578184.0,900,NRCell,Huawei
1696553100000,BIL001_01,INTRA_FREQUENCY_HO_OUT_ATT,205.0,900,NRCell,Huawei
1696553100000,BIL001_01,INTRA_FREQUENCY_HO_OUT_SUCC,204.0,900,NRCell,Huawei
1696553100000,BIL001_01,RRC_SETUP_ATT,1520.0,900,NRCell,Huawei
1696553100000,BIL001_01,RRC_SETUP_SUCC,1505.0,900,NRCell,Huawei
1696553100000,BIL001_01,S1SIG_Connection_Setup_SR_DEN,1505.0,900,NRCell,Huawei
1696553100000,BIL001_01,S1SIG_Connection_Setup_SR_NUM,1505.0,900,NRCell,Huawei
1696553100000,BIL001_01,SERVICE_LATENCY_OVER_AIR_INTERFACE_DEN,456865.0,900,NRCell,Huawei
1696553100000,BIL001_01,SERVICE_LATENCY_OVER_AIR_INTERFACE_NUM,673333.0,900,NRCell,Huawei
1696553100000,BIL001_01,VOICE_TRAFFIC,14889.0,900,NRCell,Huawei
1696553100000,BIL001_01,VOLTE_CALL_SETUP_ATT,29.0,900,NRCell,Huawei
1696553100000,BIL001_01,VOLTE_CALL_SETUP_SUCC,28.0,900,NRCell,Huawei
1696553100000,MAD033_01,DCR_DEN,1669.0,900,NRCell,Huawei
1696553100000,MAD033_01,DCR_NUM,1.0,900,NRCell,Huawei
1696553100000,MAD033_01,DROP_CALL_VOLTE_DEN,16.0,900,NRCell,Huawei
1696553100000,MAD033_01,DROP_CALL_VOLTE_NUM,0.0,900,NRCell,Huawei
1696553100000,MAD033_01,ERAB_SR_DEN,1667.0,900,NRCell,Huawei
1696553100000,MAD033_01,ERAB_SR_NUM,1667.0,900,NRCell,Huawei
1696553100000,MAD033_01,INTEGRITY_NGBR_QCI_9,12761660120.0,900,NRCell,Huawei
1696553100000,MAD033_01,INTRA_FREQUENCY_HO_OUT_ATT,172.0,900,NRCell,Huawei
1696553100000,MAD033_01,INTRA_FREQUENCY_HO_OUT_SUCC,171.0,900,NRCell,Huawei
1696553100000,MAD033_01,RRC_SETUP_ATT,1035.0,900,NRCell,Huawei
1696553100000,MAD033_01,RRC_SETUP_SUCC,1034.0,900,NRCell,Huawei
1696553100000,MAD033_01,S1SIG_Connection_Setup_SR_DEN,1034.0,900,NRCell,Huawei
1696553100000,MAD033_01,S1SIG_Connection_Setup_SR_NUM,1034.0,900,NRCell,Huawei
1696553100000,MAD033_01,SERVICE_LATENCY_OVER_AIR_INTERFACE_DEN,342060.0,900,NRCell,Huawei
1696553100000,MAD033_01,SERVICE_LATENCY_OVER_AIR_INTERFACE_NUM,525622.0,900,NRCell,Huawei
1696553100000,MAD033_01,VOICE_TRAFFIC,24824.0,900,NRCell,Huawei
1696553100000,MAD033_01,VOLTE_CALL_SETUP_ATT,13.0,900,NRCell,Huawei
1696553100000,MAD033_01,VOLTE_CALL_SETUP_SUCC,13.0,900,NRCell,Huawei
1696553100000,SAL030_01,DCR_DEN,142.0,900,NRCell,Huawei
1696553100000,SAL030_01,DCR_NUM,0.0,900,NRCell,Huawei
1696553100000,SAL030_01,DROP_CALL_VOLTE_DEN,6.0,900,NRCell,Huawei
1696553100000,SAL030_01,DROP_CALL_VOLTE_NUM,0.0,900,NRCell,Huawei
1696553100000,SAL030_01,ERAB_SR_DEN,136.0,900,NRCell,Huawei
1696553100000,SAL030_01,ERAB_SR_NUM,136.0,900,NRCell,Huawei
1696553100000,SAL030_01,INTEGRITY_NGBR_QCI_9,2339022088.0,900,NRCell,Huawei
1696553100000,SAL030_01,INTRA_FREQUENCY_HO_OUT_ATT,11.0,900,NRCell,Huawei
1696553100000,SAL030_01,INTRA_FREQUENCY_HO_OUT_SUCC,11.0,900,NRCell,Huawei
1696553100000,SAL030_01,RRC_SETUP_ATT,74.0,900,NRCell,Huawei
1696553100000,SAL030_01,RRC_SETUP_SUCC,74.0,900,NRCell,Huawei
1696553100000,SAL030_01,S1SIG_Connection_Setup_SR_DEN,74.0,900,NRCell,Huawei
1696553100000,SAL030_01,S1SIG_Connection_Setup_SR_NUM,74.0,900,NRCell,Huawei
1696553100000,SAL030_01,SERVICE_LATENCY_OVER_AIR_INTERFACE_DEN,61459.0,900,NRCell,Huawei
1696553100000,SAL030_01,SERVICE_LATENCY_OVER_AIR_INTERFACE_NUM,98940.0,900,NRCell,Huawei
1696553100000,SAL030_01,VOICE_TRAFFIC,3233.0,900,NRCell,Huawei
1696553100000,SAL030_01,VOLTE_CALL_SETUP_ATT,3.0,900,NRCell,Huawei
1696553100000,SAL030_01,VOLTE_CALL_SETUP_SUCC,3.0,900,NRCell,Huawei
1696553100000,SEV001_01,DCR_DEN,3263.0,900,NRCell,Huawei
1696553100000,SEV001_01,DCR_NUM,7.0,900,NRCell,Huawei
1696553100000,SEV001_01,DROP_CALL_VOLTE_DEN,31.0,900,NRCell,Huawei
1696553100000,SEV001_01,DROP_CALL_VOLTE_NUM,0.0,900,NRCell,Huawei
1696553100000,SEV001_01,ERAB_SR_DEN,3292.0,900,NRCell,Huawei
1696553100000,SEV001_01,ERAB_SR_NUM,3290.0,900,NRCell,Huawei
1696553100000,SEV001_01,INTEGRITY_NGBR_QCI_9,17229737288.0,900,NRCell,Huawei
1696553100000,SEV001_01,INTRA_FREQUENCY_HO_OUT_ATT,123.0,900,NRCell,Huawei
1696553100000,SEV001_01,INTRA_FREQUENCY_HO_OUT_SUCC,123.0,900,NRCell,Huawei
1696553100000,SEV001_01,RRC_SETUP_ATT,1785.0,900,NRCell,Huawei
1696553100000,SEV001_01,RRC_SETUP_SUCC,1784.0,900,NRCell,Huawei
1696553100000,SEV001_01,S1SIG_Connection_Setup_SR_DEN,1784.0,900,NRCell,Huawei
1696553100000,SEV001_01,S1SIG_Connection_Setup_SR_NUM,1784.0,900,NRCell,Huawei
1696553100000,SEV001_01,SERVICE_LATENCY_OVER_AIR_INTERFACE_DEN,451860.0,900,NRCell,Huawei
1696553100000,SEV001_01,SERVICE_LATENCY_OVER_AIR_INTERFACE_NUM,1991359.0,900,NRCell,Huawei
1696553100000,SEV001_01,VOICE_TRAFFIC,34373.0,900,NRCell,Huawei
1696553100000,SEV001_01,VOLTE_CALL_SETUP_ATT,28.0,900,NRCell,Huawei
1696553100000,SEV001_01,VOLTE_CALL_SETUP_SUCC,28.0,900,NRCell,Huawei
1696553100000,SNT002_01,DCR_DEN,1658.0,900,NRCell,Huawei
1696553100000,SNT002_01,DCR_NUM,1.0,900,NRCell,Huawei
1696553100000,SNT002_01,DROP_CALL_VOLTE_DEN,15.0,900,NRCell,Huawei
1696553100000,SNT002_01,DROP_CALL_VOLTE_NUM,0.0,900,NRCell,Huawei
1696553100000,SNT002_01,ERAB_SR_DEN,1690.0,900,NRCell,Huawei
1696553100000,SNT002_01,ERAB_SR_NUM,1688.0,900,NRCell,Huawei
1696553100000,SNT002_01,INTEGRITY_NGBR_QCI_9,11613234560.0,900,NRCell,Huawei
1696553100000,SNT002_01,INTRA_FREQUENCY_HO_OUT_ATT,132.0,900,NRCell,Huawei
1696553100000,SNT002_01,INTRA_FREQUENCY_HO_OUT_SUCC,131.0,900,NRCell,Huawei
1696553100000,SNT002_01,RRC_SETUP_ATT,972.0,900,NRCell,Huawei
1696553100000,SNT002_01,RRC_SETUP_SUCC,966.0,900,NRCell,Huawei
1696553100000,SNT002_01,S1SIG_Connection_Setup_SR_DEN,966.0,900,NRCell,Huawei
1696553100000,SNT002_01,S1SIG_Connection_Setup_SR_NUM,966.0,900,NRCell,Huawei
1696553100000,SNT002_01,SERVICE_LATENCY_OVER_AIR_INTERFACE_DEN,296879.0,900,NRCell,Huawei
1696553100000,SNT002_01,SERVICE_LATENCY_OVER_AIR_INTERFACE_NUM,425178.0,900,NRCell,Huawei
1696553100000,SNT002_01,VOICE_TRAFFIC,25819.0,900,NRCell,Huawei
1696553100000,SNT002_01,VOLTE_CALL_SETUP_ATT,13.0,900,NRCell,Huawei
1696553100000,SNT002_01,VOLTE_CALL_SETUP_SUCC,13.0,900,NRCell,Huawei
1696553100000,TAR015_01,DCR_DEN,4005.0,900,NRCell,Huawei
1696553100000,TAR015_01,DCR_NUM,4.0,900,NRCell,Huawei
1696553100000,TAR015_01,DROP_CALL_VOLTE_DEN,35.0,900,NRCell,Huawei
1696553100000,TAR015_01,DROP_CALL_VOLTE_NUM,0.0,900,NRCell,Huawei
1696553100000,TAR015_01,ERAB_SR_DEN,3971.0,900,NRCell,Huawei
1696553100000,TAR015_01,ERAB_SR_NUM,3968.0,900,NRCell,Huawei
1696553100000,TAR015_01,INTEGRITY_NGBR_QCI_9,19156611840.0,900,NRCell,Huawei
1696553100000,TAR015_01,INTRA_FREQUENCY_HO_OUT_ATT,163.0,900,NRCell,Huawei
1696553100000,TAR015_01,INTRA_FREQUENCY_HO_OUT_SUCC,163.0,900,NRCell,Huawei
1696553100000,TAR015_01,RRC_SETUP_ATT,2181.0,900,NRCell,Huawei
1696553100000,TAR015_01,RRC_SETUP_SUCC,2180.0,900,NRCell,Huawei
1696553100000,TAR015_01,S1SIG_Connection_Setup_SR_DEN,2180.0,900,NRCell,Huawei
1696553100000,TAR015_01,S1SIG_Connection_Setup_SR_NUM,2180.0,900,NRCell,Huawei
1696553100000,TAR015_01,SERVICE_LATENCY_OVER_AIR_INTERFACE_DEN,704668.0,900,NRCell,Huawei
1696553100000,TAR015_01,SERVICE_LATENCY_OVER_AIR_INTERFACE_NUM,3505257.0,900,NRCell,Huawei
1696553100000,TAR015_01,VOICE_TRAFFIC,67301.0,900,NRCell,Huawei
1696553100000,TAR015_01,VOLTE_CALL_SETUP_ATT,45.0,900,NRCell,Huawei
1696553100000,TAR015_01,VOLTE_CALL_SETUP_SUCC,45.0,900,NRCell,Huawei
1696553100000,TOL034_01,DCR_DEN,88.0,900,NRCell,Huawei
1696553100000,TOL034_01,DCR_NUM,0.0,900,NRCell,Huawei
1696553100000,TOL034_01,DROP_CALL_VOLTE_DEN,0.0,900,NRCell,Huawei
1696553100000,TOL034_01,DROP_CALL_VOLTE_NUM,0.0,900,NRCell,Huawei
1696553100000,TOL034_01,ERAB_SR_DEN,84.0,900,NRCell,Huawei
1696553100000,TOL034_01,ERAB_SR_NUM,82.0,900,NRCell,Huawei
1696553100000,TOL034_01,INTEGRITY_NGBR_QCI_9,2493512920.0,900,NRCell,Huawei
1696553100000,TOL034_01,INTRA_FREQUENCY_HO_OUT_ATT,17.0,900,NRCell,Huawei
1696553100000,TOL034_01,INTRA_FREQUENCY_HO_OUT_SUCC,16.0,900,NRCell,Huawei
1696553100000,TOL034_01,RRC_SETUP_ATT,67.0,900,NRCell,Huawei
1696553100000,TOL034_01,RRC_SETUP_SUCC,67.0,900,NRCell,Huawei
1696553100000,TOL034_01,S1SIG_Connection_Setup_SR_DEN,67.0,900,NRCell,Huawei
1696553100000,TOL034_01,S1SIG_Connection_Setup_SR_NUM,67.0,900,NRCell,Huawei
1696553100000,TOL034_01,SERVICE_LATENCY_OVER_AIR_INTERFACE_DEN,58673.0,900,NRCell,Huawei
1696553100000,TOL034_01,SERVICE_LATENCY_OVER_AIR_INTERFACE_NUM,93572.0,900,NRCell,Huawei
1696553100000,TOL034_01,VOICE_TRAFFIC,0.0,900,NRCell,Huawei
1696553100000,TOL034_01,VOLTE_CALL_SETUP_ATT,0.0,900,NRCell,Huawei
1696553100000,TOL034_01,VOLTE_CALL_SETUP_SUCC,0.0,900,NRCell,Huawei
1696553100000,VAL002_01,DCR_DEN,35.0,900,NRCell,Huawei
1696553100000,VAL002_01,DCR_NUM,0.0,900,NRCell,Huawei
1696553100000,VAL002_01,DROP_CALL_VOLTE_DEN,1.0,900,NRCell,Huawei
1696553100000,VAL002_01,DROP_CALL_VOLTE_NUM,0.0,900,NRCell,Huawei
1696553100000,VAL002_01,ERAB_SR_DEN,30.0,900,NRCell,Huawei
1696553100000,VAL002_01,ERAB_SR_NUM,30.0,900,NRCell,Huawei
1696553100000,VAL002_01,INTEGRITY_NGBR_QCI_9,1649327856.0,900,NRCell,Huawei
1696553100000,VAL002_01,INTRA_FREQUENCY_HO_OUT_ATT,13.0,900,NRCell,Huawei
1696553100000,VAL002_01,INTRA_FREQUENCY_HO_OUT_SUCC,13.0,900,NRCell,Huawei
1696553100000,VAL002_01,RRC_SETUP_ATT,23.0,900,NRCell,Huawei
1696553100000,VAL002_01,RRC_SETUP_SUCC,23.0,900,NRCell,Huawei
1696553100000,VAL002_01,S1SIG_Connection_Setup_SR_DEN,23.0,900,NRCell,Huawei
1696553100000,VAL002_01,S1SIG_Connection_Setup_SR_NUM,23.0,900,NRCell,Huawei
1696553100000,VAL002_01,SERVICE_LATENCY_OVER_AIR_INTERFACE_DEN,27153.0,900,NRCell,Huawei
1696553100000,VAL002_01,SERVICE_LATENCY_OVER_AIR_INTERFACE_NUM,34126.0,900,NRCell,Huawei
1696553100000,VAL002_01,VOICE_TRAFFIC,1230.0,900,NRCell,Huawei
1696553100000,VAL002_01,VOLTE_CALL_SETUP_ATT,1.0,900,NRCell,Huawei
1696553100000,VAL002_01,VOLTE_CALL_SETUP_SUCC,1.0,900,NRCell,Huawei
