startTime,neId,counterCode,counterValue,granularity,neType,vendorName
1696806900000,BCN014_01,DCR_DEN,2118.0,900,NRCell,Huawei
1696806900000,BCN014_01,DCR_NUM,7.0,900,NRCell,Huawei
1696806900000,BCN014_01,DROP_CALL_VOLTE_DEN,8.0,900,NRCell,Huawei
1696806900000,BCN014_01,DROP_CALL_VOLTE_NUM,0.0,900,NRCell,Huawei
1696806900000,BCN014_01,ERAB_SR_DEN,2066.0,900,NRCell,Huawei
1696806900000,BCN014_01,ERAB_SR_NUM,2065.0,900,NRCell,Huawei
1696806900000,BCN014_01,INTEGRITY_NGBR_QCI_9,10437440640.0,900,NRCell,Huawei
1696806900000,BCN014_01,INTRA_FREQUENCY_HO_OUT_ATT,180.0,900,NRCell,Huawei
1696806900000,BCN014_01,INTRA_FREQUENCY_HO_OUT_SUCC,180.0,900,NRCell,Huawei
1696806900000,BCN014_01,RRC_SETUP_ATT,1296.0,900,NRCell,Huawei
1696806900000,BCN014_01,RRC_SETUP_SUCC,1296.0,900,NRCell,Huawei
1696806900000,BCN014_01,S1SIG_Connection_Setup_SR_DEN,1296.0,900,NRCell,Huawei
1696806900000,BCN014_01,S1SIG_Connection_Setup_SR_NUM,1261.0,900,NRCell,Huawei
1696806900000,BCN014_01,SERVICE_LATENCY_OVER_AIR_INTERFACE_DEN,207322.0,900,NRCell,Huawei
1696806900000,BCN014_01,SERVICE_LATENCY_OVER_AIR_INTERFACE_NUM,496144.0,900,NRCell,Huawei
1696806900000,BCN014_01,VOICE_TRAFFIC,18254.0,900,NRCell,Huawei
1696806900000,BCN014_01,VOLTE_CALL_SETUP_ATT,8.0,900,NRCell,Huawei
1696806900000,BCN014_01,VOLTE_CALL_SETUP_SUCC,8.0,900,NRCell,Huawei
1696806900000,BIL001_01,DCR_DEN,1913.0,900,NRCell,Huawei
1696806900000,BIL001_01,DCR_NUM,0.0,900,NRCell,Huawei
1696806900000,BIL001_01,DROP_CALL_VOLTE_DEN,10.0,900,NRCell,Huawei
1696806900000,BIL001_01,DROP_CALL_VOLTE_NUM,0.0,900,NRCell,Huawei
1696806900000,BIL001_01,ERAB_SR_DEN,1955.0,900,NRCell,Huawei
1696806900000,BIL001_01,ERAB_SR_NUM,1955.0,900,NRCell,Huawei
1696806900000,BIL001_01,INTEGRITY_NGBR_QCI_9,12839836088.0,900,NRCell,Huawei
1696806900000,BIL001_01,INTRA_FREQUENCY_HO_OUT_ATT,173.0,900,NRCell,Huawei
1696806900000,BIL001_01,INTRA_FREQUENCY_HO_OUT_SUCC,173.0,900,NRCell,Huawei
1696806900000,BIL001_01,RRC_SETUP_ATT,1241.0,900,NRCell,Huawei
1696806900000,BIL001_01,RRC_SETUP_SUCC,1237.0,900,NRCell,Huawei
1696806900000,BIL001_01,S1SIG_Connection_Setup_SR_DEN,1237.0,900,NRCell,Huawei
1696806900000,BIL001_01,S1SIG_Connection_Setup_SR_NUM,1217.0,900,NRCell,Huawei
1696806900000,BIL001_01,SERVICE_LATENCY_OVER_AIR_INTERFACE_DEN,304310.0,900,NRCell,Huawei
1696806900000,BIL001_01,SERVICE_LATENCY_OVER_AIR_INTERFACE_NUM,485847.0,900,NRCell,Huawei
1696806900000,BIL001_01,VOICE_TRAFFIC,7399.0,900,NRCell,Huawei
1696806900000,BIL001_01,VOLTE_CALL_SETUP_ATT,9.0,900,NRCell,Huawei
1696806900000,BIL001_01,VOLTE_CALL_SETUP_SUCC,9.0,900,NRCell,Huawei
1696806900000,MAD033_01,DCR_DEN,785.0,900,NRCell,Huawei
1696806900000,MAD033_01,DCR_NUM,0.0,900,NRCell,Huawei
1696806900000,MAD033_01,DROP_CALL_VOLTE_DEN,9.0,900,NRCell,Huawei
1696806900000,MAD033_01,DROP_CALL_VOLTE_NUM,0.0,900,NRCell,Huawei
1696806900000,MAD033_01,ERAB_SR_DEN,797.0,900,NRCell,Huawei
1696806900000,MAD033_01,ERAB_SR_NUM,797.0,900,NRCell,Huawei
1696806900000,MAD033_01,INTEGRITY_NGBR_QCI_9,6256157240.0,900,NRCell,Huawei
1696806900000,MAD033_01,INTRA_FREQUENCY_HO_OUT_ATT,68.0,900,NRCell,Huawei
1696806900000,MAD033_01,INTRA_FREQUENCY_HO_OUT_SUCC,68.0,900,NRCell,Huawei
1696806900000,MAD033_01,RRC_SETUP_ATT,480.0,900,NRCell,Huawei
1696806900000,MAD033_01,RRC_SETUP_SUCC,480.0,900,NRCell,Huawei
1696806900000,MAD033_01,S1SIG_Connection_Setup_SR_DEN,480.0,900,NRCell,Huawei
1696806900000,MAD033_01,S1SIG_Connection_Setup_SR_NUM,467.0,900,NRCell,Huawei
1696806900000,MAD033_01,SERVICE_LATENCY_OVER_AIR_INTERFACE_DEN,152988.0,900,NRCell,Huawei
1696806900000,MAD033_01,SERVICE_LATENCY_OVER_AIR_INTERFACE_NUM,195717.0,900,NRCell,Huawei
1696806900000,MAD033_01,VOICE_TRAFFIC,5552.0,900,NRCell,Huawei
1696806900000,MAD033_01,VOLTE_CALL_SETUP_ATT,11.0,900,NRCell,Huawei
1696806900000,MAD033_01,VOLTE_CALL_SETUP_SUCC,11.0,900,NRCell,Huawei
1696806900000,SAL030_01,DCR_DEN,147.0,900,NRCell,Huawei
1696806900000,SAL030_01,DCR_NUM,1.0,900,NRCell,Huawei
1696806900000,SAL030_01,DROP_CALL_VOLTE_DEN,0.0,900,NRCell,Huawei
1696806900000,SAL030_01,DROP_CALL_VOLTE_NUM,0.0,900,NRCell,Huawei
1696806900000,SAL030_01,ERAB_SR_DEN,136.0,900,NRCell,Huawei
1696806900000,SAL030_01,ERAB_SR_NUM,136.0,900,NRCell,Huawei
1696806900000,SAL030_01,INTEGRITY_NGBR_QCI_9,5107573656.0,900,NRCell,Huawei
1696806900000,SAL030_01,INTRA_FREQUENCY_HO_OUT_ATT,4.0,900,NRCell,Huawei
1696806900000,SAL030_01,INTRA_FREQUENCY_HO_OUT_SUCC,4.0,900,NRCell,Huawei
1696806900000,SAL030_01,RRC_SETUP_ATT,101.0,900,NRCell,Huawei
1696806900000,SAL030_01,RRC_SETUP_SUCC,101.0,900,NRCell,Huawei
1696806900000,SAL030_01,S1SIG_Connection_Setup_SR_DEN,101.0,900,NRCell,Huawei
1696806900000,SAL030_01,S1SIG_Connection_Setup_SR_NUM,89.0,900,NRCell,Huawei
1696806900000,SAL030_01,SERVICE_LATENCY_OVER_AIR_INTERFACE_DEN,181722.0,900,NRCell,Huawei
1696806900000,SAL030_01,SERVICE_LATENCY_OVER_AIR_INTERFACE_NUM,210576.0,900,NRCell,Huawei
1696806900000,SAL030_01,VOICE_TRAFFIC,31.0,900,NRCell,Huawei
1696806900000,SAL030_01,VOLTE_CALL_SETUP_ATT,0.0,900,NRCell,Huawei
1696806900000,SAL030_01,VOLTE_CALL_SETUP_SUCC,0.0,900,NRCell,Huawei
1696806900000,SEV001_01,DCR_DEN,2098.0,900,NRCell,Huawei
1696806900000,SEV001_01,DCR_NUM,6.0,900,NRCell,Huawei
1696806900000,SEV001_01,DROP_CALL_VOLTE_DEN,6.0,900,NRCell,Huawei
1696806900000,SEV001_01,DROP_CALL_VOLTE_NUM,0.0,900,NRCell,Huawei
1696806900000,SEV001_01,ERAB_SR_DEN,2149.0,900,NRCell,Huawei
1696806900000,SEV001_01,ERAB_SR_NUM,2148.0,900,NRCell,Huawei
1696806900000,SEV001_01,INTEGRITY_NGBR_QCI_9,10225162440.0,900,NRCell,Huawei
1696806900000,SEV001_01,INTRA_FREQUENCY_HO_OUT_ATT,93.0,900,NRCell,Huawei
1696806900000,SEV001_01,INTRA_FREQUENCY_HO_OUT_SUCC,93.0,900,NRCell,Huawei
1696806900000,SEV001_01,RRC_SETUP_ATT,1260.0,900,NRCell,Huawei
1696806900000,SEV001_01,RRC_SETUP_SUCC,1259.0,900,NRCell,Huawei
1696806900000,SEV001_01,S1SIG_Connection_Setup_SR_DEN,1259.0,900,NRCell,Huawei
1696806900000,SEV001_01,S1SIG_Connection_Setup_SR_NUM,1221.0,900,NRCell,Huawei
1696806900000,SEV001_01,SERVICE_LATENCY_OVER_AIR_INTERFACE_DEN,310145.0,900,NRCell,Huawei
1696806900000,SEV001_01,SERVICE_LATENCY_OVER_AIR_INTERFACE_NUM,619098.0,900,NRCell,Huawei
1696806900000,SEV001_01,VOICE_TRAFFIC,20567.0,900,NRCell,Huawei
1696806900000,SEV001_01,VOLTE_CALL_SETUP_ATT,6.0,900,NRCell,Huawei
1696806900000,SEV001_01,VOLTE_CALL_SETUP_SUCC,6.0,900,NRCell,Huawei
1696806900000,SNT002_01,DCR_DEN,820.0,900,NRCell,Huawei
1696806900000,SNT002_01,DCR_NUM,0.0,900,NRCell,Huawei
1696806900000,SNT002_01,DROP_CALL_VOLTE_DEN,9.0,900,NRCell,Huawei
1696806900000,SNT002_01,DROP_CALL_VOLTE_NUM,0.0,900,NRCell,Huawei
1696806900000,SNT002_01,ERAB_SR_DEN,826.0,900,NRCell,Huawei
1696806900000,SNT002_01,ERAB_SR_NUM,826.0,900,NRCell,Huawei
1696806900000,SNT002_01,INTEGRITY_NGBR_QCI_9,4921418808.0,900,NRCell,Huawei
1696806900000,SNT002_01,INTRA_FREQUENCY_HO_OUT_ATT,56.0,900,NRCell,Huawei
1696806900000,SNT002_01,INTRA_FREQUENCY_HO_OUT_SUCC,56.0,900,NRCell,Huawei
1696806900000,SNT002_01,RRC_SETUP_ATT,501.0,900,NRCell,Huawei
1696806900000,SNT002_01,RRC_SETUP_SUCC,499.0,900,NRCell,Huawei
1696806900000,SNT002_01,S1SIG_Connection_Setup_SR_DEN,499.0,900,NRCell,Huawei
1696806900000,SNT002_01,S1SIG_Connection_Setup_SR_NUM,491.0,900,NRCell,Huawei
1696806900000,SNT002_01,SERVICE_LATENCY_OVER_AIR_INTERFACE_DEN,130060.0,900,NRCell,Huawei
1696806900000,SNT002_01,SERVICE_LATENCY_OVER_AIR_INTERFACE_NUM,177957.0,900,NRCell,Huawei
1696806900000,SNT002_01,VOICE_TRAFFIC,7029.0,900,NRCell,Huawei
1696806900000,SNT002_01,VOLTE_CALL_SETUP_ATT,8.0,900,NRCell,Huawei
1696806900000,SNT002_01,VOLTE_CALL_SETUP_SUCC,8.0,900,NRCell,Huawei
1696806900000,TAR015_01,DCR_DEN,2811.0,900,NRCell,Huawei
1696806900000,TAR015_01,DCR_NUM,1.0,900,NRCell,Huawei
1696806900000,TAR015_01,DROP_CALL_VOLTE_DEN,19.0,900,NRCell,Huawei
1696806900000,TAR015_01,DROP_CALL_VOLTE_NUM,0.0,900,NRCell,Huawei
1696806900000,TAR015_01,ERAB_SR_DEN,2765.0,900,NRCell,Huawei
1696806900000,TAR015_01,ERAB_SR_NUM,2765.0,900,NRCell,Huawei
1696806900000,TAR015_01,INTEGRITY_NGBR_QCI_9,12717347112.0,900,NRCell,Huawei
1696806900000,TAR015_01,INTRA_FREQUENCY_HO_OUT_ATT,94.0,900,NRCell,Huawei
1696806900000,TAR015_01,INTRA_FREQUENCY_HO_OUT_SUCC,93.0,900,NRCell,Huawei
1696806900000,TAR015_01,RRC_SETUP_ATT,1569.0,900,NRCell,Huawei
1696806900000,TAR015_01,RRC_SETUP_SUCC,1568.0,900,NRCell,Huawei
1696806900000,TAR015_01,S1SIG_Connection_Setup_SR_DEN,1568.0,900,NRCell,Huawei
1696806900000,TAR015_01,S1SIG_Connection_Setup_SR_NUM,1539.0,900,NRCell,Huawei
1696806900000,TAR015_01,SERVICE_LATENCY_OVER_AIR_INTERFACE_DEN,349333.0,900,NRCell,Huawei
1696806900000,TAR015_01,SERVICE_LATENCY_OVER_AIR_INTERFACE_NUM,605989.0,900,NRCell,Huawei
1696806900000,TAR015_01,VOICE_TRAFFIC,7200.0,900,NRCell,Huawei
1696806900000,TAR015_01,VOLTE_CALL_SETUP_ATT,17.0,900,NRCell,Huawei
1696806900000,TAR015_01,VOLTE_CALL_SETUP_SUCC,17.0,900,NRCell,Huawei
1696806900000,TOL034_01,DCR_DEN,164.0,900,NRCell,Huawei
1696806900000,TOL034_01,DCR_NUM,1.0,900,NRCell,Huawei
1696806900000,TOL034_01,DROP_CALL_VOLTE_DEN,2.0,900,NRCell,Huawei
1696806900000,TOL034_01,DROP_CALL_VOLTE_NUM,0.0,900,NRCell,Huawei
1696806900000,TOL034_01,ERAB_SR_DEN,145.0,900,NRCell,Huawei
1696806900000,TOL034_01,ERAB_SR_NUM,145.0,900,NRCell,Huawei
1696806900000,TOL034_01,INTEGRITY_NGBR_QCI_9,3904275024.0,900,NRCell,Huawei
1696806900000,TOL034_01,INTRA_FREQUENCY_HO_OUT_ATT,11.0,900,NRCell,Huawei
1696806900000,TOL034_01,INTRA_FREQUENCY_HO_OUT_SUCC,11.0,900,NRCell,Huawei
1696806900000,TOL034_01,RRC_SETUP_ATT,114.0,900,NRCell,Huawei
1696806900000,TOL034_01,RRC_SETUP_SUCC,114.0,900,NRCell,Huawei
1696806900000,TOL034_01,S1SIG_Connection_Setup_SR_DEN,114.0,900,NRCell,Huawei
1696806900000,TOL034_01,S1SIG_Connection_Setup_SR_NUM,104.0,900,NRCell,Huawei
1696806900000,TOL034_01,SERVICE_LATENCY_OVER_AIR_INTERFACE_DEN,96873.0,900,NRCell,Huawei
1696806900000,TOL034_01,SERVICE_LATENCY_OVER_AIR_INTERFACE_NUM,122470.0,900,NRCell,Huawei
1696806900000,TOL034_01,VOICE_TRAFFIC,372.0,900,NRCell,Huawei
1696806900000,TOL034_01,VOLTE_CALL_SETUP_ATT,3.0,900,NRCell,Huawei
1696806900000,TOL034_01,VOLTE_CALL_SETUP_SUCC,3.0,900,NRCell,Huawei
1696806900000,VAL002_01,DCR_DEN,27.0,900,NRCell,Huawei
1696806900000,VAL002_01,DCR_NUM,0.0,900,NRCell,Huawei
1696806900000,VAL002_01,DROP_CALL_VOLTE_DEN,0.0,900,NRCell,Huawei
1696806900000,VAL002_01,DROP_CALL_VOLTE_NUM,0.0,900,NRCell,Huawei
1696806900000,VAL002_01,ERAB_SR_DEN,30.0,900,NRCell,Huawei
1696806900000,VAL002_01,ERAB_SR_NUM,28.0,900,NRCell,Huawei
1696806900000,VAL002_01,INTEGRITY_NGBR_QCI_9,27911648.0,900,NRCell,Huawei
1696806900000,VAL002_01,INTRA_FREQUENCY_HO_OUT_ATT,3.0,900,NRCell,Huawei
1696806900000,VAL002_01,INTRA_FREQUENCY_HO_OUT_SUCC,3.0,900,NRCell,Huawei
1696806900000,VAL002_01,RRC_SETUP_ATT,24.0,900,NRCell,Huawei
1696806900000,VAL002_01,RRC_SETUP_SUCC,24.0,900,NRCell,Huawei
1696806900000,VAL002_01,S1SIG_Connection_Setup_SR_DEN,24.0,900,NRCell,Huawei
1696806900000,VAL002_01,S1SIG_Connection_Setup_SR_NUM,22.0,900,NRCell,Huawei
1696806900000,VAL002_01,SERVICE_LATENCY_OVER_AIR_INTERFACE_DEN,823.0,900,NRCell,Huawei
1696806900000,VAL002_01,SERVICE_LATENCY_OVER_AIR_INTERFACE_NUM,1050.0,900,NRCell,Huawei
1696806900000,VAL002_01,VOICE_TRAFFIC,0.0,900,NRCell,Huawei
1696806900000,VAL002_01,VOLTE_CALL_SETUP_ATT,0.0,900,NRCell,Huawei
1696806900000,VAL002_01,VOLTE_CALL_SETUP_SUCC,0.0,900,NRCell,Huawei
