startTime,neId,counterCode,counterValue,granularity,neType,vendorName
1696556700000,BCN014_01,DCR_DEN,2607.0,900,NRCell,Huawei
1696556700000,BCN014_01,DCR_NUM,5.0,900,NRCell,Huawei
1696556700000,BCN014_01,DROP_CALL_VOLTE_DEN,25.0,900,NRCell,Huawei
1696556700000,BCN014_01,DROP_CALL_VOLTE_NUM,0.0,900,NRCell,Huawei
1696556700000,BCN014_01,ERAB_SR_DEN,2596.0,900,NRCell,Huawei
1696556700000,BCN014_01,ERAB_SR_NUM,2591.0,900,NRCell,Huawei
1696556700000,BCN014_01,INTEGRITY_NGBR_QCI_9,19448414616.0,900,NRCell,Huawei
1696556700000,BCN014_01,INTRA_FREQUENCY_HO_OUT_ATT,219.0,900,NRCell,Huawei
1696556700000,BCN014_01,INTRA_FREQUENCY_HO_OUT_SUCC,219.0,900,NRCell,Huawei
1696556700000,BCN014_01,RRC_SETUP_ATT,1497.0,900,NRCell,Huawei
1696556700000,BCN014_01,RRC_SETUP_SUCC,1492.0,900,NRCell,Huawei
1696556700000,BCN014_01,S1SIG_Connection_Setup_SR_DEN,1492.0,900,NRCell,Huawei
1696556700000,BCN014_01,S1SIG_Connection_Setup_SR_NUM,1492.0,900,NRCell,Huawei
1696556700000,BCN014_01,SERVICE_LATENCY_OVER_AIR_INTERFACE_DEN,324938.0,900,NRCell,Huawei
1696556700000,BCN014_01,SERVICE_LATENCY_OVER_AIR_INTERFACE_NUM,508797.0,900,NRCell,Huawei
1696556700000,BCN014_01,VOICE_TRAFFIC,20350.0,900,NRCell,Huawei
1696556700000,BCN014_01,VOLTE_CALL_SETUP_ATT,20.0,900,NRCell,Huawei
1696556700000,BCN014_01,VOLTE_CALL_SETUP_SUCC,20.0,900,NRCell,Huawei
1696556700000,BIL001_01,DCR_DEN,2294.0,900,NRCell,Huawei
1696556700000,BIL001_01,DCR_NUM,1.0,900,NRCell,Huawei
1696556700000,BIL001_01,DROP_CALL_VOLTE_DEN,21.0,900,NRCell,Huawei
1696556700000,BIL001_01,DROP_CALL_VOLTE_NUM,0.0,900,NRCell,Huawei
1696556700000,BIL001_01,ERAB_SR_DEN,2326.0,900,NRCell,Huawei
1696556700000,BIL001_01,ERAB_SR_NUM,2323.0,900,NRCell,Huawei
1696556700000,BIL001_01,INTEGRITY_NGBR_QCI_9,15608859360.0,900,NRCell,Huawei
1696556700000,BIL001_01,INTRA_FREQUENCY_HO_OUT_ATT,157.0,900,NRCell,Huawei
1696556700000,BIL001_01,INTRA_FREQUENCY_HO_OUT_SUCC,157.0,900,NRCell,Huawei
1696556700000,BIL001_01,RRC_SETUP_ATT,1388.0,900,NRCell,Huawei
1696556700000,BIL001_01,RRC_SETUP_SUCC,1380.0,900,NRCell,Huawei
1696556700000,BIL001_01,S1SIG_Connection_Setup_SR_DEN,1380.0,900,NRCell,Huawei
1696556700000,BIL001_01,S1SIG_Connection_Setup_SR_NUM,1380.0,900,NRCell,Huawei
1696556700000,BIL001_01,SERVICE_LATENCY_OVER_AIR_INTERFACE_DEN,278262.0,900,NRCell,Huawei
1696556700000,BIL001_01,SERVICE_LATENCY_OVER_AIR_INTERFACE_NUM,516386.0,900,NRCell,Huawei
1696556700000,BIL001_01,VOICE_TRAFFIC,15824.0,900,NRCell,Huawei
1696556700000,BIL001_01,VOLTE_CALL_SETUP_ATT,17.0,900,NRCell,Huawei
1696556700000,BIL001_01,VOLTE_CALL_SETUP_SUCC,17.0,900,NRCell,Huawei
1696556700000,MAD033_01,DCR_DEN,1439.0,900,NRCell,Huawei
1696556700000,MAD033_01,DCR_NUM,1.0,900,NRCell,Huawei
1696556700000,MAD033_01,DROP_CALL_VOLTE_DEN,20.0,900,NRCell,Huawei
1696556700000,MAD033_01,DROP_CALL_VOLTE_NUM,0.0,900,NRCell,Huawei
1696556700000,MAD033_01,ERAB_SR_DEN,1433.0,900,NRCell,Huawei
1696556700000,MAD033_01,ERAB_SR_NUM,1433.0,900,NRCell,Huawei
1696556700000,MAD033_01,INTEGRITY_NGBR_QCI_9,11450415696.0,900,NRCell,Huawei
1696556700000,MAD033_01,INTRA_FREQUENCY_HO_OUT_ATT,164.0,900,NRCell,Huawei
1696556700000,MAD033_01,INTRA_FREQUENCY_HO_OUT_SUCC,164.0,900,NRCell,Huawei
1696556700000,MAD033_01,RRC_SETUP_ATT,870.0,900,NRCell,Huawei
1696556700000,MAD033_01,RRC_SETUP_SUCC,865.0,900,NRCell,Huawei
1696556700000,MAD033_01,S1SIG_Connection_Setup_SR_DEN,865.0,900,NRCell,Huawei
1696556700000,MAD033_01,S1SIG_Connection_Setup_SR_NUM,865.0,900,NRCell,Huawei
1696556700000,MAD033_01,SERVICE_LATENCY_OVER_AIR_INTERFACE_DEN,265998.0,900,NRCell,Huawei
1696556700000,MAD033_01,SERVICE_LATENCY_OVER_AIR_INTERFACE_NUM,393878.0,900,NRCell,Huawei
1696556700000,MAD033_01,VOICE_TRAFFIC,11727.0,900,NRCell,Huawei
1696556700000,MAD033_01,VOLTE_CALL_SETUP_ATT,24.0,900,NRCell,Huawei
1696556700000,MAD033_01,VOLTE_CALL_SETUP_SUCC,24.0,900,NRCell,Huawei
1696556700000,SAL030_01,DCR_DEN,203.0,900,NRCell,Huawei
1696556700000,SAL030_01,DCR_NUM,1.0,900,NRCell,Huawei
1696556700000,SAL030_01,DROP_CALL_VOLTE_DEN,3.0,900,NRCell,Huawei
1696556700000,SAL030_01,DROP_CALL_VOLTE_NUM,0.0,900,NRCell,Huawei
1696556700000,SAL030_01,ERAB_SR_DEN,186.0,900,NRCell,Huawei
1696556700000,SAL030_01,ERAB_SR_NUM,185.0,900,NRCell,Huawei
1696556700000,SAL030_01,INTEGRITY_NGBR_QCI_9,1379603912.0,900,NRCell,Huawei
1696556700000,SAL030_01,INTRA_FREQUENCY_HO_OUT_ATT,16.0,900,NRCell,Huawei
1696556700000,SAL030_01,INTRA_FREQUENCY_HO_OUT_SUCC,16.0,900,NRCell,Huawei
1696556700000,SAL030_01,RRC_SETUP_ATT,107.0,900,NRCell,Huawei
1696556700000,SAL030_01,RRC_SETUP_SUCC,107.0,900,NRCell,Huawei
1696556700000,SAL030_01,S1SIG_Connection_Setup_SR_DEN,107.0,900,NRCell,Huawei
1696556700000,SAL030_01,S1SIG_Connection_Setup_SR_NUM,107.0,900,NRCell,Huawei
1696556700000,SAL030_01,SERVICE_LATENCY_OVER_AIR_INTERFACE_DEN,47479.0,900,NRCell,Huawei
1696556700000,SAL030_01,SERVICE_LATENCY_OVER_AIR_INTERFACE_NUM,107155.0,900,NRCell,Huawei
1696556700000,SAL030_01,VOICE_TRAFFIC,564.0,900,NRCell,Huawei
1696556700000,SAL030_01,VOLTE_CALL_SETUP_ATT,1.0,900,NRCell,Huawei
1696556700000,SAL030_01,VOLTE_CALL_SETUP_SUCC,1.0,900,NRCell,Huawei
1696556700000,SEV001_01,DCR_DEN,3146.0,900,NRCell,Huawei
1696556700000,SEV001_01,DCR_NUM,4.0,900,NRCell,Huawei
1696556700000,SEV001_01,DROP_CALL_VOLTE_DEN,26.0,900,NRCell,Huawei
1696556700000,SEV001_01,DROP_CALL_VOLTE_NUM,0.0,900,NRCell,Huawei
1696556700000,SEV001_01,ERAB_SR_DEN,3164.0,900,NRCell,Huawei
1696556700000,SEV001_01,ERAB_SR_NUM,3159.0,900,NRCell,Huawei
1696556700000,SEV001_01,INTEGRITY_NGBR_QCI_9,13679079568.0,900,NRCell,Huawei
1696556700000,SEV001_01,INTRA_FREQUENCY_HO_OUT_ATT,133.0,900,NRCell,Huawei
1696556700000,SEV001_01,INTRA_FREQUENCY_HO_OUT_SUCC,133.0,900,NRCell,Huawei
1696556700000,SEV001_01,RRC_SETUP_ATT,1752.0,900,NRCell,Huawei
1696556700000,SEV001_01,RRC_SETUP_SUCC,1750.0,900,NRCell,Huawei
1696556700000,SEV001_01,S1SIG_Connection_Setup_SR_DEN,1750.0,900,NRCell,Huawei
1696556700000,SEV001_01,S1SIG_Connection_Setup_SR_NUM,1750.0,900,NRCell,Huawei
1696556700000,SEV001_01,SERVICE_LATENCY_OVER_AIR_INTERFACE_DEN,417713.0,900,NRCell,Huawei
1696556700000,SEV001_01,SERVICE_LATENCY_OVER_AIR_INTERFACE_NUM,1459704.0,900,NRCell,Huawei
1696556700000,SEV001_01,VOICE_TRAFFIC,35956.0,900,NRCell,Huawei
1696556700000,SEV001_01,VOLTE_CALL_SETUP_ATT,29.0,900,NRCell,Huawei
1696556700000,SEV001_01,VOLTE_CALL_SETUP_SUCC,29.0,900,NRCell,Huawei
1696556700000,SNT002_01,DCR_DEN,1362.0,900,NRCell,Huawei
1696556700000,SNT002_01,DCR_NUM,2.0,900,NRCell,Huawei
1696556700000,SNT002_01,DROP_CALL_VOLTE_DEN,17.0,900,NRCell,Huawei
1696556700000,SNT002_01,DROP_CALL_VOLTE_NUM,0.0,900,NRCell,Huawei
1696556700000,SNT002_01,ERAB_SR_DEN,1396.0,900,NRCell,Huawei
1696556700000,SNT002_01,ERAB_SR_NUM,1396.0,900,NRCell,Huawei
1696556700000,SNT002_01,INTEGRITY_NGBR_QCI_9,8226751920.0,900,NRCell,Huawei
1696556700000,SNT002_01,INTRA_FREQUENCY_HO_OUT_ATT,136.0,900,NRCell,Huawei
1696556700000,SNT002_01,INTRA_FREQUENCY_HO_OUT_SUCC,136.0,900,NRCell,Huawei
1696556700000,SNT002_01,RRC_SETUP_ATT,843.0,900,NRCell,Huawei
1696556700000,SNT002_01,RRC_SETUP_SUCC,839.0,900,NRCell,Huawei
1696556700000,SNT002_01,S1SIG_Connection_Setup_SR_DEN,839.0,900,NRCell,Huawei
1696556700000,SNT002_01,S1SIG_Connection_Setup_SR_NUM,839.0,900,NRCell,Huawei
1696556700000,SNT002_01,SERVICE_LATENCY_OVER_AIR_INTERFACE_DEN,231733.0,900,NRCell,Huawei
1696556700000,SNT002_01,SERVICE_LATENCY_OVER_AIR_INTERFACE_NUM,326492.0,900,NRCell,Huawei
1696556700000,SNT002_01,VOICE_TRAFFIC,11598.0,900,NRCell,Huawei
1696556700000,SNT002_01,VOLTE_CALL_SETUP_ATT,17.0,900,NRCell,Huawei
1696556700000,SNT002_01,VOLTE_CALL_SETUP_SUCC,17.0,900,NRCell,Huawei
1696556700000,TAR015_01,DCR_DEN,3915.0,900,NRCell,Huawei
1696556700000,TAR015_01,DCR_NUM,5.0,900,NRCell,Huawei
1696556700000,TAR015_01,DROP_CALL_VOLTE_DEN,28.0,900,NRCell,Huawei
1696556700000,TAR015_01,DROP_CALL_VOLTE_NUM,0.0,900,NRCell,Huawei
1696556700000,TAR015_01,ERAB_SR_DEN,3864.0,900,NRCell,Huawei
1696556700000,TAR015_01,ERAB_SR_NUM,3859.0,900,NRCell,Huawei
1696556700000,TAR015_01,INTEGRITY_NGBR_QCI_9,16130573520.0,900,NRCell,Huawei
1696556700000,TAR015_01,INTRA_FREQUENCY_HO_OUT_ATT,158.0,900,NRCell,Huawei
1696556700000,TAR015_01,INTRA_FREQUENCY_HO_OUT_SUCC,157.0,900,NRCell,Huawei
1696556700000,TAR015_01,RRC_SETUP_ATT,2125.0,900,NRCell,Huawei
1696556700000,TAR015_01,RRC_SETUP_SUCC,2123.0,900,NRCell,Huawei
1696556700000,TAR015_01,S1SIG_Connection_Setup_SR_DEN,2123.0,900,NRCell,Huawei
1696556700000,TAR015_01,S1SIG_Connection_Setup_SR_NUM,2123.0,900,NRCell,Huawei
1696556700000,TAR015_01,SERVICE_LATENCY_OVER_AIR_INTERFACE_DEN,590724.0,900,NRCell,Huawei
1696556700000,TAR015_01,SERVICE_LATENCY_OVER_AIR_INTERFACE_NUM,1742335.0,900,NRCell,Huawei
1696556700000,TAR015_01,VOICE_TRAFFIC,61011.0,900,NRCell,Huawei
1696556700000,TAR015_01,VOLTE_CALL_SETUP_ATT,25.0,900,NRCell,Huawei
1696556700000,TAR015_01,VOLTE_CALL_SETUP_SUCC,25.0,900,NRCell,Huawei
1696556700000,TOL034_01,DCR_DEN,69.0,900,NRCell,Huawei
1696556700000,TOL034_01,DCR_NUM,0.0,900,NRCell,Huawei
1696556700000,TOL034_01,DROP_CALL_VOLTE_DEN,1.0,900,NRCell,Huawei
1696556700000,TOL034_01,DROP_CALL_VOLTE_NUM,0.0,900,NRCell,Huawei
1696556700000,TOL034_01,ERAB_SR_DEN,59.0,900,NRCell,Huawei
1696556700000,TOL034_01,ERAB_SR_NUM,59.0,900,NRCell,Huawei
1696556700000,TOL034_01,INTEGRITY_NGBR_QCI_9,2921123360.0,900,NRCell,Huawei
1696556700000,TOL034_01,INTRA_FREQUENCY_HO_OUT_ATT,11.0,900,NRCell,Huawei
1696556700000,TOL034_01,INTRA_FREQUENCY_HO_OUT_SUCC,11.0,900,NRCell,Huawei
1696556700000,TOL034_01,RRC_SETUP_ATT,61.0,900,NRCell,Huawei
1696556700000,TOL034_01,RRC_SETUP_SUCC,61.0,900,NRCell,Huawei
1696556700000,TOL034_01,S1SIG_Connection_Setup_SR_DEN,61.0,900,NRCell,Huawei
1696556700000,TOL034_01,S1SIG_Connection_Setup_SR_NUM,61.0,900,NRCell,Huawei
1696556700000,TOL034_01,SERVICE_LATENCY_OVER_AIR_INTERFACE_DEN,78513.0,900,NRCell,Huawei
1696556700000,TOL034_01,SERVICE_LATENCY_OVER_AIR_INTERFACE_NUM,130584.0,900,NRCell,Huawei
1696556700000,TOL034_01,VOICE_TRAFFIC,2733.0,900,NRCell,Huawei
1696556700000,TOL034_01,VOLTE_CALL_SETUP_ATT,1.0,900,NRCell,Huawei
1696556700000,TOL034_01,VOLTE_CALL_SETUP_SUCC,1.0,900,NRCell,Huawei
1696556700000,VAL002_01,DCR_DEN,43.0,900,NRCell,Huawei
1696556700000,VAL002_01,DCR_NUM,0.0,900,NRCell,Huawei
1696556700000,VAL002_01,DROP_CALL_VOLTE_DEN,0.0,900,NRCell,Huawei
1696556700000,VAL002_01,DROP_CALL_VOLTE_NUM,0.0,900,NRCell,Huawei
1696556700000,VAL002_01,ERAB_SR_DEN,37.0,900,NRCell,Huawei
1696556700000,VAL002_01,ERAB_SR_NUM,37.0,900,NRCell,Huawei
1696556700000,VAL002_01,INTEGRITY_NGBR_QCI_9,2036867248.0,900,NRCell,Huawei
1696556700000,VAL002_01,INTRA_FREQUENCY_HO_OUT_ATT,5.0,900,NRCell,Huawei
1696556700000,VAL002_01,INTRA_FREQUENCY_HO_OUT_SUCC,5.0,900,NRCell,Huawei
1696556700000,VAL002_01,RRC_SETUP_ATT,28.0,900,NRCell,Huawei
1696556700000,VAL002_01,RRC_SETUP_SUCC,28.0,900,NRCell,Huawei
1696556700000,VAL002_01,S1SIG_Connection_Setup_SR_DEN,28.0,900,NRCell,Huawei
1696556700000,VAL002_01,S1SIG_Connection_Setup_SR_NUM,28.0,900,NRCell,Huawei
1696556700000,VAL002_01,SERVICE_LATENCY_OVER_AIR_INTERFACE_DEN,15059.0,900,NRCell,Huawei
1696556700000,VAL002_01,SERVICE_LATENCY_OVER_AIR_INTERFACE_NUM,37271.0,900,NRCell,Huawei
1696556700000,VAL002_01,VOICE_TRAFFIC,0.0,900,NRCell,Huawei
1696556700000,VAL002_01,VOLTE_CALL_SETUP_ATT,0.0,900,NRCell,Huawei
1696556700000,VAL002_01,VOLTE_CALL_SETUP_SUCC,0.0,900,NRCell,Huawei
