startTime,neId,counterCode,counterValue,granularity,neType,vendorName
1696762800000,BCN014_01,DCR_DEN,984.0,900,NRCell,Huawei
1696762800000,BCN014_01,DCR_NUM,0.0,900,NRCell,Huawei
1696762800000,BCN014_01,DROP_CALL_VOLTE_DEN,8.0,900,NRCell,Huawei
1696762800000,BCN014_01,DROP_CALL_VOLTE_NUM,0.0,900,NRCell,Huawei
1696762800000,BCN014_01,ERAB_SR_DEN,974.0,900,NRCell,Huawei
1696762800000,BCN014_01,ERAB_SR_NUM,974.0,900,NRCell,Huawei
1696762800000,BCN014_01,INTEGRITY_NGBR_QCI_9,3112217520.0,900,NRCell,Huawei
1696762800000,BCN014_01,INTRA_FREQUENCY_HO_OUT_ATT,14.0,900,NRCell,Huawei
1696762800000,BCN014_01,INTRA_FREQUENCY_HO_OUT_SUCC,14.0,900,NRCell,Huawei
1696762800000,BCN014_01,RRC_SETUP_ATT,618.0,900,NRCell,Huawei
1696762800000,BCN014_01,RRC_SETUP_SUCC,618.0,900,NRCell,Huawei
1696762800000,BCN014_01,S1SIG_Connection_Setup_SR_DEN,618.0,900,NRCell,Huawei
1696762800000,BCN014_01,S1SIG_Connection_Setup_SR_NUM,618.0,900,NRCell,Huawei
1696762800000,BCN014_01,SERVICE_LATENCY_OVER_AIR_INTERFACE_DEN,122844.0,900,NRCell,Huawei
1696762800000,BCN014_01,SERVICE_LATENCY_OVER_AIR_INTERFACE_NUM,134881.0,900,NRCell,Huawei
1696762800000,BCN014_01,VOICE_TRAFFIC,759.0,900,NRCell,Huawei
1696762800000,BCN014_01,VOLTE_CALL_SETUP_ATT,6.0,900,NRCell,Huawei
1696762800000,BCN014_01,VOLTE_CALL_SETUP_SUCC,6.0,900,NRCell,Huawei
1696762800000,BIL001_01,DCR_DEN,1071.0,900,NRCell,Huawei
1696762800000,BIL001_01,DCR_NUM,0.0,900,NRCell,Huawei
1696762800000,BIL001_01,DROP_CALL_VOLTE_DEN,2.0,900,NRCell,Huawei
1696762800000,BIL001_01,DROP_CALL_VOLTE_NUM,0.0,900,NRCell,Huawei
1696762800000,BIL001_01,ERAB_SR_DEN,1087.0,900,NRCell,Huawei
1696762800000,BIL001_01,ERAB_SR_NUM,1087.0,900,NRCell,Huawei
1696762800000,BIL001_01,INTEGRITY_NGBR_QCI_9,1599070248.0,900,NRCell,Huawei
1696762800000,BIL001_01,INTRA_FREQUENCY_HO_OUT_ATT,16.0,900,NRCell,Huawei
1696762800000,BIL001_01,INTRA_FREQUENCY_HO_OUT_SUCC,16.0,900,NRCell,Huawei
1696762800000,BIL001_01,RRC_SETUP_ATT,716.0,900,NRCell,Huawei
1696762800000,BIL001_01,RRC_SETUP_SUCC,716.0,900,NRCell,Huawei
1696762800000,BIL001_01,S1SIG_Connection_Setup_SR_DEN,716.0,900,NRCell,Huawei
1696762800000,BIL001_01,S1SIG_Connection_Setup_SR_NUM,716.0,900,NRCell,Huawei
1696762800000,BIL001_01,SERVICE_LATENCY_OVER_AIR_INTERFACE_DEN,77867.0,900,NRCell,Huawei
1696762800000,BIL001_01,SERVICE_LATENCY_OVER_AIR_INTERFACE_NUM,108181.0,900,NRCell,Huawei
1696762800000,BIL001_01,VOICE_TRAFFIC,106.0,900,NRCell,Huawei
1696762800000,BIL001_01,VOLTE_CALL_SETUP_ATT,3.0,900,NRCell,Huawei
1696762800000,BIL001_01,VOLTE_CALL_SETUP_SUCC,3.0,900,NRCell,Huawei
1696762800000,MAD033_01,DCR_DEN,814.0,900,NRCell,Huawei
1696762800000,MAD033_01,DCR_NUM,0.0,900,NRCell,Huawei
1696762800000,MAD033_01,DROP_CALL_VOLTE_DEN,1.0,900,NRCell,Huawei
1696762800000,MAD033_01,DROP_CALL_VOLTE_NUM,0.0,900,NRCell,Huawei
1696762800000,MAD033_01,ERAB_SR_DEN,809.0,900,NRCell,Huawei
1696762800000,MAD033_01,ERAB_SR_NUM,809.0,900,NRCell,Huawei
1696762800000,MAD033_01,INTEGRITY_NGBR_QCI_9,2676793936.0,900,NRCell,Huawei
1696762800000,MAD033_01,INTRA_FREQUENCY_HO_OUT_ATT,8.0,900,NRCell,Huawei
1696762800000,MAD033_01,INTRA_FREQUENCY_HO_OUT_SUCC,8.0,900,NRCell,Huawei
1696762800000,MAD033_01,RRC_SETUP_ATT,492.0,900,NRCell,Huawei
1696762800000,MAD033_01,RRC_SETUP_SUCC,492.0,900,NRCell,Huawei
1696762800000,MAD033_01,S1SIG_Connection_Setup_SR_DEN,492.0,900,NRCell,Huawei
1696762800000,MAD033_01,S1SIG_Connection_Setup_SR_NUM,492.0,900,NRCell,Huawei
1696762800000,MAD033_01,SERVICE_LATENCY_OVER_AIR_INTERFACE_DEN,34658.0,900,NRCell,Huawei
1696762800000,MAD033_01,SERVICE_LATENCY_OVER_AIR_INTERFACE_NUM,37192.0,900,NRCell,Huawei
1696762800000,MAD033_01,VOICE_TRAFFIC,7368.0,900,NRCell,Huawei
1696762800000,MAD033_01,VOLTE_CALL_SETUP_ATT,1.0,900,NRCell,Huawei
1696762800000,MAD033_01,VOLTE_CALL_SETUP_SUCC,1.0,900,NRCell,Huawei
1696762800000,SAL030_01,DCR_DEN,145.0,900,NRCell,Huawei
1696762800000,SAL030_01,DCR_NUM,0.0,900,NRCell,Huawei
1696762800000,SAL030_01,DROP_CALL_VOLTE_DEN,0.0,900,NRCell,Huawei
1696762800000,SAL030_01,DROP_CALL_VOLTE_NUM,0.0,900,NRCell,Huawei
1696762800000,SAL030_01,ERAB_SR_DEN,140.0,900,NRCell,Huawei
1696762800000,SAL030_01,ERAB_SR_NUM,140.0,900,NRCell,Huawei
1696762800000,SAL030_01,INTEGRITY_NGBR_QCI_9,68744272.0,900,NRCell,Huawei
1696762800000,SAL030_01,INTRA_FREQUENCY_HO_OUT_ATT,5.0,900,NRCell,Huawei
1696762800000,SAL030_01,INTRA_FREQUENCY_HO_OUT_SUCC,5.0,900,NRCell,Huawei
1696762800000,SAL030_01,RRC_SETUP_ATT,85.0,900,NRCell,Huawei
1696762800000,SAL030_01,RRC_SETUP_SUCC,85.0,900,NRCell,Huawei
1696762800000,SAL030_01,S1SIG_Connection_Setup_SR_DEN,85.0,900,NRCell,Huawei
1696762800000,SAL030_01,S1SIG_Connection_Setup_SR_NUM,85.0,900,NRCell,Huawei
1696762800000,SAL030_01,SERVICE_LATENCY_OVER_AIR_INTERFACE_DEN,5180.0,900,NRCell,Huawei
1696762800000,SAL030_01,SERVICE_LATENCY_OVER_AIR_INTERFACE_NUM,6097.0,900,NRCell,Huawei
1696762800000,SAL030_01,VOICE_TRAFFIC,0.0,900,NRCell,Huawei
1696762800000,SAL030_01,VOLTE_CALL_SETUP_ATT,0.0,900,NRCell,Huawei
1696762800000,SAL030_01,VOLTE_CALL_SETUP_SUCC,0.0,900,NRCell,Huawei
1696762800000,SEV001_01,DCR_DEN,2617.0,900,NRCell,Huawei
1696762800000,SEV001_01,DCR_NUM,0.0,900,NRCell,Huawei
1696762800000,SEV001_01,DROP_CALL_VOLTE_DEN,0.0,900,NRCell,Huawei
1696762800000,SEV001_01,DROP_CALL_VOLTE_NUM,0.0,900,NRCell,Huawei
1696762800000,SEV001_01,ERAB_SR_DEN,2619.0,900,NRCell,Huawei
1696762800000,SEV001_01,ERAB_SR_NUM,2619.0,900,NRCell,Huawei
1696762800000,SEV001_01,INTEGRITY_NGBR_QCI_9,2895466288.0,900,NRCell,Huawei
1696762800000,SEV001_01,INTRA_FREQUENCY_HO_OUT_ATT,18.0,900,NRCell,Huawei
1696762800000,SEV001_01,INTRA_FREQUENCY_HO_OUT_SUCC,18.0,900,NRCell,Huawei
1696762800000,SEV001_01,RRC_SETUP_ATT,1467.0,900,NRCell,Huawei
1696762800000,SEV001_01,RRC_SETUP_SUCC,1467.0,900,NRCell,Huawei
1696762800000,SEV001_01,S1SIG_Connection_Setup_SR_DEN,1467.0,900,NRCell,Huawei
1696762800000,SEV001_01,S1SIG_Connection_Setup_SR_NUM,1467.0,900,NRCell,Huawei
1696762800000,SEV001_01,SERVICE_LATENCY_OVER_AIR_INTERFACE_DEN,108936.0,900,NRCell,Huawei
1696762800000,SEV001_01,SERVICE_LATENCY_OVER_AIR_INTERFACE_NUM,140561.0,900,NRCell,Huawei
1696762800000,SEV001_01,VOICE_TRAFFIC,0.0,900,NRCell,Huawei
1696762800000,SEV001_01,VOLTE_CALL_SETUP_ATT,0.0,900,NRCell,Huawei
1696762800000,SEV001_01,VOLTE_CALL_SETUP_SUCC,0.0,900,NRCell,Huawei
1696762800000,SNT002_01,DCR_DEN,593.0,900,NRCell,Huawei
1696762800000,SNT002_01,DCR_NUM,0.0,900,NRCell,Huawei
1696762800000,SNT002_01,DROP_CALL_VOLTE_DEN,0.0,900,NRCell,Huawei
1696762800000,SNT002_01,DROP_CALL_VOLTE_NUM,0.0,900,NRCell,Huawei
1696762800000,SNT002_01,ERAB_SR_DEN,596.0,900,NRCell,Huawei
1696762800000,SNT002_01,ERAB_SR_NUM,596.0,900,NRCell,Huawei
1696762800000,SNT002_01,INTEGRITY_NGBR_QCI_9,149534992.0,900,NRCell,Huawei
1696762800000,SNT002_01,INTRA_FREQUENCY_HO_OUT_ATT,6.0,900,NRCell,Huawei
1696762800000,SNT002_01,INTRA_FREQUENCY_HO_OUT_SUCC,6.0,900,NRCell,Huawei
1696762800000,SNT002_01,RRC_SETUP_ATT,346.0,900,NRCell,Huawei
1696762800000,SNT002_01,RRC_SETUP_SUCC,346.0,900,NRCell,Huawei
1696762800000,SNT002_01,S1SIG_Connection_Setup_SR_DEN,346.0,900,NRCell,Huawei
1696762800000,SNT002_01,S1SIG_Connection_Setup_SR_NUM,346.0,900,NRCell,Huawei
1696762800000,SNT002_01,SERVICE_LATENCY_OVER_AIR_INTERFACE_DEN,7645.0,900,NRCell,Huawei
1696762800000,SNT002_01,SERVICE_LATENCY_OVER_AIR_INTERFACE_NUM,10466.0,900,NRCell,Huawei
1696762800000,SNT002_01,VOICE_TRAFFIC,28.0,900,NRCell,Huawei
1696762800000,SNT002_01,VOLTE_CALL_SETUP_ATT,1.0,900,NRCell,Huawei
1696762800000,SNT002_01,VOLTE_CALL_SETUP_SUCC,1.0,900,NRCell,Huawei
1696762800000,TAR015_01,DCR_DEN,2384.0,900,NRCell,Huawei
1696762800000,TAR015_01,DCR_NUM,0.0,900,NRCell,Huawei
1696762800000,TAR015_01,DROP_CALL_VOLTE_DEN,1.0,900,NRCell,Huawei
1696762800000,TAR015_01,DROP_CALL_VOLTE_NUM,0.0,900,NRCell,Huawei
1696762800000,TAR015_01,ERAB_SR_DEN,2380.0,900,NRCell,Huawei
1696762800000,TAR015_01,ERAB_SR_NUM,2380.0,900,NRCell,Huawei
1696762800000,TAR015_01,INTEGRITY_NGBR_QCI_9,6714516704.0,900,NRCell,Huawei
1696762800000,TAR015_01,INTRA_FREQUENCY_HO_OUT_ATT,21.0,900,NRCell,Huawei
1696762800000,TAR015_01,INTRA_FREQUENCY_HO_OUT_SUCC,21.0,900,NRCell,Huawei
1696762800000,TAR015_01,RRC_SETUP_ATT,1402.0,900,NRCell,Huawei
1696762800000,TAR015_01,RRC_SETUP_SUCC,1402.0,900,NRCell,Huawei
1696762800000,TAR015_01,S1SIG_Connection_Setup_SR_DEN,1402.0,900,NRCell,Huawei
1696762800000,TAR015_01,S1SIG_Connection_Setup_SR_NUM,1402.0,900,NRCell,Huawei
1696762800000,TAR015_01,SERVICE_LATENCY_OVER_AIR_INTERFACE_DEN,156207.0,900,NRCell,Huawei
1696762800000,TAR015_01,SERVICE_LATENCY_OVER_AIR_INTERFACE_NUM,179540.0,900,NRCell,Huawei
1696762800000,TAR015_01,VOICE_TRAFFIC,464.0,900,NRCell,Huawei
1696762800000,TAR015_01,VOLTE_CALL_SETUP_ATT,1.0,900,NRCell,Huawei
1696762800000,TAR015_01,VOLTE_CALL_SETUP_SUCC,1.0,900,NRCell,Huawei
1696762800000,TOL034_01,DCR_DEN,55.0,900,NRCell,Huawei
1696762800000,TOL034_01,DCR_NUM,0.0,900,NRCell,Huawei
1696762800000,TOL034_01,DROP_CALL_VOLTE_DEN,0.0,900,NRCell,Huawei
1696762800000,TOL034_01,DROP_CALL_VOLTE_NUM,0.0,900,NRCell,Huawei
1696762800000,TOL034_01,ERAB_SR_DEN,52.0,900,NRCell,Huawei
1696762800000,TOL034_01,ERAB_SR_NUM,52.0,900,NRCell,Huawei
1696762800000,TOL034_01,INTEGRITY_NGBR_QCI_9,2006184.0,900,NRCell,Huawei
1696762800000,TOL034_01,INTRA_FREQUENCY_HO_OUT_ATT,1.0,900,NRCell,Huawei
1696762800000,TOL034_01,INTRA_FREQUENCY_HO_OUT_SUCC,1.0,900,NRCell,Huawei
1696762800000,TOL034_01,RRC_SETUP_ATT,48.0,900,NRCell,Huawei
1696762800000,TOL034_01,RRC_SETUP_SUCC,48.0,900,NRCell,Huawei
1696762800000,TOL034_01,S1SIG_Connection_Setup_SR_DEN,48.0,900,NRCell,Huawei
1696762800000,TOL034_01,S1SIG_Connection_Setup_SR_NUM,48.0,900,NRCell,Huawei
1696762800000,TOL034_01,SERVICE_LATENCY_OVER_AIR_INTERFACE_DEN,373.0,900,NRCell,Huawei
1696762800000,TOL034_01,SERVICE_LATENCY_OVER_AIR_INTERFACE_NUM,390.0,900,NRCell,Huawei
1696762800000,TOL034_01,VOICE_TRAFFIC,0.0,900,NRCell,Huawei
1696762800000,TOL034_01,VOLTE_CALL_SETUP_ATT,0.0,900,NRCell,Huawei
1696762800000,TOL034_01,VOLTE_CALL_SETUP_SUCC,0.0,900,NRCell,Huawei
1696762800000,VAL002_01,DCR_DEN,16.0,900,NRCell,Huawei
1696762800000,VAL002_01,DCR_NUM,0.0,900,NRCell,Huawei
1696762800000,VAL002_01,DROP_CALL_VOLTE_DEN,0.0,900,NRCell,Huawei
1696762800000,VAL002_01,DROP_CALL_VOLTE_NUM,0.0,900,NRCell,Huawei
1696762800000,VAL002_01,ERAB_SR_DEN,16.0,900,NRCell,Huawei
1696762800000,VAL002_01,ERAB_SR_NUM,16.0,900,NRCell,Huawei
1696762800000,VAL002_01,INTEGRITY_NGBR_QCI_9,44096.0,900,NRCell,Huawei
1696762800000,VAL002_01,INTRA_FREQUENCY_HO_OUT_ATT,0.0,900,NRCell,Huawei
1696762800000,VAL002_01,INTRA_FREQUENCY_HO_OUT_SUCC,0.0,900,NRCell,Huawei
1696762800000,VAL002_01,RRC_SETUP_ATT,19.0,900,NRCell,Huawei
1696762800000,VAL002_01,RRC_SETUP_SUCC,19.0,900,NRCell,Huawei
1696762800000,VAL002_01,S1SIG_Connection_Setup_SR_DEN,19.0,900,NRCell,Huawei
1696762800000,VAL002_01,S1SIG_Connection_Setup_SR_NUM,19.0,900,NRCell,Huawei
1696762800000,VAL002_01,SERVICE_LATENCY_OVER_AIR_INTERFACE_DEN,14.0,900,NRCell,Huawei
1696762800000,VAL002_01,SERVICE_LATENCY_OVER_AIR_INTERFACE_NUM,15.0,900,NRCell,Huawei
1696762800000,VAL002_01,VOICE_TRAFFIC,0.0,900,NRCell,Huawei
1696762800000,VAL002_01,VOLTE_CALL_SETUP_ATT,0.0,900,NRCell,Huawei
1696762800000,VAL002_01,VOLTE_CALL_SETUP_SUCC,0.0,900,NRCell,Huawei
