startTime,neId,counterCode,counterValue,granularity,neType,vendorName
1696819500000,BCN014_01,DCR_DEN,1293.0,900,NRCell,Huawei
1696819500000,BCN014_01,DCR_NUM,1.0,900,NRCell,Huawei
1696819500000,BCN014_01,DROP_CALL_VOLTE_DEN,3.0,900,NRCell,Huawei
1696819500000,BCN014_01,DROP_CALL_VOLTE_NUM,0.0,900,NRCell,Huawei
1696819500000,BCN014_01,ERAB_SR_DEN,1300.0,900,NRCell,Huawei
1696819500000,BCN014_01,ERAB_SR_NUM,1298.0,900,NRCell,Huawei
1696819500000,BCN014_01,INTEGRITY_NGBR_QCI_9,12217162640.0,900,NRCell,Huawei
1696819500000,BCN014_01,INTRA_FREQUENCY_HO_OUT_ATT,123.0,900,NRCell,Huawei
1696819500000,BCN014_01,INTRA_FREQUENCY_HO_OUT_SUCC,123.0,900,NRCell,Huawei
1696819500000,BCN014_01,RRC_SETUP_ATT,785.0,900,NRCell,Huawei
1696819500000,BCN014_01,RRC_SETUP_SUCC,780.0,900,NRCell,Huawei
1696819500000,BCN014_01,S1SIG_Connection_Setup_SR_DEN,780.0,900,NRCell,Huawei
1696819500000,BCN014_01,S1SIG_Connection_Setup_SR_NUM,780.0,900,NRCell,Huawei
1696819500000,BCN014_01,SERVICE_LATENCY_OVER_AIR_INTERFACE_DEN,315854.0,900,NRCell,Huawei
1696819500000,BCN014_01,SERVICE_LATENCY_OVER_AIR_INTERFACE_NUM,603133.0,900,NRCell,Huawei
1696819500000,BCN014_01,VOICE_TRAFFIC,5147.0,900,NRCell,Huawei
1696819500000,BCN014_01,VOLTE_CALL_SETUP_ATT,5.0,900,NRCell,Huawei
1696819500000,BCN014_01,VOLTE_CALL_SETUP_SUCC,5.0,900,NRCell,Huawei
1696819500000,BIL001_01,DCR_DEN,1232.0,900,NRCell,Huawei
1696819500000,BIL001_01,DCR_NUM,4.0,900,NRCell,Huawei
1696819500000,BIL001_01,DROP_CALL_VOLTE_DEN,2.0,900,NRCell,Huawei
1696819500000,BIL001_01,DROP_CALL_VOLTE_NUM,0.0,900,NRCell,Huawei
1696819500000,BIL001_01,ERAB_SR_DEN,1194.0,900,NRCell,Huawei
1696819500000,BIL001_01,ERAB_SR_NUM,1194.0,900,NRCell,Huawei
1696819500000,BIL001_01,INTEGRITY_NGBR_QCI_9,16902903152.0,900,NRCell,Huawei
1696819500000,BIL001_01,INTRA_FREQUENCY_HO_OUT_ATT,91.0,900,NRCell,Huawei
1696819500000,BIL001_01,INTRA_FREQUENCY_HO_OUT_SUCC,91.0,900,NRCell,Huawei
1696819500000,BIL001_01,RRC_SETUP_ATT,746.0,900,NRCell,Huawei
1696819500000,BIL001_01,RRC_SETUP_SUCC,740.0,900,NRCell,Huawei
1696819500000,BIL001_01,S1SIG_Connection_Setup_SR_DEN,740.0,900,NRCell,Huawei
1696819500000,BIL001_01,S1SIG_Connection_Setup_SR_NUM,740.0,900,NRCell,Huawei
1696819500000,BIL001_01,SERVICE_LATENCY_OVER_AIR_INTERFACE_DEN,495122.0,900,NRCell,Huawei
1696819500000,BIL001_01,SERVICE_LATENCY_OVER_AIR_INTERFACE_NUM,661608.0,900,NRCell,Huawei
1696819500000,BIL001_01,VOICE_TRAFFIC,8281.0,900,NRCell,Huawei
1696819500000,BIL001_01,VOLTE_CALL_SETUP_ATT,2.0,900,NRCell,Huawei
1696819500000,BIL001_01,VOLTE_CALL_SETUP_SUCC,2.0,900,NRCell,Huawei
1696819500000,MAD033_01,DCR_DEN,638.0,900,NRCell,Huawei
1696819500000,MAD033_01,DCR_NUM,0.0,900,NRCell,Huawei
1696819500000,MAD033_01,DROP_CALL_VOLTE_DEN,2.0,900,NRCell,Huawei
1696819500000,MAD033_01,DROP_CALL_VOLTE_NUM,0.0,900,NRCell,Huawei
1696819500000,MAD033_01,ERAB_SR_DEN,645.0,900,NRCell,Huawei
1696819500000,MAD033_01,ERAB_SR_NUM,644.0,900,NRCell,Huawei
1696819500000,MAD033_01,INTEGRITY_NGBR_QCI_9,3235628688.0,900,NRCell,Huawei
1696819500000,MAD033_01,INTRA_FREQUENCY_HO_OUT_ATT,37.0,900,NRCell,Huawei
1696819500000,MAD033_01,INTRA_FREQUENCY_HO_OUT_SUCC,37.0,900,NRCell,Huawei
1696819500000,MAD033_01,RRC_SETUP_ATT,376.0,900,NRCell,Huawei
1696819500000,MAD033_01,RRC_SETUP_SUCC,376.0,900,NRCell,Huawei
1696819500000,MAD033_01,S1SIG_Connection_Setup_SR_DEN,376.0,900,NRCell,Huawei
1696819500000,MAD033_01,S1SIG_Connection_Setup_SR_NUM,376.0,900,NRCell,Huawei
1696819500000,MAD033_01,SERVICE_LATENCY_OVER_AIR_INTERFACE_DEN,117871.0,900,NRCell,Huawei
1696819500000,MAD033_01,SERVICE_LATENCY_OVER_AIR_INTERFACE_NUM,130241.0,900,NRCell,Huawei
1696819500000,MAD033_01,VOICE_TRAFFIC,21284.0,900,NRCell,Huawei
1696819500000,MAD033_01,VOLTE_CALL_SETUP_ATT,2.0,900,NRCell,Huawei
1696819500000,MAD033_01,VOLTE_CALL_SETUP_SUCC,2.0,900,NRCell,Huawei
1696819500000,SAL030_01,DCR_DEN,92.0,900,NRCell,Huawei
1696819500000,SAL030_01,DCR_NUM,0.0,900,NRCell,Huawei
1696819500000,SAL030_01,DROP_CALL_VOLTE_DEN,2.0,900,NRCell,Huawei
1696819500000,SAL030_01,DROP_CALL_VOLTE_NUM,0.0,900,NRCell,Huawei
1696819500000,SAL030_01,ERAB_SR_DEN,108.0,900,NRCell,Huawei
1696819500000,SAL030_01,ERAB_SR_NUM,107.0,900,NRCell,Huawei
1696819500000,SAL030_01,INTEGRITY_NGBR_QCI_9,1776387112.0,900,NRCell,Huawei
1696819500000,SAL030_01,INTRA_FREQUENCY_HO_OUT_ATT,8.0,900,NRCell,Huawei
1696819500000,SAL030_01,INTRA_FREQUENCY_HO_OUT_SUCC,8.0,900,NRCell,Huawei
1696819500000,SAL030_01,RRC_SETUP_ATT,56.0,900,NRCell,Huawei
1696819500000,SAL030_01,RRC_SETUP_SUCC,56.0,900,NRCell,Huawei
1696819500000,SAL030_01,S1SIG_Connection_Setup_SR_DEN,57.0,900,NRCell,Huawei
1696819500000,SAL030_01,S1SIG_Connection_Setup_SR_NUM,57.0,900,NRCell,Huawei
1696819500000,SAL030_01,SERVICE_LATENCY_OVER_AIR_INTERFACE_DEN,113564.0,900,NRCell,Huawei
1696819500000,SAL030_01,SERVICE_LATENCY_OVER_AIR_INTERFACE_NUM,279614.0,900,NRCell,Huawei
1696819500000,SAL030_01,VOICE_TRAFFIC,5995.0,900,NRCell,Huawei
1696819500000,SAL030_01,VOLTE_CALL_SETUP_ATT,3.0,900,NRCell,Huawei
1696819500000,SAL030_01,VOLTE_CALL_SETUP_SUCC,3.0,900,NRCell,Huawei
1696819500000,SEV001_01,DCR_DEN,1888.0,900,NRCell,Huawei
1696819500000,SEV001_01,DCR_NUM,3.0,900,NRCell,Huawei
1696819500000,SEV001_01,DROP_CALL_VOLTE_DEN,13.0,900,NRCell,Huawei
1696819500000,SEV001_01,DROP_CALL_VOLTE_NUM,0.0,900,NRCell,Huawei
1696819500000,SEV001_01,ERAB_SR_DEN,1913.0,900,NRCell,Huawei
1696819500000,SEV001_01,ERAB_SR_NUM,1910.0,900,NRCell,Huawei
1696819500000,SEV001_01,INTEGRITY_NGBR_QCI_9,13188807880.0,900,NRCell,Huawei
1696819500000,SEV001_01,INTRA_FREQUENCY_HO_OUT_ATT,86.0,900,NRCell,Huawei
1696819500000,SEV001_01,INTRA_FREQUENCY_HO_OUT_SUCC,85.0,900,NRCell,Huawei
1696819500000,SEV001_01,RRC_SETUP_ATT,1051.0,900,NRCell,Huawei
1696819500000,SEV001_01,RRC_SETUP_SUCC,1051.0,900,NRCell,Huawei
1696819500000,SEV001_01,S1SIG_Connection_Setup_SR_DEN,1050.0,900,NRCell,Huawei
1696819500000,SEV001_01,S1SIG_Connection_Setup_SR_NUM,1050.0,900,NRCell,Huawei
1696819500000,SEV001_01,SERVICE_LATENCY_OVER_AIR_INTERFACE_DEN,520430.0,900,NRCell,Huawei
1696819500000,SEV001_01,SERVICE_LATENCY_OVER_AIR_INTERFACE_NUM,1519385.0,900,NRCell,Huawei
1696819500000,SEV001_01,VOICE_TRAFFIC,39829.0,900,NRCell,Huawei
1696819500000,SEV001_01,VOLTE_CALL_SETUP_ATT,13.0,900,NRCell,Huawei
1696819500000,SEV001_01,VOLTE_CALL_SETUP_SUCC,13.0,900,NRCell,Huawei
1696819500000,SNT002_01,DCR_DEN,720.0,900,NRCell,Huawei
1696819500000,SNT002_01,DCR_NUM,0.0,900,NRCell,Huawei
1696819500000,SNT002_01,DROP_CALL_VOLTE_DEN,2.0,900,NRCell,Huawei
1696819500000,SNT002_01,DROP_CALL_VOLTE_NUM,0.0,900,NRCell,Huawei
1696819500000,SNT002_01,ERAB_SR_DEN,722.0,900,NRCell,Huawei
1696819500000,SNT002_01,ERAB_SR_NUM,722.0,900,NRCell,Huawei
1696819500000,SNT002_01,INTEGRITY_NGBR_QCI_9,4532141696.0,900,NRCell,Huawei
1696819500000,SNT002_01,INTRA_FREQUENCY_HO_OUT_ATT,42.0,900,NRCell,Huawei
1696819500000,SNT002_01,INTRA_FREQUENCY_HO_OUT_SUCC,42.0,900,NRCell,Huawei
1696819500000,SNT002_01,RRC_SETUP_ATT,417.0,900,NRCell,Huawei
1696819500000,SNT002_01,RRC_SETUP_SUCC,417.0,900,NRCell,Huawei
1696819500000,SNT002_01,S1SIG_Connection_Setup_SR_DEN,417.0,900,NRCell,Huawei
1696819500000,SNT002_01,S1SIG_Connection_Setup_SR_NUM,417.0,900,NRCell,Huawei
1696819500000,SNT002_01,SERVICE_LATENCY_OVER_AIR_INTERFACE_DEN,139233.0,900,NRCell,Huawei
1696819500000,SNT002_01,SERVICE_LATENCY_OVER_AIR_INTERFACE_NUM,175145.0,900,NRCell,Huawei
1696819500000,SNT002_01,VOICE_TRAFFIC,8472.0,900,NRCell,Huawei
1696819500000,SNT002_01,VOLTE_CALL_SETUP_ATT,2.0,900,NRCell,Huawei
1696819500000,SNT002_01,VOLTE_CALL_SETUP_SUCC,2.0,900,NRCell,Huawei
1696819500000,TAR015_01,DCR_DEN,2634.0,900,NRCell,Huawei
1696819500000,TAR015_01,DCR_NUM,13.0,900,NRCell,Huawei
1696819500000,TAR015_01,DROP_CALL_VOLTE_DEN,20.0,900,NRCell,Huawei
1696819500000,TAR015_01,DROP_CALL_VOLTE_NUM,0.0,900,NRCell,Huawei
1696819500000,TAR015_01,ERAB_SR_DEN,2573.0,900,NRCell,Huawei
1696819500000,TAR015_01,ERAB_SR_NUM,2570.0,900,NRCell,Huawei
1696819500000,TAR015_01,INTEGRITY_NGBR_QCI_9,11405315728.0,900,NRCell,Huawei
1696819500000,TAR015_01,INTRA_FREQUENCY_HO_OUT_ATT,93.0,900,NRCell,Huawei
1696819500000,TAR015_01,INTRA_FREQUENCY_HO_OUT_SUCC,93.0,900,NRCell,Huawei
1696819500000,TAR015_01,RRC_SETUP_ATT,1459.0,900,NRCell,Huawei
1696819500000,TAR015_01,RRC_SETUP_SUCC,1459.0,900,NRCell,Huawei
1696819500000,TAR015_01,S1SIG_Connection_Setup_SR_DEN,1459.0,900,NRCell,Huawei
1696819500000,TAR015_01,S1SIG_Connection_Setup_SR_NUM,1459.0,900,NRCell,Huawei
1696819500000,TAR015_01,SERVICE_LATENCY_OVER_AIR_INTERFACE_DEN,421763.0,900,NRCell,Huawei
1696819500000,TAR015_01,SERVICE_LATENCY_OVER_AIR_INTERFACE_NUM,1011305.0,900,NRCell,Huawei
1696819500000,TAR015_01,VOICE_TRAFFIC,28786.0,900,NRCell,Huawei
1696819500000,TAR015_01,VOLTE_CALL_SETUP_ATT,13.0,900,NRCell,Huawei
1696819500000,TAR015_01,VOLTE_CALL_SETUP_SUCC,13.0,900,NRCell,Huawei
1696819500000,TOL034_01,DCR_DEN,127.0,900,NRCell,Huawei
1696819500000,TOL034_01,DCR_NUM,1.0,900,NRCell,Huawei
1696819500000,TOL034_01,DROP_CALL_VOLTE_DEN,0.0,900,NRCell,Huawei
1696819500000,TOL034_01,DROP_CALL_VOLTE_NUM,0.0,900,NRCell,Huawei
1696819500000,TOL034_01,ERAB_SR_DEN,136.0,900,NRCell,Huawei
1696819500000,TOL034_01,ERAB_SR_NUM,136.0,900,NRCell,Huawei
1696819500000,TOL034_01,INTEGRITY_NGBR_QCI_9,4955416368.0,900,NRCell,Huawei
1696819500000,TOL034_01,INTRA_FREQUENCY_HO_OUT_ATT,12.0,900,NRCell,Huawei
1696819500000,TOL034_01,INTRA_FREQUENCY_HO_OUT_SUCC,12.0,900,NRCell,Huawei
1696819500000,TOL034_01,RRC_SETUP_ATT,91.0,900,NRCell,Huawei
1696819500000,TOL034_01,RRC_SETUP_SUCC,90.0,900,NRCell,Huawei
1696819500000,TOL034_01,S1SIG_Connection_Setup_SR_DEN,90.0,900,NRCell,Huawei
1696819500000,TOL034_01,S1SIG_Connection_Setup_SR_NUM,90.0,900,NRCell,Huawei
1696819500000,TOL034_01,SERVICE_LATENCY_OVER_AIR_INTERFACE_DEN,50012.0,900,NRCell,Huawei
1696819500000,TOL034_01,SERVICE_LATENCY_OVER_AIR_INTERFACE_NUM,108683.0,900,NRCell,Huawei
1696819500000,TOL034_01,VOICE_TRAFFIC,0.0,900,NRCell,Huawei
1696819500000,TOL034_01,VOLTE_CALL_SETUP_ATT,0.0,900,NRCell,Huawei
1696819500000,TOL034_01,VOLTE_CALL_SETUP_SUCC,0.0,900,NRCell,Huawei
1696819500000,VAL002_01,DCR_DEN,21.0,900,NRCell,Huawei
1696819500000,VAL002_01,DCR_NUM,0.0,900,NRCell,Huawei
1696819500000,VAL002_01,DROP_CALL_VOLTE_DEN,0.0,900,NRCell,Huawei
1696819500000,VAL002_01,DROP_CALL_VOLTE_NUM,0.0,900,NRCell,Huawei
1696819500000,VAL002_01,ERAB_SR_DEN,27.0,900,NRCell,Huawei
1696819500000,VAL002_01,ERAB_SR_NUM,27.0,900,NRCell,Huawei
1696819500000,VAL002_01,INTEGRITY_NGBR_QCI_9,7777816.0,900,NRCell,Huawei
1696819500000,VAL002_01,INTRA_FREQUENCY_HO_OUT_ATT,3.0,900,NRCell,Huawei
1696819500000,VAL002_01,INTRA_FREQUENCY_HO_OUT_SUCC,3.0,900,NRCell,Huawei
1696819500000,VAL002_01,RRC_SETUP_ATT,23.0,900,NRCell,Huawei
1696819500000,VAL002_01,RRC_SETUP_SUCC,23.0,900,NRCell,Huawei
1696819500000,VAL002_01,S1SIG_Connection_Setup_SR_DEN,23.0,900,NRCell,Huawei
1696819500000,VAL002_01,S1SIG_Connection_Setup_SR_NUM,23.0,900,NRCell,Huawei
1696819500000,VAL002_01,SERVICE_LATENCY_OVER_AIR_INTERFACE_DEN,438.0,900,NRCell,Huawei
1696819500000,VAL002_01,SERVICE_LATENCY_OVER_AIR_INTERFACE_NUM,925.0,900,NRCell,Huawei
1696819500000,VAL002_01,VOICE_TRAFFIC,0.0,900,NRCell,Huawei
1696819500000,VAL002_01,VOLTE_CALL_SETUP_ATT,0.0,900,NRCell,Huawei
1696819500000,VAL002_01,VOLTE_CALL_SETUP_SUCC,0.0,900,NRCell,Huawei
