startTime,neId,counterCode,counterValue,granularity,neType,vendorName
1696536000000,BCN014_01,DCR_DEN,4823.0,900,NRCell,Huawei
1696536000000,BCN014_01,DCR_NUM,8.0,900,NRCell,Huawei
1696536000000,BCN014_01,DROP_CALL_VOLTE_DEN,55.0,900,NRCell,Huawei
1696536000000,BCN014_01,DROP_CALL_VOLTE_NUM,0.0,900,NRCell,Huawei
1696536000000,BCN014_01,ERAB_SR_DEN,4794.0,900,NRCell,Huawei
1696536000000,BCN014_01,ERAB_SR_NUM,4790.0,900,NRCell,Huawei
1696536000000,BCN014_01,INTEGRITY_NGBR_QCI_9,14680640664.0,900,NRCell,Huawei
1696536000000,BCN014_01,INTRA_FREQUENCY_HO_OUT_ATT,268.0,900,NRCell,Huawei
1696536000000,BCN014_01,INTRA_FREQUENCY_HO_OUT_SUCC,268.0,900,NRCell,Huawei
1696536000000,BCN014_01,RRC_SETUP_ATT,2741.0,900,NRCell,Huawei
1696536000000,BCN014_01,RRC_SETUP_SUCC,2733.0,900,NRCell,Huawei
1696536000000,BCN014_01,S1SIG_Connection_Setup_SR_DEN,2733.0,900,NRCell,Huawei
1696536000000,BCN014_01,S1SIG_Connection_Setup_SR_NUM,2733.0,900,NRCell,Huawei
1696536000000,BCN014_01,SERVICE_LATENCY_OVER_AIR_INTERFACE_DEN,487910.0,900,NRCell,Huawei
1696536000000,BCN014_01,SERVICE_LATENCY_OVER_AIR_INTERFACE_NUM,1227517.0,900,NRCell,Huawei
1696536000000,BCN014_01,VOICE_TRAFFIC,44669.0,900,NRCell,Huawei
1696536000000,BCN014_01,VOLTE_CALL_SETUP_ATT,54.0,900,NRCell,Huawei
1696536000000,BCN014_01,VOLTE_CALL_SETUP_SUCC,54.0,900,NRCell,Huawei
1696536000000,BIL001_01,DCR_DEN,4342.0,900,NRCell,Huawei
1696536000000,BIL001_01,DCR_NUM,5.0,900,NRCell,Huawei
1696536000000,BIL001_01,DROP_CALL_VOLTE_DEN,41.0,900,NRCell,Huawei
1696536000000,BIL001_01,DROP_CALL_VOLTE_NUM,0.0,900,NRCell,Huawei
1696536000000,BIL001_01,ERAB_SR_DEN,4383.0,900,NRCell,Huawei
1696536000000,BIL001_01,ERAB_SR_NUM,4376.0,900,NRCell,Huawei
1696536000000,BIL001_01,INTEGRITY_NGBR_QCI_9,12166975392.0,900,NRCell,Huawei
1696536000000,BIL001_01,INTRA_FREQUENCY_HO_OUT_ATT,196.0,900,NRCell,Huawei
1696536000000,BIL001_01,INTRA_FREQUENCY_HO_OUT_SUCC,196.0,900,NRCell,Huawei
1696536000000,BIL001_01,RRC_SETUP_ATT,2456.0,900,NRCell,Huawei
1696536000000,BIL001_01,RRC_SETUP_SUCC,2441.0,900,NRCell,Huawei
1696536000000,BIL001_01,S1SIG_Connection_Setup_SR_DEN,2441.0,900,NRCell,Huawei
1696536000000,BIL001_01,S1SIG_Connection_Setup_SR_NUM,2441.0,900,NRCell,Huawei
1696536000000,BIL001_01,SERVICE_LATENCY_OVER_AIR_INTERFACE_DEN,525839.0,900,NRCell,Huawei
1696536000000,BIL001_01,SERVICE_LATENCY_OVER_AIR_INTERFACE_NUM,994955.0,900,NRCell,Huawei
1696536000000,BIL001_01,VOICE_TRAFFIC,30609.0,900,NRCell,Huawei
1696536000000,BIL001_01,VOLTE_CALL_SETUP_ATT,39.0,900,NRCell,Huawei
1696536000000,BIL001_01,VOLTE_CALL_SETUP_SUCC,39.0,900,NRCell,Huawei
1696536000000,MAD033_01,DCR_DEN,2716.0,900,NRCell,Huawei
1696536000000,MAD033_01,DCR_NUM,3.0,900,NRCell,Huawei
1696536000000,MAD033_01,DROP_CALL_VOLTE_DEN,37.0,900,NRCell,Huawei
1696536000000,MAD033_01,DROP_CALL_VOLTE_NUM,0.0,900,NRCell,Huawei
1696536000000,MAD033_01,ERAB_SR_DEN,2785.0,900,NRCell,Huawei
1696536000000,MAD033_01,ERAB_SR_NUM,2781.0,900,NRCell,Huawei
1696536000000,MAD033_01,INTEGRITY_NGBR_QCI_9,9512744776.0,900,NRCell,Huawei
1696536000000,MAD033_01,INTRA_FREQUENCY_HO_OUT_ATT,197.0,900,NRCell,Huawei
1696536000000,MAD033_01,INTRA_FREQUENCY_HO_OUT_SUCC,197.0,900,NRCell,Huawei
1696536000000,MAD033_01,RRC_SETUP_ATT,1579.0,900,NRCell,Huawei
1696536000000,MAD033_01,RRC_SETUP_SUCC,1577.0,900,NRCell,Huawei
1696536000000,MAD033_01,S1SIG_Connection_Setup_SR_DEN,1577.0,900,NRCell,Huawei
1696536000000,MAD033_01,S1SIG_Connection_Setup_SR_NUM,1577.0,900,NRCell,Huawei
1696536000000,MAD033_01,SERVICE_LATENCY_OVER_AIR_INTERFACE_DEN,236693.0,900,NRCell,Huawei
1696536000000,MAD033_01,SERVICE_LATENCY_OVER_AIR_INTERFACE_NUM,405787.0,900,NRCell,Huawei
1696536000000,MAD033_01,VOICE_TRAFFIC,25905.0,900,NRCell,Huawei
1696536000000,MAD033_01,VOLTE_CALL_SETUP_ATT,37.0,900,NRCell,Huawei
1696536000000,MAD033_01,VOLTE_CALL_SETUP_SUCC,37.0,900,NRCell,Huawei
1696536000000,SAL030_01,DCR_DEN,1009.0,900,NRCell,Huawei
1696536000000,SAL030_01,DCR_NUM,2.0,900,NRCell,Huawei
1696536000000,SAL030_01,DROP_CALL_VOLTE_DEN,14.0,900,NRCell,Huawei
1696536000000,SAL030_01,DROP_CALL_VOLTE_NUM,0.0,900,NRCell,Huawei
1696536000000,SAL030_01,ERAB_SR_DEN,1076.0,900,NRCell,Huawei
1696536000000,SAL030_01,ERAB_SR_NUM,1076.0,900,NRCell,Huawei
1696536000000,SAL030_01,INTEGRITY_NGBR_QCI_9,4983933432.0,900,NRCell,Huawei
1696536000000,SAL030_01,INTRA_FREQUENCY_HO_OUT_ATT,14.0,900,NRCell,Huawei
1696536000000,SAL030_01,INTRA_FREQUENCY_HO_OUT_SUCC,14.0,900,NRCell,Huawei
1696536000000,SAL030_01,RRC_SETUP_ATT,570.0,900,NRCell,Huawei
1696536000000,SAL030_01,RRC_SETUP_SUCC,570.0,900,NRCell,Huawei
1696536000000,SAL030_01,S1SIG_Connection_Setup_SR_DEN,570.0,900,NRCell,Huawei
1696536000000,SAL030_01,S1SIG_Connection_Setup_SR_NUM,570.0,900,NRCell,Huawei
1696536000000,SAL030_01,SERVICE_LATENCY_OVER_AIR_INTERFACE_DEN,144461.0,900,NRCell,Huawei
1696536000000,SAL030_01,SERVICE_LATENCY_OVER_AIR_INTERFACE_NUM,247102.0,900,NRCell,Huawei
1696536000000,SAL030_01,VOICE_TRAFFIC,5021.0,900,NRCell,Huawei
1696536000000,SAL030_01,VOLTE_CALL_SETUP_ATT,15.0,900,NRCell,Huawei
1696536000000,SAL030_01,VOLTE_CALL_SETUP_SUCC,15.0,900,NRCell,Huawei
1696536000000,SEV001_01,DCR_DEN,5224.0,900,NRCell,Huawei
1696536000000,SEV001_01,DCR_NUM,9.0,900,NRCell,Huawei
1696536000000,SEV001_01,DROP_CALL_VOLTE_DEN,51.0,900,NRCell,Huawei
1696536000000,SEV001_01,DROP_CALL_VOLTE_NUM,0.0,900,NRCell,Huawei
1696536000000,SEV001_01,ERAB_SR_DEN,5241.0,900,NRCell,Huawei
1696536000000,SEV001_01,ERAB_SR_NUM,5232.0,900,NRCell,Huawei
1696536000000,SEV001_01,INTEGRITY_NGBR_QCI_9,19078126144.0,900,NRCell,Huawei
1696536000000,SEV001_01,INTRA_FREQUENCY_HO_OUT_ATT,137.0,900,NRCell,Huawei
1696536000000,SEV001_01,INTRA_FREQUENCY_HO_OUT_SUCC,137.0,900,NRCell,Huawei
1696536000000,SEV001_01,RRC_SETUP_ATT,2765.0,900,NRCell,Huawei
1696536000000,SEV001_01,RRC_SETUP_SUCC,2763.0,900,NRCell,Huawei
1696536000000,SEV001_01,S1SIG_Connection_Setup_SR_DEN,2763.0,900,NRCell,Huawei
1696536000000,SEV001_01,S1SIG_Connection_Setup_SR_NUM,2763.0,900,NRCell,Huawei
1696536000000,SEV001_01,SERVICE_LATENCY_OVER_AIR_INTERFACE_DEN,529870.0,900,NRCell,Huawei
1696536000000,SEV001_01,SERVICE_LATENCY_OVER_AIR_INTERFACE_NUM,2296349.0,900,NRCell,Huawei
1696536000000,SEV001_01,VOICE_TRAFFIC,42229.0,900,NRCell,Huawei
1696536000000,SEV001_01,VOLTE_CALL_SETUP_ATT,54.0,900,NRCell,Huawei
1696536000000,SEV001_01,VOLTE_CALL_SETUP_SUCC,54.0,900,NRCell,Huawei
1696536000000,SNT002_01,DCR_DEN,2667.0,900,NRCell,Huawei
1696536000000,SNT002_01,DCR_NUM,2.0,900,NRCell,Huawei
1696536000000,SNT002_01,DROP_CALL_VOLTE_DEN,50.0,900,NRCell,Huawei
1696536000000,SNT002_01,DROP_CALL_VOLTE_NUM,0.0,900,NRCell,Huawei
1696536000000,SNT002_01,ERAB_SR_DEN,2673.0,900,NRCell,Huawei
1696536000000,SNT002_01,ERAB_SR_NUM,2670.0,900,NRCell,Huawei
1696536000000,SNT002_01,INTEGRITY_NGBR_QCI_9,8873214408.0,900,NRCell,Huawei
1696536000000,SNT002_01,INTRA_FREQUENCY_HO_OUT_ATT,173.0,900,NRCell,Huawei
1696536000000,SNT002_01,INTRA_FREQUENCY_HO_OUT_SUCC,173.0,900,NRCell,Huawei
1696536000000,SNT002_01,RRC_SETUP_ATT,1490.0,900,NRCell,Huawei
1696536000000,SNT002_01,RRC_SETUP_SUCC,1477.0,900,NRCell,Huawei
1696536000000,SNT002_01,S1SIG_Connection_Setup_SR_DEN,1477.0,900,NRCell,Huawei
1696536000000,SNT002_01,S1SIG_Connection_Setup_SR_NUM,1477.0,900,NRCell,Huawei
1696536000000,SNT002_01,SERVICE_LATENCY_OVER_AIR_INTERFACE_DEN,227320.0,900,NRCell,Huawei
1696536000000,SNT002_01,SERVICE_LATENCY_OVER_AIR_INTERFACE_NUM,362069.0,900,NRCell,Huawei
1696536000000,SNT002_01,VOICE_TRAFFIC,22110.0,900,NRCell,Huawei
1696536000000,SNT002_01,VOLTE_CALL_SETUP_ATT,43.0,900,NRCell,Huawei
1696536000000,SNT002_01,VOLTE_CALL_SETUP_SUCC,43.0,900,NRCell,Huawei
1696536000000,TAR015_01,DCR_DEN,4890.0,900,NRCell,Huawei
1696536000000,TAR015_01,DCR_NUM,1.0,900,NRCell,Huawei
1696536000000,TAR015_01,DROP_CALL_VOLTE_DEN,70.0,900,NRCell,Huawei
1696536000000,TAR015_01,DROP_CALL_VOLTE_NUM,0.0,900,NRCell,Huawei
1696536000000,TAR015_01,ERAB_SR_DEN,4770.0,900,NRCell,Huawei
1696536000000,TAR015_01,ERAB_SR_NUM,4767.0,900,NRCell,Huawei
1696536000000,TAR015_01,INTEGRITY_NGBR_QCI_9,17956555352.0,900,NRCell,Huawei
1696536000000,TAR015_01,INTRA_FREQUENCY_HO_OUT_ATT,158.0,900,NRCell,Huawei
1696536000000,TAR015_01,INTRA_FREQUENCY_HO_OUT_SUCC,157.0,900,NRCell,Huawei
1696536000000,TAR015_01,RRC_SETUP_ATT,2555.0,900,NRCell,Huawei
1696536000000,TAR015_01,RRC_SETUP_SUCC,2553.0,900,NRCell,Huawei
1696536000000,TAR015_01,S1SIG_Connection_Setup_SR_DEN,2553.0,900,NRCell,Huawei
1696536000000,TAR015_01,S1SIG_Connection_Setup_SR_NUM,2553.0,900,NRCell,Huawei
1696536000000,TAR015_01,SERVICE_LATENCY_OVER_AIR_INTERFACE_DEN,772543.0,900,NRCell,Huawei
1696536000000,TAR015_01,SERVICE_LATENCY_OVER_AIR_INTERFACE_NUM,2060428.0,900,NRCell,Huawei
1696536000000,TAR015_01,VOICE_TRAFFIC,60303.0,900,NRCell,Huawei
1696536000000,TAR015_01,VOLTE_CALL_SETUP_ATT,65.0,900,NRCell,Huawei
1696536000000,TAR015_01,VOLTE_CALL_SETUP_SUCC,65.0,900,NRCell,Huawei
1696536000000,TOL034_01,DCR_DEN,220.0,900,NRCell,Huawei
1696536000000,TOL034_01,DCR_NUM,2.0,900,NRCell,Huawei
1696536000000,TOL034_01,DROP_CALL_VOLTE_DEN,1.0,900,NRCell,Huawei
1696536000000,TOL034_01,DROP_CALL_VOLTE_NUM,0.0,900,NRCell,Huawei
1696536000000,TOL034_01,ERAB_SR_DEN,213.0,900,NRCell,Huawei
1696536000000,TOL034_01,ERAB_SR_NUM,213.0,900,NRCell,Huawei
1696536000000,TOL034_01,INTEGRITY_NGBR_QCI_9,4897497320.0,900,NRCell,Huawei
1696536000000,TOL034_01,INTRA_FREQUENCY_HO_OUT_ATT,19.0,900,NRCell,Huawei
1696536000000,TOL034_01,INTRA_FREQUENCY_HO_OUT_SUCC,19.0,900,NRCell,Huawei
1696536000000,TOL034_01,RRC_SETUP_ATT,174.0,900,NRCell,Huawei
1696536000000,TOL034_01,RRC_SETUP_SUCC,168.0,900,NRCell,Huawei
1696536000000,TOL034_01,S1SIG_Connection_Setup_SR_DEN,168.0,900,NRCell,Huawei
1696536000000,TOL034_01,S1SIG_Connection_Setup_SR_NUM,168.0,900,NRCell,Huawei
1696536000000,TOL034_01,SERVICE_LATENCY_OVER_AIR_INTERFACE_DEN,112522.0,900,NRCell,Huawei
1696536000000,TOL034_01,SERVICE_LATENCY_OVER_AIR_INTERFACE_NUM,142333.0,900,NRCell,Huawei
1696536000000,TOL034_01,VOICE_TRAFFIC,73.0,900,NRCell,Huawei
1696536000000,TOL034_01,VOLTE_CALL_SETUP_ATT,1.0,900,NRCell,Huawei
1696536000000,TOL034_01,VOLTE_CALL_SETUP_SUCC,1.0,900,NRCell,Huawei
1696536000000,VAL002_01,DCR_DEN,112.0,900,NRCell,Huawei
1696536000000,VAL002_01,DCR_NUM,0.0,900,NRCell,Huawei
1696536000000,VAL002_01,DROP_CALL_VOLTE_DEN,1.0,900,NRCell,Huawei
1696536000000,VAL002_01,DROP_CALL_VOLTE_NUM,0.0,900,NRCell,Huawei
1696536000000,VAL002_01,ERAB_SR_DEN,119.0,900,NRCell,Huawei
1696536000000,VAL002_01,ERAB_SR_NUM,119.0,900,NRCell,Huawei
1696536000000,VAL002_01,INTEGRITY_NGBR_QCI_9,2009358728.0,900,NRCell,Huawei
1696536000000,VAL002_01,INTRA_FREQUENCY_HO_OUT_ATT,15.0,900,NRCell,Huawei
1696536000000,VAL002_01,INTRA_FREQUENCY_HO_OUT_SUCC,15.0,900,NRCell,Huawei
1696536000000,VAL002_01,RRC_SETUP_ATT,87.0,900,NRCell,Huawei
1696536000000,VAL002_01,RRC_SETUP_SUCC,87.0,900,NRCell,Huawei
1696536000000,VAL002_01,S1SIG_Connection_Setup_SR_DEN,87.0,900,NRCell,Huawei
1696536000000,VAL002_01,S1SIG_Connection_Setup_SR_NUM,87.0,900,NRCell,Huawei
1696536000000,VAL002_01,SERVICE_LATENCY_OVER_AIR_INTERFACE_DEN,24712.0,900,NRCell,Huawei
1696536000000,VAL002_01,SERVICE_LATENCY_OVER_AIR_INTERFACE_NUM,36652.0,900,NRCell,Huawei
1696536000000,VAL002_01,VOICE_TRAFFIC,282.0,900,NRCell,Huawei
1696536000000,VAL002_01,VOLTE_CALL_SETUP_ATT,0.0,900,NRCell,Huawei
1696536000000,VAL002_01,VOLTE_CALL_SETUP_SUCC,0.0,900,NRCell,Huawei
