startTime,neId,counterCode,counterValue,granularity,neType,vendorName
1696859100000,BCN014_01,DCR_DEN,2872.0,900,NRCell,Huawei
1696859100000,BCN014_01,DCR_NUM,2.0,900,NRCell,Huawei
1696859100000,BCN014_01,DROP_CALL_VOLTE_DEN,11.0,900,NRCell,Huawei
1696859100000,BCN014_01,DROP_CALL_VOLTE_NUM,0.0,900,NRCell,Huawei
1696859100000,BCN014_01,ERAB_SR_DEN,2879.0,900,NRCell,Huawei
1696859100000,BCN014_01,ERAB_SR_NUM,2876.0,900,NRCell,Huawei
1696859100000,BCN014_01,INTEGRITY_NGBR_QCI_9,7861467824.0,900,NRCell,Huawei
1696859100000,BCN014_01,INTRA_FREQUENCY_HO_OUT_ATT,223.0,900,NRCell,Huawei
1696859100000,BCN014_01,INTRA_FREQUENCY_HO_OUT_SUCC,223.0,900,NRCell,Huawei
1696859100000,BCN014_01,RRC_SETUP_ATT,1733.0,900,NRCell,Huawei
1696859100000,BCN014_01,RRC_SETUP_SUCC,1730.0,900,NRCell,Huawei
1696859100000,BCN014_01,S1SIG_Connection_Setup_SR_DEN,1730.0,900,NRCell,Huawei
1696859100000,BCN014_01,S1SIG_Connection_Setup_SR_NUM,1730.0,900,NRCell,Huawei
1696859100000,BCN014_01,SERVICE_LATENCY_OVER_AIR_INTERFACE_DEN,245499.0,900,NRCell,Huawei
1696859100000,BCN014_01,SERVICE_LATENCY_OVER_AIR_INTERFACE_NUM,366985.0,900,NRCell,Huawei
1696859100000,BCN014_01,VOICE_TRAFFIC,14900.0,900,NRCell,Huawei
1696859100000,BCN014_01,VOLTE_CALL_SETUP_ATT,7.0,900,NRCell,Huawei
1696859100000,BCN014_01,VOLTE_CALL_SETUP_SUCC,7.0,900,NRCell,Huawei
1696859100000,BIL001_01,DCR_DEN,2717.0,900,NRCell,Huawei
1696859100000,BIL001_01,DCR_NUM,1.0,900,NRCell,Huawei
1696859100000,BIL001_01,DROP_CALL_VOLTE_DEN,9.0,900,NRCell,Huawei
1696859100000,BIL001_01,DROP_CALL_VOLTE_NUM,0.0,900,NRCell,Huawei
1696859100000,BIL001_01,ERAB_SR_DEN,2749.0,900,NRCell,Huawei
1696859100000,BIL001_01,ERAB_SR_NUM,2747.0,900,NRCell,Huawei
1696859100000,BIL001_01,INTEGRITY_NGBR_QCI_9,10467103208.0,900,NRCell,Huawei
1696859100000,BIL001_01,INTRA_FREQUENCY_HO_OUT_ATT,228.0,900,NRCell,Huawei
1696859100000,BIL001_01,INTRA_FREQUENCY_HO_OUT_SUCC,228.0,900,NRCell,Huawei
1696859100000,BIL001_01,RRC_SETUP_ATT,1672.0,900,NRCell,Huawei
1696859100000,BIL001_01,RRC_SETUP_SUCC,1668.0,900,NRCell,Huawei
1696859100000,BIL001_01,S1SIG_Connection_Setup_SR_DEN,1667.0,900,NRCell,Huawei
1696859100000,BIL001_01,S1SIG_Connection_Setup_SR_NUM,1667.0,900,NRCell,Huawei
1696859100000,BIL001_01,SERVICE_LATENCY_OVER_AIR_INTERFACE_DEN,244569.0,900,NRCell,Huawei
1696859100000,BIL001_01,SERVICE_LATENCY_OVER_AIR_INTERFACE_NUM,328329.0,900,NRCell,Huawei
1696859100000,BIL001_01,VOICE_TRAFFIC,7173.0,900,NRCell,Huawei
1696859100000,BIL001_01,VOLTE_CALL_SETUP_ATT,13.0,900,NRCell,Huawei
1696859100000,BIL001_01,VOLTE_CALL_SETUP_SUCC,13.0,900,NRCell,Huawei
1696859100000,MAD033_01,DCR_DEN,2213.0,900,NRCell,Huawei
1696859100000,MAD033_01,DCR_NUM,1.0,900,NRCell,Huawei
1696859100000,MAD033_01,DROP_CALL_VOLTE_DEN,20.0,900,NRCell,Huawei
1696859100000,MAD033_01,DROP_CALL_VOLTE_NUM,0.0,900,NRCell,Huawei
1696859100000,MAD033_01,ERAB_SR_DEN,2181.0,900,NRCell,Huawei
1696859100000,MAD033_01,ERAB_SR_NUM,2181.0,900,NRCell,Huawei
1696859100000,MAD033_01,INTEGRITY_NGBR_QCI_9,5315363472.0,900,NRCell,Huawei
1696859100000,MAD033_01,INTRA_FREQUENCY_HO_OUT_ATT,135.0,900,NRCell,Huawei
1696859100000,MAD033_01,INTRA_FREQUENCY_HO_OUT_SUCC,135.0,900,NRCell,Huawei
1696859100000,MAD033_01,RRC_SETUP_ATT,1224.0,900,NRCell,Huawei
1696859100000,MAD033_01,RRC_SETUP_SUCC,1224.0,900,NRCell,Huawei
1696859100000,MAD033_01,S1SIG_Connection_Setup_SR_DEN,1224.0,900,NRCell,Huawei
1696859100000,MAD033_01,S1SIG_Connection_Setup_SR_NUM,1224.0,900,NRCell,Huawei
1696859100000,MAD033_01,SERVICE_LATENCY_OVER_AIR_INTERFACE_DEN,187168.0,900,NRCell,Huawei
1696859100000,MAD033_01,SERVICE_LATENCY_OVER_AIR_INTERFACE_NUM,247593.0,900,NRCell,Huawei
1696859100000,MAD033_01,VOICE_TRAFFIC,18334.0,900,NRCell,Huawei
1696859100000,MAD033_01,VOLTE_CALL_SETUP_ATT,18.0,900,NRCell,Huawei
1696859100000,MAD033_01,VOLTE_CALL_SETUP_SUCC,18.0,900,NRCell,Huawei
1696859100000,SAL030_01,DCR_DEN,211.0,900,NRCell,Huawei
1696859100000,SAL030_01,DCR_NUM,1.0,900,NRCell,Huawei
1696859100000,SAL030_01,DROP_CALL_VOLTE_DEN,0.0,900,NRCell,Huawei
1696859100000,SAL030_01,DROP_CALL_VOLTE_NUM,0.0,900,NRCell,Huawei
1696859100000,SAL030_01,ERAB_SR_DEN,194.0,900,NRCell,Huawei
1696859100000,SAL030_01,ERAB_SR_NUM,193.0,900,NRCell,Huawei
1696859100000,SAL030_01,INTEGRITY_NGBR_QCI_9,1141849952.0,900,NRCell,Huawei
1696859100000,SAL030_01,INTRA_FREQUENCY_HO_OUT_ATT,4.0,900,NRCell,Huawei
1696859100000,SAL030_01,INTRA_FREQUENCY_HO_OUT_SUCC,4.0,900,NRCell,Huawei
1696859100000,SAL030_01,RRC_SETUP_ATT,118.0,900,NRCell,Huawei
1696859100000,SAL030_01,RRC_SETUP_SUCC,118.0,900,NRCell,Huawei
1696859100000,SAL030_01,S1SIG_Connection_Setup_SR_DEN,118.0,900,NRCell,Huawei
1696859100000,SAL030_01,S1SIG_Connection_Setup_SR_NUM,118.0,900,NRCell,Huawei
1696859100000,SAL030_01,SERVICE_LATENCY_OVER_AIR_INTERFACE_DEN,26871.0,900,NRCell,Huawei
1696859100000,SAL030_01,SERVICE_LATENCY_OVER_AIR_INTERFACE_NUM,45548.0,900,NRCell,Huawei
1696859100000,SAL030_01,VOICE_TRAFFIC,848.0,900,NRCell,Huawei
1696859100000,SAL030_01,VOLTE_CALL_SETUP_ATT,1.0,900,NRCell,Huawei
1696859100000,SAL030_01,VOLTE_CALL_SETUP_SUCC,1.0,900,NRCell,Huawei
1696859100000,SEV001_01,DCR_DEN,2706.0,900,NRCell,Huawei
1696859100000,SEV001_01,DCR_NUM,2.0,900,NRCell,Huawei
1696859100000,SEV001_01,DROP_CALL_VOLTE_DEN,6.0,900,NRCell,Huawei
1696859100000,SEV001_01,DROP_CALL_VOLTE_NUM,0.0,900,NRCell,Huawei
1696859100000,SEV001_01,ERAB_SR_DEN,2723.0,900,NRCell,Huawei
1696859100000,SEV001_01,ERAB_SR_NUM,2720.0,900,NRCell,Huawei
1696859100000,SEV001_01,INTEGRITY_NGBR_QCI_9,9680670136.0,900,NRCell,Huawei
1696859100000,SEV001_01,INTRA_FREQUENCY_HO_OUT_ATT,113.0,900,NRCell,Huawei
1696859100000,SEV001_01,INTRA_FREQUENCY_HO_OUT_SUCC,113.0,900,NRCell,Huawei
1696859100000,SEV001_01,RRC_SETUP_ATT,1565.0,900,NRCell,Huawei
1696859100000,SEV001_01,RRC_SETUP_SUCC,1563.0,900,NRCell,Huawei
1696859100000,SEV001_01,S1SIG_Connection_Setup_SR_DEN,1563.0,900,NRCell,Huawei
1696859100000,SEV001_01,S1SIG_Connection_Setup_SR_NUM,1562.0,900,NRCell,Huawei
1696859100000,SEV001_01,SERVICE_LATENCY_OVER_AIR_INTERFACE_DEN,274649.0,900,NRCell,Huawei
1696859100000,SEV001_01,SERVICE_LATENCY_OVER_AIR_INTERFACE_NUM,408478.0,900,NRCell,Huawei
1696859100000,SEV001_01,VOICE_TRAFFIC,2809.0,900,NRCell,Huawei
1696859100000,SEV001_01,VOLTE_CALL_SETUP_ATT,8.0,900,NRCell,Huawei
1696859100000,SEV001_01,VOLTE_CALL_SETUP_SUCC,8.0,900,NRCell,Huawei
1696859100000,SNT002_01,DCR_DEN,2284.0,900,NRCell,Huawei
1696859100000,SNT002_01,DCR_NUM,0.0,900,NRCell,Huawei
1696859100000,SNT002_01,DROP_CALL_VOLTE_DEN,21.0,900,NRCell,Huawei
1696859100000,SNT002_01,DROP_CALL_VOLTE_NUM,0.0,900,NRCell,Huawei
1696859100000,SNT002_01,ERAB_SR_DEN,2295.0,900,NRCell,Huawei
1696859100000,SNT002_01,ERAB_SR_NUM,2295.0,900,NRCell,Huawei
1696859100000,SNT002_01,INTEGRITY_NGBR_QCI_9,4242634792.0,900,NRCell,Huawei
1696859100000,SNT002_01,INTRA_FREQUENCY_HO_OUT_ATT,134.0,900,NRCell,Huawei
1696859100000,SNT002_01,INTRA_FREQUENCY_HO_OUT_SUCC,134.0,900,NRCell,Huawei
1696859100000,SNT002_01,RRC_SETUP_ATT,1262.0,900,NRCell,Huawei
1696859100000,SNT002_01,RRC_SETUP_SUCC,1261.0,900,NRCell,Huawei
1696859100000,SNT002_01,S1SIG_Connection_Setup_SR_DEN,1262.0,900,NRCell,Huawei
1696859100000,SNT002_01,S1SIG_Connection_Setup_SR_NUM,1262.0,900,NRCell,Huawei
1696859100000,SNT002_01,SERVICE_LATENCY_OVER_AIR_INTERFACE_DEN,154190.0,900,NRCell,Huawei
1696859100000,SNT002_01,SERVICE_LATENCY_OVER_AIR_INTERFACE_NUM,183299.0,900,NRCell,Huawei
1696859100000,SNT002_01,VOICE_TRAFFIC,20508.0,900,NRCell,Huawei
1696859100000,SNT002_01,VOLTE_CALL_SETUP_ATT,24.0,900,NRCell,Huawei
1696859100000,SNT002_01,VOLTE_CALL_SETUP_SUCC,24.0,900,NRCell,Huawei
1696859100000,TAR015_01,DCR_DEN,3116.0,900,NRCell,Huawei
1696859100000,TAR015_01,DCR_NUM,2.0,900,NRCell,Huawei
1696859100000,TAR015_01,DROP_CALL_VOLTE_DEN,16.0,900,NRCell,Huawei
1696859100000,TAR015_01,DROP_CALL_VOLTE_NUM,0.0,900,NRCell,Huawei
1696859100000,TAR015_01,ERAB_SR_DEN,3064.0,900,NRCell,Huawei
1696859100000,TAR015_01,ERAB_SR_NUM,3062.0,900,NRCell,Huawei
1696859100000,TAR015_01,INTEGRITY_NGBR_QCI_9,12263023752.0,900,NRCell,Huawei
1696859100000,TAR015_01,INTRA_FREQUENCY_HO_OUT_ATT,123.0,900,NRCell,Huawei
1696859100000,TAR015_01,INTRA_FREQUENCY_HO_OUT_SUCC,123.0,900,NRCell,Huawei
1696859100000,TAR015_01,RRC_SETUP_ATT,1690.0,900,NRCell,Huawei
1696859100000,TAR015_01,RRC_SETUP_SUCC,1689.0,900,NRCell,Huawei
1696859100000,TAR015_01,S1SIG_Connection_Setup_SR_DEN,1689.0,900,NRCell,Huawei
1696859100000,TAR015_01,S1SIG_Connection_Setup_SR_NUM,1689.0,900,NRCell,Huawei
1696859100000,TAR015_01,SERVICE_LATENCY_OVER_AIR_INTERFACE_DEN,272863.0,900,NRCell,Huawei
1696859100000,TAR015_01,SERVICE_LATENCY_OVER_AIR_INTERFACE_NUM,484243.0,900,NRCell,Huawei
1696859100000,TAR015_01,VOICE_TRAFFIC,13023.0,900,NRCell,Huawei
1696859100000,TAR015_01,VOLTE_CALL_SETUP_ATT,19.0,900,NRCell,Huawei
1696859100000,TAR015_01,VOLTE_CALL_SETUP_SUCC,19.0,900,NRCell,Huawei
1696859100000,TOL034_01,DCR_DEN,184.0,900,NRCell,Huawei
1696859100000,TOL034_01,DCR_NUM,0.0,900,NRCell,Huawei
1696859100000,TOL034_01,DROP_CALL_VOLTE_DEN,0.0,900,NRCell,Huawei
1696859100000,TOL034_01,DROP_CALL_VOLTE_NUM,0.0,900,NRCell,Huawei
1696859100000,TOL034_01,ERAB_SR_DEN,181.0,900,NRCell,Huawei
1696859100000,TOL034_01,ERAB_SR_NUM,181.0,900,NRCell,Huawei
1696859100000,TOL034_01,INTEGRITY_NGBR_QCI_9,299809432.0,900,NRCell,Huawei
1696859100000,TOL034_01,INTRA_FREQUENCY_HO_OUT_ATT,14.0,900,NRCell,Huawei
1696859100000,TOL034_01,INTRA_FREQUENCY_HO_OUT_SUCC,14.0,900,NRCell,Huawei
1696859100000,TOL034_01,RRC_SETUP_ATT,142.0,900,NRCell,Huawei
1696859100000,TOL034_01,RRC_SETUP_SUCC,141.0,900,NRCell,Huawei
1696859100000,TOL034_01,S1SIG_Connection_Setup_SR_DEN,141.0,900,NRCell,Huawei
1696859100000,TOL034_01,S1SIG_Connection_Setup_SR_NUM,141.0,900,NRCell,Huawei
1696859100000,TOL034_01,SERVICE_LATENCY_OVER_AIR_INTERFACE_DEN,5019.0,900,NRCell,Huawei
1696859100000,TOL034_01,SERVICE_LATENCY_OVER_AIR_INTERFACE_NUM,7884.0,900,NRCell,Huawei
1696859100000,TOL034_01,VOICE_TRAFFIC,0.0,900,NRCell,Huawei
1696859100000,TOL034_01,VOLTE_CALL_SETUP_ATT,0.0,900,NRCell,Huawei
1696859100000,TOL034_01,VOLTE_CALL_SETUP_SUCC,0.0,900,NRCell,Huawei
1696859100000,VAL002_01,DCR_DEN,54.0,900,NRCell,Huawei
1696859100000,VAL002_01,DCR_NUM,0.0,900,NRCell,Huawei
1696859100000,VAL002_01,DROP_CALL_VOLTE_DEN,0.0,900,NRCell,Huawei
1696859100000,VAL002_01,DROP_CALL_VOLTE_NUM,0.0,900,NRCell,Huawei
1696859100000,VAL002_01,ERAB_SR_DEN,57.0,900,NRCell,Huawei
1696859100000,VAL002_01,ERAB_SR_NUM,57.0,900,NRCell,Huawei
1696859100000,VAL002_01,INTEGRITY_NGBR_QCI_9,800187032.0,900,NRCell,Huawei
1696859100000,VAL002_01,INTRA_FREQUENCY_HO_OUT_ATT,9.0,900,NRCell,Huawei
1696859100000,VAL002_01,INTRA_FREQUENCY_HO_OUT_SUCC,9.0,900,NRCell,Huawei
1696859100000,VAL002_01,RRC_SETUP_ATT,50.0,900,NRCell,Huawei
1696859100000,VAL002_01,RRC_SETUP_SUCC,50.0,900,NRCell,Huawei
1696859100000,VAL002_01,S1SIG_Connection_Setup_SR_DEN,50.0,900,NRCell,Huawei
1696859100000,VAL002_01,S1SIG_Connection_Setup_SR_NUM,50.0,900,NRCell,Huawei
1696859100000,VAL002_01,SERVICE_LATENCY_OVER_AIR_INTERFACE_DEN,31427.0,900,NRCell,Huawei
1696859100000,VAL002_01,SERVICE_LATENCY_OVER_AIR_INTERFACE_NUM,33683.0,900,NRCell,Huawei
1696859100000,VAL002_01,VOICE_TRAFFIC,0.0,900,NRCell,Huawei
1696859100000,VAL002_01,VOLTE_CALL_SETUP_ATT,0.0,900,NRCell,Huawei
1696859100000,VAL002_01,VOLTE_CALL_SETUP_SUCC,0.0,900,NRCell,Huawei
