startTime,neId,counterCode,counterValue,granularity,neType,vendorName
1696594500000,BCN014_01,DCR_DEN,1152.0,900,NRCell,Huawei
1696594500000,BCN014_01,DCR_NUM,0.0,900,NRCell,Huawei
1696594500000,BCN014_01,DROP_CALL_VOLTE_DEN,5.0,900,NRCell,Huawei
1696594500000,BCN014_01,DROP_CALL_VOLTE_NUM,0.0,900,NRCell,Huawei
1696594500000,BCN014_01,ERAB_SR_DEN,1169.0,900,NRCell,Huawei
1696594500000,BCN014_01,ERAB_SR_NUM,1167.0,900,NRCell,Huawei
1696594500000,BCN014_01,INTEGRITY_NGBR_QCI_9,2323098864.0,900,NRCell,Huawei
1696594500000,BCN014_01,INTRA_FREQUENCY_HO_OUT_ATT,57.0,900,NRCell,Huawei
1696594500000,BCN014_01,INTRA_FREQUENCY_HO_OUT_SUCC,57.0,900,NRCell,Huawei
1696594500000,BCN014_01,RRC_SETUP_ATT,778.0,900,NRCell,Huawei
1696594500000,BCN014_01,RRC_SETUP_SUCC,778.0,900,NRCell,Huawei
1696594500000,BCN014_01,S1SIG_Connection_Setup_SR_DEN,778.0,900,NRCell,Huawei
1696594500000,BCN014_01,S1SIG_Connection_Setup_SR_NUM,778.0,900,NRCell,Huawei
1696594500000,BCN014_01,SERVICE_LATENCY_OVER_AIR_INTERFACE_DEN,136055.0,900,NRCell,Huawei
1696594500000,BCN014_01,SERVICE_LATENCY_OVER_AIR_INTERFACE_NUM,148880.0,900,NRCell,Huawei
1696594500000,BCN014_01,VOICE_TRAFFIC,7475.0,900,NRCell,Huawei
1696594500000,BCN014_01,VOLTE_CALL_SETUP_ATT,3.0,900,NRCell,Huawei
1696594500000,BCN014_01,VOLTE_CALL_SETUP_SUCC,3.0,900,NRCell,Huawei
1696594500000,BIL001_01,DCR_DEN,1062.0,900,NRCell,Huawei
1696594500000,BIL001_01,DCR_NUM,1.0,900,NRCell,Huawei
1696594500000,BIL001_01,DROP_CALL_VOLTE_DEN,2.0,900,NRCell,Huawei
1696594500000,BIL001_01,DROP_CALL_VOLTE_NUM,0.0,900,NRCell,Huawei
1696594500000,BIL001_01,ERAB_SR_DEN,1048.0,900,NRCell,Huawei
1696594500000,BIL001_01,ERAB_SR_NUM,1048.0,900,NRCell,Huawei
1696594500000,BIL001_01,INTEGRITY_NGBR_QCI_9,5196697032.0,900,NRCell,Huawei
1696594500000,BIL001_01,INTRA_FREQUENCY_HO_OUT_ATT,51.0,900,NRCell,Huawei
1696594500000,BIL001_01,INTRA_FREQUENCY_HO_OUT_SUCC,51.0,900,NRCell,Huawei
1696594500000,BIL001_01,RRC_SETUP_ATT,717.0,900,NRCell,Huawei
1696594500000,BIL001_01,RRC_SETUP_SUCC,717.0,900,NRCell,Huawei
1696594500000,BIL001_01,S1SIG_Connection_Setup_SR_DEN,717.0,900,NRCell,Huawei
1696594500000,BIL001_01,S1SIG_Connection_Setup_SR_NUM,717.0,900,NRCell,Huawei
1696594500000,BIL001_01,SERVICE_LATENCY_OVER_AIR_INTERFACE_DEN,136422.0,900,NRCell,Huawei
1696594500000,BIL001_01,SERVICE_LATENCY_OVER_AIR_INTERFACE_NUM,160372.0,900,NRCell,Huawei
1696594500000,BIL001_01,VOICE_TRAFFIC,1008.0,900,NRCell,Huawei
1696594500000,BIL001_01,VOLTE_CALL_SETUP_ATT,3.0,900,NRCell,Huawei
1696594500000,BIL001_01,VOLTE_CALL_SETUP_SUCC,3.0,900,NRCell,Huawei
1696594500000,MAD033_01,DCR_DEN,909.0,900,NRCell,Huawei
1696594500000,MAD033_01,DCR_NUM,0.0,900,NRCell,Huawei
1696594500000,MAD033_01,DROP_CALL_VOLTE_DEN,2.0,900,NRCell,Huawei
1696594500000,MAD033_01,DROP_CALL_VOLTE_NUM,0.0,900,NRCell,Huawei
1696594500000,MAD033_01,ERAB_SR_DEN,913.0,900,NRCell,Huawei
1696594500000,MAD033_01,ERAB_SR_NUM,913.0,900,NRCell,Huawei
1696594500000,MAD033_01,INTEGRITY_NGBR_QCI_9,3545307008.0,900,NRCell,Huawei
1696594500000,MAD033_01,INTRA_FREQUENCY_HO_OUT_ATT,24.0,900,NRCell,Huawei
1696594500000,MAD033_01,INTRA_FREQUENCY_HO_OUT_SUCC,24.0,900,NRCell,Huawei
1696594500000,MAD033_01,RRC_SETUP_ATT,528.0,900,NRCell,Huawei
1696594500000,MAD033_01,RRC_SETUP_SUCC,528.0,900,NRCell,Huawei
1696594500000,MAD033_01,S1SIG_Connection_Setup_SR_DEN,528.0,900,NRCell,Huawei
1696594500000,MAD033_01,S1SIG_Connection_Setup_SR_NUM,528.0,900,NRCell,Huawei
1696594500000,MAD033_01,SERVICE_LATENCY_OVER_AIR_INTERFACE_DEN,81916.0,900,NRCell,Huawei
1696594500000,MAD033_01,SERVICE_LATENCY_OVER_AIR_INTERFACE_NUM,101896.0,900,NRCell,Huawei
1696594500000,MAD033_01,VOICE_TRAFFIC,2814.0,900,NRCell,Huawei
1696594500000,MAD033_01,VOLTE_CALL_SETUP_ATT,2.0,900,NRCell,Huawei
1696594500000,MAD033_01,VOLTE_CALL_SETUP_SUCC,2.0,900,NRCell,Huawei
1696594500000,SAL030_01,DCR_DEN,131.0,900,NRCell,Huawei
1696594500000,SAL030_01,DCR_NUM,0.0,900,NRCell,Huawei
1696594500000,SAL030_01,DROP_CALL_VOLTE_DEN,0.0,900,NRCell,Huawei
1696594500000,SAL030_01,DROP_CALL_VOLTE_NUM,0.0,900,NRCell,Huawei
1696594500000,SAL030_01,ERAB_SR_DEN,124.0,900,NRCell,Huawei
1696594500000,SAL030_01,ERAB_SR_NUM,124.0,900,NRCell,Huawei
1696594500000,SAL030_01,INTEGRITY_NGBR_QCI_9,738686688.0,900,NRCell,Huawei
1696594500000,SAL030_01,INTRA_FREQUENCY_HO_OUT_ATT,1.0,900,NRCell,Huawei
1696594500000,SAL030_01,INTRA_FREQUENCY_HO_OUT_SUCC,1.0,900,NRCell,Huawei
1696594500000,SAL030_01,RRC_SETUP_ATT,70.0,900,NRCell,Huawei
1696594500000,SAL030_01,RRC_SETUP_SUCC,70.0,900,NRCell,Huawei
1696594500000,SAL030_01,S1SIG_Connection_Setup_SR_DEN,70.0,900,NRCell,Huawei
1696594500000,SAL030_01,S1SIG_Connection_Setup_SR_NUM,70.0,900,NRCell,Huawei
1696594500000,SAL030_01,SERVICE_LATENCY_OVER_AIR_INTERFACE_DEN,7842.0,900,NRCell,Huawei
1696594500000,SAL030_01,SERVICE_LATENCY_OVER_AIR_INTERFACE_NUM,9980.0,900,NRCell,Huawei
1696594500000,SAL030_01,VOICE_TRAFFIC,0.0,900,NRCell,Huawei
1696594500000,SAL030_01,VOLTE_CALL_SETUP_ATT,0.0,900,NRCell,Huawei
1696594500000,SAL030_01,VOLTE_CALL_SETUP_SUCC,0.0,900,NRCell,Huawei
1696594500000,SEV001_01,DCR_DEN,2110.0,900,NRCell,Huawei
1696594500000,SEV001_01,DCR_NUM,2.0,900,NRCell,Huawei
1696594500000,SEV001_01,DROP_CALL_VOLTE_DEN,0.0,900,NRCell,Huawei
1696594500000,SEV001_01,DROP_CALL_VOLTE_NUM,0.0,900,NRCell,Huawei
1696594500000,SEV001_01,ERAB_SR_DEN,2122.0,900,NRCell,Huawei
1696594500000,SEV001_01,ERAB_SR_NUM,2122.0,900,NRCell,Huawei
1696594500000,SEV001_01,INTEGRITY_NGBR_QCI_9,7236793048.0,900,NRCell,Huawei
1696594500000,SEV001_01,INTRA_FREQUENCY_HO_OUT_ATT,57.0,900,NRCell,Huawei
1696594500000,SEV001_01,INTRA_FREQUENCY_HO_OUT_SUCC,57.0,900,NRCell,Huawei
1696594500000,SEV001_01,RRC_SETUP_ATT,1247.0,900,NRCell,Huawei
1696594500000,SEV001_01,RRC_SETUP_SUCC,1247.0,900,NRCell,Huawei
1696594500000,SEV001_01,S1SIG_Connection_Setup_SR_DEN,1247.0,900,NRCell,Huawei
1696594500000,SEV001_01,S1SIG_Connection_Setup_SR_NUM,1247.0,900,NRCell,Huawei
1696594500000,SEV001_01,SERVICE_LATENCY_OVER_AIR_INTERFACE_DEN,184040.0,900,NRCell,Huawei
1696594500000,SEV001_01,SERVICE_LATENCY_OVER_AIR_INTERFACE_NUM,284119.0,900,NRCell,Huawei
1696594500000,SEV001_01,VOICE_TRAFFIC,2380.0,900,NRCell,Huawei
1696594500000,SEV001_01,VOLTE_CALL_SETUP_ATT,1.0,900,NRCell,Huawei
1696594500000,SEV001_01,VOLTE_CALL_SETUP_SUCC,1.0,900,NRCell,Huawei
1696594500000,SNT002_01,DCR_DEN,632.0,900,NRCell,Huawei
1696594500000,SNT002_01,DCR_NUM,0.0,900,NRCell,Huawei
1696594500000,SNT002_01,DROP_CALL_VOLTE_DEN,4.0,900,NRCell,Huawei
1696594500000,SNT002_01,DROP_CALL_VOLTE_NUM,0.0,900,NRCell,Huawei
1696594500000,SNT002_01,ERAB_SR_DEN,670.0,900,NRCell,Huawei
1696594500000,SNT002_01,ERAB_SR_NUM,670.0,900,NRCell,Huawei
1696594500000,SNT002_01,INTEGRITY_NGBR_QCI_9,2121491496.0,900,NRCell,Huawei
1696594500000,SNT002_01,INTRA_FREQUENCY_HO_OUT_ATT,29.0,900,NRCell,Huawei
1696594500000,SNT002_01,INTRA_FREQUENCY_HO_OUT_SUCC,29.0,900,NRCell,Huawei
1696594500000,SNT002_01,RRC_SETUP_ATT,406.0,900,NRCell,Huawei
1696594500000,SNT002_01,RRC_SETUP_SUCC,406.0,900,NRCell,Huawei
1696594500000,SNT002_01,S1SIG_Connection_Setup_SR_DEN,406.0,900,NRCell,Huawei
1696594500000,SNT002_01,S1SIG_Connection_Setup_SR_NUM,406.0,900,NRCell,Huawei
1696594500000,SNT002_01,SERVICE_LATENCY_OVER_AIR_INTERFACE_DEN,61113.0,900,NRCell,Huawei
1696594500000,SNT002_01,SERVICE_LATENCY_OVER_AIR_INTERFACE_NUM,66149.0,900,NRCell,Huawei
1696594500000,SNT002_01,VOICE_TRAFFIC,1226.0,900,NRCell,Huawei
1696594500000,SNT002_01,VOLTE_CALL_SETUP_ATT,4.0,900,NRCell,Huawei
1696594500000,SNT002_01,VOLTE_CALL_SETUP_SUCC,4.0,900,NRCell,Huawei
1696594500000,TAR015_01,DCR_DEN,2290.0,900,NRCell,Huawei
1696594500000,TAR015_01,DCR_NUM,3.0,900,NRCell,Huawei
1696594500000,TAR015_01,DROP_CALL_VOLTE_DEN,4.0,900,NRCell,Huawei
1696594500000,TAR015_01,DROP_CALL_VOLTE_NUM,0.0,900,NRCell,Huawei
1696594500000,TAR015_01,ERAB_SR_DEN,2315.0,900,NRCell,Huawei
1696594500000,TAR015_01,ERAB_SR_NUM,2309.0,900,NRCell,Huawei
1696594500000,TAR015_01,INTEGRITY_NGBR_QCI_9,7224737680.0,900,NRCell,Huawei
1696594500000,TAR015_01,INTRA_FREQUENCY_HO_OUT_ATT,67.0,900,NRCell,Huawei
1696594500000,TAR015_01,INTRA_FREQUENCY_HO_OUT_SUCC,66.0,900,NRCell,Huawei
1696594500000,TAR015_01,RRC_SETUP_ATT,1349.0,900,NRCell,Huawei
1696594500000,TAR015_01,RRC_SETUP_SUCC,1349.0,900,NRCell,Huawei
1696594500000,TAR015_01,S1SIG_Connection_Setup_SR_DEN,1349.0,900,NRCell,Huawei
1696594500000,TAR015_01,S1SIG_Connection_Setup_SR_NUM,1349.0,900,NRCell,Huawei
1696594500000,TAR015_01,SERVICE_LATENCY_OVER_AIR_INTERFACE_DEN,265085.0,900,NRCell,Huawei
1696594500000,TAR015_01,SERVICE_LATENCY_OVER_AIR_INTERFACE_NUM,346727.0,900,NRCell,Huawei
1696594500000,TAR015_01,VOICE_TRAFFIC,7193.0,900,NRCell,Huawei
1696594500000,TAR015_01,VOLTE_CALL_SETUP_ATT,3.0,900,NRCell,Huawei
1696594500000,TAR015_01,VOLTE_CALL_SETUP_SUCC,3.0,900,NRCell,Huawei
1696594500000,TOL034_01,DCR_DEN,50.0,900,NRCell,Huawei
1696594500000,TOL034_01,DCR_NUM,0.0,900,NRCell,Huawei
1696594500000,TOL034_01,DROP_CALL_VOLTE_DEN,0.0,900,NRCell,Huawei
1696594500000,TOL034_01,DROP_CALL_VOLTE_NUM,0.0,900,NRCell,Huawei
1696594500000,TOL034_01,ERAB_SR_DEN,53.0,900,NRCell,Huawei
1696594500000,TOL034_01,ERAB_SR_NUM,53.0,900,NRCell,Huawei
1696594500000,TOL034_01,INTEGRITY_NGBR_QCI_9,70572048.0,900,NRCell,Huawei
1696594500000,TOL034_01,INTRA_FREQUENCY_HO_OUT_ATT,5.0,900,NRCell,Huawei
1696594500000,TOL034_01,INTRA_FREQUENCY_HO_OUT_SUCC,5.0,900,NRCell,Huawei
1696594500000,TOL034_01,RRC_SETUP_ATT,47.0,900,NRCell,Huawei
1696594500000,TOL034_01,RRC_SETUP_SUCC,47.0,900,NRCell,Huawei
1696594500000,TOL034_01,S1SIG_Connection_Setup_SR_DEN,47.0,900,NRCell,Huawei
1696594500000,TOL034_01,S1SIG_Connection_Setup_SR_NUM,47.0,900,NRCell,Huawei
1696594500000,TOL034_01,SERVICE_LATENCY_OVER_AIR_INTERFACE_DEN,3139.0,900,NRCell,Huawei
1696594500000,TOL034_01,SERVICE_LATENCY_OVER_AIR_INTERFACE_NUM,4724.0,900,NRCell,Huawei
1696594500000,TOL034_01,VOICE_TRAFFIC,0.0,900,NRCell,Huawei
1696594500000,TOL034_01,VOLTE_CALL_SETUP_ATT,0.0,900,NRCell,Huawei
1696594500000,TOL034_01,VOLTE_CALL_SETUP_SUCC,0.0,900,NRCell,Huawei
1696594500000,VAL002_01,DCR_DEN,68.0,900,NRCell,Huawei
1696594500000,VAL002_01,DCR_NUM,0.0,900,NRCell,Huawei
1696594500000,VAL002_01,DROP_CALL_VOLTE_DEN,0.0,900,NRCell,Huawei
1696594500000,VAL002_01,DROP_CALL_VOLTE_NUM,0.0,900,NRCell,Huawei
1696594500000,VAL002_01,ERAB_SR_DEN,62.0,900,NRCell,Huawei
1696594500000,VAL002_01,ERAB_SR_NUM,62.0,900,NRCell,Huawei
1696594500000,VAL002_01,INTEGRITY_NGBR_QCI_9,138434712.0,900,NRCell,Huawei
1696594500000,VAL002_01,INTRA_FREQUENCY_HO_OUT_ATT,1.0,900,NRCell,Huawei
1696594500000,VAL002_01,INTRA_FREQUENCY_HO_OUT_SUCC,1.0,900,NRCell,Huawei
1696594500000,VAL002_01,RRC_SETUP_ATT,37.0,900,NRCell,Huawei
1696594500000,VAL002_01,RRC_SETUP_SUCC,37.0,900,NRCell,Huawei
1696594500000,VAL002_01,S1SIG_Connection_Setup_SR_DEN,37.0,900,NRCell,Huawei
1696594500000,VAL002_01,S1SIG_Connection_Setup_SR_NUM,37.0,900,NRCell,Huawei
1696594500000,VAL002_01,SERVICE_LATENCY_OVER_AIR_INTERFACE_DEN,1691.0,900,NRCell,Huawei
1696594500000,VAL002_01,SERVICE_LATENCY_OVER_AIR_INTERFACE_NUM,3374.0,900,NRCell,Huawei
1696594500000,VAL002_01,VOICE_TRAFFIC,0.0,900,NRCell,Huawei
1696594500000,VAL002_01,VOLTE_CALL_SETUP_ATT,0.0,900,NRCell,Huawei
1696594500000,VAL002_01,VOLTE_CALL_SETUP_SUCC,0.0,900,NRCell,Huawei
