startTime,neId,counterCode,counterValue,granularity,neType,vendorName
1696694400000,BCN014_01,DCR_DEN,2765.0,900,NRCell,Huawei
1696694400000,BCN014_01,DCR_NUM,2.0,900,NRCell,Huawei
1696694400000,BCN014_01,DROP_CALL_VOLTE_DEN,20.0,900,NRCell,Huawei
1696694400000,BCN014_01,DROP_CALL_VOLTE_NUM,0.0,900,NRCell,Huawei
1696694400000,BCN014_01,ERAB_SR_DEN,2737.0,900,NRCell,Huawei
1696694400000,BCN014_01,ERAB_SR_NUM,2737.0,900,NRCell,Huawei
1696694400000,BCN014_01,INTEGRITY_NGBR_QCI_9,12197846952.0,900,NRCell,Huawei
1696694400000,BCN014_01,INTRA_FREQUENCY_HO_OUT_ATT,195.0,900,NRCell,Huawei
1696694400000,BCN014_01,INTRA_FREQUENCY_HO_OUT_SUCC,195.0,900,NRCell,Huawei
1696694400000,BCN014_01,RRC_SETUP_ATT,1597.0,900,NRCell,Huawei
1696694400000,BCN014_01,RRC_SETUP_SUCC,1597.0,900,NRCell,Huawei
1696694400000,BCN014_01,S1SIG_Connection_Setup_SR_DEN,1597.0,900,NRCell,Huawei
1696694400000,BCN014_01,S1SIG_Connection_Setup_SR_NUM,1597.0,900,NRCell,Huawei
1696694400000,BCN014_01,SERVICE_LATENCY_OVER_AIR_INTERFACE_DEN,395913.0,900,NRCell,Huawei
1696694400000,BCN014_01,SERVICE_LATENCY_OVER_AIR_INTERFACE_NUM,661689.0,900,NRCell,Huawei
1696694400000,BCN014_01,VOICE_TRAFFIC,37891.0,900,NRCell,Huawei
1696694400000,BCN014_01,VOLTE_CALL_SETUP_ATT,22.0,900,NRCell,Huawei
1696694400000,BCN014_01,VOLTE_CALL_SETUP_SUCC,22.0,900,NRCell,Huawei
1696694400000,BIL001_01,DCR_DEN,2438.0,900,NRCell,Huawei
1696694400000,BIL001_01,DCR_NUM,8.0,900,NRCell,Huawei
1696694400000,BIL001_01,DROP_CALL_VOLTE_DEN,18.0,900,NRCell,Huawei
1696694400000,BIL001_01,DROP_CALL_VOLTE_NUM,0.0,900,NRCell,Huawei
1696694400000,BIL001_01,ERAB_SR_DEN,2497.0,900,NRCell,Huawei
1696694400000,BIL001_01,ERAB_SR_NUM,2495.0,900,NRCell,Huawei
1696694400000,BIL001_01,INTEGRITY_NGBR_QCI_9,12916583768.0,900,NRCell,Huawei
1696694400000,BIL001_01,INTRA_FREQUENCY_HO_OUT_ATT,190.0,900,NRCell,Huawei
1696694400000,BIL001_01,INTRA_FREQUENCY_HO_OUT_SUCC,190.0,900,NRCell,Huawei
1696694400000,BIL001_01,RRC_SETUP_ATT,1483.0,900,NRCell,Huawei
1696694400000,BIL001_01,RRC_SETUP_SUCC,1480.0,900,NRCell,Huawei
1696694400000,BIL001_01,S1SIG_Connection_Setup_SR_DEN,1480.0,900,NRCell,Huawei
1696694400000,BIL001_01,S1SIG_Connection_Setup_SR_NUM,1480.0,900,NRCell,Huawei
1696694400000,BIL001_01,SERVICE_LATENCY_OVER_AIR_INTERFACE_DEN,236583.0,900,NRCell,Huawei
1696694400000,BIL001_01,SERVICE_LATENCY_OVER_AIR_INTERFACE_NUM,361518.0,900,NRCell,Huawei
1696694400000,BIL001_01,VOICE_TRAFFIC,15126.0,900,NRCell,Huawei
1696694400000,BIL001_01,VOLTE_CALL_SETUP_ATT,16.0,900,NRCell,Huawei
1696694400000,BIL001_01,VOLTE_CALL_SETUP_SUCC,16.0,900,NRCell,Huawei
1696694400000,MAD033_01,DCR_DEN,1384.0,900,NRCell,Huawei
1696694400000,MAD033_01,DCR_NUM,0.0,900,NRCell,Huawei
1696694400000,MAD033_01,DROP_CALL_VOLTE_DEN,21.0,900,NRCell,Huawei
1696694400000,MAD033_01,DROP_CALL_VOLTE_NUM,0.0,900,NRCell,Huawei
1696694400000,MAD033_01,ERAB_SR_DEN,1416.0,900,NRCell,Huawei
1696694400000,MAD033_01,ERAB_SR_NUM,1416.0,900,NRCell,Huawei
1696694400000,MAD033_01,INTEGRITY_NGBR_QCI_9,6461527352.0,900,NRCell,Huawei
1696694400000,MAD033_01,INTRA_FREQUENCY_HO_OUT_ATT,111.0,900,NRCell,Huawei
1696694400000,MAD033_01,INTRA_FREQUENCY_HO_OUT_SUCC,111.0,900,NRCell,Huawei
1696694400000,MAD033_01,RRC_SETUP_ATT,782.0,900,NRCell,Huawei
1696694400000,MAD033_01,RRC_SETUP_SUCC,781.0,900,NRCell,Huawei
1696694400000,MAD033_01,S1SIG_Connection_Setup_SR_DEN,781.0,900,NRCell,Huawei
1696694400000,MAD033_01,S1SIG_Connection_Setup_SR_NUM,781.0,900,NRCell,Huawei
1696694400000,MAD033_01,SERVICE_LATENCY_OVER_AIR_INTERFACE_DEN,145453.0,900,NRCell,Huawei
1696694400000,MAD033_01,SERVICE_LATENCY_OVER_AIR_INTERFACE_NUM,184389.0,900,NRCell,Huawei
1696694400000,MAD033_01,VOICE_TRAFFIC,9414.0,900,NRCell,Huawei
1696694400000,MAD033_01,VOLTE_CALL_SETUP_ATT,23.0,900,NRCell,Huawei
1696694400000,MAD033_01,VOLTE_CALL_SETUP_SUCC,23.0,900,NRCell,Huawei
1696694400000,SAL030_01,DCR_DEN,236.0,900,NRCell,Huawei
1696694400000,SAL030_01,DCR_NUM,0.0,900,NRCell,Huawei
1696694400000,SAL030_01,DROP_CALL_VOLTE_DEN,3.0,900,NRCell,Huawei
1696694400000,SAL030_01,DROP_CALL_VOLTE_NUM,0.0,900,NRCell,Huawei
1696694400000,SAL030_01,ERAB_SR_DEN,226.0,900,NRCell,Huawei
1696694400000,SAL030_01,ERAB_SR_NUM,226.0,900,NRCell,Huawei
1696694400000,SAL030_01,INTEGRITY_NGBR_QCI_9,2722046448.0,900,NRCell,Huawei
1696694400000,SAL030_01,INTRA_FREQUENCY_HO_OUT_ATT,18.0,900,NRCell,Huawei
1696694400000,SAL030_01,INTRA_FREQUENCY_HO_OUT_SUCC,18.0,900,NRCell,Huawei
1696694400000,SAL030_01,RRC_SETUP_ATT,135.0,900,NRCell,Huawei
1696694400000,SAL030_01,RRC_SETUP_SUCC,135.0,900,NRCell,Huawei
1696694400000,SAL030_01,S1SIG_Connection_Setup_SR_DEN,135.0,900,NRCell,Huawei
1696694400000,SAL030_01,S1SIG_Connection_Setup_SR_NUM,135.0,900,NRCell,Huawei
1696694400000,SAL030_01,SERVICE_LATENCY_OVER_AIR_INTERFACE_DEN,39518.0,900,NRCell,Huawei
1696694400000,SAL030_01,SERVICE_LATENCY_OVER_AIR_INTERFACE_NUM,66747.0,900,NRCell,Huawei
1696694400000,SAL030_01,VOICE_TRAFFIC,2331.0,900,NRCell,Huawei
1696694400000,SAL030_01,VOLTE_CALL_SETUP_ATT,3.0,900,NRCell,Huawei
1696694400000,SAL030_01,VOLTE_CALL_SETUP_SUCC,3.0,900,NRCell,Huawei
1696694400000,SEV001_01,DCR_DEN,3226.0,900,NRCell,Huawei
1696694400000,SEV001_01,DCR_NUM,1.0,900,NRCell,Huawei
1696694400000,SEV001_01,DROP_CALL_VOLTE_DEN,29.0,900,NRCell,Huawei
1696694400000,SEV001_01,DROP_CALL_VOLTE_NUM,0.0,900,NRCell,Huawei
1696694400000,SEV001_01,ERAB_SR_DEN,3250.0,900,NRCell,Huawei
1696694400000,SEV001_01,ERAB_SR_NUM,3244.0,900,NRCell,Huawei
1696694400000,SEV001_01,INTEGRITY_NGBR_QCI_9,15496343040.0,900,NRCell,Huawei
1696694400000,SEV001_01,INTRA_FREQUENCY_HO_OUT_ATT,159.0,900,NRCell,Huawei
1696694400000,SEV001_01,INTRA_FREQUENCY_HO_OUT_SUCC,159.0,900,NRCell,Huawei
1696694400000,SEV001_01,RRC_SETUP_ATT,1799.0,900,NRCell,Huawei
1696694400000,SEV001_01,RRC_SETUP_SUCC,1797.0,900,NRCell,Huawei
1696694400000,SEV001_01,S1SIG_Connection_Setup_SR_DEN,1797.0,900,NRCell,Huawei
1696694400000,SEV001_01,S1SIG_Connection_Setup_SR_NUM,1797.0,900,NRCell,Huawei
1696694400000,SEV001_01,SERVICE_LATENCY_OVER_AIR_INTERFACE_DEN,416749.0,900,NRCell,Huawei
1696694400000,SEV001_01,SERVICE_LATENCY_OVER_AIR_INTERFACE_NUM,1133962.0,900,NRCell,Huawei
1696694400000,SEV001_01,VOICE_TRAFFIC,29117.0,900,NRCell,Huawei
1696694400000,SEV001_01,VOLTE_CALL_SETUP_ATT,30.0,900,NRCell,Huawei
1696694400000,SEV001_01,VOLTE_CALL_SETUP_SUCC,30.0,900,NRCell,Huawei
1696694400000,SNT002_01,DCR_DEN,1327.0,900,NRCell,Huawei
1696694400000,SNT002_01,DCR_NUM,0.0,900,NRCell,Huawei
1696694400000,SNT002_01,DROP_CALL_VOLTE_DEN,10.0,900,NRCell,Huawei
1696694400000,SNT002_01,DROP_CALL_VOLTE_NUM,0.0,900,NRCell,Huawei
1696694400000,SNT002_01,ERAB_SR_DEN,1350.0,900,NRCell,Huawei
1696694400000,SNT002_01,ERAB_SR_NUM,1350.0,900,NRCell,Huawei
1696694400000,SNT002_01,INTEGRITY_NGBR_QCI_9,6243785704.0,900,NRCell,Huawei
1696694400000,SNT002_01,INTRA_FREQUENCY_HO_OUT_ATT,95.0,900,NRCell,Huawei
1696694400000,SNT002_01,INTRA_FREQUENCY_HO_OUT_SUCC,95.0,900,NRCell,Huawei
1696694400000,SNT002_01,RRC_SETUP_ATT,785.0,900,NRCell,Huawei
1696694400000,SNT002_01,RRC_SETUP_SUCC,783.0,900,NRCell,Huawei
1696694400000,SNT002_01,S1SIG_Connection_Setup_SR_DEN,783.0,900,NRCell,Huawei
1696694400000,SNT002_01,S1SIG_Connection_Setup_SR_NUM,783.0,900,NRCell,Huawei
1696694400000,SNT002_01,SERVICE_LATENCY_OVER_AIR_INTERFACE_DEN,114609.0,900,NRCell,Huawei
1696694400000,SNT002_01,SERVICE_LATENCY_OVER_AIR_INTERFACE_NUM,143884.0,900,NRCell,Huawei
1696694400000,SNT002_01,VOICE_TRAFFIC,5869.0,900,NRCell,Huawei
1696694400000,SNT002_01,VOLTE_CALL_SETUP_ATT,9.0,900,NRCell,Huawei
1696694400000,SNT002_01,VOLTE_CALL_SETUP_SUCC,9.0,900,NRCell,Huawei
1696694400000,TAR015_01,DCR_DEN,3407.0,900,NRCell,Huawei
1696694400000,TAR015_01,DCR_NUM,1.0,900,NRCell,Huawei
1696694400000,TAR015_01,DROP_CALL_VOLTE_DEN,24.0,900,NRCell,Huawei
1696694400000,TAR015_01,DROP_CALL_VOLTE_NUM,0.0,900,NRCell,Huawei
1696694400000,TAR015_01,ERAB_SR_DEN,3404.0,900,NRCell,Huawei
1696694400000,TAR015_01,ERAB_SR_NUM,3403.0,900,NRCell,Huawei
1696694400000,TAR015_01,INTEGRITY_NGBR_QCI_9,17049203776.0,900,NRCell,Huawei
1696694400000,TAR015_01,INTRA_FREQUENCY_HO_OUT_ATT,192.0,900,NRCell,Huawei
1696694400000,TAR015_01,INTRA_FREQUENCY_HO_OUT_SUCC,192.0,900,NRCell,Huawei
1696694400000,TAR015_01,RRC_SETUP_ATT,1854.0,900,NRCell,Huawei
1696694400000,TAR015_01,RRC_SETUP_SUCC,1853.0,900,NRCell,Huawei
1696694400000,TAR015_01,S1SIG_Connection_Setup_SR_DEN,1853.0,900,NRCell,Huawei
1696694400000,TAR015_01,S1SIG_Connection_Setup_SR_NUM,1853.0,900,NRCell,Huawei
1696694400000,TAR015_01,SERVICE_LATENCY_OVER_AIR_INTERFACE_DEN,529783.0,900,NRCell,Huawei
1696694400000,TAR015_01,SERVICE_LATENCY_OVER_AIR_INTERFACE_NUM,1550880.0,900,NRCell,Huawei
1696694400000,TAR015_01,VOICE_TRAFFIC,26190.0,900,NRCell,Huawei
1696694400000,TAR015_01,VOLTE_CALL_SETUP_ATT,25.0,900,NRCell,Huawei
1696694400000,TAR015_01,VOLTE_CALL_SETUP_SUCC,25.0,900,NRCell,Huawei
1696694400000,TOL034_01,DCR_DEN,203.0,900,NRCell,Huawei
1696694400000,TOL034_01,DCR_NUM,0.0,900,NRCell,Huawei
1696694400000,TOL034_01,DROP_CALL_VOLTE_DEN,0.0,900,NRCell,Huawei
1696694400000,TOL034_01,DROP_CALL_VOLTE_NUM,0.0,900,NRCell,Huawei
1696694400000,TOL034_01,ERAB_SR_DEN,201.0,900,NRCell,Huawei
1696694400000,TOL034_01,ERAB_SR_NUM,201.0,900,NRCell,Huawei
1696694400000,TOL034_01,INTEGRITY_NGBR_QCI_9,2057718568.0,900,NRCell,Huawei
1696694400000,TOL034_01,INTRA_FREQUENCY_HO_OUT_ATT,19.0,900,NRCell,Huawei
1696694400000,TOL034_01,INTRA_FREQUENCY_HO_OUT_SUCC,19.0,900,NRCell,Huawei
1696694400000,TOL034_01,RRC_SETUP_ATT,125.0,900,NRCell,Huawei
1696694400000,TOL034_01,RRC_SETUP_SUCC,125.0,900,NRCell,Huawei
1696694400000,TOL034_01,S1SIG_Connection_Setup_SR_DEN,125.0,900,NRCell,Huawei
1696694400000,TOL034_01,S1SIG_Connection_Setup_SR_NUM,125.0,900,NRCell,Huawei
1696694400000,TOL034_01,SERVICE_LATENCY_OVER_AIR_INTERFACE_DEN,38091.0,900,NRCell,Huawei
1696694400000,TOL034_01,SERVICE_LATENCY_OVER_AIR_INTERFACE_NUM,53026.0,900,NRCell,Huawei
1696694400000,TOL034_01,VOICE_TRAFFIC,267.0,900,NRCell,Huawei
1696694400000,TOL034_01,VOLTE_CALL_SETUP_ATT,1.0,900,NRCell,Huawei
1696694400000,TOL034_01,VOLTE_CALL_SETUP_SUCC,1.0,900,NRCell,Huawei
1696694400000,VAL002_01,DCR_DEN,17.0,900,NRCell,Huawei
1696694400000,VAL002_01,DCR_NUM,0.0,900,NRCell,Huawei
1696694400000,VAL002_01,DROP_CALL_VOLTE_DEN,0.0,900,NRCell,Huawei
1696694400000,VAL002_01,DROP_CALL_VOLTE_NUM,0.0,900,NRCell,Huawei
1696694400000,VAL002_01,ERAB_SR_DEN,20.0,900,NRCell,Huawei
1696694400000,VAL002_01,ERAB_SR_NUM,20.0,900,NRCell,Huawei
1696694400000,VAL002_01,INTEGRITY_NGBR_QCI_9,8239600.0,900,NRCell,Huawei
1696694400000,VAL002_01,INTRA_FREQUENCY_HO_OUT_ATT,2.0,900,NRCell,Huawei
1696694400000,VAL002_01,INTRA_FREQUENCY_HO_OUT_SUCC,2.0,900,NRCell,Huawei
1696694400000,VAL002_01,RRC_SETUP_ATT,17.0,900,NRCell,Huawei
1696694400000,VAL002_01,RRC_SETUP_SUCC,17.0,900,NRCell,Huawei
1696694400000,VAL002_01,S1SIG_Connection_Setup_SR_DEN,17.0,900,NRCell,Huawei
1696694400000,VAL002_01,S1SIG_Connection_Setup_SR_NUM,17.0,900,NRCell,Huawei
1696694400000,VAL002_01,SERVICE_LATENCY_OVER_AIR_INTERFACE_DEN,265.0,900,NRCell,Huawei
1696694400000,VAL002_01,SERVICE_LATENCY_OVER_AIR_INTERFACE_NUM,369.0,900,NRCell,Huawei
1696694400000,VAL002_01,VOICE_TRAFFIC,0.0,900,NRCell,Huawei
1696694400000,VAL002_01,VOLTE_CALL_SETUP_ATT,0.0,900,NRCell,Huawei
1696694400000,VAL002_01,VOLTE_CALL_SETUP_SUCC,0.0,900,NRCell,Huawei
