startTime,neId,counterCode,counterValue,granularity,neType,vendorName
1696571100000,BCN014_01,DCR_DEN,1093.0,900,NRCell,Huawei
1696571100000,BCN014_01,DCR_NUM,0.0,900,NRCell,Huawei
1696571100000,BCN014_01,DROP_CALL_VOLTE_DEN,1.0,900,NRCell,Huawei
1696571100000,BCN014_01,DROP_CALL_VOLTE_NUM,0.0,900,NRCell,Huawei
1696571100000,BCN014_01,ERAB_SR_DEN,1084.0,900,NRCell,Huawei
1696571100000,BCN014_01,ERAB_SR_NUM,1084.0,900,NRCell,Huawei
1696571100000,BCN014_01,INTEGRITY_NGBR_QCI_9,7421761584.0,900,NRCell,Huawei
1696571100000,BCN014_01,INTRA_FREQUENCY_HO_OUT_ATT,35.0,900,NRCell,Huawei
1696571100000,BCN014_01,INTRA_FREQUENCY_HO_OUT_SUCC,35.0,900,NRCell,Huawei
1696571100000,BCN014_01,RRC_SETUP_ATT,636.0,900,NRCell,Huawei
1696571100000,BCN014_01,RRC_SETUP_SUCC,636.0,900,NRCell,Huawei
1696571100000,BCN014_01,S1SIG_Connection_Setup_SR_DEN,636.0,900,NRCell,Huawei
1696571100000,BCN014_01,S1SIG_Connection_Setup_SR_NUM,636.0,900,NRCell,Huawei
1696571100000,BCN014_01,SERVICE_LATENCY_OVER_AIR_INTERFACE_DEN,139291.0,900,NRCell,Huawei
1696571100000,BCN014_01,SERVICE_LATENCY_OVER_AIR_INTERFACE_NUM,191477.0,900,NRCell,Huawei
1696571100000,BCN014_01,VOICE_TRAFFIC,1536.0,900,NRCell,Huawei
1696571100000,BCN014_01,VOLTE_CALL_SETUP_ATT,1.0,900,NRCell,Huawei
1696571100000,BCN014_01,VOLTE_CALL_SETUP_SUCC,1.0,900,NRCell,Huawei
1696571100000,BIL001_01,DCR_DEN,930.0,900,NRCell,Huawei
1696571100000,BIL001_01,DCR_NUM,0.0,900,NRCell,Huawei
1696571100000,BIL001_01,DROP_CALL_VOLTE_DEN,2.0,900,NRCell,Huawei
1696571100000,BIL001_01,DROP_CALL_VOLTE_NUM,0.0,900,NRCell,Huawei
1696571100000,BIL001_01,ERAB_SR_DEN,938.0,900,NRCell,Huawei
1696571100000,BIL001_01,ERAB_SR_NUM,938.0,900,NRCell,Huawei
1696571100000,BIL001_01,INTEGRITY_NGBR_QCI_9,9352968392.0,900,NRCell,Huawei
1696571100000,BIL001_01,INTRA_FREQUENCY_HO_OUT_ATT,42.0,900,NRCell,Huawei
1696571100000,BIL001_01,INTRA_FREQUENCY_HO_OUT_SUCC,41.0,900,NRCell,Huawei
1696571100000,BIL001_01,RRC_SETUP_ATT,576.0,900,NRCell,Huawei
1696571100000,BIL001_01,RRC_SETUP_SUCC,575.0,900,NRCell,Huawei
1696571100000,BIL001_01,S1SIG_Connection_Setup_SR_DEN,575.0,900,NRCell,Huawei
1696571100000,BIL001_01,S1SIG_Connection_Setup_SR_NUM,575.0,900,NRCell,Huawei
1696571100000,BIL001_01,SERVICE_LATENCY_OVER_AIR_INTERFACE_DEN,273641.0,900,NRCell,Huawei
1696571100000,BIL001_01,SERVICE_LATENCY_OVER_AIR_INTERFACE_NUM,318121.0,900,NRCell,Huawei
1696571100000,BIL001_01,VOICE_TRAFFIC,207.0,900,NRCell,Huawei
1696571100000,BIL001_01,VOLTE_CALL_SETUP_ATT,0.0,900,NRCell,Huawei
1696571100000,BIL001_01,VOLTE_CALL_SETUP_SUCC,0.0,900,NRCell,Huawei
1696571100000,MAD033_01,DCR_DEN,536.0,900,NRCell,Huawei
1696571100000,MAD033_01,DCR_NUM,0.0,900,NRCell,Huawei
1696571100000,MAD033_01,DROP_CALL_VOLTE_DEN,0.0,900,NRCell,Huawei
1696571100000,MAD033_01,DROP_CALL_VOLTE_NUM,0.0,900,NRCell,Huawei
1696571100000,MAD033_01,ERAB_SR_DEN,526.0,900,NRCell,Huawei
1696571100000,MAD033_01,ERAB_SR_NUM,526.0,900,NRCell,Huawei
1696571100000,MAD033_01,INTEGRITY_NGBR_QCI_9,3130484744.0,900,NRCell,Huawei
1696571100000,MAD033_01,INTRA_FREQUENCY_HO_OUT_ATT,14.0,900,NRCell,Huawei
1696571100000,MAD033_01,INTRA_FREQUENCY_HO_OUT_SUCC,14.0,900,NRCell,Huawei
1696571100000,MAD033_01,RRC_SETUP_ATT,357.0,900,NRCell,Huawei
1696571100000,MAD033_01,RRC_SETUP_SUCC,357.0,900,NRCell,Huawei
1696571100000,MAD033_01,S1SIG_Connection_Setup_SR_DEN,357.0,900,NRCell,Huawei
1696571100000,MAD033_01,S1SIG_Connection_Setup_SR_NUM,357.0,900,NRCell,Huawei
1696571100000,MAD033_01,SERVICE_LATENCY_OVER_AIR_INTERFACE_DEN,95132.0,900,NRCell,Huawei
1696571100000,MAD033_01,SERVICE_LATENCY_OVER_AIR_INTERFACE_NUM,114681.0,900,NRCell,Huawei
1696571100000,MAD033_01,VOICE_TRAFFIC,613.0,900,NRCell,Huawei
1696571100000,MAD033_01,VOLTE_CALL_SETUP_ATT,0.0,900,NRCell,Huawei
1696571100000,MAD033_01,VOLTE_CALL_SETUP_SUCC,0.0,900,NRCell,Huawei
1696571100000,SAL030_01,DCR_DEN,171.0,900,NRCell,Huawei
1696571100000,SAL030_01,DCR_NUM,0.0,900,NRCell,Huawei
1696571100000,SAL030_01,DROP_CALL_VOLTE_DEN,0.0,900,NRCell,Huawei
1696571100000,SAL030_01,DROP_CALL_VOLTE_NUM,0.0,900,NRCell,Huawei
1696571100000,SAL030_01,ERAB_SR_DEN,173.0,900,NRCell,Huawei
1696571100000,SAL030_01,ERAB_SR_NUM,171.0,900,NRCell,Huawei
1696571100000,SAL030_01,INTEGRITY_NGBR_QCI_9,1929391192.0,900,NRCell,Huawei
1696571100000,SAL030_01,INTRA_FREQUENCY_HO_OUT_ATT,1.0,900,NRCell,Huawei
1696571100000,SAL030_01,INTRA_FREQUENCY_HO_OUT_SUCC,1.0,900,NRCell,Huawei
1696571100000,SAL030_01,RRC_SETUP_ATT,103.0,900,NRCell,Huawei
1696571100000,SAL030_01,RRC_SETUP_SUCC,103.0,900,NRCell,Huawei
1696571100000,SAL030_01,S1SIG_Connection_Setup_SR_DEN,103.0,900,NRCell,Huawei
1696571100000,SAL030_01,S1SIG_Connection_Setup_SR_NUM,103.0,900,NRCell,Huawei
1696571100000,SAL030_01,SERVICE_LATENCY_OVER_AIR_INTERFACE_DEN,38320.0,900,NRCell,Huawei
1696571100000,SAL030_01,SERVICE_LATENCY_OVER_AIR_INTERFACE_NUM,58004.0,900,NRCell,Huawei
1696571100000,SAL030_01,VOICE_TRAFFIC,276.0,900,NRCell,Huawei
1696571100000,SAL030_01,VOLTE_CALL_SETUP_ATT,0.0,900,NRCell,Huawei
1696571100000,SAL030_01,VOLTE_CALL_SETUP_SUCC,0.0,900,NRCell,Huawei
1696571100000,SEV001_01,DCR_DEN,2139.0,900,NRCell,Huawei
1696571100000,SEV001_01,DCR_NUM,2.0,900,NRCell,Huawei
1696571100000,SEV001_01,DROP_CALL_VOLTE_DEN,3.0,900,NRCell,Huawei
1696571100000,SEV001_01,DROP_CALL_VOLTE_NUM,0.0,900,NRCell,Huawei
1696571100000,SEV001_01,ERAB_SR_DEN,2128.0,900,NRCell,Huawei
1696571100000,SEV001_01,ERAB_SR_NUM,2124.0,900,NRCell,Huawei
1696571100000,SEV001_01,INTEGRITY_NGBR_QCI_9,6685873992.0,900,NRCell,Huawei
1696571100000,SEV001_01,INTRA_FREQUENCY_HO_OUT_ATT,36.0,900,NRCell,Huawei
1696571100000,SEV001_01,INTRA_FREQUENCY_HO_OUT_SUCC,36.0,900,NRCell,Huawei
1696571100000,SEV001_01,RRC_SETUP_ATT,1214.0,900,NRCell,Huawei
1696571100000,SEV001_01,RRC_SETUP_SUCC,1213.0,900,NRCell,Huawei
1696571100000,SEV001_01,S1SIG_Connection_Setup_SR_DEN,1213.0,900,NRCell,Huawei
1696571100000,SEV001_01,S1SIG_Connection_Setup_SR_NUM,1213.0,900,NRCell,Huawei
1696571100000,SEV001_01,SERVICE_LATENCY_OVER_AIR_INTERFACE_DEN,161045.0,900,NRCell,Huawei
1696571100000,SEV001_01,SERVICE_LATENCY_OVER_AIR_INTERFACE_NUM,247796.0,900,NRCell,Huawei
1696571100000,SEV001_01,VOICE_TRAFFIC,7300.0,900,NRCell,Huawei
1696571100000,SEV001_01,VOLTE_CALL_SETUP_ATT,3.0,900,NRCell,Huawei
1696571100000,SEV001_01,VOLTE_CALL_SETUP_SUCC,3.0,900,NRCell,Huawei
1696571100000,SNT002_01,DCR_DEN,600.0,900,NRCell,Huawei
1696571100000,SNT002_01,DCR_NUM,0.0,900,NRCell,Huawei
1696571100000,SNT002_01,DROP_CALL_VOLTE_DEN,4.0,900,NRCell,Huawei
1696571100000,SNT002_01,DROP_CALL_VOLTE_NUM,0.0,900,NRCell,Huawei
1696571100000,SNT002_01,ERAB_SR_DEN,570.0,900,NRCell,Huawei
1696571100000,SNT002_01,ERAB_SR_NUM,570.0,900,NRCell,Huawei
1696571100000,SNT002_01,INTEGRITY_NGBR_QCI_9,4443484976.0,900,NRCell,Huawei
1696571100000,SNT002_01,INTRA_FREQUENCY_HO_OUT_ATT,6.0,900,NRCell,Huawei
1696571100000,SNT002_01,INTRA_FREQUENCY_HO_OUT_SUCC,6.0,900,NRCell,Huawei
1696571100000,SNT002_01,RRC_SETUP_ATT,356.0,900,NRCell,Huawei
1696571100000,SNT002_01,RRC_SETUP_SUCC,356.0,900,NRCell,Huawei
1696571100000,SNT002_01,S1SIG_Connection_Setup_SR_DEN,356.0,900,NRCell,Huawei
1696571100000,SNT002_01,S1SIG_Connection_Setup_SR_NUM,356.0,900,NRCell,Huawei
1696571100000,SNT002_01,SERVICE_LATENCY_OVER_AIR_INTERFACE_DEN,56690.0,900,NRCell,Huawei
1696571100000,SNT002_01,SERVICE_LATENCY_OVER_AIR_INTERFACE_NUM,64691.0,900,NRCell,Huawei
1696571100000,SNT002_01,VOICE_TRAFFIC,701.0,900,NRCell,Huawei
1696571100000,SNT002_01,VOLTE_CALL_SETUP_ATT,4.0,900,NRCell,Huawei
1696571100000,SNT002_01,VOLTE_CALL_SETUP_SUCC,4.0,900,NRCell,Huawei
1696571100000,TAR015_01,DCR_DEN,1968.0,900,NRCell,Huawei
1696571100000,TAR015_01,DCR_NUM,0.0,900,NRCell,Huawei
1696571100000,TAR015_01,DROP_CALL_VOLTE_DEN,4.0,900,NRCell,Huawei
1696571100000,TAR015_01,DROP_CALL_VOLTE_NUM,0.0,900,NRCell,Huawei
1696571100000,TAR015_01,ERAB_SR_DEN,1963.0,900,NRCell,Huawei
1696571100000,TAR015_01,ERAB_SR_NUM,1963.0,900,NRCell,Huawei
1696571100000,TAR015_01,INTEGRITY_NGBR_QCI_9,8871918176.0,900,NRCell,Huawei
1696571100000,TAR015_01,INTRA_FREQUENCY_HO_OUT_ATT,25.0,900,NRCell,Huawei
1696571100000,TAR015_01,INTRA_FREQUENCY_HO_OUT_SUCC,25.0,900,NRCell,Huawei
1696571100000,TAR015_01,RRC_SETUP_ATT,1110.0,900,NRCell,Huawei
1696571100000,TAR015_01,RRC_SETUP_SUCC,1110.0,900,NRCell,Huawei
1696571100000,TAR015_01,S1SIG_Connection_Setup_SR_DEN,1110.0,900,NRCell,Huawei
1696571100000,TAR015_01,S1SIG_Connection_Setup_SR_NUM,1110.0,900,NRCell,Huawei
1696571100000,TAR015_01,SERVICE_LATENCY_OVER_AIR_INTERFACE_DEN,247272.0,900,NRCell,Huawei
1696571100000,TAR015_01,SERVICE_LATENCY_OVER_AIR_INTERFACE_NUM,405389.0,900,NRCell,Huawei
1696571100000,TAR015_01,VOICE_TRAFFIC,7893.0,900,NRCell,Huawei
1696571100000,TAR015_01,VOLTE_CALL_SETUP_ATT,2.0,900,NRCell,Huawei
1696571100000,TAR015_01,VOLTE_CALL_SETUP_SUCC,2.0,900,NRCell,Huawei
1696571100000,TOL034_01,DCR_DEN,51.0,900,NRCell,Huawei
1696571100000,TOL034_01,DCR_NUM,0.0,900,NRCell,Huawei
1696571100000,TOL034_01,DROP_CALL_VOLTE_DEN,1.0,900,NRCell,Huawei
1696571100000,TOL034_01,DROP_CALL_VOLTE_NUM,0.0,900,NRCell,Huawei
1696571100000,TOL034_01,ERAB_SR_DEN,52.0,900,NRCell,Huawei
1696571100000,TOL034_01,ERAB_SR_NUM,52.0,900,NRCell,Huawei
1696571100000,TOL034_01,INTEGRITY_NGBR_QCI_9,1313193696.0,900,NRCell,Huawei
1696571100000,TOL034_01,INTRA_FREQUENCY_HO_OUT_ATT,4.0,900,NRCell,Huawei
1696571100000,TOL034_01,INTRA_FREQUENCY_HO_OUT_SUCC,4.0,900,NRCell,Huawei
1696571100000,TOL034_01,RRC_SETUP_ATT,39.0,900,NRCell,Huawei
1696571100000,TOL034_01,RRC_SETUP_SUCC,39.0,900,NRCell,Huawei
1696571100000,TOL034_01,S1SIG_Connection_Setup_SR_DEN,39.0,900,NRCell,Huawei
1696571100000,TOL034_01,S1SIG_Connection_Setup_SR_NUM,39.0,900,NRCell,Huawei
1696571100000,TOL034_01,SERVICE_LATENCY_OVER_AIR_INTERFACE_DEN,14393.0,900,NRCell,Huawei
1696571100000,TOL034_01,SERVICE_LATENCY_OVER_AIR_INTERFACE_NUM,20400.0,900,NRCell,Huawei
1696571100000,TOL034_01,VOICE_TRAFFIC,152.0,900,NRCell,Huawei
1696571100000,TOL034_01,VOLTE_CALL_SETUP_ATT,1.0,900,NRCell,Huawei
1696571100000,TOL034_01,VOLTE_CALL_SETUP_SUCC,1.0,900,NRCell,Huawei
1696571100000,VAL002_01,DCR_DEN,9.0,900,NRCell,Huawei
1696571100000,VAL002_01,DCR_NUM,0.0,900,NRCell,Huawei
1696571100000,VAL002_01,DROP_CALL_VOLTE_DEN,0.0,900,NRCell,Huawei
1696571100000,VAL002_01,DROP_CALL_VOLTE_NUM,0.0,900,NRCell,Huawei
1696571100000,VAL002_01,ERAB_SR_DEN,11.0,900,NRCell,Huawei
1696571100000,VAL002_01,ERAB_SR_NUM,11.0,900,NRCell,Huawei
1696571100000,VAL002_01,INTEGRITY_NGBR_QCI_9,563800136.0,900,NRCell,Huawei
1696571100000,VAL002_01,INTRA_FREQUENCY_HO_OUT_ATT,1.0,900,NRCell,Huawei
1696571100000,VAL002_01,INTRA_FREQUENCY_HO_OUT_SUCC,1.0,900,NRCell,Huawei
1696571100000,VAL002_01,RRC_SETUP_ATT,7.0,900,NRCell,Huawei
1696571100000,VAL002_01,RRC_SETUP_SUCC,7.0,900,NRCell,Huawei
1696571100000,VAL002_01,S1SIG_Connection_Setup_SR_DEN,7.0,900,NRCell,Huawei
1696571100000,VAL002_01,S1SIG_Connection_Setup_SR_NUM,7.0,900,NRCell,Huawei
1696571100000,VAL002_01,SERVICE_LATENCY_OVER_AIR_INTERFACE_DEN,20327.0,900,NRCell,Huawei
1696571100000,VAL002_01,SERVICE_LATENCY_OVER_AIR_INTERFACE_NUM,41046.0,900,NRCell,Huawei
1696571100000,VAL002_01,VOICE_TRAFFIC,0.0,900,NRCell,Huawei
1696571100000,VAL002_01,VOLTE_CALL_SETUP_ATT,0.0,900,NRCell,Huawei
1696571100000,VAL002_01,VOLTE_CALL_SETUP_SUCC,0.0,900,NRCell,Huawei
