startTime,neId,counterCode,counterValue,granularity,neType,vendorName
1696625100000,BCN014_01,DCR_DEN,3969.0,900,NRCell,Huawei
1696625100000,BCN014_01,DCR_NUM,9.0,900,NRCell,Huawei
1696625100000,BCN014_01,DROP_CALL_VOLTE_DEN,31.0,900,NRCell,Huawei
1696625100000,BCN014_01,DROP_CALL_VOLTE_NUM,0.0,900,NRCell,Huawei
1696625100000,BCN014_01,ERAB_SR_DEN,3884.0,900,NRCell,Huawei
1696625100000,BCN014_01,ERAB_SR_NUM,3882.0,900,NRCell,Huawei
1696625100000,BCN014_01,INTEGRITY_NGBR_QCI_9,15527815728.0,900,NRCell,Huawei
1696625100000,BCN014_01,INTRA_FREQUENCY_HO_OUT_ATT,283.0,900,NRCell,Huawei
1696625100000,BCN014_01,INTRA_FREQUENCY_HO_OUT_SUCC,283.0,900,NRCell,Huawei
1696625100000,BCN014_01,RRC_SETUP_ATT,2228.0,900,NRCell,Huawei
1696625100000,BCN014_01,RRC_SETUP_SUCC,2224.0,900,NRCell,Huawei
1696625100000,BCN014_01,S1SIG_Connection_Setup_SR_DEN,2224.0,900,NRCell,Huawei
1696625100000,BCN014_01,S1SIG_Connection_Setup_SR_NUM,2223.0,900,NRCell,Huawei
1696625100000,BCN014_01,SERVICE_LATENCY_OVER_AIR_INTERFACE_DEN,376490.0,900,NRCell,Huawei
1696625100000,BCN014_01,SERVICE_LATENCY_OVER_AIR_INTERFACE_NUM,1351958.0,900,NRCell,Huawei
1696625100000,BCN014_01,VOICE_TRAFFIC,23910.0,900,NRCell,Huawei
1696625100000,BCN014_01,VOLTE_CALL_SETUP_ATT,35.0,900,NRCell,Huawei
1696625100000,BCN014_01,VOLTE_CALL_SETUP_SUCC,35.0,900,NRCell,Huawei
1696625100000,BIL001_01,DCR_DEN,3518.0,900,NRCell,Huawei
1696625100000,BIL001_01,DCR_NUM,8.0,900,NRCell,Huawei
1696625100000,BIL001_01,DROP_CALL_VOLTE_DEN,27.0,900,NRCell,Huawei
1696625100000,BIL001_01,DROP_CALL_VOLTE_NUM,0.0,900,NRCell,Huawei
1696625100000,BIL001_01,ERAB_SR_DEN,3553.0,900,NRCell,Huawei
1696625100000,BIL001_01,ERAB_SR_NUM,3549.0,900,NRCell,Huawei
1696625100000,BIL001_01,INTEGRITY_NGBR_QCI_9,18940621768.0,900,NRCell,Huawei
1696625100000,BIL001_01,INTRA_FREQUENCY_HO_OUT_ATT,247.0,900,NRCell,Huawei
1696625100000,BIL001_01,INTRA_FREQUENCY_HO_OUT_SUCC,247.0,900,NRCell,Huawei
1696625100000,BIL001_01,RRC_SETUP_ATT,2106.0,900,NRCell,Huawei
1696625100000,BIL001_01,RRC_SETUP_SUCC,2084.0,900,NRCell,Huawei
1696625100000,BIL001_01,S1SIG_Connection_Setup_SR_DEN,2084.0,900,NRCell,Huawei
1696625100000,BIL001_01,S1SIG_Connection_Setup_SR_NUM,2083.0,900,NRCell,Huawei
1696625100000,BIL001_01,SERVICE_LATENCY_OVER_AIR_INTERFACE_DEN,549373.0,900,NRCell,Huawei
1696625100000,BIL001_01,SERVICE_LATENCY_OVER_AIR_INTERFACE_NUM,1271795.0,900,NRCell,Huawei
1696625100000,BIL001_01,VOICE_TRAFFIC,27863.0,900,NRCell,Huawei
1696625100000,BIL001_01,VOLTE_CALL_SETUP_ATT,28.0,900,NRCell,Huawei
1696625100000,BIL001_01,VOLTE_CALL_SETUP_SUCC,28.0,900,NRCell,Huawei
1696625100000,MAD033_01,DCR_DEN,1469.0,900,NRCell,Huawei
1696625100000,MAD033_01,DCR_NUM,0.0,900,NRCell,Huawei
1696625100000,MAD033_01,DROP_CALL_VOLTE_DEN,21.0,900,NRCell,Huawei
1696625100000,MAD033_01,DROP_CALL_VOLTE_NUM,0.0,900,NRCell,Huawei
1696625100000,MAD033_01,ERAB_SR_DEN,1457.0,900,NRCell,Huawei
1696625100000,MAD033_01,ERAB_SR_NUM,1456.0,900,NRCell,Huawei
1696625100000,MAD033_01,INTEGRITY_NGBR_QCI_9,4690122464.0,900,NRCell,Huawei
1696625100000,MAD033_01,INTRA_FREQUENCY_HO_OUT_ATT,116.0,900,NRCell,Huawei
1696625100000,MAD033_01,INTRA_FREQUENCY_HO_OUT_SUCC,116.0,900,NRCell,Huawei
1696625100000,MAD033_01,RRC_SETUP_ATT,831.0,900,NRCell,Huawei
1696625100000,MAD033_01,RRC_SETUP_SUCC,831.0,900,NRCell,Huawei
1696625100000,MAD033_01,S1SIG_Connection_Setup_SR_DEN,831.0,900,NRCell,Huawei
1696625100000,MAD033_01,S1SIG_Connection_Setup_SR_NUM,830.0,900,NRCell,Huawei
1696625100000,MAD033_01,SERVICE_LATENCY_OVER_AIR_INTERFACE_DEN,190841.0,900,NRCell,Huawei
1696625100000,MAD033_01,SERVICE_LATENCY_OVER_AIR_INTERFACE_NUM,285026.0,900,NRCell,Huawei
1696625100000,MAD033_01,VOICE_TRAFFIC,14490.0,900,NRCell,Huawei
1696625100000,MAD033_01,VOLTE_CALL_SETUP_ATT,19.0,900,NRCell,Huawei
1696625100000,MAD033_01,VOLTE_CALL_SETUP_SUCC,19.0,900,NRCell,Huawei
1696625100000,SAL030_01,DCR_DEN,262.0,900,NRCell,Huawei
1696625100000,SAL030_01,DCR_NUM,2.0,900,NRCell,Huawei
1696625100000,SAL030_01,DROP_CALL_VOLTE_DEN,3.0,900,NRCell,Huawei
1696625100000,SAL030_01,DROP_CALL_VOLTE_NUM,0.0,900,NRCell,Huawei
1696625100000,SAL030_01,ERAB_SR_DEN,257.0,900,NRCell,Huawei
1696625100000,SAL030_01,ERAB_SR_NUM,257.0,900,NRCell,Huawei
1696625100000,SAL030_01,INTEGRITY_NGBR_QCI_9,3807891352.0,900,NRCell,Huawei
1696625100000,SAL030_01,INTRA_FREQUENCY_HO_OUT_ATT,4.0,900,NRCell,Huawei
1696625100000,SAL030_01,INTRA_FREQUENCY_HO_OUT_SUCC,4.0,900,NRCell,Huawei
1696625100000,SAL030_01,RRC_SETUP_ATT,140.0,900,NRCell,Huawei
1696625100000,SAL030_01,RRC_SETUP_SUCC,140.0,900,NRCell,Huawei
1696625100000,SAL030_01,S1SIG_Connection_Setup_SR_DEN,140.0,900,NRCell,Huawei
1696625100000,SAL030_01,S1SIG_Connection_Setup_SR_NUM,140.0,900,NRCell,Huawei
1696625100000,SAL030_01,SERVICE_LATENCY_OVER_AIR_INTERFACE_DEN,155165.0,900,NRCell,Huawei
1696625100000,SAL030_01,SERVICE_LATENCY_OVER_AIR_INTERFACE_NUM,252325.0,900,NRCell,Huawei
1696625100000,SAL030_01,VOICE_TRAFFIC,1194.0,900,NRCell,Huawei
1696625100000,SAL030_01,VOLTE_CALL_SETUP_ATT,3.0,900,NRCell,Huawei
1696625100000,SAL030_01,VOLTE_CALL_SETUP_SUCC,3.0,900,NRCell,Huawei
1696625100000,SEV001_01,DCR_DEN,3908.0,900,NRCell,Huawei
1696625100000,SEV001_01,DCR_NUM,2.0,900,NRCell,Huawei
1696625100000,SEV001_01,DROP_CALL_VOLTE_DEN,56.0,900,NRCell,Huawei
1696625100000,SEV001_01,DROP_CALL_VOLTE_NUM,0.0,900,NRCell,Huawei
1696625100000,SEV001_01,ERAB_SR_DEN,3896.0,900,NRCell,Huawei
1696625100000,SEV001_01,ERAB_SR_NUM,3895.0,900,NRCell,Huawei
1696625100000,SEV001_01,INTEGRITY_NGBR_QCI_9,13609986496.0,900,NRCell,Huawei
1696625100000,SEV001_01,INTRA_FREQUENCY_HO_OUT_ATT,115.0,900,NRCell,Huawei
1696625100000,SEV001_01,INTRA_FREQUENCY_HO_OUT_SUCC,114.0,900,NRCell,Huawei
1696625100000,SEV001_01,RRC_SETUP_ATT,2109.0,900,NRCell,Huawei
1696625100000,SEV001_01,RRC_SETUP_SUCC,2105.0,900,NRCell,Huawei
1696625100000,SEV001_01,S1SIG_Connection_Setup_SR_DEN,2105.0,900,NRCell,Huawei
1696625100000,SEV001_01,S1SIG_Connection_Setup_SR_NUM,2105.0,900,NRCell,Huawei
1696625100000,SEV001_01,SERVICE_LATENCY_OVER_AIR_INTERFACE_DEN,510947.0,900,NRCell,Huawei
1696625100000,SEV001_01,SERVICE_LATENCY_OVER_AIR_INTERFACE_NUM,1100068.0,900,NRCell,Huawei
1696625100000,SEV001_01,VOICE_TRAFFIC,34763.0,900,NRCell,Huawei
1696625100000,SEV001_01,VOLTE_CALL_SETUP_ATT,52.0,900,NRCell,Huawei
1696625100000,SEV001_01,VOLTE_CALL_SETUP_SUCC,52.0,900,NRCell,Huawei
1696625100000,SNT002_01,DCR_DEN,1722.0,900,NRCell,Huawei
1696625100000,SNT002_01,DCR_NUM,1.0,900,NRCell,Huawei
1696625100000,SNT002_01,DROP_CALL_VOLTE_DEN,19.0,900,NRCell,Huawei
1696625100000,SNT002_01,DROP_CALL_VOLTE_NUM,0.0,900,NRCell,Huawei
1696625100000,SNT002_01,ERAB_SR_DEN,1760.0,900,NRCell,Huawei
1696625100000,SNT002_01,ERAB_SR_NUM,1759.0,900,NRCell,Huawei
1696625100000,SNT002_01,INTEGRITY_NGBR_QCI_9,7127965728.0,900,NRCell,Huawei
1696625100000,SNT002_01,INTRA_FREQUENCY_HO_OUT_ATT,104.0,900,NRCell,Huawei
1696625100000,SNT002_01,INTRA_FREQUENCY_HO_OUT_SUCC,104.0,900,NRCell,Huawei
1696625100000,SNT002_01,RRC_SETUP_ATT,982.0,900,NRCell,Huawei
1696625100000,SNT002_01,RRC_SETUP_SUCC,977.0,900,NRCell,Huawei
1696625100000,SNT002_01,S1SIG_Connection_Setup_SR_DEN,977.0,900,NRCell,Huawei
1696625100000,SNT002_01,S1SIG_Connection_Setup_SR_NUM,977.0,900,NRCell,Huawei
1696625100000,SNT002_01,SERVICE_LATENCY_OVER_AIR_INTERFACE_DEN,205220.0,900,NRCell,Huawei
1696625100000,SNT002_01,SERVICE_LATENCY_OVER_AIR_INTERFACE_NUM,381390.0,900,NRCell,Huawei
1696625100000,SNT002_01,VOICE_TRAFFIC,15667.0,900,NRCell,Huawei
1696625100000,SNT002_01,VOLTE_CALL_SETUP_ATT,22.0,900,NRCell,Huawei
1696625100000,SNT002_01,VOLTE_CALL_SETUP_SUCC,22.0,900,NRCell,Huawei
1696625100000,TAR015_01,DCR_DEN,4922.0,900,NRCell,Huawei
1696625100000,TAR015_01,DCR_NUM,1.0,900,NRCell,Huawei
1696625100000,TAR015_01,DROP_CALL_VOLTE_DEN,54.0,900,NRCell,Huawei
1696625100000,TAR015_01,DROP_CALL_VOLTE_NUM,0.0,900,NRCell,Huawei
1696625100000,TAR015_01,ERAB_SR_DEN,4926.0,900,NRCell,Huawei
1696625100000,TAR015_01,ERAB_SR_NUM,4925.0,900,NRCell,Huawei
1696625100000,TAR015_01,INTEGRITY_NGBR_QCI_9,16737940936.0,900,NRCell,Huawei
1696625100000,TAR015_01,INTRA_FREQUENCY_HO_OUT_ATT,153.0,900,NRCell,Huawei
1696625100000,TAR015_01,INTRA_FREQUENCY_HO_OUT_SUCC,153.0,900,NRCell,Huawei
1696625100000,TAR015_01,RRC_SETUP_ATT,2609.0,900,NRCell,Huawei
1696625100000,TAR015_01,RRC_SETUP_SUCC,2609.0,900,NRCell,Huawei
1696625100000,TAR015_01,S1SIG_Connection_Setup_SR_DEN,2609.0,900,NRCell,Huawei
1696625100000,TAR015_01,S1SIG_Connection_Setup_SR_NUM,2609.0,900,NRCell,Huawei
1696625100000,TAR015_01,SERVICE_LATENCY_OVER_AIR_INTERFACE_DEN,517793.0,900,NRCell,Huawei
1696625100000,TAR015_01,SERVICE_LATENCY_OVER_AIR_INTERFACE_NUM,1203015.0,900,NRCell,Huawei
1696625100000,TAR015_01,VOICE_TRAFFIC,26596.0,900,NRCell,Huawei
1696625100000,TAR015_01,VOLTE_CALL_SETUP_ATT,55.0,900,NRCell,Huawei
1696625100000,TAR015_01,VOLTE_CALL_SETUP_SUCC,55.0,900,NRCell,Huawei
1696625100000,TOL034_01,DCR_DEN,181.0,900,NRCell,Huawei
1696625100000,TOL034_01,DCR_NUM,1.0,900,NRCell,Huawei
1696625100000,TOL034_01,DROP_CALL_VOLTE_DEN,2.0,900,NRCell,Huawei
1696625100000,TOL034_01,DROP_CALL_VOLTE_NUM,0.0,900,NRCell,Huawei
1696625100000,TOL034_01,ERAB_SR_DEN,180.0,900,NRCell,Huawei
1696625100000,TOL034_01,ERAB_SR_NUM,178.0,900,NRCell,Huawei
1696625100000,TOL034_01,INTEGRITY_NGBR_QCI_9,3352248520.0,900,NRCell,Huawei
1696625100000,TOL034_01,INTRA_FREQUENCY_HO_OUT_ATT,15.0,900,NRCell,Huawei
1696625100000,TOL034_01,INTRA_FREQUENCY_HO_OUT_SUCC,15.0,900,NRCell,Huawei
1696625100000,TOL034_01,RRC_SETUP_ATT,137.0,900,NRCell,Huawei
1696625100000,TOL034_01,RRC_SETUP_SUCC,135.0,900,NRCell,Huawei
1696625100000,TOL034_01,S1SIG_Connection_Setup_SR_DEN,135.0,900,NRCell,Huawei
1696625100000,TOL034_01,S1SIG_Connection_Setup_SR_NUM,135.0,900,NRCell,Huawei
1696625100000,TOL034_01,SERVICE_LATENCY_OVER_AIR_INTERFACE_DEN,57967.0,900,NRCell,Huawei
1696625100000,TOL034_01,SERVICE_LATENCY_OVER_AIR_INTERFACE_NUM,91166.0,900,NRCell,Huawei
1696625100000,TOL034_01,VOICE_TRAFFIC,314.0,900,NRCell,Huawei
1696625100000,TOL034_01,VOLTE_CALL_SETUP_ATT,0.0,900,NRCell,Huawei
1696625100000,TOL034_01,VOLTE_CALL_SETUP_SUCC,0.0,900,NRCell,Huawei
1696625100000,VAL002_01,DCR_DEN,64.0,900,NRCell,Huawei
1696625100000,VAL002_01,DCR_NUM,2.0,900,NRCell,Huawei
1696625100000,VAL002_01,DROP_CALL_VOLTE_DEN,2.0,900,NRCell,Huawei
1696625100000,VAL002_01,DROP_CALL_VOLTE_NUM,0.0,900,NRCell,Huawei
1696625100000,VAL002_01,ERAB_SR_DEN,61.0,900,NRCell,Huawei
1696625100000,VAL002_01,ERAB_SR_NUM,61.0,900,NRCell,Huawei
1696625100000,VAL002_01,INTEGRITY_NGBR_QCI_9,389461848.0,900,NRCell,Huawei
1696625100000,VAL002_01,INTRA_FREQUENCY_HO_OUT_ATT,6.0,900,NRCell,Huawei
1696625100000,VAL002_01,INTRA_FREQUENCY_HO_OUT_SUCC,6.0,900,NRCell,Huawei
1696625100000,VAL002_01,RRC_SETUP_ATT,57.0,900,NRCell,Huawei
1696625100000,VAL002_01,RRC_SETUP_SUCC,57.0,900,NRCell,Huawei
1696625100000,VAL002_01,S1SIG_Connection_Setup_SR_DEN,57.0,900,NRCell,Huawei
1696625100000,VAL002_01,S1SIG_Connection_Setup_SR_NUM,57.0,900,NRCell,Huawei
1696625100000,VAL002_01,SERVICE_LATENCY_OVER_AIR_INTERFACE_DEN,29452.0,900,NRCell,Huawei
1696625100000,VAL002_01,SERVICE_LATENCY_OVER_AIR_INTERFACE_NUM,38024.0,900,NRCell,Huawei
1696625100000,VAL002_01,VOICE_TRAFFIC,198.0,900,NRCell,Huawei
1696625100000,VAL002_01,VOLTE_CALL_SETUP_ATT,2.0,900,NRCell,Huawei
1696625100000,VAL002_01,VOLTE_CALL_SETUP_SUCC,2.0,900,NRCell,Huawei
