startTime,neId,counterCode,counterValue,granularity,neType,vendorName
1696824000000,BCN014_01,DCR_DEN,1461.0,900,NRCell,Huawei
1696824000000,BCN014_01,DCR_NUM,1.0,900,NRCell,Huawei
1696824000000,BCN014_01,DROP_CALL_VOLTE_DEN,10.0,900,NRCell,Huawei
1696824000000,BCN014_01,DROP_CALL_VOLTE_NUM,0.0,900,NRCell,Huawei
1696824000000,BCN014_01,ERAB_SR_DEN,1467.0,900,NRCell,Huawei
1696824000000,BCN014_01,ERAB_SR_NUM,1466.0,900,NRCell,Huawei
1696824000000,BCN014_01,INTEGRITY_NGBR_QCI_9,14418924240.0,900,NRCell,Huawei
1696824000000,BCN014_01,INTRA_FREQUENCY_HO_OUT_ATT,86.0,900,NRCell,Huawei
1696824000000,BCN014_01,INTRA_FREQUENCY_HO_OUT_SUCC,86.0,900,NRCell,Huawei
1696824000000,BCN014_01,RRC_SETUP_ATT,865.0,900,NRCell,Huawei
1696824000000,BCN014_01,RRC_SETUP_SUCC,862.0,900,NRCell,Huawei
1696824000000,BCN014_01,S1SIG_Connection_Setup_SR_DEN,862.0,900,NRCell,Huawei
1696824000000,BCN014_01,S1SIG_Connection_Setup_SR_NUM,862.0,900,NRCell,Huawei
1696824000000,BCN014_01,SERVICE_LATENCY_OVER_AIR_INTERFACE_DEN,436852.0,900,NRCell,Huawei
1696824000000,BCN014_01,SERVICE_LATENCY_OVER_AIR_INTERFACE_NUM,594967.0,900,NRCell,Huawei
1696824000000,BCN014_01,VOICE_TRAFFIC,14045.0,900,NRCell,Huawei
1696824000000,BCN014_01,VOLTE_CALL_SETUP_ATT,14.0,900,NRCell,Huawei
1696824000000,BCN014_01,VOLTE_CALL_SETUP_SUCC,14.0,900,NRCell,Huawei
1696824000000,BIL001_01,DCR_DEN,930.0,900,NRCell,Huawei
1696824000000,BIL001_01,DCR_NUM,1.0,900,NRCell,Huawei
1696824000000,BIL001_01,DROP_CALL_VOLTE_DEN,4.0,900,NRCell,Huawei
1696824000000,BIL001_01,DROP_CALL_VOLTE_NUM,0.0,900,NRCell,Huawei
1696824000000,BIL001_01,ERAB_SR_DEN,917.0,900,NRCell,Huawei
1696824000000,BIL001_01,ERAB_SR_NUM,917.0,900,NRCell,Huawei
1696824000000,BIL001_01,INTEGRITY_NGBR_QCI_9,9710382504.0,900,NRCell,Huawei
1696824000000,BIL001_01,INTRA_FREQUENCY_HO_OUT_ATT,77.0,900,NRCell,Huawei
1696824000000,BIL001_01,INTRA_FREQUENCY_HO_OUT_SUCC,77.0,900,NRCell,Huawei
1696824000000,BIL001_01,RRC_SETUP_ATT,602.0,900,NRCell,Huawei
1696824000000,BIL001_01,RRC_SETUP_SUCC,597.0,900,NRCell,Huawei
1696824000000,BIL001_01,S1SIG_Connection_Setup_SR_DEN,597.0,900,NRCell,Huawei
1696824000000,BIL001_01,S1SIG_Connection_Setup_SR_NUM,597.0,900,NRCell,Huawei
1696824000000,BIL001_01,SERVICE_LATENCY_OVER_AIR_INTERFACE_DEN,179566.0,900,NRCell,Huawei
1696824000000,BIL001_01,SERVICE_LATENCY_OVER_AIR_INTERFACE_NUM,267386.0,900,NRCell,Huawei
1696824000000,BIL001_01,VOICE_TRAFFIC,2800.0,900,NRCell,Huawei
1696824000000,BIL001_01,VOLTE_CALL_SETUP_ATT,5.0,900,NRCell,Huawei
1696824000000,BIL001_01,VOLTE_CALL_SETUP_SUCC,5.0,900,NRCell,Huawei
1696824000000,MAD033_01,DCR_DEN,649.0,900,NRCell,Huawei
1696824000000,MAD033_01,DCR_NUM,0.0,900,NRCell,Huawei
1696824000000,MAD033_01,DROP_CALL_VOLTE_DEN,0.0,900,NRCell,Huawei
1696824000000,MAD033_01,DROP_CALL_VOLTE_NUM,0.0,900,NRCell,Huawei
1696824000000,MAD033_01,ERAB_SR_DEN,664.0,900,NRCell,Huawei
1696824000000,MAD033_01,ERAB_SR_NUM,664.0,900,NRCell,Huawei
1696824000000,MAD033_01,INTEGRITY_NGBR_QCI_9,5465153968.0,900,NRCell,Huawei
1696824000000,MAD033_01,INTRA_FREQUENCY_HO_OUT_ATT,30.0,900,NRCell,Huawei
1696824000000,MAD033_01,INTRA_FREQUENCY_HO_OUT_SUCC,30.0,900,NRCell,Huawei
1696824000000,MAD033_01,RRC_SETUP_ATT,377.0,900,NRCell,Huawei
1696824000000,MAD033_01,RRC_SETUP_SUCC,377.0,900,NRCell,Huawei
1696824000000,MAD033_01,S1SIG_Connection_Setup_SR_DEN,377.0,900,NRCell,Huawei
1696824000000,MAD033_01,S1SIG_Connection_Setup_SR_NUM,377.0,900,NRCell,Huawei
1696824000000,MAD033_01,SERVICE_LATENCY_OVER_AIR_INTERFACE_DEN,158528.0,900,NRCell,Huawei
1696824000000,MAD033_01,SERVICE_LATENCY_OVER_AIR_INTERFACE_NUM,201677.0,900,NRCell,Huawei
1696824000000,MAD033_01,VOICE_TRAFFIC,8722.0,900,NRCell,Huawei
1696824000000,MAD033_01,VOLTE_CALL_SETUP_ATT,1.0,900,NRCell,Huawei
1696824000000,MAD033_01,VOLTE_CALL_SETUP_SUCC,1.0,900,NRCell,Huawei
1696824000000,SAL030_01,DCR_DEN,58.0,900,NRCell,Huawei
1696824000000,SAL030_01,DCR_NUM,0.0,900,NRCell,Huawei
1696824000000,SAL030_01,DROP_CALL_VOLTE_DEN,2.0,900,NRCell,Huawei
1696824000000,SAL030_01,DROP_CALL_VOLTE_NUM,0.0,900,NRCell,Huawei
1696824000000,SAL030_01,ERAB_SR_DEN,56.0,900,NRCell,Huawei
1696824000000,SAL030_01,ERAB_SR_NUM,56.0,900,NRCell,Huawei
1696824000000,SAL030_01,INTEGRITY_NGBR_QCI_9,4825825408.0,900,NRCell,Huawei
1696824000000,SAL030_01,INTRA_FREQUENCY_HO_OUT_ATT,1.0,900,NRCell,Huawei
1696824000000,SAL030_01,INTRA_FREQUENCY_HO_OUT_SUCC,1.0,900,NRCell,Huawei
1696824000000,SAL030_01,RRC_SETUP_ATT,30.0,900,NRCell,Huawei
1696824000000,SAL030_01,RRC_SETUP_SUCC,30.0,900,NRCell,Huawei
1696824000000,SAL030_01,S1SIG_Connection_Setup_SR_DEN,30.0,900,NRCell,Huawei
1696824000000,SAL030_01,S1SIG_Connection_Setup_SR_NUM,30.0,900,NRCell,Huawei
1696824000000,SAL030_01,SERVICE_LATENCY_OVER_AIR_INTERFACE_DEN,55149.0,900,NRCell,Huawei
1696824000000,SAL030_01,SERVICE_LATENCY_OVER_AIR_INTERFACE_NUM,123173.0,900,NRCell,Huawei
1696824000000,SAL030_01,VOICE_TRAFFIC,4037.0,900,NRCell,Huawei
1696824000000,SAL030_01,VOLTE_CALL_SETUP_ATT,1.0,900,NRCell,Huawei
1696824000000,SAL030_01,VOLTE_CALL_SETUP_SUCC,1.0,900,NRCell,Huawei
1696824000000,SEV001_01,DCR_DEN,1846.0,900,NRCell,Huawei
1696824000000,SEV001_01,DCR_NUM,4.0,900,NRCell,Huawei
1696824000000,SEV001_01,DROP_CALL_VOLTE_DEN,7.0,900,NRCell,Huawei
1696824000000,SEV001_01,DROP_CALL_VOLTE_NUM,0.0,900,NRCell,Huawei
1696824000000,SEV001_01,ERAB_SR_DEN,1859.0,900,NRCell,Huawei
1696824000000,SEV001_01,ERAB_SR_NUM,1859.0,900,NRCell,Huawei
1696824000000,SEV001_01,INTEGRITY_NGBR_QCI_9,14640193880.0,900,NRCell,Huawei
1696824000000,SEV001_01,INTRA_FREQUENCY_HO_OUT_ATT,61.0,900,NRCell,Huawei
1696824000000,SEV001_01,INTRA_FREQUENCY_HO_OUT_SUCC,61.0,900,NRCell,Huawei
1696824000000,SEV001_01,RRC_SETUP_ATT,1030.0,900,NRCell,Huawei
1696824000000,SEV001_01,RRC_SETUP_SUCC,1030.0,900,NRCell,Huawei
1696824000000,SEV001_01,S1SIG_Connection_Setup_SR_DEN,1030.0,900,NRCell,Huawei
1696824000000,SEV001_01,S1SIG_Connection_Setup_SR_NUM,1030.0,900,NRCell,Huawei
1696824000000,SEV001_01,SERVICE_LATENCY_OVER_AIR_INTERFACE_DEN,464784.0,900,NRCell,Huawei
1696824000000,SEV001_01,SERVICE_LATENCY_OVER_AIR_INTERFACE_NUM,1111748.0,900,NRCell,Huawei
1696824000000,SEV001_01,VOICE_TRAFFIC,35016.0,900,NRCell,Huawei
1696824000000,SEV001_01,VOLTE_CALL_SETUP_ATT,12.0,900,NRCell,Huawei
1696824000000,SEV001_01,VOLTE_CALL_SETUP_SUCC,12.0,900,NRCell,Huawei
1696824000000,SNT002_01,DCR_DEN,514.0,900,NRCell,Huawei
1696824000000,SNT002_01,DCR_NUM,0.0,900,NRCell,Huawei
1696824000000,SNT002_01,DROP_CALL_VOLTE_DEN,2.0,900,NRCell,Huawei
1696824000000,SNT002_01,DROP_CALL_VOLTE_NUM,0.0,900,NRCell,Huawei
1696824000000,SNT002_01,ERAB_SR_DEN,531.0,900,NRCell,Huawei
1696824000000,SNT002_01,ERAB_SR_NUM,531.0,900,NRCell,Huawei
1696824000000,SNT002_01,INTEGRITY_NGBR_QCI_9,7090950528.0,900,NRCell,Huawei
1696824000000,SNT002_01,INTRA_FREQUENCY_HO_OUT_ATT,48.0,900,NRCell,Huawei
1696824000000,SNT002_01,INTRA_FREQUENCY_HO_OUT_SUCC,48.0,900,NRCell,Huawei
1696824000000,SNT002_01,RRC_SETUP_ATT,352.0,900,NRCell,Huawei
1696824000000,SNT002_01,RRC_SETUP_SUCC,352.0,900,NRCell,Huawei
1696824000000,SNT002_01,S1SIG_Connection_Setup_SR_DEN,352.0,900,NRCell,Huawei
1696824000000,SNT002_01,S1SIG_Connection_Setup_SR_NUM,352.0,900,NRCell,Huawei
1696824000000,SNT002_01,SERVICE_LATENCY_OVER_AIR_INTERFACE_DEN,116434.0,900,NRCell,Huawei
1696824000000,SNT002_01,SERVICE_LATENCY_OVER_AIR_INTERFACE_NUM,143197.0,900,NRCell,Huawei
1696824000000,SNT002_01,VOICE_TRAFFIC,526.0,900,NRCell,Huawei
1696824000000,SNT002_01,VOLTE_CALL_SETUP_ATT,2.0,900,NRCell,Huawei
1696824000000,SNT002_01,VOLTE_CALL_SETUP_SUCC,2.0,900,NRCell,Huawei
1696824000000,TAR015_01,DCR_DEN,2375.0,900,NRCell,Huawei
1696824000000,TAR015_01,DCR_NUM,0.0,900,NRCell,Huawei
1696824000000,TAR015_01,DROP_CALL_VOLTE_DEN,19.0,900,NRCell,Huawei
1696824000000,TAR015_01,DROP_CALL_VOLTE_NUM,0.0,900,NRCell,Huawei
1696824000000,TAR015_01,ERAB_SR_DEN,2396.0,900,NRCell,Huawei
1696824000000,TAR015_01,ERAB_SR_NUM,2393.0,900,NRCell,Huawei
1696824000000,TAR015_01,INTEGRITY_NGBR_QCI_9,15086784248.0,900,NRCell,Huawei
1696824000000,TAR015_01,INTRA_FREQUENCY_HO_OUT_ATT,46.0,900,NRCell,Huawei
1696824000000,TAR015_01,INTRA_FREQUENCY_HO_OUT_SUCC,46.0,900,NRCell,Huawei
1696824000000,TAR015_01,RRC_SETUP_ATT,1337.0,900,NRCell,Huawei
1696824000000,TAR015_01,RRC_SETUP_SUCC,1337.0,900,NRCell,Huawei
1696824000000,TAR015_01,S1SIG_Connection_Setup_SR_DEN,1337.0,900,NRCell,Huawei
1696824000000,TAR015_01,S1SIG_Connection_Setup_SR_NUM,1337.0,900,NRCell,Huawei
1696824000000,TAR015_01,SERVICE_LATENCY_OVER_AIR_INTERFACE_DEN,515800.0,900,NRCell,Huawei
1696824000000,TAR015_01,SERVICE_LATENCY_OVER_AIR_INTERFACE_NUM,985671.0,900,NRCell,Huawei
1696824000000,TAR015_01,VOICE_TRAFFIC,32499.0,900,NRCell,Huawei
1696824000000,TAR015_01,VOLTE_CALL_SETUP_ATT,17.0,900,NRCell,Huawei
1696824000000,TAR015_01,VOLTE_CALL_SETUP_SUCC,17.0,900,NRCell,Huawei
1696824000000,TOL034_01,DCR_DEN,57.0,900,NRCell,Huawei
1696824000000,TOL034_01,DCR_NUM,0.0,900,NRCell,Huawei
1696824000000,TOL034_01,DROP_CALL_VOLTE_DEN,0.0,900,NRCell,Huawei
1696824000000,TOL034_01,DROP_CALL_VOLTE_NUM,0.0,900,NRCell,Huawei
1696824000000,TOL034_01,ERAB_SR_DEN,48.0,900,NRCell,Huawei
1696824000000,TOL034_01,ERAB_SR_NUM,48.0,900,NRCell,Huawei
1696824000000,TOL034_01,INTEGRITY_NGBR_QCI_9,3367737912.0,900,NRCell,Huawei
1696824000000,TOL034_01,INTRA_FREQUENCY_HO_OUT_ATT,2.0,900,NRCell,Huawei
1696824000000,TOL034_01,INTRA_FREQUENCY_HO_OUT_SUCC,2.0,900,NRCell,Huawei
1696824000000,TOL034_01,RRC_SETUP_ATT,41.0,900,NRCell,Huawei
1696824000000,TOL034_01,RRC_SETUP_SUCC,41.0,900,NRCell,Huawei
1696824000000,TOL034_01,S1SIG_Connection_Setup_SR_DEN,41.0,900,NRCell,Huawei
1696824000000,TOL034_01,S1SIG_Connection_Setup_SR_NUM,41.0,900,NRCell,Huawei
1696824000000,TOL034_01,SERVICE_LATENCY_OVER_AIR_INTERFACE_DEN,68390.0,900,NRCell,Huawei
1696824000000,TOL034_01,SERVICE_LATENCY_OVER_AIR_INTERFACE_NUM,99338.0,900,NRCell,Huawei
1696824000000,TOL034_01,VOICE_TRAFFIC,0.0,900,NRCell,Huawei
1696824000000,TOL034_01,VOLTE_CALL_SETUP_ATT,0.0,900,NRCell,Huawei
1696824000000,TOL034_01,VOLTE_CALL_SETUP_SUCC,0.0,900,NRCell,Huawei
1696824000000,VAL002_01,DCR_DEN,0.0,900,NRCell,Huawei
1696824000000,VAL002_01,DCR_NUM,0.0,900,NRCell,Huawei
1696824000000,VAL002_01,DROP_CALL_VOLTE_DEN,0.0,900,NRCell,Huawei
1696824000000,VAL002_01,DROP_CALL_VOLTE_NUM,0.0,900,NRCell,Huawei
1696824000000,VAL002_01,ERAB_SR_DEN,0.0,900,NRCell,Huawei
1696824000000,VAL002_01,ERAB_SR_NUM,0.0,900,NRCell,Huawei
1696824000000,VAL002_01,INTEGRITY_NGBR_QCI_9,3473954480.0,900,NRCell,Huawei
1696824000000,VAL002_01,INTRA_FREQUENCY_HO_OUT_ATT,1.0,900,NRCell,Huawei
1696824000000,VAL002_01,INTRA_FREQUENCY_HO_OUT_SUCC,1.0,900,NRCell,Huawei
1696824000000,VAL002_01,RRC_SETUP_ATT,0.0,900,NRCell,Huawei
1696824000000,VAL002_01,RRC_SETUP_SUCC,0.0,900,NRCell,Huawei
1696824000000,VAL002_01,S1SIG_Connection_Setup_SR_DEN,0.0,900,NRCell,Huawei
1696824000000,VAL002_01,S1SIG_Connection_Setup_SR_NUM,0.0,900,NRCell,Huawei
1696824000000,VAL002_01,SERVICE_LATENCY_OVER_AIR_INTERFACE_DEN,3233.0,900,NRCell,Huawei
1696824000000,VAL002_01,SERVICE_LATENCY_OVER_AIR_INTERFACE_NUM,42100.0,900,NRCell,Huawei
1696824000000,VAL002_01,VOICE_TRAFFIC,0.0,900,NRCell,Huawei
1696824000000,VAL002_01,VOLTE_CALL_SETUP_ATT,0.0,900,NRCell,Huawei
1696824000000,VAL002_01,VOLTE_CALL_SETUP_SUCC,0.0,900,NRCell,Huawei
