startTime,neId,counterCode,counterValue,granularity,neType,vendorName
1696698900000,BCN014_01,DCR_DEN,2679.0,900,NRCell,Huawei
1696698900000,BCN014_01,DCR_NUM,0.0,900,NRCell,Huawei
1696698900000,BCN014_01,DROP_CALL_VOLTE_DEN,25.0,900,NRCell,Huawei
1696698900000,BCN014_01,DROP_CALL_VOLTE_NUM,0.0,900,NRCell,Huawei
1696698900000,BCN014_01,ERAB_SR_DEN,2713.0,900,NRCell,Huawei
1696698900000,BCN014_01,ERAB_SR_NUM,2713.0,900,NRCell,Huawei
1696698900000,BCN014_01,INTEGRITY_NGBR_QCI_9,11322741160.0,900,NRCell,Huawei
1696698900000,BCN014_01,INTRA_FREQUENCY_HO_OUT_ATT,239.0,900,NRCell,Huawei
1696698900000,BCN014_01,INTRA_FREQUENCY_HO_OUT_SUCC,238.0,900,NRCell,Huawei
1696698900000,BCN014_01,RRC_SETUP_ATT,1589.0,900,NRCell,Huawei
1696698900000,BCN014_01,RRC_SETUP_SUCC,1588.0,900,NRCell,Huawei
1696698900000,BCN014_01,S1SIG_Connection_Setup_SR_DEN,1588.0,900,NRCell,Huawei
1696698900000,BCN014_01,S1SIG_Connection_Setup_SR_NUM,1588.0,900,NRCell,Huawei
1696698900000,BCN014_01,SERVICE_LATENCY_OVER_AIR_INTERFACE_DEN,384413.0,900,NRCell,Huawei
1696698900000,BCN014_01,SERVICE_LATENCY_OVER_AIR_INTERFACE_NUM,523018.0,900,NRCell,Huawei
1696698900000,BCN014_01,VOICE_TRAFFIC,18527.0,900,NRCell,Huawei
1696698900000,BCN014_01,VOLTE_CALL_SETUP_ATT,22.0,900,NRCell,Huawei
1696698900000,BCN014_01,VOLTE_CALL_SETUP_SUCC,22.0,900,NRCell,Huawei
1696698900000,BIL001_01,DCR_DEN,2645.0,900,NRCell,Huawei
1696698900000,BIL001_01,DCR_NUM,4.0,900,NRCell,Huawei
1696698900000,BIL001_01,DROP_CALL_VOLTE_DEN,26.0,900,NRCell,Huawei
1696698900000,BIL001_01,DROP_CALL_VOLTE_NUM,0.0,900,NRCell,Huawei
1696698900000,BIL001_01,ERAB_SR_DEN,2725.0,900,NRCell,Huawei
1696698900000,BIL001_01,ERAB_SR_NUM,2723.0,900,NRCell,Huawei
1696698900000,BIL001_01,INTEGRITY_NGBR_QCI_9,11219491024.0,900,NRCell,Huawei
1696698900000,BIL001_01,INTRA_FREQUENCY_HO_OUT_ATT,197.0,900,NRCell,Huawei
1696698900000,BIL001_01,INTRA_FREQUENCY_HO_OUT_SUCC,197.0,900,NRCell,Huawei
1696698900000,BIL001_01,RRC_SETUP_ATT,1590.0,900,NRCell,Huawei
1696698900000,BIL001_01,RRC_SETUP_SUCC,1584.0,900,NRCell,Huawei
1696698900000,BIL001_01,S1SIG_Connection_Setup_SR_DEN,1584.0,900,NRCell,Huawei
1696698900000,BIL001_01,S1SIG_Connection_Setup_SR_NUM,1584.0,900,NRCell,Huawei
1696698900000,BIL001_01,SERVICE_LATENCY_OVER_AIR_INTERFACE_DEN,314246.0,900,NRCell,Huawei
1696698900000,BIL001_01,SERVICE_LATENCY_OVER_AIR_INTERFACE_NUM,456998.0,900,NRCell,Huawei
1696698900000,BIL001_01,VOICE_TRAFFIC,21127.0,900,NRCell,Huawei
1696698900000,BIL001_01,VOLTE_CALL_SETUP_ATT,27.0,900,NRCell,Huawei
1696698900000,BIL001_01,VOLTE_CALL_SETUP_SUCC,27.0,900,NRCell,Huawei
1696698900000,MAD033_01,DCR_DEN,890.0,900,NRCell,Huawei
1696698900000,MAD033_01,DCR_NUM,0.0,900,NRCell,Huawei
1696698900000,MAD033_01,DROP_CALL_VOLTE_DEN,8.0,900,NRCell,Huawei
1696698900000,MAD033_01,DROP_CALL_VOLTE_NUM,0.0,900,NRCell,Huawei
1696698900000,MAD033_01,ERAB_SR_DEN,936.0,900,NRCell,Huawei
1696698900000,MAD033_01,ERAB_SR_NUM,936.0,900,NRCell,Huawei
1696698900000,MAD033_01,INTEGRITY_NGBR_QCI_9,4720165280.0,900,NRCell,Huawei
1696698900000,MAD033_01,INTRA_FREQUENCY_HO_OUT_ATT,102.0,900,NRCell,Huawei
1696698900000,MAD033_01,INTRA_FREQUENCY_HO_OUT_SUCC,102.0,900,NRCell,Huawei
1696698900000,MAD033_01,RRC_SETUP_ATT,538.0,900,NRCell,Huawei
1696698900000,MAD033_01,RRC_SETUP_SUCC,538.0,900,NRCell,Huawei
1696698900000,MAD033_01,S1SIG_Connection_Setup_SR_DEN,538.0,900,NRCell,Huawei
1696698900000,MAD033_01,S1SIG_Connection_Setup_SR_NUM,538.0,900,NRCell,Huawei
1696698900000,MAD033_01,SERVICE_LATENCY_OVER_AIR_INTERFACE_DEN,142286.0,900,NRCell,Huawei
1696698900000,MAD033_01,SERVICE_LATENCY_OVER_AIR_INTERFACE_NUM,160333.0,900,NRCell,Huawei
1696698900000,MAD033_01,VOICE_TRAFFIC,2457.0,900,NRCell,Huawei
1696698900000,MAD033_01,VOLTE_CALL_SETUP_ATT,11.0,900,NRCell,Huawei
1696698900000,MAD033_01,VOLTE_CALL_SETUP_SUCC,11.0,900,NRCell,Huawei
1696698900000,SAL030_01,DCR_DEN,218.0,900,NRCell,Huawei
1696698900000,SAL030_01,DCR_NUM,0.0,900,NRCell,Huawei
1696698900000,SAL030_01,DROP_CALL_VOLTE_DEN,3.0,900,NRCell,Huawei
1696698900000,SAL030_01,DROP_CALL_VOLTE_NUM,0.0,900,NRCell,Huawei
1696698900000,SAL030_01,ERAB_SR_DEN,210.0,900,NRCell,Huawei
1696698900000,SAL030_01,ERAB_SR_NUM,210.0,900,NRCell,Huawei
1696698900000,SAL030_01,INTEGRITY_NGBR_QCI_9,6303666992.0,900,NRCell,Huawei
1696698900000,SAL030_01,INTRA_FREQUENCY_HO_OUT_ATT,13.0,900,NRCell,Huawei
1696698900000,SAL030_01,INTRA_FREQUENCY_HO_OUT_SUCC,13.0,900,NRCell,Huawei
1696698900000,SAL030_01,RRC_SETUP_ATT,140.0,900,NRCell,Huawei
1696698900000,SAL030_01,RRC_SETUP_SUCC,140.0,900,NRCell,Huawei
1696698900000,SAL030_01,S1SIG_Connection_Setup_SR_DEN,140.0,900,NRCell,Huawei
1696698900000,SAL030_01,S1SIG_Connection_Setup_SR_NUM,140.0,900,NRCell,Huawei
1696698900000,SAL030_01,SERVICE_LATENCY_OVER_AIR_INTERFACE_DEN,76956.0,900,NRCell,Huawei
1696698900000,SAL030_01,SERVICE_LATENCY_OVER_AIR_INTERFACE_NUM,143752.0,900,NRCell,Huawei
1696698900000,SAL030_01,VOICE_TRAFFIC,3459.0,900,NRCell,Huawei
1696698900000,SAL030_01,VOLTE_CALL_SETUP_ATT,4.0,900,NRCell,Huawei
1696698900000,SAL030_01,VOLTE_CALL_SETUP_SUCC,4.0,900,NRCell,Huawei
1696698900000,SEV001_01,DCR_DEN,3152.0,900,NRCell,Huawei
1696698900000,SEV001_01,DCR_NUM,3.0,900,NRCell,Huawei
1696698900000,SEV001_01,DROP_CALL_VOLTE_DEN,30.0,900,NRCell,Huawei
1696698900000,SEV001_01,DROP_CALL_VOLTE_NUM,0.0,900,NRCell,Huawei
1696698900000,SEV001_01,ERAB_SR_DEN,3097.0,900,NRCell,Huawei
1696698900000,SEV001_01,ERAB_SR_NUM,3093.0,900,NRCell,Huawei
1696698900000,SEV001_01,INTEGRITY_NGBR_QCI_9,12653165840.0,900,NRCell,Huawei
1696698900000,SEV001_01,INTRA_FREQUENCY_HO_OUT_ATT,128.0,900,NRCell,Huawei
1696698900000,SEV001_01,INTRA_FREQUENCY_HO_OUT_SUCC,128.0,900,NRCell,Huawei
1696698900000,SEV001_01,RRC_SETUP_ATT,1679.0,900,NRCell,Huawei
1696698900000,SEV001_01,RRC_SETUP_SUCC,1679.0,900,NRCell,Huawei
1696698900000,SEV001_01,S1SIG_Connection_Setup_SR_DEN,1679.0,900,NRCell,Huawei
1696698900000,SEV001_01,S1SIG_Connection_Setup_SR_NUM,1679.0,900,NRCell,Huawei
1696698900000,SEV001_01,SERVICE_LATENCY_OVER_AIR_INTERFACE_DEN,459573.0,900,NRCell,Huawei
1696698900000,SEV001_01,SERVICE_LATENCY_OVER_AIR_INTERFACE_NUM,1274933.0,900,NRCell,Huawei
1696698900000,SEV001_01,VOICE_TRAFFIC,40033.0,900,NRCell,Huawei
1696698900000,SEV001_01,VOLTE_CALL_SETUP_ATT,32.0,900,NRCell,Huawei
1696698900000,SEV001_01,VOLTE_CALL_SETUP_SUCC,32.0,900,NRCell,Huawei
1696698900000,SNT002_01,DCR_DEN,817.0,900,NRCell,Huawei
1696698900000,SNT002_01,DCR_NUM,0.0,900,NRCell,Huawei
1696698900000,SNT002_01,DROP_CALL_VOLTE_DEN,8.0,900,NRCell,Huawei
1696698900000,SNT002_01,DROP_CALL_VOLTE_NUM,0.0,900,NRCell,Huawei
1696698900000,SNT002_01,ERAB_SR_DEN,835.0,900,NRCell,Huawei
1696698900000,SNT002_01,ERAB_SR_NUM,835.0,900,NRCell,Huawei
1696698900000,SNT002_01,INTEGRITY_NGBR_QCI_9,3589988544.0,900,NRCell,Huawei
1696698900000,SNT002_01,INTRA_FREQUENCY_HO_OUT_ATT,73.0,900,NRCell,Huawei
1696698900000,SNT002_01,INTRA_FREQUENCY_HO_OUT_SUCC,73.0,900,NRCell,Huawei
1696698900000,SNT002_01,RRC_SETUP_ATT,484.0,900,NRCell,Huawei
1696698900000,SNT002_01,RRC_SETUP_SUCC,484.0,900,NRCell,Huawei
1696698900000,SNT002_01,S1SIG_Connection_Setup_SR_DEN,484.0,900,NRCell,Huawei
1696698900000,SNT002_01,S1SIG_Connection_Setup_SR_NUM,484.0,900,NRCell,Huawei
1696698900000,SNT002_01,SERVICE_LATENCY_OVER_AIR_INTERFACE_DEN,111255.0,900,NRCell,Huawei
1696698900000,SNT002_01,SERVICE_LATENCY_OVER_AIR_INTERFACE_NUM,126372.0,900,NRCell,Huawei
1696698900000,SNT002_01,VOICE_TRAFFIC,8878.0,900,NRCell,Huawei
1696698900000,SNT002_01,VOLTE_CALL_SETUP_ATT,11.0,900,NRCell,Huawei
1696698900000,SNT002_01,VOLTE_CALL_SETUP_SUCC,11.0,900,NRCell,Huawei
1696698900000,TAR015_01,DCR_DEN,3835.0,900,NRCell,Huawei
1696698900000,TAR015_01,DCR_NUM,3.0,900,NRCell,Huawei
1696698900000,TAR015_01,DROP_CALL_VOLTE_DEN,36.0,900,NRCell,Huawei
1696698900000,TAR015_01,DROP_CALL_VOLTE_NUM,0.0,900,NRCell,Huawei
1696698900000,TAR015_01,ERAB_SR_DEN,3804.0,900,NRCell,Huawei
1696698900000,TAR015_01,ERAB_SR_NUM,3804.0,900,NRCell,Huawei
1696698900000,TAR015_01,INTEGRITY_NGBR_QCI_9,16371663328.0,900,NRCell,Huawei
1696698900000,TAR015_01,INTRA_FREQUENCY_HO_OUT_ATT,150.0,900,NRCell,Huawei
1696698900000,TAR015_01,INTRA_FREQUENCY_HO_OUT_SUCC,150.0,900,NRCell,Huawei
1696698900000,TAR015_01,RRC_SETUP_ATT,2100.0,900,NRCell,Huawei
1696698900000,TAR015_01,RRC_SETUP_SUCC,2100.0,900,NRCell,Huawei
1696698900000,TAR015_01,S1SIG_Connection_Setup_SR_DEN,2100.0,900,NRCell,Huawei
1696698900000,TAR015_01,S1SIG_Connection_Setup_SR_NUM,2100.0,900,NRCell,Huawei
1696698900000,TAR015_01,SERVICE_LATENCY_OVER_AIR_INTERFACE_DEN,464643.0,900,NRCell,Huawei
1696698900000,TAR015_01,SERVICE_LATENCY_OVER_AIR_INTERFACE_NUM,1709189.0,900,NRCell,Huawei
1696698900000,TAR015_01,VOICE_TRAFFIC,41560.0,900,NRCell,Huawei
1696698900000,TAR015_01,VOLTE_CALL_SETUP_ATT,29.0,900,NRCell,Huawei
1696698900000,TAR015_01,VOLTE_CALL_SETUP_SUCC,29.0,900,NRCell,Huawei
1696698900000,TOL034_01,DCR_DEN,126.0,900,NRCell,Huawei
1696698900000,TOL034_01,DCR_NUM,0.0,900,NRCell,Huawei
1696698900000,TOL034_01,DROP_CALL_VOLTE_DEN,2.0,900,NRCell,Huawei
1696698900000,TOL034_01,DROP_CALL_VOLTE_NUM,0.0,900,NRCell,Huawei
1696698900000,TOL034_01,ERAB_SR_DEN,120.0,900,NRCell,Huawei
1696698900000,TOL034_01,ERAB_SR_NUM,120.0,900,NRCell,Huawei
1696698900000,TOL034_01,INTEGRITY_NGBR_QCI_9,4869113368.0,900,NRCell,Huawei
1696698900000,TOL034_01,INTRA_FREQUENCY_HO_OUT_ATT,20.0,900,NRCell,Huawei
1696698900000,TOL034_01,INTRA_FREQUENCY_HO_OUT_SUCC,19.0,900,NRCell,Huawei
1696698900000,TOL034_01,RRC_SETUP_ATT,100.0,900,NRCell,Huawei
1696698900000,TOL034_01,RRC_SETUP_SUCC,98.0,900,NRCell,Huawei
1696698900000,TOL034_01,S1SIG_Connection_Setup_SR_DEN,98.0,900,NRCell,Huawei
1696698900000,TOL034_01,S1SIG_Connection_Setup_SR_NUM,98.0,900,NRCell,Huawei
1696698900000,TOL034_01,SERVICE_LATENCY_OVER_AIR_INTERFACE_DEN,11990.0,900,NRCell,Huawei
1696698900000,TOL034_01,SERVICE_LATENCY_OVER_AIR_INTERFACE_NUM,40764.0,900,NRCell,Huawei
1696698900000,TOL034_01,VOICE_TRAFFIC,495.0,900,NRCell,Huawei
1696698900000,TOL034_01,VOLTE_CALL_SETUP_ATT,2.0,900,NRCell,Huawei
1696698900000,TOL034_01,VOLTE_CALL_SETUP_SUCC,2.0,900,NRCell,Huawei
1696698900000,VAL002_01,DCR_DEN,44.0,900,NRCell,Huawei
1696698900000,VAL002_01,DCR_NUM,0.0,900,NRCell,Huawei
1696698900000,VAL002_01,DROP_CALL_VOLTE_DEN,0.0,900,NRCell,Huawei
1696698900000,VAL002_01,DROP_CALL_VOLTE_NUM,0.0,900,NRCell,Huawei
1696698900000,VAL002_01,ERAB_SR_DEN,45.0,900,NRCell,Huawei
1696698900000,VAL002_01,ERAB_SR_NUM,45.0,900,NRCell,Huawei
1696698900000,VAL002_01,INTEGRITY_NGBR_QCI_9,7416000.0,900,NRCell,Huawei
1696698900000,VAL002_01,INTRA_FREQUENCY_HO_OUT_ATT,5.0,900,NRCell,Huawei
1696698900000,VAL002_01,INTRA_FREQUENCY_HO_OUT_SUCC,5.0,900,NRCell,Huawei
1696698900000,VAL002_01,RRC_SETUP_ATT,38.0,900,NRCell,Huawei
1696698900000,VAL002_01,RRC_SETUP_SUCC,38.0,900,NRCell,Huawei
1696698900000,VAL002_01,S1SIG_Connection_Setup_SR_DEN,38.0,900,NRCell,Huawei
1696698900000,VAL002_01,S1SIG_Connection_Setup_SR_NUM,38.0,900,NRCell,Huawei
1696698900000,VAL002_01,SERVICE_LATENCY_OVER_AIR_INTERFACE_DEN,2351.0,900,NRCell,Huawei
1696698900000,VAL002_01,SERVICE_LATENCY_OVER_AIR_INTERFACE_NUM,3821.0,900,NRCell,Huawei
1696698900000,VAL002_01,VOICE_TRAFFIC,361.0,900,NRCell,Huawei
1696698900000,VAL002_01,VOLTE_CALL_SETUP_ATT,0.0,900,NRCell,Huawei
1696698900000,VAL002_01,VOLTE_CALL_SETUP_SUCC,0.0,900,NRCell,Huawei
