startTime,neId,counterCode,counterValue,granularity,neType,vendorName
1696761900000,BCN014_01,DCR_DEN,938.0,900,NRCell,Huawei
1696761900000,BCN014_01,DCR_NUM,0.0,900,NRCell,Huawei
1696761900000,BCN014_01,DROP_CALL_VOLTE_DEN,0.0,900,NRCell,Huawei
1696761900000,BCN014_01,DROP_CALL_VOLTE_NUM,0.0,900,NRCell,Huawei
1696761900000,BCN014_01,ERAB_SR_DEN,907.0,900,NRCell,Huawei
1696761900000,BCN014_01,ERAB_SR_NUM,907.0,900,NRCell,Huawei
1696761900000,BCN014_01,INTEGRITY_NGBR_QCI_9,4447486096.0,900,NRCell,Huawei
1696761900000,BCN014_01,INTRA_FREQUENCY_HO_OUT_ATT,13.0,900,NRCell,Huawei
1696761900000,BCN014_01,INTRA_FREQUENCY_HO_OUT_SUCC,13.0,900,NRCell,Huawei
1696761900000,BCN014_01,RRC_SETUP_ATT,609.0,900,NRCell,Huawei
1696761900000,BCN014_01,RRC_SETUP_SUCC,608.0,900,NRCell,Huawei
1696761900000,BCN014_01,S1SIG_Connection_Setup_SR_DEN,608.0,900,NRCell,Huawei
1696761900000,BCN014_01,S1SIG_Connection_Setup_SR_NUM,608.0,900,NRCell,Huawei
1696761900000,BCN014_01,SERVICE_LATENCY_OVER_AIR_INTERFACE_DEN,197590.0,900,NRCell,Huawei
1696761900000,BCN014_01,SERVICE_LATENCY_OVER_AIR_INTERFACE_NUM,207462.0,900,NRCell,Huawei
1696761900000,BCN014_01,VOICE_TRAFFIC,142.0,900,NRCell,Huawei
1696761900000,BCN014_01,VOLTE_CALL_SETUP_ATT,0.0,900,NRCell,Huawei
1696761900000,BCN014_01,VOLTE_CALL_SETUP_SUCC,0.0,900,NRCell,Huawei
1696761900000,BIL001_01,DCR_DEN,1071.0,900,NRCell,Huawei
1696761900000,BIL001_01,DCR_NUM,0.0,900,NRCell,Huawei
1696761900000,BIL001_01,DROP_CALL_VOLTE_DEN,0.0,900,NRCell,Huawei
1696761900000,BIL001_01,DROP_CALL_VOLTE_NUM,0.0,900,NRCell,Huawei
1696761900000,BIL001_01,ERAB_SR_DEN,1074.0,900,NRCell,Huawei
1696761900000,BIL001_01,ERAB_SR_NUM,1074.0,900,NRCell,Huawei
1696761900000,BIL001_01,INTEGRITY_NGBR_QCI_9,6033692496.0,900,NRCell,Huawei
1696761900000,BIL001_01,INTRA_FREQUENCY_HO_OUT_ATT,18.0,900,NRCell,Huawei
1696761900000,BIL001_01,INTRA_FREQUENCY_HO_OUT_SUCC,18.0,900,NRCell,Huawei
1696761900000,BIL001_01,RRC_SETUP_ATT,685.0,900,NRCell,Huawei
1696761900000,BIL001_01,RRC_SETUP_SUCC,685.0,900,NRCell,Huawei
1696761900000,BIL001_01,S1SIG_Connection_Setup_SR_DEN,685.0,900,NRCell,Huawei
1696761900000,BIL001_01,S1SIG_Connection_Setup_SR_NUM,685.0,900,NRCell,Huawei
1696761900000,BIL001_01,SERVICE_LATENCY_OVER_AIR_INTERFACE_DEN,24572.0,900,NRCell,Huawei
1696761900000,BIL001_01,SERVICE_LATENCY_OVER_AIR_INTERFACE_NUM,41062.0,900,NRCell,Huawei
1696761900000,BIL001_01,VOICE_TRAFFIC,0.0,900,NRCell,Huawei
1696761900000,BIL001_01,VOLTE_CALL_SETUP_ATT,0.0,900,NRCell,Huawei
1696761900000,BIL001_01,VOLTE_CALL_SETUP_SUCC,0.0,900,NRCell,Huawei
1696761900000,MAD033_01,DCR_DEN,755.0,900,NRCell,Huawei
1696761900000,MAD033_01,DCR_NUM,0.0,900,NRCell,Huawei
1696761900000,MAD033_01,DROP_CALL_VOLTE_DEN,0.0,900,NRCell,Huawei
1696761900000,MAD033_01,DROP_CALL_VOLTE_NUM,0.0,900,NRCell,Huawei
1696761900000,MAD033_01,ERAB_SR_DEN,769.0,900,NRCell,Huawei
1696761900000,MAD033_01,ERAB_SR_NUM,769.0,900,NRCell,Huawei
1696761900000,MAD033_01,INTEGRITY_NGBR_QCI_9,1246194600.0,900,NRCell,Huawei
1696761900000,MAD033_01,INTRA_FREQUENCY_HO_OUT_ATT,4.0,900,NRCell,Huawei
1696761900000,MAD033_01,INTRA_FREQUENCY_HO_OUT_SUCC,4.0,900,NRCell,Huawei
1696761900000,MAD033_01,RRC_SETUP_ATT,464.0,900,NRCell,Huawei
1696761900000,MAD033_01,RRC_SETUP_SUCC,463.0,900,NRCell,Huawei
1696761900000,MAD033_01,S1SIG_Connection_Setup_SR_DEN,463.0,900,NRCell,Huawei
1696761900000,MAD033_01,S1SIG_Connection_Setup_SR_NUM,463.0,900,NRCell,Huawei
1696761900000,MAD033_01,SERVICE_LATENCY_OVER_AIR_INTERFACE_DEN,39951.0,900,NRCell,Huawei
1696761900000,MAD033_01,SERVICE_LATENCY_OVER_AIR_INTERFACE_NUM,43018.0,900,NRCell,Huawei
1696761900000,MAD033_01,VOICE_TRAFFIC,0.0,900,NRCell,Huawei
1696761900000,MAD033_01,VOLTE_CALL_SETUP_ATT,0.0,900,NRCell,Huawei
1696761900000,MAD033_01,VOLTE_CALL_SETUP_SUCC,0.0,900,NRCell,Huawei
1696761900000,SAL030_01,DCR_DEN,115.0,900,NRCell,Huawei
1696761900000,SAL030_01,DCR_NUM,0.0,900,NRCell,Huawei
1696761900000,SAL030_01,DROP_CALL_VOLTE_DEN,0.0,900,NRCell,Huawei
1696761900000,SAL030_01,DROP_CALL_VOLTE_NUM,0.0,900,NRCell,Huawei
1696761900000,SAL030_01,ERAB_SR_DEN,120.0,900,NRCell,Huawei
1696761900000,SAL030_01,ERAB_SR_NUM,120.0,900,NRCell,Huawei
1696761900000,SAL030_01,INTEGRITY_NGBR_QCI_9,335731632.0,900,NRCell,Huawei
1696761900000,SAL030_01,INTRA_FREQUENCY_HO_OUT_ATT,2.0,900,NRCell,Huawei
1696761900000,SAL030_01,INTRA_FREQUENCY_HO_OUT_SUCC,2.0,900,NRCell,Huawei
1696761900000,SAL030_01,RRC_SETUP_ATT,72.0,900,NRCell,Huawei
1696761900000,SAL030_01,RRC_SETUP_SUCC,72.0,900,NRCell,Huawei
1696761900000,SAL030_01,S1SIG_Connection_Setup_SR_DEN,72.0,900,NRCell,Huawei
1696761900000,SAL030_01,S1SIG_Connection_Setup_SR_NUM,72.0,900,NRCell,Huawei
1696761900000,SAL030_01,SERVICE_LATENCY_OVER_AIR_INTERFACE_DEN,37663.0,900,NRCell,Huawei
1696761900000,SAL030_01,SERVICE_LATENCY_OVER_AIR_INTERFACE_NUM,39898.0,900,NRCell,Huawei
1696761900000,SAL030_01,VOICE_TRAFFIC,0.0,900,NRCell,Huawei
1696761900000,SAL030_01,VOLTE_CALL_SETUP_ATT,0.0,900,NRCell,Huawei
1696761900000,SAL030_01,VOLTE_CALL_SETUP_SUCC,0.0,900,NRCell,Huawei
1696761900000,SEV001_01,DCR_DEN,2356.0,900,NRCell,Huawei
1696761900000,SEV001_01,DCR_NUM,0.0,900,NRCell,Huawei
1696761900000,SEV001_01,DROP_CALL_VOLTE_DEN,1.0,900,NRCell,Huawei
1696761900000,SEV001_01,DROP_CALL_VOLTE_NUM,0.0,900,NRCell,Huawei
1696761900000,SEV001_01,ERAB_SR_DEN,2362.0,900,NRCell,Huawei
1696761900000,SEV001_01,ERAB_SR_NUM,2362.0,900,NRCell,Huawei
1696761900000,SEV001_01,INTEGRITY_NGBR_QCI_9,2323456056.0,900,NRCell,Huawei
1696761900000,SEV001_01,INTRA_FREQUENCY_HO_OUT_ATT,23.0,900,NRCell,Huawei
1696761900000,SEV001_01,INTRA_FREQUENCY_HO_OUT_SUCC,23.0,900,NRCell,Huawei
1696761900000,SEV001_01,RRC_SETUP_ATT,1347.0,900,NRCell,Huawei
1696761900000,SEV001_01,RRC_SETUP_SUCC,1347.0,900,NRCell,Huawei
1696761900000,SEV001_01,S1SIG_Connection_Setup_SR_DEN,1347.0,900,NRCell,Huawei
1696761900000,SEV001_01,S1SIG_Connection_Setup_SR_NUM,1347.0,900,NRCell,Huawei
1696761900000,SEV001_01,SERVICE_LATENCY_OVER_AIR_INTERFACE_DEN,94349.0,900,NRCell,Huawei
1696761900000,SEV001_01,SERVICE_LATENCY_OVER_AIR_INTERFACE_NUM,116832.0,900,NRCell,Huawei
1696761900000,SEV001_01,VOICE_TRAFFIC,210.0,900,NRCell,Huawei
1696761900000,SEV001_01,VOLTE_CALL_SETUP_ATT,1.0,900,NRCell,Huawei
1696761900000,SEV001_01,VOLTE_CALL_SETUP_SUCC,1.0,900,NRCell,Huawei
1696761900000,SNT002_01,DCR_DEN,663.0,900,NRCell,Huawei
1696761900000,SNT002_01,DCR_NUM,0.0,900,NRCell,Huawei
1696761900000,SNT002_01,DROP_CALL_VOLTE_DEN,0.0,900,NRCell,Huawei
1696761900000,SNT002_01,DROP_CALL_VOLTE_NUM,0.0,900,NRCell,Huawei
1696761900000,SNT002_01,ERAB_SR_DEN,646.0,900,NRCell,Huawei
1696761900000,SNT002_01,ERAB_SR_NUM,646.0,900,NRCell,Huawei
1696761900000,SNT002_01,INTEGRITY_NGBR_QCI_9,17690360.0,900,NRCell,Huawei
1696761900000,SNT002_01,INTRA_FREQUENCY_HO_OUT_ATT,3.0,900,NRCell,Huawei
1696761900000,SNT002_01,INTRA_FREQUENCY_HO_OUT_SUCC,3.0,900,NRCell,Huawei
1696761900000,SNT002_01,RRC_SETUP_ATT,356.0,900,NRCell,Huawei
1696761900000,SNT002_01,RRC_SETUP_SUCC,356.0,900,NRCell,Huawei
1696761900000,SNT002_01,S1SIG_Connection_Setup_SR_DEN,356.0,900,NRCell,Huawei
1696761900000,SNT002_01,S1SIG_Connection_Setup_SR_NUM,356.0,900,NRCell,Huawei
1696761900000,SNT002_01,SERVICE_LATENCY_OVER_AIR_INTERFACE_DEN,5117.0,900,NRCell,Huawei
1696761900000,SNT002_01,SERVICE_LATENCY_OVER_AIR_INTERFACE_NUM,5192.0,900,NRCell,Huawei
1696761900000,SNT002_01,VOICE_TRAFFIC,0.0,900,NRCell,Huawei
1696761900000,SNT002_01,VOLTE_CALL_SETUP_ATT,0.0,900,NRCell,Huawei
1696761900000,SNT002_01,VOLTE_CALL_SETUP_SUCC,0.0,900,NRCell,Huawei
1696761900000,TAR015_01,DCR_DEN,2201.0,900,NRCell,Huawei
1696761900000,TAR015_01,DCR_NUM,0.0,900,NRCell,Huawei
1696761900000,TAR015_01,DROP_CALL_VOLTE_DEN,1.0,900,NRCell,Huawei
1696761900000,TAR015_01,DROP_CALL_VOLTE_NUM,0.0,900,NRCell,Huawei
1696761900000,TAR015_01,ERAB_SR_DEN,2216.0,900,NRCell,Huawei
1696761900000,TAR015_01,ERAB_SR_NUM,2216.0,900,NRCell,Huawei
1696761900000,TAR015_01,INTEGRITY_NGBR_QCI_9,3235401104.0,900,NRCell,Huawei
1696761900000,TAR015_01,INTRA_FREQUENCY_HO_OUT_ATT,20.0,900,NRCell,Huawei
1696761900000,TAR015_01,INTRA_FREQUENCY_HO_OUT_SUCC,20.0,900,NRCell,Huawei
1696761900000,TAR015_01,RRC_SETUP_ATT,1302.0,900,NRCell,Huawei
1696761900000,TAR015_01,RRC_SETUP_SUCC,1301.0,900,NRCell,Huawei
1696761900000,TAR015_01,S1SIG_Connection_Setup_SR_DEN,1301.0,900,NRCell,Huawei
1696761900000,TAR015_01,S1SIG_Connection_Setup_SR_NUM,1301.0,900,NRCell,Huawei
1696761900000,TAR015_01,SERVICE_LATENCY_OVER_AIR_INTERFACE_DEN,52123.0,900,NRCell,Huawei
1696761900000,TAR015_01,SERVICE_LATENCY_OVER_AIR_INTERFACE_NUM,69550.0,900,NRCell,Huawei
1696761900000,TAR015_01,VOICE_TRAFFIC,202.0,900,NRCell,Huawei
1696761900000,TAR015_01,VOLTE_CALL_SETUP_ATT,1.0,900,NRCell,Huawei
1696761900000,TAR015_01,VOLTE_CALL_SETUP_SUCC,1.0,900,NRCell,Huawei
1696761900000,TOL034_01,DCR_DEN,62.0,900,NRCell,Huawei
1696761900000,TOL034_01,DCR_NUM,0.0,900,NRCell,Huawei
1696761900000,TOL034_01,DROP_CALL_VOLTE_DEN,0.0,900,NRCell,Huawei
1696761900000,TOL034_01,DROP_CALL_VOLTE_NUM,0.0,900,NRCell,Huawei
1696761900000,TOL034_01,ERAB_SR_DEN,63.0,900,NRCell,Huawei
1696761900000,TOL034_01,ERAB_SR_NUM,63.0,900,NRCell,Huawei
1696761900000,TOL034_01,INTEGRITY_NGBR_QCI_9,18724440.0,900,NRCell,Huawei
1696761900000,TOL034_01,INTRA_FREQUENCY_HO_OUT_ATT,0.0,900,NRCell,Huawei
1696761900000,TOL034_01,INTRA_FREQUENCY_HO_OUT_SUCC,0.0,900,NRCell,Huawei
1696761900000,TOL034_01,RRC_SETUP_ATT,52.0,900,NRCell,Huawei
1696761900000,TOL034_01,RRC_SETUP_SUCC,51.0,900,NRCell,Huawei
1696761900000,TOL034_01,S1SIG_Connection_Setup_SR_DEN,51.0,900,NRCell,Huawei
1696761900000,TOL034_01,S1SIG_Connection_Setup_SR_NUM,51.0,900,NRCell,Huawei
1696761900000,TOL034_01,SERVICE_LATENCY_OVER_AIR_INTERFACE_DEN,1393.0,900,NRCell,Huawei
1696761900000,TOL034_01,SERVICE_LATENCY_OVER_AIR_INTERFACE_NUM,1548.0,900,NRCell,Huawei
1696761900000,TOL034_01,VOICE_TRAFFIC,0.0,900,NRCell,Huawei
1696761900000,TOL034_01,VOLTE_CALL_SETUP_ATT,0.0,900,NRCell,Huawei
1696761900000,TOL034_01,VOLTE_CALL_SETUP_SUCC,0.0,900,NRCell,Huawei
1696761900000,VAL002_01,DCR_DEN,37.0,900,NRCell,Huawei
1696761900000,VAL002_01,DCR_NUM,0.0,900,NRCell,Huawei
1696761900000,VAL002_01,DROP_CALL_VOLTE_DEN,0.0,900,NRCell,Huawei
1696761900000,VAL002_01,DROP_CALL_VOLTE_NUM,0.0,900,NRCell,Huawei
1696761900000,VAL002_01,ERAB_SR_DEN,37.0,900,NRCell,Huawei
1696761900000,VAL002_01,ERAB_SR_NUM,37.0,900,NRCell,Huawei
1696761900000,VAL002_01,INTEGRITY_NGBR_QCI_9,1747304.0,900,NRCell,Huawei
1696761900000,VAL002_01,INTRA_FREQUENCY_HO_OUT_ATT,0.0,900,NRCell,Huawei
1696761900000,VAL002_01,INTRA_FREQUENCY_HO_OUT_SUCC,0.0,900,NRCell,Huawei
1696761900000,VAL002_01,RRC_SETUP_ATT,38.0,900,NRCell,Huawei
1696761900000,VAL002_01,RRC_SETUP_SUCC,38.0,900,NRCell,Huawei
1696761900000,VAL002_01,S1SIG_Connection_Setup_SR_DEN,38.0,900,NRCell,Huawei
1696761900000,VAL002_01,S1SIG_Connection_Setup_SR_NUM,38.0,900,NRCell,Huawei
1696761900000,VAL002_01,SERVICE_LATENCY_OVER_AIR_INTERFACE_DEN,100.0,900,NRCell,Huawei
1696761900000,VAL002_01,SERVICE_LATENCY_OVER_AIR_INTERFACE_NUM,107.0,900,NRCell,Huawei
1696761900000,VAL002_01,VOICE_TRAFFIC,0.0,900,NRCell,Huawei
1696761900000,VAL002_01,VOLTE_CALL_SETUP_ATT,0.0,900,NRCell,Huawei
1696761900000,VAL002_01,VOLTE_CALL_SETUP_SUCC,0.0,900,NRCell,Huawei
