startTime,neId,counterCode,counterValue,granularity,neType,vendorName
1696856400000,BCN014_01,DCR_DEN,2071.0,900,NRCell,Huawei
1696856400000,BCN014_01,DCR_NUM,1.0,900,NRCell,Huawei
1696856400000,BCN014_01,DROP_CALL_VOLTE_DEN,8.0,900,NRCell,Huawei
1696856400000,BCN014_01,DROP_CALL_VOLTE_NUM,0.0,900,NRCell,Huawei
1696856400000,BCN014_01,ERAB_SR_DEN,2063.0,900,NRCell,Huawei
1696856400000,BCN014_01,ERAB_SR_NUM,2063.0,900,NRCell,Huawei
1696856400000,BCN014_01,INTEGRITY_NGBR_QCI_9,8827229768.0,900,NRCell,Huawei
1696856400000,BCN014_01,INTRA_FREQUENCY_HO_OUT_ATT,189.0,900,NRCell,Huawei
1696856400000,BCN014_01,INTRA_FREQUENCY_HO_OUT_SUCC,189.0,900,NRCell,Huawei
1696856400000,BCN014_01,RRC_SETUP_ATT,1302.0,900,NRCell,Huawei
1696856400000,BCN014_01,RRC_SETUP_SUCC,1302.0,900,NRCell,Huawei
1696856400000,BCN014_01,S1SIG_Connection_Setup_SR_DEN,1302.0,900,NRCell,Huawei
1696856400000,BCN014_01,S1SIG_Connection_Setup_SR_NUM,1302.0,900,NRCell,Huawei
1696856400000,BCN014_01,SERVICE_LATENCY_OVER_AIR_INTERFACE_DEN,233316.0,900,NRCell,Huawei
1696856400000,BCN014_01,SERVICE_LATENCY_OVER_AIR_INTERFACE_NUM,342035.0,900,NRCell,Huawei
1696856400000,BCN014_01,VOICE_TRAFFIC,5281.0,900,NRCell,Huawei
1696856400000,BCN014_01,VOLTE_CALL_SETUP_ATT,9.0,900,NRCell,Huawei
1696856400000,BCN014_01,VOLTE_CALL_SETUP_SUCC,9.0,900,NRCell,Huawei
1696856400000,BIL001_01,DCR_DEN,2390.0,900,NRCell,Huawei
1696856400000,BIL001_01,DCR_NUM,0.0,900,NRCell,Huawei
1696856400000,BIL001_01,DROP_CALL_VOLTE_DEN,9.0,900,NRCell,Huawei
1696856400000,BIL001_01,DROP_CALL_VOLTE_NUM,0.0,900,NRCell,Huawei
1696856400000,BIL001_01,ERAB_SR_DEN,2383.0,900,NRCell,Huawei
1696856400000,BIL001_01,ERAB_SR_NUM,2383.0,900,NRCell,Huawei
1696856400000,BIL001_01,INTEGRITY_NGBR_QCI_9,6750765744.0,900,NRCell,Huawei
1696856400000,BIL001_01,INTRA_FREQUENCY_HO_OUT_ATT,164.0,900,NRCell,Huawei
1696856400000,BIL001_01,INTRA_FREQUENCY_HO_OUT_SUCC,164.0,900,NRCell,Huawei
1696856400000,BIL001_01,RRC_SETUP_ATT,1466.0,900,NRCell,Huawei
1696856400000,BIL001_01,RRC_SETUP_SUCC,1465.0,900,NRCell,Huawei
1696856400000,BIL001_01,S1SIG_Connection_Setup_SR_DEN,1465.0,900,NRCell,Huawei
1696856400000,BIL001_01,S1SIG_Connection_Setup_SR_NUM,1465.0,900,NRCell,Huawei
1696856400000,BIL001_01,SERVICE_LATENCY_OVER_AIR_INTERFACE_DEN,224802.0,900,NRCell,Huawei
1696856400000,BIL001_01,SERVICE_LATENCY_OVER_AIR_INTERFACE_NUM,319236.0,900,NRCell,Huawei
1696856400000,BIL001_01,VOICE_TRAFFIC,12324.0,900,NRCell,Huawei
1696856400000,BIL001_01,VOLTE_CALL_SETUP_ATT,14.0,900,NRCell,Huawei
1696856400000,BIL001_01,VOLTE_CALL_SETUP_SUCC,14.0,900,NRCell,Huawei
1696856400000,MAD033_01,DCR_DEN,1527.0,900,NRCell,Huawei
1696856400000,MAD033_01,DCR_NUM,0.0,900,NRCell,Huawei
1696856400000,MAD033_01,DROP_CALL_VOLTE_DEN,3.0,900,NRCell,Huawei
1696856400000,MAD033_01,DROP_CALL_VOLTE_NUM,0.0,900,NRCell,Huawei
1696856400000,MAD033_01,ERAB_SR_DEN,1543.0,900,NRCell,Huawei
1696856400000,MAD033_01,ERAB_SR_NUM,1543.0,900,NRCell,Huawei
1696856400000,MAD033_01,INTEGRITY_NGBR_QCI_9,6258020968.0,900,NRCell,Huawei
1696856400000,MAD033_01,INTRA_FREQUENCY_HO_OUT_ATT,107.0,900,NRCell,Huawei
1696856400000,MAD033_01,INTRA_FREQUENCY_HO_OUT_SUCC,107.0,900,NRCell,Huawei
1696856400000,MAD033_01,RRC_SETUP_ATT,881.0,900,NRCell,Huawei
1696856400000,MAD033_01,RRC_SETUP_SUCC,880.0,900,NRCell,Huawei
1696856400000,MAD033_01,S1SIG_Connection_Setup_SR_DEN,880.0,900,NRCell,Huawei
1696856400000,MAD033_01,S1SIG_Connection_Setup_SR_NUM,880.0,900,NRCell,Huawei
1696856400000,MAD033_01,SERVICE_LATENCY_OVER_AIR_INTERFACE_DEN,145742.0,900,NRCell,Huawei
1696856400000,MAD033_01,SERVICE_LATENCY_OVER_AIR_INTERFACE_NUM,184892.0,900,NRCell,Huawei
1696856400000,MAD033_01,VOICE_TRAFFIC,1979.0,900,NRCell,Huawei
1696856400000,MAD033_01,VOLTE_CALL_SETUP_ATT,2.0,900,NRCell,Huawei
1696856400000,MAD033_01,VOLTE_CALL_SETUP_SUCC,2.0,900,NRCell,Huawei
1696856400000,SAL030_01,DCR_DEN,98.0,900,NRCell,Huawei
1696856400000,SAL030_01,DCR_NUM,0.0,900,NRCell,Huawei
1696856400000,SAL030_01,DROP_CALL_VOLTE_DEN,2.0,900,NRCell,Huawei
1696856400000,SAL030_01,DROP_CALL_VOLTE_NUM,0.0,900,NRCell,Huawei
1696856400000,SAL030_01,ERAB_SR_DEN,113.0,900,NRCell,Huawei
1696856400000,SAL030_01,ERAB_SR_NUM,112.0,900,NRCell,Huawei
1696856400000,SAL030_01,INTEGRITY_NGBR_QCI_9,2134880256.0,900,NRCell,Huawei
1696856400000,SAL030_01,INTRA_FREQUENCY_HO_OUT_ATT,6.0,900,NRCell,Huawei
1696856400000,SAL030_01,INTRA_FREQUENCY_HO_OUT_SUCC,6.0,900,NRCell,Huawei
1696856400000,SAL030_01,RRC_SETUP_ATT,70.0,900,NRCell,Huawei
1696856400000,SAL030_01,RRC_SETUP_SUCC,70.0,900,NRCell,Huawei
1696856400000,SAL030_01,S1SIG_Connection_Setup_SR_DEN,70.0,900,NRCell,Huawei
1696856400000,SAL030_01,S1SIG_Connection_Setup_SR_NUM,70.0,900,NRCell,Huawei
1696856400000,SAL030_01,SERVICE_LATENCY_OVER_AIR_INTERFACE_DEN,19257.0,900,NRCell,Huawei
1696856400000,SAL030_01,SERVICE_LATENCY_OVER_AIR_INTERFACE_NUM,39415.0,900,NRCell,Huawei
1696856400000,SAL030_01,VOICE_TRAFFIC,396.0,900,NRCell,Huawei
1696856400000,SAL030_01,VOLTE_CALL_SETUP_ATT,1.0,900,NRCell,Huawei
1696856400000,SAL030_01,VOLTE_CALL_SETUP_SUCC,1.0,900,NRCell,Huawei
1696856400000,SEV001_01,DCR_DEN,2563.0,900,NRCell,Huawei
1696856400000,SEV001_01,DCR_NUM,0.0,900,NRCell,Huawei
1696856400000,SEV001_01,DROP_CALL_VOLTE_DEN,9.0,900,NRCell,Huawei
1696856400000,SEV001_01,DROP_CALL_VOLTE_NUM,0.0,900,NRCell,Huawei
1696856400000,SEV001_01,ERAB_SR_DEN,2556.0,900,NRCell,Huawei
1696856400000,SEV001_01,ERAB_SR_NUM,2554.0,900,NRCell,Huawei
1696856400000,SEV001_01,INTEGRITY_NGBR_QCI_9,6875931952.0,900,NRCell,Huawei
1696856400000,SEV001_01,INTRA_FREQUENCY_HO_OUT_ATT,122.0,900,NRCell,Huawei
1696856400000,SEV001_01,INTRA_FREQUENCY_HO_OUT_SUCC,122.0,900,NRCell,Huawei
1696856400000,SEV001_01,RRC_SETUP_ATT,1486.0,900,NRCell,Huawei
1696856400000,SEV001_01,RRC_SETUP_SUCC,1482.0,900,NRCell,Huawei
1696856400000,SEV001_01,S1SIG_Connection_Setup_SR_DEN,1482.0,900,NRCell,Huawei
1696856400000,SEV001_01,S1SIG_Connection_Setup_SR_NUM,1482.0,900,NRCell,Huawei
1696856400000,SEV001_01,SERVICE_LATENCY_OVER_AIR_INTERFACE_DEN,233341.0,900,NRCell,Huawei
1696856400000,SEV001_01,SERVICE_LATENCY_OVER_AIR_INTERFACE_NUM,295045.0,900,NRCell,Huawei
1696856400000,SEV001_01,VOICE_TRAFFIC,3026.0,900,NRCell,Huawei
1696856400000,SEV001_01,VOLTE_CALL_SETUP_ATT,9.0,900,NRCell,Huawei
1696856400000,SEV001_01,VOLTE_CALL_SETUP_SUCC,9.0,900,NRCell,Huawei
1696856400000,SNT002_01,DCR_DEN,1421.0,900,NRCell,Huawei
1696856400000,SNT002_01,DCR_NUM,0.0,900,NRCell,Huawei
1696856400000,SNT002_01,DROP_CALL_VOLTE_DEN,10.0,900,NRCell,Huawei
1696856400000,SNT002_01,DROP_CALL_VOLTE_NUM,0.0,900,NRCell,Huawei
1696856400000,SNT002_01,ERAB_SR_DEN,1477.0,900,NRCell,Huawei
1696856400000,SNT002_01,ERAB_SR_NUM,1477.0,900,NRCell,Huawei
1696856400000,SNT002_01,INTEGRITY_NGBR_QCI_9,7498030872.0,900,NRCell,Huawei
1696856400000,SNT002_01,INTRA_FREQUENCY_HO_OUT_ATT,76.0,900,NRCell,Huawei
1696856400000,SNT002_01,INTRA_FREQUENCY_HO_OUT_SUCC,76.0,900,NRCell,Huawei
1696856400000,SNT002_01,RRC_SETUP_ATT,841.0,900,NRCell,Huawei
1696856400000,SNT002_01,RRC_SETUP_SUCC,841.0,900,NRCell,Huawei
1696856400000,SNT002_01,S1SIG_Connection_Setup_SR_DEN,841.0,900,NRCell,Huawei
1696856400000,SNT002_01,S1SIG_Connection_Setup_SR_NUM,841.0,900,NRCell,Huawei
1696856400000,SNT002_01,SERVICE_LATENCY_OVER_AIR_INTERFACE_DEN,190533.0,900,NRCell,Huawei
1696856400000,SNT002_01,SERVICE_LATENCY_OVER_AIR_INTERFACE_NUM,221090.0,900,NRCell,Huawei
1696856400000,SNT002_01,VOICE_TRAFFIC,1898.0,900,NRCell,Huawei
1696856400000,SNT002_01,VOLTE_CALL_SETUP_ATT,9.0,900,NRCell,Huawei
1696856400000,SNT002_01,VOLTE_CALL_SETUP_SUCC,9.0,900,NRCell,Huawei
1696856400000,TAR015_01,DCR_DEN,2504.0,900,NRCell,Huawei
1696856400000,TAR015_01,DCR_NUM,2.0,900,NRCell,Huawei
1696856400000,TAR015_01,DROP_CALL_VOLTE_DEN,11.0,900,NRCell,Huawei
1696856400000,TAR015_01,DROP_CALL_VOLTE_NUM,0.0,900,NRCell,Huawei
1696856400000,TAR015_01,ERAB_SR_DEN,2451.0,900,NRCell,Huawei
1696856400000,TAR015_01,ERAB_SR_NUM,2450.0,900,NRCell,Huawei
1696856400000,TAR015_01,INTEGRITY_NGBR_QCI_9,6546778432.0,900,NRCell,Huawei
1696856400000,TAR015_01,INTRA_FREQUENCY_HO_OUT_ATT,120.0,900,NRCell,Huawei
1696856400000,TAR015_01,INTRA_FREQUENCY_HO_OUT_SUCC,120.0,900,NRCell,Huawei
1696856400000,TAR015_01,RRC_SETUP_ATT,1412.0,900,NRCell,Huawei
1696856400000,TAR015_01,RRC_SETUP_SUCC,1412.0,900,NRCell,Huawei
1696856400000,TAR015_01,S1SIG_Connection_Setup_SR_DEN,1412.0,900,NRCell,Huawei
1696856400000,TAR015_01,S1SIG_Connection_Setup_SR_NUM,1412.0,900,NRCell,Huawei
1696856400000,TAR015_01,SERVICE_LATENCY_OVER_AIR_INTERFACE_DEN,248305.0,900,NRCell,Huawei
1696856400000,TAR015_01,SERVICE_LATENCY_OVER_AIR_INTERFACE_NUM,324775.0,900,NRCell,Huawei
1696856400000,TAR015_01,VOICE_TRAFFIC,7862.0,900,NRCell,Huawei
1696856400000,TAR015_01,VOLTE_CALL_SETUP_ATT,11.0,900,NRCell,Huawei
1696856400000,TAR015_01,VOLTE_CALL_SETUP_SUCC,11.0,900,NRCell,Huawei
1696856400000,TOL034_01,DCR_DEN,120.0,900,NRCell,Huawei
1696856400000,TOL034_01,DCR_NUM,0.0,900,NRCell,Huawei
1696856400000,TOL034_01,DROP_CALL_VOLTE_DEN,0.0,900,NRCell,Huawei
1696856400000,TOL034_01,DROP_CALL_VOLTE_NUM,0.0,900,NRCell,Huawei
1696856400000,TOL034_01,ERAB_SR_DEN,111.0,900,NRCell,Huawei
1696856400000,TOL034_01,ERAB_SR_NUM,111.0,900,NRCell,Huawei
1696856400000,TOL034_01,INTEGRITY_NGBR_QCI_9,115528376.0,900,NRCell,Huawei
1696856400000,TOL034_01,INTRA_FREQUENCY_HO_OUT_ATT,10.0,900,NRCell,Huawei
1696856400000,TOL034_01,INTRA_FREQUENCY_HO_OUT_SUCC,10.0,900,NRCell,Huawei
1696856400000,TOL034_01,RRC_SETUP_ATT,82.0,900,NRCell,Huawei
1696856400000,TOL034_01,RRC_SETUP_SUCC,82.0,900,NRCell,Huawei
1696856400000,TOL034_01,S1SIG_Connection_Setup_SR_DEN,82.0,900,NRCell,Huawei
1696856400000,TOL034_01,S1SIG_Connection_Setup_SR_NUM,82.0,900,NRCell,Huawei
1696856400000,TOL034_01,SERVICE_LATENCY_OVER_AIR_INTERFACE_DEN,3776.0,900,NRCell,Huawei
1696856400000,TOL034_01,SERVICE_LATENCY_OVER_AIR_INTERFACE_NUM,5583.0,900,NRCell,Huawei
1696856400000,TOL034_01,VOICE_TRAFFIC,551.0,900,NRCell,Huawei
1696856400000,TOL034_01,VOLTE_CALL_SETUP_ATT,0.0,900,NRCell,Huawei
1696856400000,TOL034_01,VOLTE_CALL_SETUP_SUCC,0.0,900,NRCell,Huawei
1696856400000,VAL002_01,DCR_DEN,33.0,900,NRCell,Huawei
1696856400000,VAL002_01,DCR_NUM,0.0,900,NRCell,Huawei
1696856400000,VAL002_01,DROP_CALL_VOLTE_DEN,0.0,900,NRCell,Huawei
1696856400000,VAL002_01,DROP_CALL_VOLTE_NUM,0.0,900,NRCell,Huawei
1696856400000,VAL002_01,ERAB_SR_DEN,33.0,900,NRCell,Huawei
1696856400000,VAL002_01,ERAB_SR_NUM,33.0,900,NRCell,Huawei
1696856400000,VAL002_01,INTEGRITY_NGBR_QCI_9,31778584.0,900,NRCell,Huawei
1696856400000,VAL002_01,INTRA_FREQUENCY_HO_OUT_ATT,2.0,900,NRCell,Huawei
1696856400000,VAL002_01,INTRA_FREQUENCY_HO_OUT_SUCC,2.0,900,NRCell,Huawei
1696856400000,VAL002_01,RRC_SETUP_ATT,29.0,900,NRCell,Huawei
1696856400000,VAL002_01,RRC_SETUP_SUCC,29.0,900,NRCell,Huawei
1696856400000,VAL002_01,S1SIG_Connection_Setup_SR_DEN,29.0,900,NRCell,Huawei
1696856400000,VAL002_01,S1SIG_Connection_Setup_SR_NUM,29.0,900,NRCell,Huawei
1696856400000,VAL002_01,SERVICE_LATENCY_OVER_AIR_INTERFACE_DEN,1657.0,900,NRCell,Huawei
1696856400000,VAL002_01,SERVICE_LATENCY_OVER_AIR_INTERFACE_NUM,1952.0,900,NRCell,Huawei
1696856400000,VAL002_01,VOICE_TRAFFIC,0.0,900,NRCell,Huawei
1696856400000,VAL002_01,VOLTE_CALL_SETUP_ATT,0.0,900,NRCell,Huawei
1696856400000,VAL002_01,VOLTE_CALL_SETUP_SUCC,0.0,900,NRCell,Huawei
