startTime,neId,counterCode,counterValue,granularity,neType,vendorName
1696717800000,BCN014_01,DCR_DEN,2555.0,900,NRCell,Huawei
1696717800000,BCN014_01,DCR_NUM,2.0,900,NRCell,Huawei
1696717800000,BCN014_01,DROP_CALL_VOLTE_DEN,12.0,900,NRCell,Huawei
1696717800000,BCN014_01,DROP_CALL_VOLTE_NUM,0.0,900,NRCell,Huawei
1696717800000,BCN014_01,ERAB_SR_DEN,2488.0,900,NRCell,Huawei
1696717800000,BCN014_01,ERAB_SR_NUM,2484.0,900,NRCell,Huawei
1696717800000,BCN014_01,INTEGRITY_NGBR_QCI_9,14206236744.0,900,NRCell,Huawei
1696717800000,BCN014_01,INTRA_FREQUENCY_HO_OUT_ATT,238.0,900,NRCell,Huawei
1696717800000,BCN014_01,INTRA_FREQUENCY_HO_OUT_SUCC,238.0,900,NRCell,Huawei
1696717800000,BCN014_01,RRC_SETUP_ATT,1548.0,900,NRCell,Huawei
1696717800000,BCN014_01,RRC_SETUP_SUCC,1540.0,900,NRCell,Huawei
1696717800000,BCN014_01,S1SIG_Connection_Setup_SR_DEN,1539.0,900,NRCell,Huawei
1696717800000,BCN014_01,S1SIG_Connection_Setup_SR_NUM,1538.0,900,NRCell,Huawei
1696717800000,BCN014_01,SERVICE_LATENCY_OVER_AIR_INTERFACE_DEN,320936.0,900,NRCell,Huawei
1696717800000,BCN014_01,SERVICE_LATENCY_OVER_AIR_INTERFACE_NUM,503626.0,900,NRCell,Huawei
1696717800000,BCN014_01,VOICE_TRAFFIC,8303.0,900,NRCell,Huawei
1696717800000,BCN014_01,VOLTE_CALL_SETUP_ATT,13.0,900,NRCell,Huawei
1696717800000,BCN014_01,VOLTE_CALL_SETUP_SUCC,13.0,900,NRCell,Huawei
1696717800000,BIL001_01,DCR_DEN,2472.0,900,NRCell,Huawei
1696717800000,BIL001_01,DCR_NUM,6.0,900,NRCell,Huawei
1696717800000,BIL001_01,DROP_CALL_VOLTE_DEN,12.0,900,NRCell,Huawei
1696717800000,BIL001_01,DROP_CALL_VOLTE_NUM,0.0,900,NRCell,Huawei
1696717800000,BIL001_01,ERAB_SR_DEN,2496.0,900,NRCell,Huawei
1696717800000,BIL001_01,ERAB_SR_NUM,2494.0,900,NRCell,Huawei
1696717800000,BIL001_01,INTEGRITY_NGBR_QCI_9,10994208408.0,900,NRCell,Huawei
1696717800000,BIL001_01,INTRA_FREQUENCY_HO_OUT_ATT,197.0,900,NRCell,Huawei
1696717800000,BIL001_01,INTRA_FREQUENCY_HO_OUT_SUCC,196.0,900,NRCell,Huawei
1696717800000,BIL001_01,RRC_SETUP_ATT,1523.0,900,NRCell,Huawei
1696717800000,BIL001_01,RRC_SETUP_SUCC,1513.0,900,NRCell,Huawei
1696717800000,BIL001_01,S1SIG_Connection_Setup_SR_DEN,1513.0,900,NRCell,Huawei
1696717800000,BIL001_01,S1SIG_Connection_Setup_SR_NUM,1513.0,900,NRCell,Huawei
1696717800000,BIL001_01,SERVICE_LATENCY_OVER_AIR_INTERFACE_DEN,255264.0,900,NRCell,Huawei
1696717800000,BIL001_01,SERVICE_LATENCY_OVER_AIR_INTERFACE_NUM,459490.0,900,NRCell,Huawei
1696717800000,BIL001_01,VOICE_TRAFFIC,6817.0,900,NRCell,Huawei
1696717800000,BIL001_01,VOLTE_CALL_SETUP_ATT,12.0,900,NRCell,Huawei
1696717800000,BIL001_01,VOLTE_CALL_SETUP_SUCC,12.0,900,NRCell,Huawei
1696717800000,MAD033_01,DCR_DEN,1059.0,900,NRCell,Huawei
1696717800000,MAD033_01,DCR_NUM,0.0,900,NRCell,Huawei
1696717800000,MAD033_01,DROP_CALL_VOLTE_DEN,4.0,900,NRCell,Huawei
1696717800000,MAD033_01,DROP_CALL_VOLTE_NUM,0.0,900,NRCell,Huawei
1696717800000,MAD033_01,ERAB_SR_DEN,1077.0,900,NRCell,Huawei
1696717800000,MAD033_01,ERAB_SR_NUM,1075.0,900,NRCell,Huawei
1696717800000,MAD033_01,INTEGRITY_NGBR_QCI_9,2607897872.0,900,NRCell,Huawei
1696717800000,MAD033_01,INTRA_FREQUENCY_HO_OUT_ATT,100.0,900,NRCell,Huawei
1696717800000,MAD033_01,INTRA_FREQUENCY_HO_OUT_SUCC,100.0,900,NRCell,Huawei
1696717800000,MAD033_01,RRC_SETUP_ATT,650.0,900,NRCell,Huawei
1696717800000,MAD033_01,RRC_SETUP_SUCC,650.0,900,NRCell,Huawei
1696717800000,MAD033_01,S1SIG_Connection_Setup_SR_DEN,650.0,900,NRCell,Huawei
1696717800000,MAD033_01,S1SIG_Connection_Setup_SR_NUM,650.0,900,NRCell,Huawei
1696717800000,MAD033_01,SERVICE_LATENCY_OVER_AIR_INTERFACE_DEN,88842.0,900,NRCell,Huawei
1696717800000,MAD033_01,SERVICE_LATENCY_OVER_AIR_INTERFACE_NUM,104186.0,900,NRCell,Huawei
1696717800000,MAD033_01,VOICE_TRAFFIC,4205.0,900,NRCell,Huawei
1696717800000,MAD033_01,VOLTE_CALL_SETUP_ATT,4.0,900,NRCell,Huawei
1696717800000,MAD033_01,VOLTE_CALL_SETUP_SUCC,4.0,900,NRCell,Huawei
1696717800000,SAL030_01,DCR_DEN,198.0,900,NRCell,Huawei
1696717800000,SAL030_01,DCR_NUM,1.0,900,NRCell,Huawei
1696717800000,SAL030_01,DROP_CALL_VOLTE_DEN,4.0,900,NRCell,Huawei
1696717800000,SAL030_01,DROP_CALL_VOLTE_NUM,0.0,900,NRCell,Huawei
1696717800000,SAL030_01,ERAB_SR_DEN,195.0,900,NRCell,Huawei
1696717800000,SAL030_01,ERAB_SR_NUM,195.0,900,NRCell,Huawei
1696717800000,SAL030_01,INTEGRITY_NGBR_QCI_9,1795790912.0,900,NRCell,Huawei
1696717800000,SAL030_01,INTRA_FREQUENCY_HO_OUT_ATT,14.0,900,NRCell,Huawei
1696717800000,SAL030_01,INTRA_FREQUENCY_HO_OUT_SUCC,14.0,900,NRCell,Huawei
1696717800000,SAL030_01,RRC_SETUP_ATT,100.0,900,NRCell,Huawei
1696717800000,SAL030_01,RRC_SETUP_SUCC,100.0,900,NRCell,Huawei
1696717800000,SAL030_01,S1SIG_Connection_Setup_SR_DEN,100.0,900,NRCell,Huawei
1696717800000,SAL030_01,S1SIG_Connection_Setup_SR_NUM,100.0,900,NRCell,Huawei
1696717800000,SAL030_01,SERVICE_LATENCY_OVER_AIR_INTERFACE_DEN,23119.0,900,NRCell,Huawei
1696717800000,SAL030_01,SERVICE_LATENCY_OVER_AIR_INTERFACE_NUM,59635.0,900,NRCell,Huawei
1696717800000,SAL030_01,VOICE_TRAFFIC,1170.0,900,NRCell,Huawei
1696717800000,SAL030_01,VOLTE_CALL_SETUP_ATT,3.0,900,NRCell,Huawei
1696717800000,SAL030_01,VOLTE_CALL_SETUP_SUCC,3.0,900,NRCell,Huawei
1696717800000,SEV001_01,DCR_DEN,3304.0,900,NRCell,Huawei
1696717800000,SEV001_01,DCR_NUM,4.0,900,NRCell,Huawei
1696717800000,SEV001_01,DROP_CALL_VOLTE_DEN,34.0,900,NRCell,Huawei
1696717800000,SEV001_01,DROP_CALL_VOLTE_NUM,0.0,900,NRCell,Huawei
1696717800000,SEV001_01,ERAB_SR_DEN,3324.0,900,NRCell,Huawei
1696717800000,SEV001_01,ERAB_SR_NUM,3324.0,900,NRCell,Huawei
1696717800000,SEV001_01,INTEGRITY_NGBR_QCI_9,13912037920.0,900,NRCell,Huawei
1696717800000,SEV001_01,INTRA_FREQUENCY_HO_OUT_ATT,140.0,900,NRCell,Huawei
1696717800000,SEV001_01,INTRA_FREQUENCY_HO_OUT_SUCC,140.0,900,NRCell,Huawei
1696717800000,SEV001_01,RRC_SETUP_ATT,1805.0,900,NRCell,Huawei
1696717800000,SEV001_01,RRC_SETUP_SUCC,1800.0,900,NRCell,Huawei
1696717800000,SEV001_01,S1SIG_Connection_Setup_SR_DEN,1800.0,900,NRCell,Huawei
1696717800000,SEV001_01,S1SIG_Connection_Setup_SR_NUM,1800.0,900,NRCell,Huawei
1696717800000,SEV001_01,SERVICE_LATENCY_OVER_AIR_INTERFACE_DEN,521076.0,900,NRCell,Huawei
1696717800000,SEV001_01,SERVICE_LATENCY_OVER_AIR_INTERFACE_NUM,988869.0,900,NRCell,Huawei
1696717800000,SEV001_01,VOICE_TRAFFIC,47960.0,900,NRCell,Huawei
1696717800000,SEV001_01,VOLTE_CALL_SETUP_ATT,28.0,900,NRCell,Huawei
1696717800000,SEV001_01,VOLTE_CALL_SETUP_SUCC,28.0,900,NRCell,Huawei
1696717800000,SNT002_01,DCR_DEN,859.0,900,NRCell,Huawei
1696717800000,SNT002_01,DCR_NUM,0.0,900,NRCell,Huawei
1696717800000,SNT002_01,DROP_CALL_VOLTE_DEN,9.0,900,NRCell,Huawei
1696717800000,SNT002_01,DROP_CALL_VOLTE_NUM,0.0,900,NRCell,Huawei
1696717800000,SNT002_01,ERAB_SR_DEN,883.0,900,NRCell,Huawei
1696717800000,SNT002_01,ERAB_SR_NUM,883.0,900,NRCell,Huawei
1696717800000,SNT002_01,INTEGRITY_NGBR_QCI_9,4320645472.0,900,NRCell,Huawei
1696717800000,SNT002_01,INTRA_FREQUENCY_HO_OUT_ATT,86.0,900,NRCell,Huawei
1696717800000,SNT002_01,INTRA_FREQUENCY_HO_OUT_SUCC,86.0,900,NRCell,Huawei
1696717800000,SNT002_01,RRC_SETUP_ATT,527.0,900,NRCell,Huawei
1696717800000,SNT002_01,RRC_SETUP_SUCC,524.0,900,NRCell,Huawei
1696717800000,SNT002_01,S1SIG_Connection_Setup_SR_DEN,524.0,900,NRCell,Huawei
1696717800000,SNT002_01,S1SIG_Connection_Setup_SR_NUM,524.0,900,NRCell,Huawei
1696717800000,SNT002_01,SERVICE_LATENCY_OVER_AIR_INTERFACE_DEN,164524.0,900,NRCell,Huawei
1696717800000,SNT002_01,SERVICE_LATENCY_OVER_AIR_INTERFACE_NUM,224699.0,900,NRCell,Huawei
1696717800000,SNT002_01,VOICE_TRAFFIC,2862.0,900,NRCell,Huawei
1696717800000,SNT002_01,VOLTE_CALL_SETUP_ATT,8.0,900,NRCell,Huawei
1696717800000,SNT002_01,VOLTE_CALL_SETUP_SUCC,8.0,900,NRCell,Huawei
1696717800000,TAR015_01,DCR_DEN,3022.0,900,NRCell,Huawei
1696717800000,TAR015_01,DCR_NUM,3.0,900,NRCell,Huawei
1696717800000,TAR015_01,DROP_CALL_VOLTE_DEN,33.0,900,NRCell,Huawei
1696717800000,TAR015_01,DROP_CALL_VOLTE_NUM,1.0,900,NRCell,Huawei
1696717800000,TAR015_01,ERAB_SR_DEN,2983.0,900,NRCell,Huawei
1696717800000,TAR015_01,ERAB_SR_NUM,2980.0,900,NRCell,Huawei
1696717800000,TAR015_01,INTEGRITY_NGBR_QCI_9,13700230560.0,900,NRCell,Huawei
1696717800000,TAR015_01,INTRA_FREQUENCY_HO_OUT_ATT,131.0,900,NRCell,Huawei
1696717800000,TAR015_01,INTRA_FREQUENCY_HO_OUT_SUCC,131.0,900,NRCell,Huawei
1696717800000,TAR015_01,RRC_SETUP_ATT,1616.0,900,NRCell,Huawei
1696717800000,TAR015_01,RRC_SETUP_SUCC,1614.0,900,NRCell,Huawei
1696717800000,TAR015_01,S1SIG_Connection_Setup_SR_DEN,1615.0,900,NRCell,Huawei
1696717800000,TAR015_01,S1SIG_Connection_Setup_SR_NUM,1615.0,900,NRCell,Huawei
1696717800000,TAR015_01,SERVICE_LATENCY_OVER_AIR_INTERFACE_DEN,456840.0,900,NRCell,Huawei
1696717800000,TAR015_01,SERVICE_LATENCY_OVER_AIR_INTERFACE_NUM,1569249.0,900,NRCell,Huawei
1696717800000,TAR015_01,VOICE_TRAFFIC,35226.0,900,NRCell,Huawei
1696717800000,TAR015_01,VOLTE_CALL_SETUP_ATT,38.0,900,NRCell,Huawei
1696717800000,TAR015_01,VOLTE_CALL_SETUP_SUCC,38.0,900,NRCell,Huawei
1696717800000,TOL034_01,DCR_DEN,281.0,900,NRCell,Huawei
1696717800000,TOL034_01,DCR_NUM,0.0,900,NRCell,Huawei
1696717800000,TOL034_01,DROP_CALL_VOLTE_DEN,0.0,900,NRCell,Huawei
1696717800000,TOL034_01,DROP_CALL_VOLTE_NUM,0.0,900,NRCell,Huawei
1696717800000,TOL034_01,ERAB_SR_DEN,272.0,900,NRCell,Huawei
1696717800000,TOL034_01,ERAB_SR_NUM,271.0,900,NRCell,Huawei
1696717800000,TOL034_01,INTEGRITY_NGBR_QCI_9,649701192.0,900,NRCell,Huawei
1696717800000,TOL034_01,INTRA_FREQUENCY_HO_OUT_ATT,12.0,900,NRCell,Huawei
1696717800000,TOL034_01,INTRA_FREQUENCY_HO_OUT_SUCC,12.0,900,NRCell,Huawei
1696717800000,TOL034_01,RRC_SETUP_ATT,180.0,900,NRCell,Huawei
1696717800000,TOL034_01,RRC_SETUP_SUCC,179.0,900,NRCell,Huawei
1696717800000,TOL034_01,S1SIG_Connection_Setup_SR_DEN,179.0,900,NRCell,Huawei
1696717800000,TOL034_01,S1SIG_Connection_Setup_SR_NUM,179.0,900,NRCell,Huawei
1696717800000,TOL034_01,SERVICE_LATENCY_OVER_AIR_INTERFACE_DEN,31560.0,900,NRCell,Huawei
1696717800000,TOL034_01,SERVICE_LATENCY_OVER_AIR_INTERFACE_NUM,38231.0,900,NRCell,Huawei
1696717800000,TOL034_01,VOICE_TRAFFIC,150.0,900,NRCell,Huawei
1696717800000,TOL034_01,VOLTE_CALL_SETUP_ATT,0.0,900,NRCell,Huawei
1696717800000,TOL034_01,VOLTE_CALL_SETUP_SUCC,0.0,900,NRCell,Huawei
1696717800000,VAL002_01,DCR_DEN,35.0,900,NRCell,Huawei
1696717800000,VAL002_01,DCR_NUM,0.0,900,NRCell,Huawei
1696717800000,VAL002_01,DROP_CALL_VOLTE_DEN,0.0,900,NRCell,Huawei
1696717800000,VAL002_01,DROP_CALL_VOLTE_NUM,0.0,900,NRCell,Huawei
1696717800000,VAL002_01,ERAB_SR_DEN,37.0,900,NRCell,Huawei
1696717800000,VAL002_01,ERAB_SR_NUM,37.0,900,NRCell,Huawei
1696717800000,VAL002_01,INTEGRITY_NGBR_QCI_9,67918368.0,900,NRCell,Huawei
1696717800000,VAL002_01,INTRA_FREQUENCY_HO_OUT_ATT,10.0,900,NRCell,Huawei
1696717800000,VAL002_01,INTRA_FREQUENCY_HO_OUT_SUCC,10.0,900,NRCell,Huawei
1696717800000,VAL002_01,RRC_SETUP_ATT,28.0,900,NRCell,Huawei
1696717800000,VAL002_01,RRC_SETUP_SUCC,28.0,900,NRCell,Huawei
1696717800000,VAL002_01,S1SIG_Connection_Setup_SR_DEN,28.0,900,NRCell,Huawei
1696717800000,VAL002_01,S1SIG_Connection_Setup_SR_NUM,28.0,900,NRCell,Huawei
1696717800000,VAL002_01,SERVICE_LATENCY_OVER_AIR_INTERFACE_DEN,1091.0,900,NRCell,Huawei
1696717800000,VAL002_01,SERVICE_LATENCY_OVER_AIR_INTERFACE_NUM,1899.0,900,NRCell,Huawei
1696717800000,VAL002_01,VOICE_TRAFFIC,0.0,900,NRCell,Huawei
1696717800000,VAL002_01,VOLTE_CALL_SETUP_ATT,0.0,900,NRCell,Huawei
1696717800000,VAL002_01,VOLTE_CALL_SETUP_SUCC,0.0,900,NRCell,Huawei
