startTime,neId,counterCode,counterValue,granularity,neType,vendorName
1696677300000,BCN014_01,DCR_DEN,969.0,900,NRCell,Huawei
1696677300000,BCN014_01,DCR_NUM,0.0,900,NRCell,Huawei
1696677300000,BCN014_01,DROP_CALL_VOLTE_DEN,2.0,900,NRCell,Huawei
1696677300000,BCN014_01,DROP_CALL_VOLTE_NUM,0.0,900,NRCell,Huawei
1696677300000,BCN014_01,ERAB_SR_DEN,985.0,900,NRCell,Huawei
1696677300000,BCN014_01,ERAB_SR_NUM,985.0,900,NRCell,Huawei
1696677300000,BCN014_01,INTEGRITY_NGBR_QCI_9,1472522360.0,900,NRCell,Huawei
1696677300000,BCN014_01,INTRA_FREQUENCY_HO_OUT_ATT,14.0,900,NRCell,Huawei
1696677300000,BCN014_01,INTRA_FREQUENCY_HO_OUT_SUCC,14.0,900,NRCell,Huawei
1696677300000,BCN014_01,RRC_SETUP_ATT,662.0,900,NRCell,Huawei
1696677300000,BCN014_01,RRC_SETUP_SUCC,662.0,900,NRCell,Huawei
1696677300000,BCN014_01,S1SIG_Connection_Setup_SR_DEN,662.0,900,NRCell,Huawei
1696677300000,BCN014_01,S1SIG_Connection_Setup_SR_NUM,662.0,900,NRCell,Huawei
1696677300000,BCN014_01,SERVICE_LATENCY_OVER_AIR_INTERFACE_DEN,65672.0,900,NRCell,Huawei
1696677300000,BCN014_01,SERVICE_LATENCY_OVER_AIR_INTERFACE_NUM,73238.0,900,NRCell,Huawei
1696677300000,BCN014_01,VOICE_TRAFFIC,731.0,900,NRCell,Huawei
1696677300000,BCN014_01,VOLTE_CALL_SETUP_ATT,3.0,900,NRCell,Huawei
1696677300000,BCN014_01,VOLTE_CALL_SETUP_SUCC,3.0,900,NRCell,Huawei
1696677300000,BIL001_01,DCR_DEN,1073.0,900,NRCell,Huawei
1696677300000,BIL001_01,DCR_NUM,0.0,900,NRCell,Huawei
1696677300000,BIL001_01,DROP_CALL_VOLTE_DEN,5.0,900,NRCell,Huawei
1696677300000,BIL001_01,DROP_CALL_VOLTE_NUM,0.0,900,NRCell,Huawei
1696677300000,BIL001_01,ERAB_SR_DEN,1070.0,900,NRCell,Huawei
1696677300000,BIL001_01,ERAB_SR_NUM,1070.0,900,NRCell,Huawei
1696677300000,BIL001_01,INTEGRITY_NGBR_QCI_9,5209625144.0,900,NRCell,Huawei
1696677300000,BIL001_01,INTRA_FREQUENCY_HO_OUT_ATT,17.0,900,NRCell,Huawei
1696677300000,BIL001_01,INTRA_FREQUENCY_HO_OUT_SUCC,17.0,900,NRCell,Huawei
1696677300000,BIL001_01,RRC_SETUP_ATT,704.0,900,NRCell,Huawei
1696677300000,BIL001_01,RRC_SETUP_SUCC,704.0,900,NRCell,Huawei
1696677300000,BIL001_01,S1SIG_Connection_Setup_SR_DEN,704.0,900,NRCell,Huawei
1696677300000,BIL001_01,S1SIG_Connection_Setup_SR_NUM,704.0,900,NRCell,Huawei
1696677300000,BIL001_01,SERVICE_LATENCY_OVER_AIR_INTERFACE_DEN,151828.0,900,NRCell,Huawei
1696677300000,BIL001_01,SERVICE_LATENCY_OVER_AIR_INTERFACE_NUM,170997.0,900,NRCell,Huawei
1696677300000,BIL001_01,VOICE_TRAFFIC,386.0,900,NRCell,Huawei
1696677300000,BIL001_01,VOLTE_CALL_SETUP_ATT,4.0,900,NRCell,Huawei
1696677300000,BIL001_01,VOLTE_CALL_SETUP_SUCC,4.0,900,NRCell,Huawei
1696677300000,MAD033_01,DCR_DEN,688.0,900,NRCell,Huawei
1696677300000,MAD033_01,DCR_NUM,0.0,900,NRCell,Huawei
1696677300000,MAD033_01,DROP_CALL_VOLTE_DEN,0.0,900,NRCell,Huawei
1696677300000,MAD033_01,DROP_CALL_VOLTE_NUM,0.0,900,NRCell,Huawei
1696677300000,MAD033_01,ERAB_SR_DEN,696.0,900,NRCell,Huawei
1696677300000,MAD033_01,ERAB_SR_NUM,696.0,900,NRCell,Huawei
1696677300000,MAD033_01,INTEGRITY_NGBR_QCI_9,234571712.0,900,NRCell,Huawei
1696677300000,MAD033_01,INTRA_FREQUENCY_HO_OUT_ATT,5.0,900,NRCell,Huawei
1696677300000,MAD033_01,INTRA_FREQUENCY_HO_OUT_SUCC,5.0,900,NRCell,Huawei
1696677300000,MAD033_01,RRC_SETUP_ATT,395.0,900,NRCell,Huawei
1696677300000,MAD033_01,RRC_SETUP_SUCC,394.0,900,NRCell,Huawei
1696677300000,MAD033_01,S1SIG_Connection_Setup_SR_DEN,394.0,900,NRCell,Huawei
1696677300000,MAD033_01,S1SIG_Connection_Setup_SR_NUM,394.0,900,NRCell,Huawei
1696677300000,MAD033_01,SERVICE_LATENCY_OVER_AIR_INTERFACE_DEN,10341.0,900,NRCell,Huawei
1696677300000,MAD033_01,SERVICE_LATENCY_OVER_AIR_INTERFACE_NUM,13145.0,900,NRCell,Huawei
1696677300000,MAD033_01,VOICE_TRAFFIC,0.0,900,NRCell,Huawei
1696677300000,MAD033_01,VOLTE_CALL_SETUP_ATT,0.0,900,NRCell,Huawei
1696677300000,MAD033_01,VOLTE_CALL_SETUP_SUCC,0.0,900,NRCell,Huawei
1696677300000,SAL030_01,DCR_DEN,126.0,900,NRCell,Huawei
1696677300000,SAL030_01,DCR_NUM,0.0,900,NRCell,Huawei
1696677300000,SAL030_01,DROP_CALL_VOLTE_DEN,0.0,900,NRCell,Huawei
1696677300000,SAL030_01,DROP_CALL_VOLTE_NUM,0.0,900,NRCell,Huawei
1696677300000,SAL030_01,ERAB_SR_DEN,120.0,900,NRCell,Huawei
1696677300000,SAL030_01,ERAB_SR_NUM,120.0,900,NRCell,Huawei
1696677300000,SAL030_01,INTEGRITY_NGBR_QCI_9,27051296.0,900,NRCell,Huawei
1696677300000,SAL030_01,INTRA_FREQUENCY_HO_OUT_ATT,3.0,900,NRCell,Huawei
1696677300000,SAL030_01,INTRA_FREQUENCY_HO_OUT_SUCC,3.0,900,NRCell,Huawei
1696677300000,SAL030_01,RRC_SETUP_ATT,76.0,900,NRCell,Huawei
1696677300000,SAL030_01,RRC_SETUP_SUCC,76.0,900,NRCell,Huawei
1696677300000,SAL030_01,S1SIG_Connection_Setup_SR_DEN,76.0,900,NRCell,Huawei
1696677300000,SAL030_01,S1SIG_Connection_Setup_SR_NUM,76.0,900,NRCell,Huawei
1696677300000,SAL030_01,SERVICE_LATENCY_OVER_AIR_INTERFACE_DEN,1222.0,900,NRCell,Huawei
1696677300000,SAL030_01,SERVICE_LATENCY_OVER_AIR_INTERFACE_NUM,2313.0,900,NRCell,Huawei
1696677300000,SAL030_01,VOICE_TRAFFIC,0.0,900,NRCell,Huawei
1696677300000,SAL030_01,VOLTE_CALL_SETUP_ATT,0.0,900,NRCell,Huawei
1696677300000,SAL030_01,VOLTE_CALL_SETUP_SUCC,0.0,900,NRCell,Huawei
1696677300000,SEV001_01,DCR_DEN,2044.0,900,NRCell,Huawei
1696677300000,SEV001_01,DCR_NUM,0.0,900,NRCell,Huawei
1696677300000,SEV001_01,DROP_CALL_VOLTE_DEN,2.0,900,NRCell,Huawei
1696677300000,SEV001_01,DROP_CALL_VOLTE_NUM,0.0,900,NRCell,Huawei
1696677300000,SEV001_01,ERAB_SR_DEN,2074.0,900,NRCell,Huawei
1696677300000,SEV001_01,ERAB_SR_NUM,2073.0,900,NRCell,Huawei
1696677300000,SEV001_01,INTEGRITY_NGBR_QCI_9,1058460440.0,900,NRCell,Huawei
1696677300000,SEV001_01,INTRA_FREQUENCY_HO_OUT_ATT,18.0,900,NRCell,Huawei
1696677300000,SEV001_01,INTRA_FREQUENCY_HO_OUT_SUCC,17.0,900,NRCell,Huawei
1696677300000,SEV001_01,RRC_SETUP_ATT,1169.0,900,NRCell,Huawei
1696677300000,SEV001_01,RRC_SETUP_SUCC,1169.0,900,NRCell,Huawei
1696677300000,SEV001_01,S1SIG_Connection_Setup_SR_DEN,1169.0,900,NRCell,Huawei
1696677300000,SEV001_01,S1SIG_Connection_Setup_SR_NUM,1169.0,900,NRCell,Huawei
1696677300000,SEV001_01,SERVICE_LATENCY_OVER_AIR_INTERFACE_DEN,75426.0,900,NRCell,Huawei
1696677300000,SEV001_01,SERVICE_LATENCY_OVER_AIR_INTERFACE_NUM,102384.0,900,NRCell,Huawei
1696677300000,SEV001_01,VOICE_TRAFFIC,385.0,900,NRCell,Huawei
1696677300000,SEV001_01,VOLTE_CALL_SETUP_ATT,2.0,900,NRCell,Huawei
1696677300000,SEV001_01,VOLTE_CALL_SETUP_SUCC,2.0,900,NRCell,Huawei
1696677300000,SNT002_01,DCR_DEN,707.0,900,NRCell,Huawei
1696677300000,SNT002_01,DCR_NUM,0.0,900,NRCell,Huawei
1696677300000,SNT002_01,DROP_CALL_VOLTE_DEN,0.0,900,NRCell,Huawei
1696677300000,SNT002_01,DROP_CALL_VOLTE_NUM,0.0,900,NRCell,Huawei
1696677300000,SNT002_01,ERAB_SR_DEN,705.0,900,NRCell,Huawei
1696677300000,SNT002_01,ERAB_SR_NUM,705.0,900,NRCell,Huawei
1696677300000,SNT002_01,INTEGRITY_NGBR_QCI_9,450032992.0,900,NRCell,Huawei
1696677300000,SNT002_01,INTRA_FREQUENCY_HO_OUT_ATT,4.0,900,NRCell,Huawei
1696677300000,SNT002_01,INTRA_FREQUENCY_HO_OUT_SUCC,4.0,900,NRCell,Huawei
1696677300000,SNT002_01,RRC_SETUP_ATT,412.0,900,NRCell,Huawei
1696677300000,SNT002_01,RRC_SETUP_SUCC,412.0,900,NRCell,Huawei
1696677300000,SNT002_01,S1SIG_Connection_Setup_SR_DEN,412.0,900,NRCell,Huawei
1696677300000,SNT002_01,S1SIG_Connection_Setup_SR_NUM,412.0,900,NRCell,Huawei
1696677300000,SNT002_01,SERVICE_LATENCY_OVER_AIR_INTERFACE_DEN,13184.0,900,NRCell,Huawei
1696677300000,SNT002_01,SERVICE_LATENCY_OVER_AIR_INTERFACE_NUM,14159.0,900,NRCell,Huawei
1696677300000,SNT002_01,VOICE_TRAFFIC,0.0,900,NRCell,Huawei
1696677300000,SNT002_01,VOLTE_CALL_SETUP_ATT,0.0,900,NRCell,Huawei
1696677300000,SNT002_01,VOLTE_CALL_SETUP_SUCC,0.0,900,NRCell,Huawei
1696677300000,TAR015_01,DCR_DEN,2371.0,900,NRCell,Huawei
1696677300000,TAR015_01,DCR_NUM,1.0,900,NRCell,Huawei
1696677300000,TAR015_01,DROP_CALL_VOLTE_DEN,0.0,900,NRCell,Huawei
1696677300000,TAR015_01,DROP_CALL_VOLTE_NUM,0.0,900,NRCell,Huawei
1696677300000,TAR015_01,ERAB_SR_DEN,2379.0,900,NRCell,Huawei
1696677300000,TAR015_01,ERAB_SR_NUM,2379.0,900,NRCell,Huawei
1696677300000,TAR015_01,INTEGRITY_NGBR_QCI_9,4158759080.0,900,NRCell,Huawei
1696677300000,TAR015_01,INTRA_FREQUENCY_HO_OUT_ATT,35.0,900,NRCell,Huawei
1696677300000,TAR015_01,INTRA_FREQUENCY_HO_OUT_SUCC,35.0,900,NRCell,Huawei
1696677300000,TAR015_01,RRC_SETUP_ATT,1374.0,900,NRCell,Huawei
1696677300000,TAR015_01,RRC_SETUP_SUCC,1373.0,900,NRCell,Huawei
1696677300000,TAR015_01,S1SIG_Connection_Setup_SR_DEN,1373.0,900,NRCell,Huawei
1696677300000,TAR015_01,S1SIG_Connection_Setup_SR_NUM,1373.0,900,NRCell,Huawei
1696677300000,TAR015_01,SERVICE_LATENCY_OVER_AIR_INTERFACE_DEN,98813.0,900,NRCell,Huawei
1696677300000,TAR015_01,SERVICE_LATENCY_OVER_AIR_INTERFACE_NUM,124013.0,900,NRCell,Huawei
1696677300000,TAR015_01,VOICE_TRAFFIC,0.0,900,NRCell,Huawei
1696677300000,TAR015_01,VOLTE_CALL_SETUP_ATT,0.0,900,NRCell,Huawei
1696677300000,TAR015_01,VOLTE_CALL_SETUP_SUCC,0.0,900,NRCell,Huawei
1696677300000,TOL034_01,DCR_DEN,8.0,900,NRCell,Huawei
1696677300000,TOL034_01,DCR_NUM,0.0,900,NRCell,Huawei
1696677300000,TOL034_01,DROP_CALL_VOLTE_DEN,0.0,900,NRCell,Huawei
1696677300000,TOL034_01,DROP_CALL_VOLTE_NUM,0.0,900,NRCell,Huawei
1696677300000,TOL034_01,ERAB_SR_DEN,8.0,900,NRCell,Huawei
1696677300000,TOL034_01,ERAB_SR_NUM,8.0,900,NRCell,Huawei
1696677300000,TOL034_01,INTEGRITY_NGBR_QCI_9,882048.0,900,NRCell,Huawei
1696677300000,TOL034_01,INTRA_FREQUENCY_HO_OUT_ATT,0.0,900,NRCell,Huawei
1696677300000,TOL034_01,INTRA_FREQUENCY_HO_OUT_SUCC,0.0,900,NRCell,Huawei
1696677300000,TOL034_01,RRC_SETUP_ATT,8.0,900,NRCell,Huawei
1696677300000,TOL034_01,RRC_SETUP_SUCC,8.0,900,NRCell,Huawei
1696677300000,TOL034_01,S1SIG_Connection_Setup_SR_DEN,8.0,900,NRCell,Huawei
1696677300000,TOL034_01,S1SIG_Connection_Setup_SR_NUM,8.0,900,NRCell,Huawei
1696677300000,TOL034_01,SERVICE_LATENCY_OVER_AIR_INTERFACE_DEN,433.0,900,NRCell,Huawei
1696677300000,TOL034_01,SERVICE_LATENCY_OVER_AIR_INTERFACE_NUM,436.0,900,NRCell,Huawei
1696677300000,TOL034_01,VOICE_TRAFFIC,0.0,900,NRCell,Huawei
1696677300000,TOL034_01,VOLTE_CALL_SETUP_ATT,0.0,900,NRCell,Huawei
1696677300000,TOL034_01,VOLTE_CALL_SETUP_SUCC,0.0,900,NRCell,Huawei
1696677300000,VAL002_01,DCR_DEN,39.0,900,NRCell,Huawei
1696677300000,VAL002_01,DCR_NUM,0.0,900,NRCell,Huawei
1696677300000,VAL002_01,DROP_CALL_VOLTE_DEN,0.0,900,NRCell,Huawei
1696677300000,VAL002_01,DROP_CALL_VOLTE_NUM,0.0,900,NRCell,Huawei
1696677300000,VAL002_01,ERAB_SR_DEN,39.0,900,NRCell,Huawei
1696677300000,VAL002_01,ERAB_SR_NUM,39.0,900,NRCell,Huawei
1696677300000,VAL002_01,INTEGRITY_NGBR_QCI_9,10085512.0,900,NRCell,Huawei
1696677300000,VAL002_01,INTRA_FREQUENCY_HO_OUT_ATT,1.0,900,NRCell,Huawei
1696677300000,VAL002_01,INTRA_FREQUENCY_HO_OUT_SUCC,1.0,900,NRCell,Huawei
1696677300000,VAL002_01,RRC_SETUP_ATT,22.0,900,NRCell,Huawei
1696677300000,VAL002_01,RRC_SETUP_SUCC,22.0,900,NRCell,Huawei
1696677300000,VAL002_01,S1SIG_Connection_Setup_SR_DEN,22.0,900,NRCell,Huawei
1696677300000,VAL002_01,S1SIG_Connection_Setup_SR_NUM,22.0,900,NRCell,Huawei
1696677300000,VAL002_01,SERVICE_LATENCY_OVER_AIR_INTERFACE_DEN,2383.0,900,NRCell,Huawei
1696677300000,VAL002_01,SERVICE_LATENCY_OVER_AIR_INTERFACE_NUM,2601.0,900,NRCell,Huawei
1696677300000,VAL002_01,VOICE_TRAFFIC,0.0,900,NRCell,Huawei
1696677300000,VAL002_01,VOLTE_CALL_SETUP_ATT,0.0,900,NRCell,Huawei
1696677300000,VAL002_01,VOLTE_CALL_SETUP_SUCC,0.0,900,NRCell,Huawei
