startTime,neId,counterCode,counterValue,granularity,neType,vendorName
1696469400000,BCN014_01,DCR_DEN,2939.0,900,NRCell,Huawei
1696469400000,BCN014_01,DCR_NUM,4.0,900,NRCell,Huawei
1696469400000,BCN014_01,DROP_CALL_VOLTE_DEN,31.0,900,NRCell,Huawei
1696469400000,BCN014_01,DROP_CALL_VOLTE_NUM,1.0,900,NRCell,Huawei
1696469400000,BCN014_01,ERAB_SR_DEN,2903.0,900,NRCell,Huawei
1696469400000,BCN014_01,ERAB_SR_NUM,2903.0,900,NRCell,Huawei
1696469400000,BCN014_01,INTEGRITY_NGBR_QCI_9,12129550936.0,900,NRCell,Huawei
1696469400000,BCN014_01,INTRA_FREQUENCY_HO_OUT_ATT,257.0,900,NRCell,Huawei
1696469400000,BCN014_01,INTRA_FREQUENCY_HO_OUT_SUCC,257.0,900,NRCell,Huawei
1696469400000,BCN014_01,RRC_SETUP_ATT,1655.0,900,NRCell,Huawei
1696469400000,BCN014_01,RRC_SETUP_SUCC,1654.0,900,NRCell,Huawei
1696469400000,BCN014_01,S1SIG_Connection_Setup_SR_DEN,1654.0,900,NRCell,Huawei
1696469400000,BCN014_01,S1SIG_Connection_Setup_SR_NUM,1653.0,900,NRCell,Huawei
1696469400000,BCN014_01,SERVICE_LATENCY_OVER_AIR_INTERFACE_DEN,430040.0,900,NRCell,Huawei
1696469400000,BCN014_01,SERVICE_LATENCY_OVER_AIR_INTERFACE_NUM,689867.0,900,NRCell,Huawei
1696469400000,BCN014_01,VOICE_TRAFFIC,34568.0,900,NRCell,Huawei
1696469400000,BCN014_01,VOLTE_CALL_SETUP_ATT,24.0,900,NRCell,Huawei
1696469400000,BCN014_01,VOLTE_CALL_SETUP_SUCC,24.0,900,NRCell,Huawei
1696469400000,BIL001_01,DCR_DEN,2679.0,900,NRCell,Huawei
1696469400000,BIL001_01,DCR_NUM,1.0,900,NRCell,Huawei
1696469400000,BIL001_01,DROP_CALL_VOLTE_DEN,19.0,900,NRCell,Huawei
1696469400000,BIL001_01,DROP_CALL_VOLTE_NUM,0.0,900,NRCell,Huawei
1696469400000,BIL001_01,ERAB_SR_DEN,2721.0,900,NRCell,Huawei
1696469400000,BIL001_01,ERAB_SR_NUM,2721.0,900,NRCell,Huawei
1696469400000,BIL001_01,INTEGRITY_NGBR_QCI_9,13594096840.0,900,NRCell,Huawei
1696469400000,BIL001_01,INTRA_FREQUENCY_HO_OUT_ATT,154.0,900,NRCell,Huawei
1696469400000,BIL001_01,INTRA_FREQUENCY_HO_OUT_SUCC,154.0,900,NRCell,Huawei
1696469400000,BIL001_01,RRC_SETUP_ATT,1542.0,900,NRCell,Huawei
1696469400000,BIL001_01,RRC_SETUP_SUCC,1537.0,900,NRCell,Huawei
1696469400000,BIL001_01,S1SIG_Connection_Setup_SR_DEN,1537.0,900,NRCell,Huawei
1696469400000,BIL001_01,S1SIG_Connection_Setup_SR_NUM,1537.0,900,NRCell,Huawei
1696469400000,BIL001_01,SERVICE_LATENCY_OVER_AIR_INTERFACE_DEN,389265.0,900,NRCell,Huawei
1696469400000,BIL001_01,SERVICE_LATENCY_OVER_AIR_INTERFACE_NUM,631009.0,900,NRCell,Huawei
1696469400000,BIL001_01,VOICE_TRAFFIC,16371.0,900,NRCell,Huawei
1696469400000,BIL001_01,VOLTE_CALL_SETUP_ATT,18.0,900,NRCell,Huawei
1696469400000,BIL001_01,VOLTE_CALL_SETUP_SUCC,18.0,900,NRCell,Huawei
1696469400000,MAD033_01,DCR_DEN,1615.0,900,NRCell,Huawei
1696469400000,MAD033_01,DCR_NUM,0.0,900,NRCell,Huawei
1696469400000,MAD033_01,DROP_CALL_VOLTE_DEN,14.0,900,NRCell,Huawei
1696469400000,MAD033_01,DROP_CALL_VOLTE_NUM,0.0,900,NRCell,Huawei
1696469400000,MAD033_01,ERAB_SR_DEN,1602.0,900,NRCell,Huawei
1696469400000,MAD033_01,ERAB_SR_NUM,1602.0,900,NRCell,Huawei
1696469400000,MAD033_01,INTEGRITY_NGBR_QCI_9,7447610704.0,900,NRCell,Huawei
1696469400000,MAD033_01,INTRA_FREQUENCY_HO_OUT_ATT,178.0,900,NRCell,Huawei
1696469400000,MAD033_01,INTRA_FREQUENCY_HO_OUT_SUCC,177.0,900,NRCell,Huawei
1696469400000,MAD033_01,RRC_SETUP_ATT,1025.0,900,NRCell,Huawei
1696469400000,MAD033_01,RRC_SETUP_SUCC,1025.0,900,NRCell,Huawei
1696469400000,MAD033_01,S1SIG_Connection_Setup_SR_DEN,1025.0,900,NRCell,Huawei
1696469400000,MAD033_01,S1SIG_Connection_Setup_SR_NUM,1025.0,900,NRCell,Huawei
1696469400000,MAD033_01,SERVICE_LATENCY_OVER_AIR_INTERFACE_DEN,188698.0,900,NRCell,Huawei
1696469400000,MAD033_01,SERVICE_LATENCY_OVER_AIR_INTERFACE_NUM,256764.0,900,NRCell,Huawei
1696469400000,MAD033_01,VOICE_TRAFFIC,15555.0,900,NRCell,Huawei
1696469400000,MAD033_01,VOLTE_CALL_SETUP_ATT,12.0,900,NRCell,Huawei
1696469400000,MAD033_01,VOLTE_CALL_SETUP_SUCC,12.0,900,NRCell,Huawei
1696469400000,SAL030_01,DCR_DEN,178.0,900,NRCell,Huawei
1696469400000,SAL030_01,DCR_NUM,0.0,900,NRCell,Huawei
1696469400000,SAL030_01,DROP_CALL_VOLTE_DEN,2.0,900,NRCell,Huawei
1696469400000,SAL030_01,DROP_CALL_VOLTE_NUM,0.0,900,NRCell,Huawei
1696469400000,SAL030_01,ERAB_SR_DEN,189.0,900,NRCell,Huawei
1696469400000,SAL030_01,ERAB_SR_NUM,189.0,900,NRCell,Huawei
1696469400000,SAL030_01,INTEGRITY_NGBR_QCI_9,3654034320.0,900,NRCell,Huawei
1696469400000,SAL030_01,INTRA_FREQUENCY_HO_OUT_ATT,9.0,900,NRCell,Huawei
1696469400000,SAL030_01,INTRA_FREQUENCY_HO_OUT_SUCC,9.0,900,NRCell,Huawei
1696469400000,SAL030_01,RRC_SETUP_ATT,104.0,900,NRCell,Huawei
1696469400000,SAL030_01,RRC_SETUP_SUCC,104.0,900,NRCell,Huawei
1696469400000,SAL030_01,S1SIG_Connection_Setup_SR_DEN,104.0,900,NRCell,Huawei
1696469400000,SAL030_01,S1SIG_Connection_Setup_SR_NUM,103.0,900,NRCell,Huawei
1696469400000,SAL030_01,SERVICE_LATENCY_OVER_AIR_INTERFACE_DEN,74975.0,900,NRCell,Huawei
1696469400000,SAL030_01,SERVICE_LATENCY_OVER_AIR_INTERFACE_NUM,108001.0,900,NRCell,Huawei
1696469400000,SAL030_01,VOICE_TRAFFIC,1440.0,900,NRCell,Huawei
1696469400000,SAL030_01,VOLTE_CALL_SETUP_ATT,2.0,900,NRCell,Huawei
1696469400000,SAL030_01,VOLTE_CALL_SETUP_SUCC,2.0,900,NRCell,Huawei
1696469400000,SEV001_01,DCR_DEN,3210.0,900,NRCell,Huawei
1696469400000,SEV001_01,DCR_NUM,6.0,900,NRCell,Huawei
1696469400000,SEV001_01,DROP_CALL_VOLTE_DEN,33.0,900,NRCell,Huawei
1696469400000,SEV001_01,DROP_CALL_VOLTE_NUM,1.0,900,NRCell,Huawei
1696469400000,SEV001_01,ERAB_SR_DEN,3288.0,900,NRCell,Huawei
1696469400000,SEV001_01,ERAB_SR_NUM,3284.0,900,NRCell,Huawei
1696469400000,SEV001_01,INTEGRITY_NGBR_QCI_9,16049910696.0,900,NRCell,Huawei
1696469400000,SEV001_01,INTRA_FREQUENCY_HO_OUT_ATT,127.0,900,NRCell,Huawei
1696469400000,SEV001_01,INTRA_FREQUENCY_HO_OUT_SUCC,127.0,900,NRCell,Huawei
1696469400000,SEV001_01,RRC_SETUP_ATT,1803.0,900,NRCell,Huawei
1696469400000,SEV001_01,RRC_SETUP_SUCC,1798.0,900,NRCell,Huawei
1696469400000,SEV001_01,S1SIG_Connection_Setup_SR_DEN,1797.0,900,NRCell,Huawei
1696469400000,SEV001_01,S1SIG_Connection_Setup_SR_NUM,1797.0,900,NRCell,Huawei
1696469400000,SEV001_01,SERVICE_LATENCY_OVER_AIR_INTERFACE_DEN,582285.0,900,NRCell,Huawei
1696469400000,SEV001_01,SERVICE_LATENCY_OVER_AIR_INTERFACE_NUM,2297803.0,900,NRCell,Huawei
1696469400000,SEV001_01,VOICE_TRAFFIC,45527.0,900,NRCell,Huawei
1696469400000,SEV001_01,VOLTE_CALL_SETUP_ATT,32.0,900,NRCell,Huawei
1696469400000,SEV001_01,VOLTE_CALL_SETUP_SUCC,31.0,900,NRCell,Huawei
1696469400000,SNT002_01,DCR_DEN,1357.0,900,NRCell,Huawei
1696469400000,SNT002_01,DCR_NUM,0.0,900,NRCell,Huawei
1696469400000,SNT002_01,DROP_CALL_VOLTE_DEN,12.0,900,NRCell,Huawei
1696469400000,SNT002_01,DROP_CALL_VOLTE_NUM,0.0,900,NRCell,Huawei
1696469400000,SNT002_01,ERAB_SR_DEN,1347.0,900,NRCell,Huawei
1696469400000,SNT002_01,ERAB_SR_NUM,1347.0,900,NRCell,Huawei
1696469400000,SNT002_01,INTEGRITY_NGBR_QCI_9,6259504648.0,900,NRCell,Huawei
1696469400000,SNT002_01,INTRA_FREQUENCY_HO_OUT_ATT,108.0,900,NRCell,Huawei
1696469400000,SNT002_01,INTRA_FREQUENCY_HO_OUT_SUCC,108.0,900,NRCell,Huawei
1696469400000,SNT002_01,RRC_SETUP_ATT,825.0,900,NRCell,Huawei
1696469400000,SNT002_01,RRC_SETUP_SUCC,824.0,900,NRCell,Huawei
1696469400000,SNT002_01,S1SIG_Connection_Setup_SR_DEN,824.0,900,NRCell,Huawei
1696469400000,SNT002_01,S1SIG_Connection_Setup_SR_NUM,824.0,900,NRCell,Huawei
1696469400000,SNT002_01,SERVICE_LATENCY_OVER_AIR_INTERFACE_DEN,182789.0,900,NRCell,Huawei
1696469400000,SNT002_01,SERVICE_LATENCY_OVER_AIR_INTERFACE_NUM,230526.0,900,NRCell,Huawei
1696469400000,SNT002_01,VOICE_TRAFFIC,6814.0,900,NRCell,Huawei
1696469400000,SNT002_01,VOLTE_CALL_SETUP_ATT,8.0,900,NRCell,Huawei
1696469400000,SNT002_01,VOLTE_CALL_SETUP_SUCC,8.0,900,NRCell,Huawei
1696469400000,TAR015_01,DCR_DEN,3762.0,900,NRCell,Huawei
1696469400000,TAR015_01,DCR_NUM,2.0,900,NRCell,Huawei
1696469400000,TAR015_01,DROP_CALL_VOLTE_DEN,37.0,900,NRCell,Huawei
1696469400000,TAR015_01,DROP_CALL_VOLTE_NUM,0.0,900,NRCell,Huawei
1696469400000,TAR015_01,ERAB_SR_DEN,3768.0,900,NRCell,Huawei
1696469400000,TAR015_01,ERAB_SR_NUM,3763.0,900,NRCell,Huawei
1696469400000,TAR015_01,INTEGRITY_NGBR_QCI_9,15563863272.0,900,NRCell,Huawei
1696469400000,TAR015_01,INTRA_FREQUENCY_HO_OUT_ATT,183.0,900,NRCell,Huawei
1696469400000,TAR015_01,INTRA_FREQUENCY_HO_OUT_SUCC,183.0,900,NRCell,Huawei
1696469400000,TAR015_01,RRC_SETUP_ATT,2055.0,900,NRCell,Huawei
1696469400000,TAR015_01,RRC_SETUP_SUCC,2054.0,900,NRCell,Huawei
1696469400000,TAR015_01,S1SIG_Connection_Setup_SR_DEN,2055.0,900,NRCell,Huawei
1696469400000,TAR015_01,S1SIG_Connection_Setup_SR_NUM,2054.0,900,NRCell,Huawei
1696469400000,TAR015_01,SERVICE_LATENCY_OVER_AIR_INTERFACE_DEN,736428.0,900,NRCell,Huawei
1696469400000,TAR015_01,SERVICE_LATENCY_OVER_AIR_INTERFACE_NUM,2014349.0,900,NRCell,Huawei
1696469400000,TAR015_01,VOICE_TRAFFIC,48950.0,900,NRCell,Huawei
1696469400000,TAR015_01,VOLTE_CALL_SETUP_ATT,41.0,900,NRCell,Huawei
1696469400000,TAR015_01,VOLTE_CALL_SETUP_SUCC,41.0,900,NRCell,Huawei
1696469400000,TOL034_01,DCR_DEN,208.0,900,NRCell,Huawei
1696469400000,TOL034_01,DCR_NUM,0.0,900,NRCell,Huawei
1696469400000,TOL034_01,DROP_CALL_VOLTE_DEN,1.0,900,NRCell,Huawei
1696469400000,TOL034_01,DROP_CALL_VOLTE_NUM,0.0,900,NRCell,Huawei
1696469400000,TOL034_01,ERAB_SR_DEN,197.0,900,NRCell,Huawei
1696469400000,TOL034_01,ERAB_SR_NUM,197.0,900,NRCell,Huawei
1696469400000,TOL034_01,INTEGRITY_NGBR_QCI_9,4166373032.0,900,NRCell,Huawei
1696469400000,TOL034_01,INTRA_FREQUENCY_HO_OUT_ATT,21.0,900,NRCell,Huawei
1696469400000,TOL034_01,INTRA_FREQUENCY_HO_OUT_SUCC,21.0,900,NRCell,Huawei
1696469400000,TOL034_01,RRC_SETUP_ATT,134.0,900,NRCell,Huawei
1696469400000,TOL034_01,RRC_SETUP_SUCC,134.0,900,NRCell,Huawei
1696469400000,TOL034_01,S1SIG_Connection_Setup_SR_DEN,134.0,900,NRCell,Huawei
1696469400000,TOL034_01,S1SIG_Connection_Setup_SR_NUM,134.0,900,NRCell,Huawei
1696469400000,TOL034_01,SERVICE_LATENCY_OVER_AIR_INTERFACE_DEN,38333.0,900,NRCell,Huawei
1696469400000,TOL034_01,SERVICE_LATENCY_OVER_AIR_INTERFACE_NUM,63600.0,900,NRCell,Huawei
1696469400000,TOL034_01,VOICE_TRAFFIC,604.0,900,NRCell,Huawei
1696469400000,TOL034_01,VOLTE_CALL_SETUP_ATT,2.0,900,NRCell,Huawei
1696469400000,TOL034_01,VOLTE_CALL_SETUP_SUCC,2.0,900,NRCell,Huawei
1696469400000,VAL002_01,DCR_DEN,106.0,900,NRCell,Huawei
1696469400000,VAL002_01,DCR_NUM,0.0,900,NRCell,Huawei
1696469400000,VAL002_01,DROP_CALL_VOLTE_DEN,0.0,900,NRCell,Huawei
1696469400000,VAL002_01,DROP_CALL_VOLTE_NUM,0.0,900,NRCell,Huawei
1696469400000,VAL002_01,ERAB_SR_DEN,114.0,900,NRCell,Huawei
1696469400000,VAL002_01,ERAB_SR_NUM,113.0,900,NRCell,Huawei
1696469400000,VAL002_01,INTEGRITY_NGBR_QCI_9,1189383664.0,900,NRCell,Huawei
1696469400000,VAL002_01,INTRA_FREQUENCY_HO_OUT_ATT,7.0,900,NRCell,Huawei
1696469400000,VAL002_01,INTRA_FREQUENCY_HO_OUT_SUCC,7.0,900,NRCell,Huawei
1696469400000,VAL002_01,RRC_SETUP_ATT,69.0,900,NRCell,Huawei
1696469400000,VAL002_01,RRC_SETUP_SUCC,69.0,900,NRCell,Huawei
1696469400000,VAL002_01,S1SIG_Connection_Setup_SR_DEN,69.0,900,NRCell,Huawei
1696469400000,VAL002_01,S1SIG_Connection_Setup_SR_NUM,69.0,900,NRCell,Huawei
1696469400000,VAL002_01,SERVICE_LATENCY_OVER_AIR_INTERFACE_DEN,30816.0,900,NRCell,Huawei
1696469400000,VAL002_01,SERVICE_LATENCY_OVER_AIR_INTERFACE_NUM,40928.0,900,NRCell,Huawei
1696469400000,VAL002_01,VOICE_TRAFFIC,110.0,900,NRCell,Huawei
1696469400000,VAL002_01,VOLTE_CALL_SETUP_ATT,0.0,900,NRCell,Huawei
1696469400000,VAL002_01,VOLTE_CALL_SETUP_SUCC,0.0,900,NRCell,Huawei
