startTime,neId,counterCode,counterValue,granularity,neType,vendorName
1696788000000,BCN014_01,DCR_DEN,2399.0,900,NRCell,Huawei
1696788000000,BCN014_01,DCR_NUM,3.0,900,NRCell,Huawei
1696788000000,BCN014_01,DROP_CALL_VOLTE_DEN,18.0,900,NRCell,Huawei
1696788000000,BCN014_01,DROP_CALL_VOLTE_NUM,0.0,900,NRCell,Huawei
1696788000000,BCN014_01,ERAB_SR_DEN,2388.0,900,NRCell,Huawei
1696788000000,BCN014_01,ERAB_SR_NUM,2387.0,900,NRCell,Huawei
1696788000000,BCN014_01,INTEGRITY_NGBR_QCI_9,10439443728.0,900,NRCell,Huawei
1696788000000,BCN014_01,INTRA_FREQUENCY_HO_OUT_ATT,176.0,900,NRCell,Huawei
1696788000000,BCN014_01,INTRA_FREQUENCY_HO_OUT_SUCC,176.0,900,NRCell,Huawei
1696788000000,BCN014_01,RRC_SETUP_ATT,1459.0,900,NRCell,Huawei
1696788000000,BCN014_01,RRC_SETUP_SUCC,1458.0,900,NRCell,Huawei
1696788000000,BCN014_01,S1SIG_Connection_Setup_SR_DEN,1458.0,900,NRCell,Huawei
1696788000000,BCN014_01,S1SIG_Connection_Setup_SR_NUM,1448.0,900,NRCell,Huawei
1696788000000,BCN014_01,SERVICE_LATENCY_OVER_AIR_INTERFACE_DEN,272175.0,900,NRCell,Huawei
1696788000000,BCN014_01,SERVICE_LATENCY_OVER_AIR_INTERFACE_NUM,442274.0,900,NRCell,Huawei
1696788000000,BCN014_01,VOICE_TRAFFIC,10908.0,900,NRCell,Huawei
1696788000000,BCN014_01,VOLTE_CALL_SETUP_ATT,19.0,900,NRCell,Huawei
1696788000000,BCN014_01,VOLTE_CALL_SETUP_SUCC,19.0,900,NRCell,Huawei
1696788000000,BIL001_01,DCR_DEN,2222.0,900,NRCell,Huawei
1696788000000,BIL001_01,DCR_NUM,0.0,900,NRCell,Huawei
1696788000000,BIL001_01,DROP_CALL_VOLTE_DEN,15.0,900,NRCell,Huawei
1696788000000,BIL001_01,DROP_CALL_VOLTE_NUM,0.0,900,NRCell,Huawei
1696788000000,BIL001_01,ERAB_SR_DEN,2236.0,900,NRCell,Huawei
1696788000000,BIL001_01,ERAB_SR_NUM,2234.0,900,NRCell,Huawei
1696788000000,BIL001_01,INTEGRITY_NGBR_QCI_9,10508395376.0,900,NRCell,Huawei
1696788000000,BIL001_01,INTRA_FREQUENCY_HO_OUT_ATT,177.0,900,NRCell,Huawei
1696788000000,BIL001_01,INTRA_FREQUENCY_HO_OUT_SUCC,177.0,900,NRCell,Huawei
1696788000000,BIL001_01,RRC_SETUP_ATT,1360.0,900,NRCell,Huawei
1696788000000,BIL001_01,RRC_SETUP_SUCC,1352.0,900,NRCell,Huawei
1696788000000,BIL001_01,S1SIG_Connection_Setup_SR_DEN,1352.0,900,NRCell,Huawei
1696788000000,BIL001_01,S1SIG_Connection_Setup_SR_NUM,1348.0,900,NRCell,Huawei
1696788000000,BIL001_01,SERVICE_LATENCY_OVER_AIR_INTERFACE_DEN,278144.0,900,NRCell,Huawei
1696788000000,BIL001_01,SERVICE_LATENCY_OVER_AIR_INTERFACE_NUM,439645.0,900,NRCell,Huawei
1696788000000,BIL001_01,VOICE_TRAFFIC,14721.0,900,NRCell,Huawei
1696788000000,BIL001_01,VOLTE_CALL_SETUP_ATT,16.0,900,NRCell,Huawei
1696788000000,BIL001_01,VOLTE_CALL_SETUP_SUCC,16.0,900,NRCell,Huawei
1696788000000,MAD033_01,DCR_DEN,841.0,900,NRCell,Huawei
1696788000000,MAD033_01,DCR_NUM,0.0,900,NRCell,Huawei
1696788000000,MAD033_01,DROP_CALL_VOLTE_DEN,5.0,900,NRCell,Huawei
1696788000000,MAD033_01,DROP_CALL_VOLTE_NUM,0.0,900,NRCell,Huawei
1696788000000,MAD033_01,ERAB_SR_DEN,898.0,900,NRCell,Huawei
1696788000000,MAD033_01,ERAB_SR_NUM,894.0,900,NRCell,Huawei
1696788000000,MAD033_01,INTEGRITY_NGBR_QCI_9,2837693024.0,900,NRCell,Huawei
1696788000000,MAD033_01,INTRA_FREQUENCY_HO_OUT_ATT,71.0,900,NRCell,Huawei
1696788000000,MAD033_01,INTRA_FREQUENCY_HO_OUT_SUCC,71.0,900,NRCell,Huawei
1696788000000,MAD033_01,RRC_SETUP_ATT,529.0,900,NRCell,Huawei
1696788000000,MAD033_01,RRC_SETUP_SUCC,529.0,900,NRCell,Huawei
1696788000000,MAD033_01,S1SIG_Connection_Setup_SR_DEN,529.0,900,NRCell,Huawei
1696788000000,MAD033_01,S1SIG_Connection_Setup_SR_NUM,528.0,900,NRCell,Huawei
1696788000000,MAD033_01,SERVICE_LATENCY_OVER_AIR_INTERFACE_DEN,107785.0,900,NRCell,Huawei
1696788000000,MAD033_01,SERVICE_LATENCY_OVER_AIR_INTERFACE_NUM,120938.0,900,NRCell,Huawei
1696788000000,MAD033_01,VOICE_TRAFFIC,12563.0,900,NRCell,Huawei
1696788000000,MAD033_01,VOLTE_CALL_SETUP_ATT,7.0,900,NRCell,Huawei
1696788000000,MAD033_01,VOLTE_CALL_SETUP_SUCC,7.0,900,NRCell,Huawei
1696788000000,SAL030_01,DCR_DEN,84.0,900,NRCell,Huawei
1696788000000,SAL030_01,DCR_NUM,0.0,900,NRCell,Huawei
1696788000000,SAL030_01,DROP_CALL_VOLTE_DEN,1.0,900,NRCell,Huawei
1696788000000,SAL030_01,DROP_CALL_VOLTE_NUM,0.0,900,NRCell,Huawei
1696788000000,SAL030_01,ERAB_SR_DEN,81.0,900,NRCell,Huawei
1696788000000,SAL030_01,ERAB_SR_NUM,81.0,900,NRCell,Huawei
1696788000000,SAL030_01,INTEGRITY_NGBR_QCI_9,6586804512.0,900,NRCell,Huawei
1696788000000,SAL030_01,INTRA_FREQUENCY_HO_OUT_ATT,7.0,900,NRCell,Huawei
1696788000000,SAL030_01,INTRA_FREQUENCY_HO_OUT_SUCC,7.0,900,NRCell,Huawei
1696788000000,SAL030_01,RRC_SETUP_ATT,49.0,900,NRCell,Huawei
1696788000000,SAL030_01,RRC_SETUP_SUCC,49.0,900,NRCell,Huawei
1696788000000,SAL030_01,S1SIG_Connection_Setup_SR_DEN,49.0,900,NRCell,Huawei
1696788000000,SAL030_01,S1SIG_Connection_Setup_SR_NUM,47.0,900,NRCell,Huawei
1696788000000,SAL030_01,SERVICE_LATENCY_OVER_AIR_INTERFACE_DEN,71710.0,900,NRCell,Huawei
1696788000000,SAL030_01,SERVICE_LATENCY_OVER_AIR_INTERFACE_NUM,117384.0,900,NRCell,Huawei
1696788000000,SAL030_01,VOICE_TRAFFIC,1066.0,900,NRCell,Huawei
1696788000000,SAL030_01,VOLTE_CALL_SETUP_ATT,0.0,900,NRCell,Huawei
1696788000000,SAL030_01,VOLTE_CALL_SETUP_SUCC,0.0,900,NRCell,Huawei
1696788000000,SEV001_01,DCR_DEN,2550.0,900,NRCell,Huawei
1696788000000,SEV001_01,DCR_NUM,3.0,900,NRCell,Huawei
1696788000000,SEV001_01,DROP_CALL_VOLTE_DEN,36.0,900,NRCell,Huawei
1696788000000,SEV001_01,DROP_CALL_VOLTE_NUM,0.0,900,NRCell,Huawei
1696788000000,SEV001_01,ERAB_SR_DEN,2580.0,900,NRCell,Huawei
1696788000000,SEV001_01,ERAB_SR_NUM,2580.0,900,NRCell,Huawei
1696788000000,SEV001_01,INTEGRITY_NGBR_QCI_9,12607699880.0,900,NRCell,Huawei
1696788000000,SEV001_01,INTRA_FREQUENCY_HO_OUT_ATT,114.0,900,NRCell,Huawei
1696788000000,SEV001_01,INTRA_FREQUENCY_HO_OUT_SUCC,114.0,900,NRCell,Huawei
1696788000000,SEV001_01,RRC_SETUP_ATT,1412.0,900,NRCell,Huawei
1696788000000,SEV001_01,RRC_SETUP_SUCC,1412.0,900,NRCell,Huawei
1696788000000,SEV001_01,S1SIG_Connection_Setup_SR_DEN,1412.0,900,NRCell,Huawei
1696788000000,SEV001_01,S1SIG_Connection_Setup_SR_NUM,1409.0,900,NRCell,Huawei
1696788000000,SEV001_01,SERVICE_LATENCY_OVER_AIR_INTERFACE_DEN,436355.0,900,NRCell,Huawei
1696788000000,SEV001_01,SERVICE_LATENCY_OVER_AIR_INTERFACE_NUM,1182717.0,900,NRCell,Huawei
1696788000000,SEV001_01,VOICE_TRAFFIC,24968.0,900,NRCell,Huawei
1696788000000,SEV001_01,VOLTE_CALL_SETUP_ATT,40.0,900,NRCell,Huawei
1696788000000,SEV001_01,VOLTE_CALL_SETUP_SUCC,40.0,900,NRCell,Huawei
1696788000000,SNT002_01,DCR_DEN,879.0,900,NRCell,Huawei
1696788000000,SNT002_01,DCR_NUM,0.0,900,NRCell,Huawei
1696788000000,SNT002_01,DROP_CALL_VOLTE_DEN,4.0,900,NRCell,Huawei
1696788000000,SNT002_01,DROP_CALL_VOLTE_NUM,0.0,900,NRCell,Huawei
1696788000000,SNT002_01,ERAB_SR_DEN,886.0,900,NRCell,Huawei
1696788000000,SNT002_01,ERAB_SR_NUM,886.0,900,NRCell,Huawei
1696788000000,SNT002_01,INTEGRITY_NGBR_QCI_9,2425405232.0,900,NRCell,Huawei
1696788000000,SNT002_01,INTRA_FREQUENCY_HO_OUT_ATT,62.0,900,NRCell,Huawei
1696788000000,SNT002_01,INTRA_FREQUENCY_HO_OUT_SUCC,62.0,900,NRCell,Huawei
1696788000000,SNT002_01,RRC_SETUP_ATT,517.0,900,NRCell,Huawei
1696788000000,SNT002_01,RRC_SETUP_SUCC,515.0,900,NRCell,Huawei
1696788000000,SNT002_01,S1SIG_Connection_Setup_SR_DEN,515.0,900,NRCell,Huawei
1696788000000,SNT002_01,S1SIG_Connection_Setup_SR_NUM,515.0,900,NRCell,Huawei
1696788000000,SNT002_01,SERVICE_LATENCY_OVER_AIR_INTERFACE_DEN,56791.0,900,NRCell,Huawei
1696788000000,SNT002_01,SERVICE_LATENCY_OVER_AIR_INTERFACE_NUM,98393.0,900,NRCell,Huawei
1696788000000,SNT002_01,VOICE_TRAFFIC,3174.0,900,NRCell,Huawei
1696788000000,SNT002_01,VOLTE_CALL_SETUP_ATT,2.0,900,NRCell,Huawei
1696788000000,SNT002_01,VOLTE_CALL_SETUP_SUCC,2.0,900,NRCell,Huawei
1696788000000,TAR015_01,DCR_DEN,3364.0,900,NRCell,Huawei
1696788000000,TAR015_01,DCR_NUM,6.0,900,NRCell,Huawei
1696788000000,TAR015_01,DROP_CALL_VOLTE_DEN,30.0,900,NRCell,Huawei
1696788000000,TAR015_01,DROP_CALL_VOLTE_NUM,0.0,900,NRCell,Huawei
1696788000000,TAR015_01,ERAB_SR_DEN,3333.0,900,NRCell,Huawei
1696788000000,TAR015_01,ERAB_SR_NUM,3331.0,900,NRCell,Huawei
1696788000000,TAR015_01,INTEGRITY_NGBR_QCI_9,14440110504.0,900,NRCell,Huawei
1696788000000,TAR015_01,INTRA_FREQUENCY_HO_OUT_ATT,130.0,900,NRCell,Huawei
1696788000000,TAR015_01,INTRA_FREQUENCY_HO_OUT_SUCC,130.0,900,NRCell,Huawei
1696788000000,TAR015_01,RRC_SETUP_ATT,1848.0,900,NRCell,Huawei
1696788000000,TAR015_01,RRC_SETUP_SUCC,1848.0,900,NRCell,Huawei
1696788000000,TAR015_01,S1SIG_Connection_Setup_SR_DEN,1848.0,900,NRCell,Huawei
1696788000000,TAR015_01,S1SIG_Connection_Setup_SR_NUM,1840.0,900,NRCell,Huawei
1696788000000,TAR015_01,SERVICE_LATENCY_OVER_AIR_INTERFACE_DEN,527505.0,900,NRCell,Huawei
1696788000000,TAR015_01,SERVICE_LATENCY_OVER_AIR_INTERFACE_NUM,1961295.0,900,NRCell,Huawei
1696788000000,TAR015_01,VOICE_TRAFFIC,34669.0,900,NRCell,Huawei
1696788000000,TAR015_01,VOLTE_CALL_SETUP_ATT,30.0,900,NRCell,Huawei
1696788000000,TAR015_01,VOLTE_CALL_SETUP_SUCC,30.0,900,NRCell,Huawei
1696788000000,TOL034_01,DCR_DEN,149.0,900,NRCell,Huawei
1696788000000,TOL034_01,DCR_NUM,0.0,900,NRCell,Huawei
1696788000000,TOL034_01,DROP_CALL_VOLTE_DEN,2.0,900,NRCell,Huawei
1696788000000,TOL034_01,DROP_CALL_VOLTE_NUM,0.0,900,NRCell,Huawei
1696788000000,TOL034_01,ERAB_SR_DEN,139.0,900,NRCell,Huawei
1696788000000,TOL034_01,ERAB_SR_NUM,139.0,900,NRCell,Huawei
1696788000000,TOL034_01,INTEGRITY_NGBR_QCI_9,3976417696.0,900,NRCell,Huawei
1696788000000,TOL034_01,INTRA_FREQUENCY_HO_OUT_ATT,10.0,900,NRCell,Huawei
1696788000000,TOL034_01,INTRA_FREQUENCY_HO_OUT_SUCC,10.0,900,NRCell,Huawei
1696788000000,TOL034_01,RRC_SETUP_ATT,111.0,900,NRCell,Huawei
1696788000000,TOL034_01,RRC_SETUP_SUCC,111.0,900,NRCell,Huawei
1696788000000,TOL034_01,S1SIG_Connection_Setup_SR_DEN,111.0,900,NRCell,Huawei
1696788000000,TOL034_01,S1SIG_Connection_Setup_SR_NUM,108.0,900,NRCell,Huawei
1696788000000,TOL034_01,SERVICE_LATENCY_OVER_AIR_INTERFACE_DEN,46370.0,900,NRCell,Huawei
1696788000000,TOL034_01,SERVICE_LATENCY_OVER_AIR_INTERFACE_NUM,67106.0,900,NRCell,Huawei
1696788000000,TOL034_01,VOICE_TRAFFIC,2200.0,900,NRCell,Huawei
1696788000000,TOL034_01,VOLTE_CALL_SETUP_ATT,0.0,900,NRCell,Huawei
1696788000000,TOL034_01,VOLTE_CALL_SETUP_SUCC,0.0,900,NRCell,Huawei
1696788000000,VAL002_01,DCR_DEN,22.0,900,NRCell,Huawei
1696788000000,VAL002_01,DCR_NUM,0.0,900,NRCell,Huawei
1696788000000,VAL002_01,DROP_CALL_VOLTE_DEN,0.0,900,NRCell,Huawei
1696788000000,VAL002_01,DROP_CALL_VOLTE_NUM,0.0,900,NRCell,Huawei
1696788000000,VAL002_01,ERAB_SR_DEN,24.0,900,NRCell,Huawei
1696788000000,VAL002_01,ERAB_SR_NUM,24.0,900,NRCell,Huawei
1696788000000,VAL002_01,INTEGRITY_NGBR_QCI_9,224131704.0,900,NRCell,Huawei
1696788000000,VAL002_01,INTRA_FREQUENCY_HO_OUT_ATT,7.0,900,NRCell,Huawei
1696788000000,VAL002_01,INTRA_FREQUENCY_HO_OUT_SUCC,7.0,900,NRCell,Huawei
1696788000000,VAL002_01,RRC_SETUP_ATT,20.0,900,NRCell,Huawei
1696788000000,VAL002_01,RRC_SETUP_SUCC,20.0,900,NRCell,Huawei
1696788000000,VAL002_01,S1SIG_Connection_Setup_SR_DEN,20.0,900,NRCell,Huawei
1696788000000,VAL002_01,S1SIG_Connection_Setup_SR_NUM,20.0,900,NRCell,Huawei
1696788000000,VAL002_01,SERVICE_LATENCY_OVER_AIR_INTERFACE_DEN,4893.0,900,NRCell,Huawei
1696788000000,VAL002_01,SERVICE_LATENCY_OVER_AIR_INTERFACE_NUM,6612.0,900,NRCell,Huawei
1696788000000,VAL002_01,VOICE_TRAFFIC,16.0,900,NRCell,Huawei
1696788000000,VAL002_01,VOLTE_CALL_SETUP_ATT,1.0,900,NRCell,Huawei
1696788000000,VAL002_01,VOLTE_CALL_SETUP_SUCC,1.0,900,NRCell,Huawei
