startTime,neId,counterCode,counterValue,granularity,neType,vendorName
1696593600000,BCN014_01,DCR_DEN,953.0,900,NRCell,Huawei
1696593600000,BCN014_01,DCR_NUM,0.0,900,NRCell,Huawei
1696593600000,BCN014_01,DROP_CALL_VOLTE_DEN,0.0,900,NRCell,Huawei
1696593600000,BCN014_01,DROP_CALL_VOLTE_NUM,0.0,900,NRCell,Huawei
1696593600000,BCN014_01,ERAB_SR_DEN,968.0,900,NRCell,Huawei
1696593600000,BCN014_01,ERAB_SR_NUM,968.0,900,NRCell,Huawei
1696593600000,BCN014_01,INTEGRITY_NGBR_QCI_9,1719445304.0,900,NRCell,Huawei
1696593600000,BCN014_01,INTRA_FREQUENCY_HO_OUT_ATT,31.0,900,NRCell,Huawei
1696593600000,BCN014_01,INTRA_FREQUENCY_HO_OUT_SUCC,31.0,900,NRCell,Huawei
1696593600000,BCN014_01,RRC_SETUP_ATT,656.0,900,NRCell,Huawei
1696593600000,BCN014_01,RRC_SETUP_SUCC,656.0,900,NRCell,Huawei
1696593600000,BCN014_01,S1SIG_Connection_Setup_SR_DEN,656.0,900,NRCell,Huawei
1696593600000,BCN014_01,S1SIG_Connection_Setup_SR_NUM,656.0,900,NRCell,Huawei
1696593600000,BCN014_01,SERVICE_LATENCY_OVER_AIR_INTERFACE_DEN,51608.0,900,NRCell,Huawei
1696593600000,BCN014_01,SERVICE_LATENCY_OVER_AIR_INTERFACE_NUM,57546.0,900,NRCell,Huawei
1696593600000,BCN014_01,VOICE_TRAFFIC,0.0,900,NRCell,Huawei
1696593600000,BCN014_01,VOLTE_CALL_SETUP_ATT,0.0,900,NRCell,Huawei
1696593600000,BCN014_01,VOLTE_CALL_SETUP_SUCC,0.0,900,NRCell,Huawei
1696593600000,BIL001_01,DCR_DEN,904.0,900,NRCell,Huawei
1696593600000,BIL001_01,DCR_NUM,0.0,900,NRCell,Huawei
1696593600000,BIL001_01,DROP_CALL_VOLTE_DEN,1.0,900,NRCell,Huawei
1696593600000,BIL001_01,DROP_CALL_VOLTE_NUM,0.0,900,NRCell,Huawei
1696593600000,BIL001_01,ERAB_SR_DEN,920.0,900,NRCell,Huawei
1696593600000,BIL001_01,ERAB_SR_NUM,920.0,900,NRCell,Huawei
1696593600000,BIL001_01,INTEGRITY_NGBR_QCI_9,9309019896.0,900,NRCell,Huawei
1696593600000,BIL001_01,INTRA_FREQUENCY_HO_OUT_ATT,35.0,900,NRCell,Huawei
1696593600000,BIL001_01,INTRA_FREQUENCY_HO_OUT_SUCC,34.0,900,NRCell,Huawei
1696593600000,BIL001_01,RRC_SETUP_ATT,604.0,900,NRCell,Huawei
1696593600000,BIL001_01,RRC_SETUP_SUCC,604.0,900,NRCell,Huawei
1696593600000,BIL001_01,S1SIG_Connection_Setup_SR_DEN,604.0,900,NRCell,Huawei
1696593600000,BIL001_01,S1SIG_Connection_Setup_SR_NUM,604.0,900,NRCell,Huawei
1696593600000,BIL001_01,SERVICE_LATENCY_OVER_AIR_INTERFACE_DEN,341272.0,900,NRCell,Huawei
1696593600000,BIL001_01,SERVICE_LATENCY_OVER_AIR_INTERFACE_NUM,390756.0,900,NRCell,Huawei
1696593600000,BIL001_01,VOICE_TRAFFIC,161.0,900,NRCell,Huawei
1696593600000,BIL001_01,VOLTE_CALL_SETUP_ATT,1.0,900,NRCell,Huawei
1696593600000,BIL001_01,VOLTE_CALL_SETUP_SUCC,1.0,900,NRCell,Huawei
1696593600000,MAD033_01,DCR_DEN,713.0,900,NRCell,Huawei
1696593600000,MAD033_01,DCR_NUM,0.0,900,NRCell,Huawei
1696593600000,MAD033_01,DROP_CALL_VOLTE_DEN,2.0,900,NRCell,Huawei
1696593600000,MAD033_01,DROP_CALL_VOLTE_NUM,0.0,900,NRCell,Huawei
1696593600000,MAD033_01,ERAB_SR_DEN,706.0,900,NRCell,Huawei
1696593600000,MAD033_01,ERAB_SR_NUM,706.0,900,NRCell,Huawei
1696593600000,MAD033_01,INTEGRITY_NGBR_QCI_9,2545383456.0,900,NRCell,Huawei
1696593600000,MAD033_01,INTRA_FREQUENCY_HO_OUT_ATT,18.0,900,NRCell,Huawei
1696593600000,MAD033_01,INTRA_FREQUENCY_HO_OUT_SUCC,18.0,900,NRCell,Huawei
1696593600000,MAD033_01,RRC_SETUP_ATT,413.0,900,NRCell,Huawei
1696593600000,MAD033_01,RRC_SETUP_SUCC,413.0,900,NRCell,Huawei
1696593600000,MAD033_01,S1SIG_Connection_Setup_SR_DEN,413.0,900,NRCell,Huawei
1696593600000,MAD033_01,S1SIG_Connection_Setup_SR_NUM,413.0,900,NRCell,Huawei
1696593600000,MAD033_01,SERVICE_LATENCY_OVER_AIR_INTERFACE_DEN,76728.0,900,NRCell,Huawei
1696593600000,MAD033_01,SERVICE_LATENCY_OVER_AIR_INTERFACE_NUM,81367.0,900,NRCell,Huawei
1696593600000,MAD033_01,VOICE_TRAFFIC,398.0,900,NRCell,Huawei
1696593600000,MAD033_01,VOLTE_CALL_SETUP_ATT,2.0,900,NRCell,Huawei
1696593600000,MAD033_01,VOLTE_CALL_SETUP_SUCC,2.0,900,NRCell,Huawei
1696593600000,SAL030_01,DCR_DEN,211.0,900,NRCell,Huawei
1696593600000,SAL030_01,DCR_NUM,0.0,900,NRCell,Huawei
1696593600000,SAL030_01,DROP_CALL_VOLTE_DEN,0.0,900,NRCell,Huawei
1696593600000,SAL030_01,DROP_CALL_VOLTE_NUM,0.0,900,NRCell,Huawei
1696593600000,SAL030_01,ERAB_SR_DEN,209.0,900,NRCell,Huawei
1696593600000,SAL030_01,ERAB_SR_NUM,209.0,900,NRCell,Huawei
1696593600000,SAL030_01,INTEGRITY_NGBR_QCI_9,515256368.0,900,NRCell,Huawei
1696593600000,SAL030_01,INTRA_FREQUENCY_HO_OUT_ATT,3.0,900,NRCell,Huawei
1696593600000,SAL030_01,INTRA_FREQUENCY_HO_OUT_SUCC,3.0,900,NRCell,Huawei
1696593600000,SAL030_01,RRC_SETUP_ATT,115.0,900,NRCell,Huawei
1696593600000,SAL030_01,RRC_SETUP_SUCC,115.0,900,NRCell,Huawei
1696593600000,SAL030_01,S1SIG_Connection_Setup_SR_DEN,115.0,900,NRCell,Huawei
1696593600000,SAL030_01,S1SIG_Connection_Setup_SR_NUM,115.0,900,NRCell,Huawei
1696593600000,SAL030_01,SERVICE_LATENCY_OVER_AIR_INTERFACE_DEN,4222.0,900,NRCell,Huawei
1696593600000,SAL030_01,SERVICE_LATENCY_OVER_AIR_INTERFACE_NUM,6797.0,900,NRCell,Huawei
1696593600000,SAL030_01,VOICE_TRAFFIC,0.0,900,NRCell,Huawei
1696593600000,SAL030_01,VOLTE_CALL_SETUP_ATT,0.0,900,NRCell,Huawei
1696593600000,SAL030_01,VOLTE_CALL_SETUP_SUCC,0.0,900,NRCell,Huawei
1696593600000,SEV001_01,DCR_DEN,2045.0,900,NRCell,Huawei
1696593600000,SEV001_01,DCR_NUM,1.0,900,NRCell,Huawei
1696593600000,SEV001_01,DROP_CALL_VOLTE_DEN,2.0,900,NRCell,Huawei
1696593600000,SEV001_01,DROP_CALL_VOLTE_NUM,0.0,900,NRCell,Huawei
1696593600000,SEV001_01,ERAB_SR_DEN,2042.0,900,NRCell,Huawei
1696593600000,SEV001_01,ERAB_SR_NUM,2041.0,900,NRCell,Huawei
1696593600000,SEV001_01,INTEGRITY_NGBR_QCI_9,4687873904.0,900,NRCell,Huawei
1696593600000,SEV001_01,INTRA_FREQUENCY_HO_OUT_ATT,50.0,900,NRCell,Huawei
1696593600000,SEV001_01,INTRA_FREQUENCY_HO_OUT_SUCC,50.0,900,NRCell,Huawei
1696593600000,SEV001_01,RRC_SETUP_ATT,1195.0,900,NRCell,Huawei
1696593600000,SEV001_01,RRC_SETUP_SUCC,1194.0,900,NRCell,Huawei
1696593600000,SEV001_01,S1SIG_Connection_Setup_SR_DEN,1194.0,900,NRCell,Huawei
1696593600000,SEV001_01,S1SIG_Connection_Setup_SR_NUM,1194.0,900,NRCell,Huawei
1696593600000,SEV001_01,SERVICE_LATENCY_OVER_AIR_INTERFACE_DEN,160275.0,900,NRCell,Huawei
1696593600000,SEV001_01,SERVICE_LATENCY_OVER_AIR_INTERFACE_NUM,213969.0,900,NRCell,Huawei
1696593600000,SEV001_01,VOICE_TRAFFIC,172.0,900,NRCell,Huawei
1696593600000,SEV001_01,VOLTE_CALL_SETUP_ATT,2.0,900,NRCell,Huawei
1696593600000,SEV001_01,VOLTE_CALL_SETUP_SUCC,2.0,900,NRCell,Huawei
1696593600000,SNT002_01,DCR_DEN,496.0,900,NRCell,Huawei
1696593600000,SNT002_01,DCR_NUM,0.0,900,NRCell,Huawei
1696593600000,SNT002_01,DROP_CALL_VOLTE_DEN,0.0,900,NRCell,Huawei
1696593600000,SNT002_01,DROP_CALL_VOLTE_NUM,0.0,900,NRCell,Huawei
1696593600000,SNT002_01,ERAB_SR_DEN,494.0,900,NRCell,Huawei
1696593600000,SNT002_01,ERAB_SR_NUM,494.0,900,NRCell,Huawei
1696593600000,SNT002_01,INTEGRITY_NGBR_QCI_9,1359134880.0,900,NRCell,Huawei
1696593600000,SNT002_01,INTRA_FREQUENCY_HO_OUT_ATT,9.0,900,NRCell,Huawei
1696593600000,SNT002_01,INTRA_FREQUENCY_HO_OUT_SUCC,9.0,900,NRCell,Huawei
1696593600000,SNT002_01,RRC_SETUP_ATT,304.0,900,NRCell,Huawei
1696593600000,SNT002_01,RRC_SETUP_SUCC,304.0,900,NRCell,Huawei
1696593600000,SNT002_01,S1SIG_Connection_Setup_SR_DEN,304.0,900,NRCell,Huawei
1696593600000,SNT002_01,S1SIG_Connection_Setup_SR_NUM,304.0,900,NRCell,Huawei
1696593600000,SNT002_01,SERVICE_LATENCY_OVER_AIR_INTERFACE_DEN,56301.0,900,NRCell,Huawei
1696593600000,SNT002_01,SERVICE_LATENCY_OVER_AIR_INTERFACE_NUM,65051.0,900,NRCell,Huawei
1696593600000,SNT002_01,VOICE_TRAFFIC,0.0,900,NRCell,Huawei
1696593600000,SNT002_01,VOLTE_CALL_SETUP_ATT,0.0,900,NRCell,Huawei
1696593600000,SNT002_01,VOLTE_CALL_SETUP_SUCC,0.0,900,NRCell,Huawei
1696593600000,TAR015_01,DCR_DEN,2573.0,900,NRCell,Huawei
1696593600000,TAR015_01,DCR_NUM,2.0,900,NRCell,Huawei
1696593600000,TAR015_01,DROP_CALL_VOLTE_DEN,3.0,900,NRCell,Huawei
1696593600000,TAR015_01,DROP_CALL_VOLTE_NUM,0.0,900,NRCell,Huawei
1696593600000,TAR015_01,ERAB_SR_DEN,2604.0,900,NRCell,Huawei
1696593600000,TAR015_01,ERAB_SR_NUM,2602.0,900,NRCell,Huawei
1696593600000,TAR015_01,INTEGRITY_NGBR_QCI_9,4326572616.0,900,NRCell,Huawei
1696593600000,TAR015_01,INTRA_FREQUENCY_HO_OUT_ATT,72.0,900,NRCell,Huawei
1696593600000,TAR015_01,INTRA_FREQUENCY_HO_OUT_SUCC,72.0,900,NRCell,Huawei
1696593600000,TAR015_01,RRC_SETUP_ATT,1489.0,900,NRCell,Huawei
1696593600000,TAR015_01,RRC_SETUP_SUCC,1489.0,900,NRCell,Huawei
1696593600000,TAR015_01,S1SIG_Connection_Setup_SR_DEN,1489.0,900,NRCell,Huawei
1696593600000,TAR015_01,S1SIG_Connection_Setup_SR_NUM,1489.0,900,NRCell,Huawei
1696593600000,TAR015_01,SERVICE_LATENCY_OVER_AIR_INTERFACE_DEN,178470.0,900,NRCell,Huawei
1696593600000,TAR015_01,SERVICE_LATENCY_OVER_AIR_INTERFACE_NUM,299591.0,900,NRCell,Huawei
1696593600000,TAR015_01,VOICE_TRAFFIC,2855.0,900,NRCell,Huawei
1696593600000,TAR015_01,VOLTE_CALL_SETUP_ATT,4.0,900,NRCell,Huawei
1696593600000,TAR015_01,VOLTE_CALL_SETUP_SUCC,4.0,900,NRCell,Huawei
1696593600000,TOL034_01,DCR_DEN,76.0,900,NRCell,Huawei
1696593600000,TOL034_01,DCR_NUM,0.0,900,NRCell,Huawei
1696593600000,TOL034_01,DROP_CALL_VOLTE_DEN,0.0,900,NRCell,Huawei
1696593600000,TOL034_01,DROP_CALL_VOLTE_NUM,0.0,900,NRCell,Huawei
1696593600000,TOL034_01,ERAB_SR_DEN,71.0,900,NRCell,Huawei
1696593600000,TOL034_01,ERAB_SR_NUM,71.0,900,NRCell,Huawei
1696593600000,TOL034_01,INTEGRITY_NGBR_QCI_9,4871312.0,900,NRCell,Huawei
1696593600000,TOL034_01,INTRA_FREQUENCY_HO_OUT_ATT,0.0,900,NRCell,Huawei
1696593600000,TOL034_01,INTRA_FREQUENCY_HO_OUT_SUCC,0.0,900,NRCell,Huawei
1696593600000,TOL034_01,RRC_SETUP_ATT,56.0,900,NRCell,Huawei
1696593600000,TOL034_01,RRC_SETUP_SUCC,56.0,900,NRCell,Huawei
1696593600000,TOL034_01,S1SIG_Connection_Setup_SR_DEN,56.0,900,NRCell,Huawei
1696593600000,TOL034_01,S1SIG_Connection_Setup_SR_NUM,56.0,900,NRCell,Huawei
1696593600000,TOL034_01,SERVICE_LATENCY_OVER_AIR_INTERFACE_DEN,2806.0,900,NRCell,Huawei
1696593600000,TOL034_01,SERVICE_LATENCY_OVER_AIR_INTERFACE_NUM,2929.0,900,NRCell,Huawei
1696593600000,TOL034_01,VOICE_TRAFFIC,0.0,900,NRCell,Huawei
1696593600000,TOL034_01,VOLTE_CALL_SETUP_ATT,0.0,900,NRCell,Huawei
1696593600000,TOL034_01,VOLTE_CALL_SETUP_SUCC,0.0,900,NRCell,Huawei
1696593600000,VAL002_01,DCR_DEN,59.0,900,NRCell,Huawei
1696593600000,VAL002_01,DCR_NUM,0.0,900,NRCell,Huawei
1696593600000,VAL002_01,DROP_CALL_VOLTE_DEN,0.0,900,NRCell,Huawei
1696593600000,VAL002_01,DROP_CALL_VOLTE_NUM,0.0,900,NRCell,Huawei
1696593600000,VAL002_01,ERAB_SR_DEN,61.0,900,NRCell,Huawei
1696593600000,VAL002_01,ERAB_SR_NUM,61.0,900,NRCell,Huawei
1696593600000,VAL002_01,INTEGRITY_NGBR_QCI_9,173053208.0,900,NRCell,Huawei
1696593600000,VAL002_01,INTRA_FREQUENCY_HO_OUT_ATT,0.0,900,NRCell,Huawei
1696593600000,VAL002_01,INTRA_FREQUENCY_HO_OUT_SUCC,0.0,900,NRCell,Huawei
1696593600000,VAL002_01,RRC_SETUP_ATT,35.0,900,NRCell,Huawei
1696593600000,VAL002_01,RRC_SETUP_SUCC,35.0,900,NRCell,Huawei
1696593600000,VAL002_01,S1SIG_Connection_Setup_SR_DEN,35.0,900,NRCell,Huawei
1696593600000,VAL002_01,S1SIG_Connection_Setup_SR_NUM,35.0,900,NRCell,Huawei
1696593600000,VAL002_01,SERVICE_LATENCY_OVER_AIR_INTERFACE_DEN,2192.0,900,NRCell,Huawei
1696593600000,VAL002_01,SERVICE_LATENCY_OVER_AIR_INTERFACE_NUM,4656.0,900,NRCell,Huawei
1696593600000,VAL002_01,VOICE_TRAFFIC,0.0,900,NRCell,Huawei
1696593600000,VAL002_01,VOLTE_CALL_SETUP_ATT,0.0,900,NRCell,Huawei
1696593600000,VAL002_01,VOLTE_CALL_SETUP_SUCC,0.0,900,NRCell,Huawei
