startTime,neId,counterCode,counterValue,granularity,neType,vendorName
1696775400000,BCN014_01,DCR_DEN,1571.0,900,NRCell,Huawei
1696775400000,BCN014_01,DCR_NUM,1.0,900,NRCell,Huawei
1696775400000,BCN014_01,DROP_CALL_VOLTE_DEN,10.0,900,NRCell,Huawei
1696775400000,BCN014_01,DROP_CALL_VOLTE_NUM,0.0,900,NRCell,Huawei
1696775400000,BCN014_01,ERAB_SR_DEN,1584.0,900,NRCell,Huawei
1696775400000,BCN014_01,ERAB_SR_NUM,1584.0,900,NRCell,Huawei
1696775400000,BCN014_01,INTEGRITY_NGBR_QCI_9,12011658976.0,900,NRCell,Huawei
1696775400000,BCN014_01,INTRA_FREQUENCY_HO_OUT_ATT,136.0,900,NRCell,Huawei
1696775400000,BCN014_01,INTRA_FREQUENCY_HO_OUT_SUCC,136.0,900,NRCell,Huawei
1696775400000,BCN014_01,RRC_SETUP_ATT,968.0,900,NRCell,Huawei
1696775400000,BCN014_01,RRC_SETUP_SUCC,968.0,900,NRCell,Huawei
1696775400000,BCN014_01,S1SIG_Connection_Setup_SR_DEN,968.0,900,NRCell,Huawei
1696775400000,BCN014_01,S1SIG_Connection_Setup_SR_NUM,968.0,900,NRCell,Huawei
1696775400000,BCN014_01,SERVICE_LATENCY_OVER_AIR_INTERFACE_DEN,333277.0,900,NRCell,Huawei
1696775400000,BCN014_01,SERVICE_LATENCY_OVER_AIR_INTERFACE_NUM,437522.0,900,NRCell,Huawei
1696775400000,BCN014_01,VOICE_TRAFFIC,14582.0,900,NRCell,Huawei
1696775400000,BCN014_01,VOLTE_CALL_SETUP_ATT,10.0,900,NRCell,Huawei
1696775400000,BCN014_01,VOLTE_CALL_SETUP_SUCC,10.0,900,NRCell,Huawei
1696775400000,BIL001_01,DCR_DEN,1489.0,900,NRCell,Huawei
1696775400000,BIL001_01,DCR_NUM,0.0,900,NRCell,Huawei
1696775400000,BIL001_01,DROP_CALL_VOLTE_DEN,20.0,900,NRCell,Huawei
1696775400000,BIL001_01,DROP_CALL_VOLTE_NUM,0.0,900,NRCell,Huawei
1696775400000,BIL001_01,ERAB_SR_DEN,1502.0,900,NRCell,Huawei
1696775400000,BIL001_01,ERAB_SR_NUM,1502.0,900,NRCell,Huawei
1696775400000,BIL001_01,INTEGRITY_NGBR_QCI_9,9069499328.0,900,NRCell,Huawei
1696775400000,BIL001_01,INTRA_FREQUENCY_HO_OUT_ATT,92.0,900,NRCell,Huawei
1696775400000,BIL001_01,INTRA_FREQUENCY_HO_OUT_SUCC,92.0,900,NRCell,Huawei
1696775400000,BIL001_01,RRC_SETUP_ATT,942.0,900,NRCell,Huawei
1696775400000,BIL001_01,RRC_SETUP_SUCC,939.0,900,NRCell,Huawei
1696775400000,BIL001_01,S1SIG_Connection_Setup_SR_DEN,939.0,900,NRCell,Huawei
1696775400000,BIL001_01,S1SIG_Connection_Setup_SR_NUM,939.0,900,NRCell,Huawei
1696775400000,BIL001_01,SERVICE_LATENCY_OVER_AIR_INTERFACE_DEN,256058.0,900,NRCell,Huawei
1696775400000,BIL001_01,SERVICE_LATENCY_OVER_AIR_INTERFACE_NUM,301030.0,900,NRCell,Huawei
1696775400000,BIL001_01,VOICE_TRAFFIC,7895.0,900,NRCell,Huawei
1696775400000,BIL001_01,VOLTE_CALL_SETUP_ATT,19.0,900,NRCell,Huawei
1696775400000,BIL001_01,VOLTE_CALL_SETUP_SUCC,19.0,900,NRCell,Huawei
1696775400000,MAD033_01,DCR_DEN,1016.0,900,NRCell,Huawei
1696775400000,MAD033_01,DCR_NUM,0.0,900,NRCell,Huawei
1696775400000,MAD033_01,DROP_CALL_VOLTE_DEN,11.0,900,NRCell,Huawei
1696775400000,MAD033_01,DROP_CALL_VOLTE_NUM,0.0,900,NRCell,Huawei
1696775400000,MAD033_01,ERAB_SR_DEN,1013.0,900,NRCell,Huawei
1696775400000,MAD033_01,ERAB_SR_NUM,1013.0,900,NRCell,Huawei
1696775400000,MAD033_01,INTEGRITY_NGBR_QCI_9,3883719896.0,900,NRCell,Huawei
1696775400000,MAD033_01,INTRA_FREQUENCY_HO_OUT_ATT,42.0,900,NRCell,Huawei
1696775400000,MAD033_01,INTRA_FREQUENCY_HO_OUT_SUCC,42.0,900,NRCell,Huawei
1696775400000,MAD033_01,RRC_SETUP_ATT,590.0,900,NRCell,Huawei
1696775400000,MAD033_01,RRC_SETUP_SUCC,589.0,900,NRCell,Huawei
1696775400000,MAD033_01,S1SIG_Connection_Setup_SR_DEN,589.0,900,NRCell,Huawei
1696775400000,MAD033_01,S1SIG_Connection_Setup_SR_NUM,589.0,900,NRCell,Huawei
1696775400000,MAD033_01,SERVICE_LATENCY_OVER_AIR_INTERFACE_DEN,68202.0,900,NRCell,Huawei
1696775400000,MAD033_01,SERVICE_LATENCY_OVER_AIR_INTERFACE_NUM,77426.0,900,NRCell,Huawei
1696775400000,MAD033_01,VOICE_TRAFFIC,7559.0,900,NRCell,Huawei
1696775400000,MAD033_01,VOLTE_CALL_SETUP_ATT,11.0,900,NRCell,Huawei
1696775400000,MAD033_01,VOLTE_CALL_SETUP_SUCC,11.0,900,NRCell,Huawei
1696775400000,SAL030_01,DCR_DEN,102.0,900,NRCell,Huawei
1696775400000,SAL030_01,DCR_NUM,0.0,900,NRCell,Huawei
1696775400000,SAL030_01,DROP_CALL_VOLTE_DEN,0.0,900,NRCell,Huawei
1696775400000,SAL030_01,DROP_CALL_VOLTE_NUM,0.0,900,NRCell,Huawei
1696775400000,SAL030_01,ERAB_SR_DEN,103.0,900,NRCell,Huawei
1696775400000,SAL030_01,ERAB_SR_NUM,103.0,900,NRCell,Huawei
1696775400000,SAL030_01,INTEGRITY_NGBR_QCI_9,2436698624.0,900,NRCell,Huawei
1696775400000,SAL030_01,INTRA_FREQUENCY_HO_OUT_ATT,5.0,900,NRCell,Huawei
1696775400000,SAL030_01,INTRA_FREQUENCY_HO_OUT_SUCC,5.0,900,NRCell,Huawei
1696775400000,SAL030_01,RRC_SETUP_ATT,68.0,900,NRCell,Huawei
1696775400000,SAL030_01,RRC_SETUP_SUCC,68.0,900,NRCell,Huawei
1696775400000,SAL030_01,S1SIG_Connection_Setup_SR_DEN,68.0,900,NRCell,Huawei
1696775400000,SAL030_01,S1SIG_Connection_Setup_SR_NUM,68.0,900,NRCell,Huawei
1696775400000,SAL030_01,SERVICE_LATENCY_OVER_AIR_INTERFACE_DEN,34765.0,900,NRCell,Huawei
1696775400000,SAL030_01,SERVICE_LATENCY_OVER_AIR_INTERFACE_NUM,49665.0,900,NRCell,Huawei
1696775400000,SAL030_01,VOICE_TRAFFIC,384.0,900,NRCell,Huawei
1696775400000,SAL030_01,VOLTE_CALL_SETUP_ATT,1.0,900,NRCell,Huawei
1696775400000,SAL030_01,VOLTE_CALL_SETUP_SUCC,1.0,900,NRCell,Huawei
1696775400000,SEV001_01,DCR_DEN,2713.0,900,NRCell,Huawei
1696775400000,SEV001_01,DCR_NUM,3.0,900,NRCell,Huawei
1696775400000,SEV001_01,DROP_CALL_VOLTE_DEN,9.0,900,NRCell,Huawei
1696775400000,SEV001_01,DROP_CALL_VOLTE_NUM,0.0,900,NRCell,Huawei
1696775400000,SEV001_01,ERAB_SR_DEN,2734.0,900,NRCell,Huawei
1696775400000,SEV001_01,ERAB_SR_NUM,2734.0,900,NRCell,Huawei
1696775400000,SEV001_01,INTEGRITY_NGBR_QCI_9,11817814320.0,900,NRCell,Huawei
1696775400000,SEV001_01,INTRA_FREQUENCY_HO_OUT_ATT,63.0,900,NRCell,Huawei
1696775400000,SEV001_01,INTRA_FREQUENCY_HO_OUT_SUCC,63.0,900,NRCell,Huawei
1696775400000,SEV001_01,RRC_SETUP_ATT,1529.0,900,NRCell,Huawei
1696775400000,SEV001_01,RRC_SETUP_SUCC,1529.0,900,NRCell,Huawei
1696775400000,SEV001_01,S1SIG_Connection_Setup_SR_DEN,1529.0,900,NRCell,Huawei
1696775400000,SEV001_01,S1SIG_Connection_Setup_SR_NUM,1529.0,900,NRCell,Huawei
1696775400000,SEV001_01,SERVICE_LATENCY_OVER_AIR_INTERFACE_DEN,366358.0,900,NRCell,Huawei
1696775400000,SEV001_01,SERVICE_LATENCY_OVER_AIR_INTERFACE_NUM,773924.0,900,NRCell,Huawei
1696775400000,SEV001_01,VOICE_TRAFFIC,28217.0,900,NRCell,Huawei
1696775400000,SEV001_01,VOLTE_CALL_SETUP_ATT,9.0,900,NRCell,Huawei
1696775400000,SEV001_01,VOLTE_CALL_SETUP_SUCC,9.0,900,NRCell,Huawei
1696775400000,SNT002_01,DCR_DEN,975.0,900,NRCell,Huawei
1696775400000,SNT002_01,DCR_NUM,0.0,900,NRCell,Huawei
1696775400000,SNT002_01,DROP_CALL_VOLTE_DEN,4.0,900,NRCell,Huawei
1696775400000,SNT002_01,DROP_CALL_VOLTE_NUM,0.0,900,NRCell,Huawei
1696775400000,SNT002_01,ERAB_SR_DEN,998.0,900,NRCell,Huawei
1696775400000,SNT002_01,ERAB_SR_NUM,998.0,900,NRCell,Huawei
1696775400000,SNT002_01,INTEGRITY_NGBR_QCI_9,4727846656.0,900,NRCell,Huawei
1696775400000,SNT002_01,INTRA_FREQUENCY_HO_OUT_ATT,52.0,900,NRCell,Huawei
1696775400000,SNT002_01,INTRA_FREQUENCY_HO_OUT_SUCC,52.0,900,NRCell,Huawei
1696775400000,SNT002_01,RRC_SETUP_ATT,557.0,900,NRCell,Huawei
1696775400000,SNT002_01,RRC_SETUP_SUCC,557.0,900,NRCell,Huawei
1696775400000,SNT002_01,S1SIG_Connection_Setup_SR_DEN,557.0,900,NRCell,Huawei
1696775400000,SNT002_01,S1SIG_Connection_Setup_SR_NUM,557.0,900,NRCell,Huawei
1696775400000,SNT002_01,SERVICE_LATENCY_OVER_AIR_INTERFACE_DEN,72590.0,900,NRCell,Huawei
1696775400000,SNT002_01,SERVICE_LATENCY_OVER_AIR_INTERFACE_NUM,93474.0,900,NRCell,Huawei
1696775400000,SNT002_01,VOICE_TRAFFIC,5715.0,900,NRCell,Huawei
1696775400000,SNT002_01,VOLTE_CALL_SETUP_ATT,7.0,900,NRCell,Huawei
1696775400000,SNT002_01,VOLTE_CALL_SETUP_SUCC,7.0,900,NRCell,Huawei
1696775400000,TAR015_01,DCR_DEN,2997.0,900,NRCell,Huawei
1696775400000,TAR015_01,DCR_NUM,4.0,900,NRCell,Huawei
1696775400000,TAR015_01,DROP_CALL_VOLTE_DEN,20.0,900,NRCell,Huawei
1696775400000,TAR015_01,DROP_CALL_VOLTE_NUM,0.0,900,NRCell,Huawei
1696775400000,TAR015_01,ERAB_SR_DEN,2977.0,900,NRCell,Huawei
1696775400000,TAR015_01,ERAB_SR_NUM,2977.0,900,NRCell,Huawei
1696775400000,TAR015_01,INTEGRITY_NGBR_QCI_9,18096876720.0,900,NRCell,Huawei
1696775400000,TAR015_01,INTRA_FREQUENCY_HO_OUT_ATT,71.0,900,NRCell,Huawei
1696775400000,TAR015_01,INTRA_FREQUENCY_HO_OUT_SUCC,71.0,900,NRCell,Huawei
1696775400000,TAR015_01,RRC_SETUP_ATT,1687.0,900,NRCell,Huawei
1696775400000,TAR015_01,RRC_SETUP_SUCC,1686.0,900,NRCell,Huawei
1696775400000,TAR015_01,S1SIG_Connection_Setup_SR_DEN,1686.0,900,NRCell,Huawei
1696775400000,TAR015_01,S1SIG_Connection_Setup_SR_NUM,1686.0,900,NRCell,Huawei
1696775400000,TAR015_01,SERVICE_LATENCY_OVER_AIR_INTERFACE_DEN,509542.0,900,NRCell,Huawei
1696775400000,TAR015_01,SERVICE_LATENCY_OVER_AIR_INTERFACE_NUM,1116251.0,900,NRCell,Huawei
1696775400000,TAR015_01,VOICE_TRAFFIC,32640.0,900,NRCell,Huawei
1696775400000,TAR015_01,VOLTE_CALL_SETUP_ATT,19.0,900,NRCell,Huawei
1696775400000,TAR015_01,VOLTE_CALL_SETUP_SUCC,19.0,900,NRCell,Huawei
1696775400000,TOL034_01,DCR_DEN,149.0,900,NRCell,Huawei
1696775400000,TOL034_01,DCR_NUM,0.0,900,NRCell,Huawei
1696775400000,TOL034_01,DROP_CALL_VOLTE_DEN,1.0,900,NRCell,Huawei
1696775400000,TOL034_01,DROP_CALL_VOLTE_NUM,0.0,900,NRCell,Huawei
1696775400000,TOL034_01,ERAB_SR_DEN,140.0,900,NRCell,Huawei
1696775400000,TOL034_01,ERAB_SR_NUM,140.0,900,NRCell,Huawei
1696775400000,TOL034_01,INTEGRITY_NGBR_QCI_9,472895536.0,900,NRCell,Huawei
1696775400000,TOL034_01,INTRA_FREQUENCY_HO_OUT_ATT,9.0,900,NRCell,Huawei
1696775400000,TOL034_01,INTRA_FREQUENCY_HO_OUT_SUCC,9.0,900,NRCell,Huawei
1696775400000,TOL034_01,RRC_SETUP_ATT,110.0,900,NRCell,Huawei
1696775400000,TOL034_01,RRC_SETUP_SUCC,110.0,900,NRCell,Huawei
1696775400000,TOL034_01,S1SIG_Connection_Setup_SR_DEN,110.0,900,NRCell,Huawei
1696775400000,TOL034_01,S1SIG_Connection_Setup_SR_NUM,110.0,900,NRCell,Huawei
1696775400000,TOL034_01,SERVICE_LATENCY_OVER_AIR_INTERFACE_DEN,9984.0,900,NRCell,Huawei
1696775400000,TOL034_01,SERVICE_LATENCY_OVER_AIR_INTERFACE_NUM,11213.0,900,NRCell,Huawei
1696775400000,TOL034_01,VOICE_TRAFFIC,88.0,900,NRCell,Huawei
1696775400000,TOL034_01,VOLTE_CALL_SETUP_ATT,0.0,900,NRCell,Huawei
1696775400000,TOL034_01,VOLTE_CALL_SETUP_SUCC,0.0,900,NRCell,Huawei
1696775400000,VAL002_01,DCR_DEN,37.0,900,NRCell,Huawei
1696775400000,VAL002_01,DCR_NUM,0.0,900,NRCell,Huawei
1696775400000,VAL002_01,DROP_CALL_VOLTE_DEN,0.0,900,NRCell,Huawei
1696775400000,VAL002_01,DROP_CALL_VOLTE_NUM,0.0,900,NRCell,Huawei
1696775400000,VAL002_01,ERAB_SR_DEN,36.0,900,NRCell,Huawei
1696775400000,VAL002_01,ERAB_SR_NUM,36.0,900,NRCell,Huawei
1696775400000,VAL002_01,INTEGRITY_NGBR_QCI_9,19183144.0,900,NRCell,Huawei
1696775400000,VAL002_01,INTRA_FREQUENCY_HO_OUT_ATT,2.0,900,NRCell,Huawei
1696775400000,VAL002_01,INTRA_FREQUENCY_HO_OUT_SUCC,2.0,900,NRCell,Huawei
1696775400000,VAL002_01,RRC_SETUP_ATT,29.0,900,NRCell,Huawei
1696775400000,VAL002_01,RRC_SETUP_SUCC,29.0,900,NRCell,Huawei
1696775400000,VAL002_01,S1SIG_Connection_Setup_SR_DEN,29.0,900,NRCell,Huawei
1696775400000,VAL002_01,S1SIG_Connection_Setup_SR_NUM,29.0,900,NRCell,Huawei
1696775400000,VAL002_01,SERVICE_LATENCY_OVER_AIR_INTERFACE_DEN,782.0,900,NRCell,Huawei
1696775400000,VAL002_01,SERVICE_LATENCY_OVER_AIR_INTERFACE_NUM,954.0,900,NRCell,Huawei
1696775400000,VAL002_01,VOICE_TRAFFIC,0.0,900,NRCell,Huawei
1696775400000,VAL002_01,VOLTE_CALL_SETUP_ATT,0.0,900,NRCell,Huawei
1696775400000,VAL002_01,VOLTE_CALL_SETUP_SUCC,0.0,900,NRCell,Huawei
