startTime,neId,counterCode,counterValue,granularity,neType,vendorName
1696568400000,BCN014_01,DCR_DEN,1415.0,900,NRCell,Huawei
1696568400000,BCN014_01,DCR_NUM,1.0,900,NRCell,Huawei
1696568400000,BCN014_01,DROP_CALL_VOLTE_DEN,5.0,900,NRCell,Huawei
1696568400000,BCN014_01,DROP_CALL_VOLTE_NUM,0.0,900,NRCell,Huawei
1696568400000,BCN014_01,ERAB_SR_DEN,1417.0,900,NRCell,Huawei
1696568400000,BCN014_01,ERAB_SR_NUM,1416.0,900,NRCell,Huawei
1696568400000,BCN014_01,INTEGRITY_NGBR_QCI_9,12226198056.0,900,NRCell,Huawei
1696568400000,BCN014_01,INTRA_FREQUENCY_HO_OUT_ATT,73.0,900,NRCell,Huawei
1696568400000,BCN014_01,INTRA_FREQUENCY_HO_OUT_SUCC,73.0,900,NRCell,Huawei
1696568400000,BCN014_01,RRC_SETUP_ATT,678.0,900,NRCell,Huawei
1696568400000,BCN014_01,RRC_SETUP_SUCC,676.0,900,NRCell,Huawei
1696568400000,BCN014_01,S1SIG_Connection_Setup_SR_DEN,676.0,900,NRCell,Huawei
1696568400000,BCN014_01,S1SIG_Connection_Setup_SR_NUM,676.0,900,NRCell,Huawei
1696568400000,BCN014_01,SERVICE_LATENCY_OVER_AIR_INTERFACE_DEN,314964.0,900,NRCell,Huawei
1696568400000,BCN014_01,SERVICE_LATENCY_OVER_AIR_INTERFACE_NUM,416553.0,900,NRCell,Huawei
1696568400000,BCN014_01,VOICE_TRAFFIC,2967.0,900,NRCell,Huawei
1696568400000,BCN014_01,VOLTE_CALL_SETUP_ATT,6.0,900,NRCell,Huawei
1696568400000,BCN014_01,VOLTE_CALL_SETUP_SUCC,6.0,900,NRCell,Huawei
1696568400000,BIL001_01,DCR_DEN,967.0,900,NRCell,Huawei
1696568400000,BIL001_01,DCR_NUM,0.0,900,NRCell,Huawei
1696568400000,BIL001_01,DROP_CALL_VOLTE_DEN,4.0,900,NRCell,Huawei
1696568400000,BIL001_01,DROP_CALL_VOLTE_NUM,0.0,900,NRCell,Huawei
1696568400000,BIL001_01,ERAB_SR_DEN,998.0,900,NRCell,Huawei
1696568400000,BIL001_01,ERAB_SR_NUM,998.0,900,NRCell,Huawei
1696568400000,BIL001_01,INTEGRITY_NGBR_QCI_9,12113954880.0,900,NRCell,Huawei
1696568400000,BIL001_01,INTRA_FREQUENCY_HO_OUT_ATT,59.0,900,NRCell,Huawei
1696568400000,BIL001_01,INTRA_FREQUENCY_HO_OUT_SUCC,59.0,900,NRCell,Huawei
1696568400000,BIL001_01,RRC_SETUP_ATT,623.0,900,NRCell,Huawei
1696568400000,BIL001_01,RRC_SETUP_SUCC,623.0,900,NRCell,Huawei
1696568400000,BIL001_01,S1SIG_Connection_Setup_SR_DEN,623.0,900,NRCell,Huawei
1696568400000,BIL001_01,S1SIG_Connection_Setup_SR_NUM,623.0,900,NRCell,Huawei
1696568400000,BIL001_01,SERVICE_LATENCY_OVER_AIR_INTERFACE_DEN,425185.0,900,NRCell,Huawei
1696568400000,BIL001_01,SERVICE_LATENCY_OVER_AIR_INTERFACE_NUM,555520.0,900,NRCell,Huawei
1696568400000,BIL001_01,VOICE_TRAFFIC,11684.0,900,NRCell,Huawei
1696568400000,BIL001_01,VOLTE_CALL_SETUP_ATT,7.0,900,NRCell,Huawei
1696568400000,BIL001_01,VOLTE_CALL_SETUP_SUCC,7.0,900,NRCell,Huawei
1696568400000,MAD033_01,DCR_DEN,768.0,900,NRCell,Huawei
1696568400000,MAD033_01,DCR_NUM,1.0,900,NRCell,Huawei
1696568400000,MAD033_01,DROP_CALL_VOLTE_DEN,6.0,900,NRCell,Huawei
1696568400000,MAD033_01,DROP_CALL_VOLTE_NUM,0.0,900,NRCell,Huawei
1696568400000,MAD033_01,ERAB_SR_DEN,752.0,900,NRCell,Huawei
1696568400000,MAD033_01,ERAB_SR_NUM,752.0,900,NRCell,Huawei
1696568400000,MAD033_01,INTEGRITY_NGBR_QCI_9,6926841656.0,900,NRCell,Huawei
1696568400000,MAD033_01,INTRA_FREQUENCY_HO_OUT_ATT,45.0,900,NRCell,Huawei
1696568400000,MAD033_01,INTRA_FREQUENCY_HO_OUT_SUCC,45.0,900,NRCell,Huawei
1696568400000,MAD033_01,RRC_SETUP_ATT,461.0,900,NRCell,Huawei
1696568400000,MAD033_01,RRC_SETUP_SUCC,461.0,900,NRCell,Huawei
1696568400000,MAD033_01,S1SIG_Connection_Setup_SR_DEN,461.0,900,NRCell,Huawei
1696568400000,MAD033_01,S1SIG_Connection_Setup_SR_NUM,461.0,900,NRCell,Huawei
1696568400000,MAD033_01,SERVICE_LATENCY_OVER_AIR_INTERFACE_DEN,146566.0,900,NRCell,Huawei
1696568400000,MAD033_01,SERVICE_LATENCY_OVER_AIR_INTERFACE_NUM,242215.0,900,NRCell,Huawei
1696568400000,MAD033_01,VOICE_TRAFFIC,7526.0,900,NRCell,Huawei
1696568400000,MAD033_01,VOLTE_CALL_SETUP_ATT,4.0,900,NRCell,Huawei
1696568400000,MAD033_01,VOLTE_CALL_SETUP_SUCC,4.0,900,NRCell,Huawei
1696568400000,SAL030_01,DCR_DEN,102.0,900,NRCell,Huawei
1696568400000,SAL030_01,DCR_NUM,0.0,900,NRCell,Huawei
1696568400000,SAL030_01,DROP_CALL_VOLTE_DEN,0.0,900,NRCell,Huawei
1696568400000,SAL030_01,DROP_CALL_VOLTE_NUM,0.0,900,NRCell,Huawei
1696568400000,SAL030_01,ERAB_SR_DEN,101.0,900,NRCell,Huawei
1696568400000,SAL030_01,ERAB_SR_NUM,101.0,900,NRCell,Huawei
1696568400000,SAL030_01,INTEGRITY_NGBR_QCI_9,676753512.0,900,NRCell,Huawei
1696568400000,SAL030_01,INTRA_FREQUENCY_HO_OUT_ATT,5.0,900,NRCell,Huawei
1696568400000,SAL030_01,INTRA_FREQUENCY_HO_OUT_SUCC,5.0,900,NRCell,Huawei
1696568400000,SAL030_01,RRC_SETUP_ATT,58.0,900,NRCell,Huawei
1696568400000,SAL030_01,RRC_SETUP_SUCC,54.0,900,NRCell,Huawei
1696568400000,SAL030_01,S1SIG_Connection_Setup_SR_DEN,54.0,900,NRCell,Huawei
1696568400000,SAL030_01,S1SIG_Connection_Setup_SR_NUM,54.0,900,NRCell,Huawei
1696568400000,SAL030_01,SERVICE_LATENCY_OVER_AIR_INTERFACE_DEN,6410.0,900,NRCell,Huawei
1696568400000,SAL030_01,SERVICE_LATENCY_OVER_AIR_INTERFACE_NUM,9266.0,900,NRCell,Huawei
1696568400000,SAL030_01,VOICE_TRAFFIC,0.0,900,NRCell,Huawei
1696568400000,SAL030_01,VOLTE_CALL_SETUP_ATT,0.0,900,NRCell,Huawei
1696568400000,SAL030_01,VOLTE_CALL_SETUP_SUCC,0.0,900,NRCell,Huawei
1696568400000,SEV001_01,DCR_DEN,2600.0,900,NRCell,Huawei
1696568400000,SEV001_01,DCR_NUM,0.0,900,NRCell,Huawei
1696568400000,SEV001_01,DROP_CALL_VOLTE_DEN,3.0,900,NRCell,Huawei
1696568400000,SEV001_01,DROP_CALL_VOLTE_NUM,0.0,900,NRCell,Huawei
1696568400000,SEV001_01,ERAB_SR_DEN,2573.0,900,NRCell,Huawei
1696568400000,SEV001_01,ERAB_SR_NUM,2573.0,900,NRCell,Huawei
1696568400000,SEV001_01,INTEGRITY_NGBR_QCI_9,9695816864.0,900,NRCell,Huawei
1696568400000,SEV001_01,INTRA_FREQUENCY_HO_OUT_ATT,28.0,900,NRCell,Huawei
1696568400000,SEV001_01,INTRA_FREQUENCY_HO_OUT_SUCC,28.0,900,NRCell,Huawei
1696568400000,SEV001_01,RRC_SETUP_ATT,1504.0,900,NRCell,Huawei
1696568400000,SEV001_01,RRC_SETUP_SUCC,1501.0,900,NRCell,Huawei
1696568400000,SEV001_01,S1SIG_Connection_Setup_SR_DEN,1501.0,900,NRCell,Huawei
1696568400000,SEV001_01,S1SIG_Connection_Setup_SR_NUM,1501.0,900,NRCell,Huawei
1696568400000,SEV001_01,SERVICE_LATENCY_OVER_AIR_INTERFACE_DEN,252778.0,900,NRCell,Huawei
1696568400000,SEV001_01,SERVICE_LATENCY_OVER_AIR_INTERFACE_NUM,481547.0,900,NRCell,Huawei
1696568400000,SEV001_01,VOICE_TRAFFIC,10287.0,900,NRCell,Huawei
1696568400000,SEV001_01,VOLTE_CALL_SETUP_ATT,3.0,900,NRCell,Huawei
1696568400000,SEV001_01,VOLTE_CALL_SETUP_SUCC,3.0,900,NRCell,Huawei
1696568400000,SNT002_01,DCR_DEN,771.0,900,NRCell,Huawei
1696568400000,SNT002_01,DCR_NUM,1.0,900,NRCell,Huawei
1696568400000,SNT002_01,DROP_CALL_VOLTE_DEN,5.0,900,NRCell,Huawei
1696568400000,SNT002_01,DROP_CALL_VOLTE_NUM,0.0,900,NRCell,Huawei
1696568400000,SNT002_01,ERAB_SR_DEN,781.0,900,NRCell,Huawei
1696568400000,SNT002_01,ERAB_SR_NUM,781.0,900,NRCell,Huawei
1696568400000,SNT002_01,INTEGRITY_NGBR_QCI_9,6159926864.0,900,NRCell,Huawei
1696568400000,SNT002_01,INTRA_FREQUENCY_HO_OUT_ATT,17.0,900,NRCell,Huawei
1696568400000,SNT002_01,INTRA_FREQUENCY_HO_OUT_SUCC,17.0,900,NRCell,Huawei
1696568400000,SNT002_01,RRC_SETUP_ATT,486.0,900,NRCell,Huawei
1696568400000,SNT002_01,RRC_SETUP_SUCC,485.0,900,NRCell,Huawei
1696568400000,SNT002_01,S1SIG_Connection_Setup_SR_DEN,485.0,900,NRCell,Huawei
1696568400000,SNT002_01,S1SIG_Connection_Setup_SR_NUM,485.0,900,NRCell,Huawei
1696568400000,SNT002_01,SERVICE_LATENCY_OVER_AIR_INTERFACE_DEN,194796.0,900,NRCell,Huawei
1696568400000,SNT002_01,SERVICE_LATENCY_OVER_AIR_INTERFACE_NUM,218682.0,900,NRCell,Huawei
1696568400000,SNT002_01,VOICE_TRAFFIC,19497.0,900,NRCell,Huawei
1696568400000,SNT002_01,VOLTE_CALL_SETUP_ATT,4.0,900,NRCell,Huawei
1696568400000,SNT002_01,VOLTE_CALL_SETUP_SUCC,4.0,900,NRCell,Huawei
1696568400000,TAR015_01,DCR_DEN,2516.0,900,NRCell,Huawei
1696568400000,TAR015_01,DCR_NUM,3.0,900,NRCell,Huawei
1696568400000,TAR015_01,DROP_CALL_VOLTE_DEN,8.0,900,NRCell,Huawei
1696568400000,TAR015_01,DROP_CALL_VOLTE_NUM,0.0,900,NRCell,Huawei
1696568400000,TAR015_01,ERAB_SR_DEN,2496.0,900,NRCell,Huawei
1696568400000,TAR015_01,ERAB_SR_NUM,2491.0,900,NRCell,Huawei
1696568400000,TAR015_01,INTEGRITY_NGBR_QCI_9,14347194136.0,900,NRCell,Huawei
1696568400000,TAR015_01,INTRA_FREQUENCY_HO_OUT_ATT,66.0,900,NRCell,Huawei
1696568400000,TAR015_01,INTRA_FREQUENCY_HO_OUT_SUCC,66.0,900,NRCell,Huawei
1696568400000,TAR015_01,RRC_SETUP_ATT,1412.0,900,NRCell,Huawei
1696568400000,TAR015_01,RRC_SETUP_SUCC,1400.0,900,NRCell,Huawei
1696568400000,TAR015_01,S1SIG_Connection_Setup_SR_DEN,1400.0,900,NRCell,Huawei
1696568400000,TAR015_01,S1SIG_Connection_Setup_SR_NUM,1400.0,900,NRCell,Huawei
1696568400000,TAR015_01,SERVICE_LATENCY_OVER_AIR_INTERFACE_DEN,460424.0,900,NRCell,Huawei
1696568400000,TAR015_01,SERVICE_LATENCY_OVER_AIR_INTERFACE_NUM,976670.0,900,NRCell,Huawei
1696568400000,TAR015_01,VOICE_TRAFFIC,33697.0,900,NRCell,Huawei
1696568400000,TAR015_01,VOLTE_CALL_SETUP_ATT,6.0,900,NRCell,Huawei
1696568400000,TAR015_01,VOLTE_CALL_SETUP_SUCC,6.0,900,NRCell,Huawei
1696568400000,TOL034_01,DCR_DEN,70.0,900,NRCell,Huawei
1696568400000,TOL034_01,DCR_NUM,0.0,900,NRCell,Huawei
1696568400000,TOL034_01,DROP_CALL_VOLTE_DEN,1.0,900,NRCell,Huawei
1696568400000,TOL034_01,DROP_CALL_VOLTE_NUM,0.0,900,NRCell,Huawei
1696568400000,TOL034_01,ERAB_SR_DEN,74.0,900,NRCell,Huawei
1696568400000,TOL034_01,ERAB_SR_NUM,74.0,900,NRCell,Huawei
1696568400000,TOL034_01,INTEGRITY_NGBR_QCI_9,2671269360.0,900,NRCell,Huawei
1696568400000,TOL034_01,INTRA_FREQUENCY_HO_OUT_ATT,4.0,900,NRCell,Huawei
1696568400000,TOL034_01,INTRA_FREQUENCY_HO_OUT_SUCC,4.0,900,NRCell,Huawei
1696568400000,TOL034_01,RRC_SETUP_ATT,40.0,900,NRCell,Huawei
1696568400000,TOL034_01,RRC_SETUP_SUCC,40.0,900,NRCell,Huawei
1696568400000,TOL034_01,S1SIG_Connection_Setup_SR_DEN,40.0,900,NRCell,Huawei
1696568400000,TOL034_01,S1SIG_Connection_Setup_SR_NUM,40.0,900,NRCell,Huawei
1696568400000,TOL034_01,SERVICE_LATENCY_OVER_AIR_INTERFACE_DEN,15908.0,900,NRCell,Huawei
1696568400000,TOL034_01,SERVICE_LATENCY_OVER_AIR_INTERFACE_NUM,20011.0,900,NRCell,Huawei
1696568400000,TOL034_01,VOICE_TRAFFIC,254.0,900,NRCell,Huawei
1696568400000,TOL034_01,VOLTE_CALL_SETUP_ATT,0.0,900,NRCell,Huawei
1696568400000,TOL034_01,VOLTE_CALL_SETUP_SUCC,0.0,900,NRCell,Huawei
1696568400000,VAL002_01,DCR_DEN,28.0,900,NRCell,Huawei
1696568400000,VAL002_01,DCR_NUM,0.0,900,NRCell,Huawei
1696568400000,VAL002_01,DROP_CALL_VOLTE_DEN,0.0,900,NRCell,Huawei
1696568400000,VAL002_01,DROP_CALL_VOLTE_NUM,0.0,900,NRCell,Huawei
1696568400000,VAL002_01,ERAB_SR_DEN,28.0,900,NRCell,Huawei
1696568400000,VAL002_01,ERAB_SR_NUM,28.0,900,NRCell,Huawei
1696568400000,VAL002_01,INTEGRITY_NGBR_QCI_9,56281016.0,900,NRCell,Huawei
1696568400000,VAL002_01,INTRA_FREQUENCY_HO_OUT_ATT,2.0,900,NRCell,Huawei
1696568400000,VAL002_01,INTRA_FREQUENCY_HO_OUT_SUCC,2.0,900,NRCell,Huawei
1696568400000,VAL002_01,RRC_SETUP_ATT,19.0,900,NRCell,Huawei
1696568400000,VAL002_01,RRC_SETUP_SUCC,19.0,900,NRCell,Huawei
1696568400000,VAL002_01,S1SIG_Connection_Setup_SR_DEN,19.0,900,NRCell,Huawei
1696568400000,VAL002_01,S1SIG_Connection_Setup_SR_NUM,19.0,900,NRCell,Huawei
1696568400000,VAL002_01,SERVICE_LATENCY_OVER_AIR_INTERFACE_DEN,514.0,900,NRCell,Huawei
1696568400000,VAL002_01,SERVICE_LATENCY_OVER_AIR_INTERFACE_NUM,895.0,900,NRCell,Huawei
1696568400000,VAL002_01,VOICE_TRAFFIC,0.0,900,NRCell,Huawei
1696568400000,VAL002_01,VOLTE_CALL_SETUP_ATT,0.0,900,NRCell,Huawei
1696568400000,VAL002_01,VOLTE_CALL_SETUP_SUCC,0.0,900,NRCell,Huawei
