startTime,neId,counterCode,counterValue,granularity,neType,vendorName
1696807800000,BCN014_01,DCR_DEN,1860.0,900,NRCell,Huawei
1696807800000,BCN014_01,DCR_NUM,0.0,900,NRCell,Huawei
1696807800000,BCN014_01,DROP_CALL_VOLTE_DEN,7.0,900,NRCell,Huawei
1696807800000,BCN014_01,DROP_CALL_VOLTE_NUM,0.0,900,NRCell,Huawei
1696807800000,BCN014_01,ERAB_SR_DEN,1879.0,900,NRCell,Huawei
1696807800000,BCN014_01,ERAB_SR_NUM,1879.0,900,NRCell,Huawei
1696807800000,BCN014_01,INTEGRITY_NGBR_QCI_9,11026851408.0,900,NRCell,Huawei
1696807800000,BCN014_01,INTRA_FREQUENCY_HO_OUT_ATT,190.0,900,NRCell,Huawei
1696807800000,BCN014_01,INTRA_FREQUENCY_HO_OUT_SUCC,190.0,900,NRCell,Huawei
1696807800000,BCN014_01,RRC_SETUP_ATT,1134.0,900,NRCell,Huawei
1696807800000,BCN014_01,RRC_SETUP_SUCC,1130.0,900,NRCell,Huawei
1696807800000,BCN014_01,S1SIG_Connection_Setup_SR_DEN,1130.0,900,NRCell,Huawei
1696807800000,BCN014_01,S1SIG_Connection_Setup_SR_NUM,1129.0,900,NRCell,Huawei
1696807800000,BCN014_01,SERVICE_LATENCY_OVER_AIR_INTERFACE_DEN,174218.0,900,NRCell,Huawei
1696807800000,BCN014_01,SERVICE_LATENCY_OVER_AIR_INTERFACE_NUM,395375.0,900,NRCell,Huawei
1696807800000,BCN014_01,VOICE_TRAFFIC,12350.0,900,NRCell,Huawei
1696807800000,BCN014_01,VOLTE_CALL_SETUP_ATT,7.0,900,NRCell,Huawei
1696807800000,BCN014_01,VOLTE_CALL_SETUP_SUCC,7.0,900,NRCell,Huawei
1696807800000,BIL001_01,DCR_DEN,1768.0,900,NRCell,Huawei
1696807800000,BIL001_01,DCR_NUM,2.0,900,NRCell,Huawei
1696807800000,BIL001_01,DROP_CALL_VOLTE_DEN,7.0,900,NRCell,Huawei
1696807800000,BIL001_01,DROP_CALL_VOLTE_NUM,0.0,900,NRCell,Huawei
1696807800000,BIL001_01,ERAB_SR_DEN,1778.0,900,NRCell,Huawei
1696807800000,BIL001_01,ERAB_SR_NUM,1774.0,900,NRCell,Huawei
1696807800000,BIL001_01,INTEGRITY_NGBR_QCI_9,10975621224.0,900,NRCell,Huawei
1696807800000,BIL001_01,INTRA_FREQUENCY_HO_OUT_ATT,148.0,900,NRCell,Huawei
1696807800000,BIL001_01,INTRA_FREQUENCY_HO_OUT_SUCC,148.0,900,NRCell,Huawei
1696807800000,BIL001_01,RRC_SETUP_ATT,1111.0,900,NRCell,Huawei
1696807800000,BIL001_01,RRC_SETUP_SUCC,1109.0,900,NRCell,Huawei
1696807800000,BIL001_01,S1SIG_Connection_Setup_SR_DEN,1109.0,900,NRCell,Huawei
1696807800000,BIL001_01,S1SIG_Connection_Setup_SR_NUM,1107.0,900,NRCell,Huawei
1696807800000,BIL001_01,SERVICE_LATENCY_OVER_AIR_INTERFACE_DEN,330981.0,900,NRCell,Huawei
1696807800000,BIL001_01,SERVICE_LATENCY_OVER_AIR_INTERFACE_NUM,461752.0,900,NRCell,Huawei
1696807800000,BIL001_01,VOICE_TRAFFIC,16070.0,900,NRCell,Huawei
1696807800000,BIL001_01,VOLTE_CALL_SETUP_ATT,7.0,900,NRCell,Huawei
1696807800000,BIL001_01,VOLTE_CALL_SETUP_SUCC,7.0,900,NRCell,Huawei
1696807800000,MAD033_01,DCR_DEN,923.0,900,NRCell,Huawei
1696807800000,MAD033_01,DCR_NUM,0.0,900,NRCell,Huawei
1696807800000,MAD033_01,DROP_CALL_VOLTE_DEN,13.0,900,NRCell,Huawei
1696807800000,MAD033_01,DROP_CALL_VOLTE_NUM,0.0,900,NRCell,Huawei
1696807800000,MAD033_01,ERAB_SR_DEN,921.0,900,NRCell,Huawei
1696807800000,MAD033_01,ERAB_SR_NUM,921.0,900,NRCell,Huawei
1696807800000,MAD033_01,INTEGRITY_NGBR_QCI_9,4875076792.0,900,NRCell,Huawei
1696807800000,MAD033_01,INTRA_FREQUENCY_HO_OUT_ATT,85.0,900,NRCell,Huawei
1696807800000,MAD033_01,INTRA_FREQUENCY_HO_OUT_SUCC,85.0,900,NRCell,Huawei
1696807800000,MAD033_01,RRC_SETUP_ATT,547.0,900,NRCell,Huawei
1696807800000,MAD033_01,RRC_SETUP_SUCC,546.0,900,NRCell,Huawei
1696807800000,MAD033_01,S1SIG_Connection_Setup_SR_DEN,546.0,900,NRCell,Huawei
1696807800000,MAD033_01,S1SIG_Connection_Setup_SR_NUM,546.0,900,NRCell,Huawei
1696807800000,MAD033_01,SERVICE_LATENCY_OVER_AIR_INTERFACE_DEN,120522.0,900,NRCell,Huawei
1696807800000,MAD033_01,SERVICE_LATENCY_OVER_AIR_INTERFACE_NUM,158841.0,900,NRCell,Huawei
1696807800000,MAD033_01,VOICE_TRAFFIC,3073.0,900,NRCell,Huawei
1696807800000,MAD033_01,VOLTE_CALL_SETUP_ATT,12.0,900,NRCell,Huawei
1696807800000,MAD033_01,VOLTE_CALL_SETUP_SUCC,12.0,900,NRCell,Huawei
1696807800000,SAL030_01,DCR_DEN,173.0,900,NRCell,Huawei
1696807800000,SAL030_01,DCR_NUM,0.0,900,NRCell,Huawei
1696807800000,SAL030_01,DROP_CALL_VOLTE_DEN,0.0,900,NRCell,Huawei
1696807800000,SAL030_01,DROP_CALL_VOLTE_NUM,0.0,900,NRCell,Huawei
1696807800000,SAL030_01,ERAB_SR_DEN,174.0,900,NRCell,Huawei
1696807800000,SAL030_01,ERAB_SR_NUM,174.0,900,NRCell,Huawei
1696807800000,SAL030_01,INTEGRITY_NGBR_QCI_9,1510576664.0,900,NRCell,Huawei
1696807800000,SAL030_01,INTRA_FREQUENCY_HO_OUT_ATT,10.0,900,NRCell,Huawei
1696807800000,SAL030_01,INTRA_FREQUENCY_HO_OUT_SUCC,10.0,900,NRCell,Huawei
1696807800000,SAL030_01,RRC_SETUP_ATT,124.0,900,NRCell,Huawei
1696807800000,SAL030_01,RRC_SETUP_SUCC,124.0,900,NRCell,Huawei
1696807800000,SAL030_01,S1SIG_Connection_Setup_SR_DEN,124.0,900,NRCell,Huawei
1696807800000,SAL030_01,S1SIG_Connection_Setup_SR_NUM,124.0,900,NRCell,Huawei
1696807800000,SAL030_01,SERVICE_LATENCY_OVER_AIR_INTERFACE_DEN,53653.0,900,NRCell,Huawei
1696807800000,SAL030_01,SERVICE_LATENCY_OVER_AIR_INTERFACE_NUM,75786.0,900,NRCell,Huawei
1696807800000,SAL030_01,VOICE_TRAFFIC,68.0,900,NRCell,Huawei
1696807800000,SAL030_01,VOLTE_CALL_SETUP_ATT,0.0,900,NRCell,Huawei
1696807800000,SAL030_01,VOLTE_CALL_SETUP_SUCC,0.0,900,NRCell,Huawei
1696807800000,SEV001_01,DCR_DEN,2132.0,900,NRCell,Huawei
1696807800000,SEV001_01,DCR_NUM,0.0,900,NRCell,Huawei
1696807800000,SEV001_01,DROP_CALL_VOLTE_DEN,15.0,900,NRCell,Huawei
1696807800000,SEV001_01,DROP_CALL_VOLTE_NUM,0.0,900,NRCell,Huawei
1696807800000,SEV001_01,ERAB_SR_DEN,2169.0,900,NRCell,Huawei
1696807800000,SEV001_01,ERAB_SR_NUM,2169.0,900,NRCell,Huawei
1696807800000,SEV001_01,INTEGRITY_NGBR_QCI_9,9833224424.0,900,NRCell,Huawei
1696807800000,SEV001_01,INTRA_FREQUENCY_HO_OUT_ATT,107.0,900,NRCell,Huawei
1696807800000,SEV001_01,INTRA_FREQUENCY_HO_OUT_SUCC,107.0,900,NRCell,Huawei
1696807800000,SEV001_01,RRC_SETUP_ATT,1195.0,900,NRCell,Huawei
1696807800000,SEV001_01,RRC_SETUP_SUCC,1193.0,900,NRCell,Huawei
1696807800000,SEV001_01,S1SIG_Connection_Setup_SR_DEN,1193.0,900,NRCell,Huawei
1696807800000,SEV001_01,S1SIG_Connection_Setup_SR_NUM,1193.0,900,NRCell,Huawei
1696807800000,SEV001_01,SERVICE_LATENCY_OVER_AIR_INTERFACE_DEN,291046.0,900,NRCell,Huawei
1696807800000,SEV001_01,SERVICE_LATENCY_OVER_AIR_INTERFACE_NUM,785940.0,900,NRCell,Huawei
1696807800000,SEV001_01,VOICE_TRAFFIC,20310.0,900,NRCell,Huawei
1696807800000,SEV001_01,VOLTE_CALL_SETUP_ATT,15.0,900,NRCell,Huawei
1696807800000,SEV001_01,VOLTE_CALL_SETUP_SUCC,15.0,900,NRCell,Huawei
1696807800000,SNT002_01,DCR_DEN,822.0,900,NRCell,Huawei
1696807800000,SNT002_01,DCR_NUM,0.0,900,NRCell,Huawei
1696807800000,SNT002_01,DROP_CALL_VOLTE_DEN,7.0,900,NRCell,Huawei
1696807800000,SNT002_01,DROP_CALL_VOLTE_NUM,0.0,900,NRCell,Huawei
1696807800000,SNT002_01,ERAB_SR_DEN,834.0,900,NRCell,Huawei
1696807800000,SNT002_01,ERAB_SR_NUM,834.0,900,NRCell,Huawei
1696807800000,SNT002_01,INTEGRITY_NGBR_QCI_9,3779246272.0,900,NRCell,Huawei
1696807800000,SNT002_01,INTRA_FREQUENCY_HO_OUT_ATT,54.0,900,NRCell,Huawei
1696807800000,SNT002_01,INTRA_FREQUENCY_HO_OUT_SUCC,54.0,900,NRCell,Huawei
1696807800000,SNT002_01,RRC_SETUP_ATT,486.0,900,NRCell,Huawei
1696807800000,SNT002_01,RRC_SETUP_SUCC,485.0,900,NRCell,Huawei
1696807800000,SNT002_01,S1SIG_Connection_Setup_SR_DEN,485.0,900,NRCell,Huawei
1696807800000,SNT002_01,S1SIG_Connection_Setup_SR_NUM,485.0,900,NRCell,Huawei
1696807800000,SNT002_01,SERVICE_LATENCY_OVER_AIR_INTERFACE_DEN,142797.0,900,NRCell,Huawei
1696807800000,SNT002_01,SERVICE_LATENCY_OVER_AIR_INTERFACE_NUM,157624.0,900,NRCell,Huawei
1696807800000,SNT002_01,VOICE_TRAFFIC,3375.0,900,NRCell,Huawei
1696807800000,SNT002_01,VOLTE_CALL_SETUP_ATT,5.0,900,NRCell,Huawei
1696807800000,SNT002_01,VOLTE_CALL_SETUP_SUCC,5.0,900,NRCell,Huawei
1696807800000,TAR015_01,DCR_DEN,2658.0,900,NRCell,Huawei
1696807800000,TAR015_01,DCR_NUM,4.0,900,NRCell,Huawei
1696807800000,TAR015_01,DROP_CALL_VOLTE_DEN,22.0,900,NRCell,Huawei
1696807800000,TAR015_01,DROP_CALL_VOLTE_NUM,0.0,900,NRCell,Huawei
1696807800000,TAR015_01,ERAB_SR_DEN,2576.0,900,NRCell,Huawei
1696807800000,TAR015_01,ERAB_SR_NUM,2567.0,900,NRCell,Huawei
1696807800000,TAR015_01,INTEGRITY_NGBR_QCI_9,18949041808.0,900,NRCell,Huawei
1696807800000,TAR015_01,INTRA_FREQUENCY_HO_OUT_ATT,93.0,900,NRCell,Huawei
1696807800000,TAR015_01,INTRA_FREQUENCY_HO_OUT_SUCC,93.0,900,NRCell,Huawei
1696807800000,TAR015_01,RRC_SETUP_ATT,1425.0,900,NRCell,Huawei
1696807800000,TAR015_01,RRC_SETUP_SUCC,1424.0,900,NRCell,Huawei
1696807800000,TAR015_01,S1SIG_Connection_Setup_SR_DEN,1424.0,900,NRCell,Huawei
1696807800000,TAR015_01,S1SIG_Connection_Setup_SR_NUM,1423.0,900,NRCell,Huawei
1696807800000,TAR015_01,SERVICE_LATENCY_OVER_AIR_INTERFACE_DEN,493988.0,900,NRCell,Huawei
1696807800000,TAR015_01,SERVICE_LATENCY_OVER_AIR_INTERFACE_NUM,1055587.0,900,NRCell,Huawei
1696807800000,TAR015_01,VOICE_TRAFFIC,16808.0,900,NRCell,Huawei
1696807800000,TAR015_01,VOLTE_CALL_SETUP_ATT,20.0,900,NRCell,Huawei
1696807800000,TAR015_01,VOLTE_CALL_SETUP_SUCC,20.0,900,NRCell,Huawei
1696807800000,TOL034_01,DCR_DEN,124.0,900,NRCell,Huawei
1696807800000,TOL034_01,DCR_NUM,0.0,900,NRCell,Huawei
1696807800000,TOL034_01,DROP_CALL_VOLTE_DEN,0.0,900,NRCell,Huawei
1696807800000,TOL034_01,DROP_CALL_VOLTE_NUM,0.0,900,NRCell,Huawei
1696807800000,TOL034_01,ERAB_SR_DEN,129.0,900,NRCell,Huawei
1696807800000,TOL034_01,ERAB_SR_NUM,128.0,900,NRCell,Huawei
1696807800000,TOL034_01,INTEGRITY_NGBR_QCI_9,2738495200.0,900,NRCell,Huawei
1696807800000,TOL034_01,INTRA_FREQUENCY_HO_OUT_ATT,11.0,900,NRCell,Huawei
1696807800000,TOL034_01,INTRA_FREQUENCY_HO_OUT_SUCC,11.0,900,NRCell,Huawei
1696807800000,TOL034_01,RRC_SETUP_ATT,93.0,900,NRCell,Huawei
1696807800000,TOL034_01,RRC_SETUP_SUCC,93.0,900,NRCell,Huawei
1696807800000,TOL034_01,S1SIG_Connection_Setup_SR_DEN,93.0,900,NRCell,Huawei
1696807800000,TOL034_01,S1SIG_Connection_Setup_SR_NUM,92.0,900,NRCell,Huawei
1696807800000,TOL034_01,SERVICE_LATENCY_OVER_AIR_INTERFACE_DEN,87241.0,900,NRCell,Huawei
1696807800000,TOL034_01,SERVICE_LATENCY_OVER_AIR_INTERFACE_NUM,111211.0,900,NRCell,Huawei
1696807800000,TOL034_01,VOICE_TRAFFIC,76.0,900,NRCell,Huawei
1696807800000,TOL034_01,VOLTE_CALL_SETUP_ATT,1.0,900,NRCell,Huawei
1696807800000,TOL034_01,VOLTE_CALL_SETUP_SUCC,0.0,900,NRCell,Huawei
1696807800000,VAL002_01,DCR_DEN,41.0,900,NRCell,Huawei
1696807800000,VAL002_01,DCR_NUM,0.0,900,NRCell,Huawei
1696807800000,VAL002_01,DROP_CALL_VOLTE_DEN,2.0,900,NRCell,Huawei
1696807800000,VAL002_01,DROP_CALL_VOLTE_NUM,0.0,900,NRCell,Huawei
1696807800000,VAL002_01,ERAB_SR_DEN,39.0,900,NRCell,Huawei
1696807800000,VAL002_01,ERAB_SR_NUM,39.0,900,NRCell,Huawei
1696807800000,VAL002_01,INTEGRITY_NGBR_QCI_9,6336952.0,900,NRCell,Huawei
1696807800000,VAL002_01,INTRA_FREQUENCY_HO_OUT_ATT,1.0,900,NRCell,Huawei
1696807800000,VAL002_01,INTRA_FREQUENCY_HO_OUT_SUCC,1.0,900,NRCell,Huawei
1696807800000,VAL002_01,RRC_SETUP_ATT,34.0,900,NRCell,Huawei
1696807800000,VAL002_01,RRC_SETUP_SUCC,34.0,900,NRCell,Huawei
1696807800000,VAL002_01,S1SIG_Connection_Setup_SR_DEN,34.0,900,NRCell,Huawei
1696807800000,VAL002_01,S1SIG_Connection_Setup_SR_NUM,34.0,900,NRCell,Huawei
1696807800000,VAL002_01,SERVICE_LATENCY_OVER_AIR_INTERFACE_DEN,969.0,900,NRCell,Huawei
1696807800000,VAL002_01,SERVICE_LATENCY_OVER_AIR_INTERFACE_NUM,1329.0,900,NRCell,Huawei
1696807800000,VAL002_01,VOICE_TRAFFIC,36.0,900,NRCell,Huawei
1696807800000,VAL002_01,VOLTE_CALL_SETUP_ATT,2.0,900,NRCell,Huawei
1696807800000,VAL002_01,VOLTE_CALL_SETUP_SUCC,2.0,900,NRCell,Huawei
