startTime,neId,counterCode,counterValue,granularity,neType,vendorName
1696844700000,BCN014_01,DCR_DEN,899.0,900,NRCell,Huawei
1696844700000,BCN014_01,DCR_NUM,0.0,900,NRCell,Huawei
1696844700000,BCN014_01,DROP_CALL_VOLTE_DEN,0.0,900,NRCell,Huawei
1696844700000,BCN014_01,DROP_CALL_VOLTE_NUM,0.0,900,NRCell,Huawei
1696844700000,BCN014_01,ERAB_SR_DEN,907.0,900,NRCell,Huawei
1696844700000,BCN014_01,ERAB_SR_NUM,907.0,900,NRCell,Huawei
1696844700000,BCN014_01,INTEGRITY_NGBR_QCI_9,2439152312.0,900,NRCell,Huawei
1696844700000,BCN014_01,INTRA_FREQUENCY_HO_OUT_ATT,14.0,900,NRCell,Huawei
1696844700000,BCN014_01,INTRA_FREQUENCY_HO_OUT_SUCC,14.0,900,NRCell,Huawei
1696844700000,BCN014_01,RRC_SETUP_ATT,628.0,900,NRCell,Huawei
1696844700000,BCN014_01,RRC_SETUP_SUCC,628.0,900,NRCell,Huawei
1696844700000,BCN014_01,S1SIG_Connection_Setup_SR_DEN,628.0,900,NRCell,Huawei
1696844700000,BCN014_01,S1SIG_Connection_Setup_SR_NUM,628.0,900,NRCell,Huawei
1696844700000,BCN014_01,SERVICE_LATENCY_OVER_AIR_INTERFACE_DEN,81518.0,900,NRCell,Huawei
1696844700000,BCN014_01,SERVICE_LATENCY_OVER_AIR_INTERFACE_NUM,89053.0,900,NRCell,Huawei
1696844700000,BCN014_01,VOICE_TRAFFIC,0.0,900,NRCell,Huawei
1696844700000,BCN014_01,VOLTE_CALL_SETUP_ATT,0.0,900,NRCell,Huawei
1696844700000,BCN014_01,VOLTE_CALL_SETUP_SUCC,0.0,900,NRCell,Huawei
1696844700000,BIL001_01,DCR_DEN,795.0,900,NRCell,Huawei
1696844700000,BIL001_01,DCR_NUM,0.0,900,NRCell,Huawei
1696844700000,BIL001_01,DROP_CALL_VOLTE_DEN,1.0,900,NRCell,Huawei
1696844700000,BIL001_01,DROP_CALL_VOLTE_NUM,0.0,900,NRCell,Huawei
1696844700000,BIL001_01,ERAB_SR_DEN,786.0,900,NRCell,Huawei
1696844700000,BIL001_01,ERAB_SR_NUM,786.0,900,NRCell,Huawei
1696844700000,BIL001_01,INTEGRITY_NGBR_QCI_9,341429000.0,900,NRCell,Huawei
1696844700000,BIL001_01,INTRA_FREQUENCY_HO_OUT_ATT,3.0,900,NRCell,Huawei
1696844700000,BIL001_01,INTRA_FREQUENCY_HO_OUT_SUCC,3.0,900,NRCell,Huawei
1696844700000,BIL001_01,RRC_SETUP_ATT,560.0,900,NRCell,Huawei
1696844700000,BIL001_01,RRC_SETUP_SUCC,560.0,900,NRCell,Huawei
1696844700000,BIL001_01,S1SIG_Connection_Setup_SR_DEN,560.0,900,NRCell,Huawei
1696844700000,BIL001_01,S1SIG_Connection_Setup_SR_NUM,560.0,900,NRCell,Huawei
1696844700000,BIL001_01,SERVICE_LATENCY_OVER_AIR_INTERFACE_DEN,40052.0,900,NRCell,Huawei
1696844700000,BIL001_01,SERVICE_LATENCY_OVER_AIR_INTERFACE_NUM,42360.0,900,NRCell,Huawei
1696844700000,BIL001_01,VOICE_TRAFFIC,0.0,900,NRCell,Huawei
1696844700000,BIL001_01,VOLTE_CALL_SETUP_ATT,1.0,900,NRCell,Huawei
1696844700000,BIL001_01,VOLTE_CALL_SETUP_SUCC,1.0,900,NRCell,Huawei
1696844700000,MAD033_01,DCR_DEN,469.0,900,NRCell,Huawei
1696844700000,MAD033_01,DCR_NUM,0.0,900,NRCell,Huawei
1696844700000,MAD033_01,DROP_CALL_VOLTE_DEN,0.0,900,NRCell,Huawei
1696844700000,MAD033_01,DROP_CALL_VOLTE_NUM,0.0,900,NRCell,Huawei
1696844700000,MAD033_01,ERAB_SR_DEN,470.0,900,NRCell,Huawei
1696844700000,MAD033_01,ERAB_SR_NUM,470.0,900,NRCell,Huawei
1696844700000,MAD033_01,INTEGRITY_NGBR_QCI_9,33084312.0,900,NRCell,Huawei
1696844700000,MAD033_01,INTRA_FREQUENCY_HO_OUT_ATT,5.0,900,NRCell,Huawei
1696844700000,MAD033_01,INTRA_FREQUENCY_HO_OUT_SUCC,5.0,900,NRCell,Huawei
1696844700000,MAD033_01,RRC_SETUP_ATT,290.0,900,NRCell,Huawei
1696844700000,MAD033_01,RRC_SETUP_SUCC,290.0,900,NRCell,Huawei
1696844700000,MAD033_01,S1SIG_Connection_Setup_SR_DEN,290.0,900,NRCell,Huawei
1696844700000,MAD033_01,S1SIG_Connection_Setup_SR_NUM,290.0,900,NRCell,Huawei
1696844700000,MAD033_01,SERVICE_LATENCY_OVER_AIR_INTERFACE_DEN,5971.0,900,NRCell,Huawei
1696844700000,MAD033_01,SERVICE_LATENCY_OVER_AIR_INTERFACE_NUM,6319.0,900,NRCell,Huawei
1696844700000,MAD033_01,VOICE_TRAFFIC,0.0,900,NRCell,Huawei
1696844700000,MAD033_01,VOLTE_CALL_SETUP_ATT,0.0,900,NRCell,Huawei
1696844700000,MAD033_01,VOLTE_CALL_SETUP_SUCC,0.0,900,NRCell,Huawei
1696844700000,SAL030_01,DCR_DEN,122.0,900,NRCell,Huawei
1696844700000,SAL030_01,DCR_NUM,0.0,900,NRCell,Huawei
1696844700000,SAL030_01,DROP_CALL_VOLTE_DEN,0.0,900,NRCell,Huawei
1696844700000,SAL030_01,DROP_CALL_VOLTE_NUM,0.0,900,NRCell,Huawei
1696844700000,SAL030_01,ERAB_SR_DEN,119.0,900,NRCell,Huawei
1696844700000,SAL030_01,ERAB_SR_NUM,119.0,900,NRCell,Huawei
1696844700000,SAL030_01,INTEGRITY_NGBR_QCI_9,156621880.0,900,NRCell,Huawei
1696844700000,SAL030_01,INTRA_FREQUENCY_HO_OUT_ATT,0.0,900,NRCell,Huawei
1696844700000,SAL030_01,INTRA_FREQUENCY_HO_OUT_SUCC,0.0,900,NRCell,Huawei
1696844700000,SAL030_01,RRC_SETUP_ATT,75.0,900,NRCell,Huawei
1696844700000,SAL030_01,RRC_SETUP_SUCC,75.0,900,NRCell,Huawei
1696844700000,SAL030_01,S1SIG_Connection_Setup_SR_DEN,75.0,900,NRCell,Huawei
1696844700000,SAL030_01,S1SIG_Connection_Setup_SR_NUM,75.0,900,NRCell,Huawei
1696844700000,SAL030_01,SERVICE_LATENCY_OVER_AIR_INTERFACE_DEN,16352.0,900,NRCell,Huawei
1696844700000,SAL030_01,SERVICE_LATENCY_OVER_AIR_INTERFACE_NUM,41255.0,900,NRCell,Huawei
1696844700000,SAL030_01,VOICE_TRAFFIC,0.0,900,NRCell,Huawei
1696844700000,SAL030_01,VOLTE_CALL_SETUP_ATT,0.0,900,NRCell,Huawei
1696844700000,SAL030_01,VOLTE_CALL_SETUP_SUCC,0.0,900,NRCell,Huawei
1696844700000,SEV001_01,DCR_DEN,1715.0,900,NRCell,Huawei
1696844700000,SEV001_01,DCR_NUM,0.0,900,NRCell,Huawei
1696844700000,SEV001_01,DROP_CALL_VOLTE_DEN,2.0,900,NRCell,Huawei
1696844700000,SEV001_01,DROP_CALL_VOLTE_NUM,0.0,900,NRCell,Huawei
1696844700000,SEV001_01,ERAB_SR_DEN,1738.0,900,NRCell,Huawei
1696844700000,SEV001_01,ERAB_SR_NUM,1738.0,900,NRCell,Huawei
1696844700000,SEV001_01,INTEGRITY_NGBR_QCI_9,603650752.0,900,NRCell,Huawei
1696844700000,SEV001_01,INTRA_FREQUENCY_HO_OUT_ATT,11.0,900,NRCell,Huawei
1696844700000,SEV001_01,INTRA_FREQUENCY_HO_OUT_SUCC,11.0,900,NRCell,Huawei
1696844700000,SEV001_01,RRC_SETUP_ATT,1015.0,900,NRCell,Huawei
1696844700000,SEV001_01,RRC_SETUP_SUCC,1015.0,900,NRCell,Huawei
1696844700000,SEV001_01,S1SIG_Connection_Setup_SR_DEN,1015.0,900,NRCell,Huawei
1696844700000,SEV001_01,S1SIG_Connection_Setup_SR_NUM,1015.0,900,NRCell,Huawei
1696844700000,SEV001_01,SERVICE_LATENCY_OVER_AIR_INTERFACE_DEN,35799.0,900,NRCell,Huawei
1696844700000,SEV001_01,SERVICE_LATENCY_OVER_AIR_INTERFACE_NUM,48472.0,900,NRCell,Huawei
1696844700000,SEV001_01,VOICE_TRAFFIC,291.0,900,NRCell,Huawei
1696844700000,SEV001_01,VOLTE_CALL_SETUP_ATT,2.0,900,NRCell,Huawei
1696844700000,SEV001_01,VOLTE_CALL_SETUP_SUCC,2.0,900,NRCell,Huawei
1696844700000,SNT002_01,DCR_DEN,499.0,900,NRCell,Huawei
1696844700000,SNT002_01,DCR_NUM,0.0,900,NRCell,Huawei
1696844700000,SNT002_01,DROP_CALL_VOLTE_DEN,0.0,900,NRCell,Huawei
1696844700000,SNT002_01,DROP_CALL_VOLTE_NUM,0.0,900,NRCell,Huawei
1696844700000,SNT002_01,ERAB_SR_DEN,508.0,900,NRCell,Huawei
1696844700000,SNT002_01,ERAB_SR_NUM,508.0,900,NRCell,Huawei
1696844700000,SNT002_01,INTEGRITY_NGBR_QCI_9,69675024.0,900,NRCell,Huawei
1696844700000,SNT002_01,INTRA_FREQUENCY_HO_OUT_ATT,1.0,900,NRCell,Huawei
1696844700000,SNT002_01,INTRA_FREQUENCY_HO_OUT_SUCC,1.0,900,NRCell,Huawei
1696844700000,SNT002_01,RRC_SETUP_ATT,339.0,900,NRCell,Huawei
1696844700000,SNT002_01,RRC_SETUP_SUCC,339.0,900,NRCell,Huawei
1696844700000,SNT002_01,S1SIG_Connection_Setup_SR_DEN,339.0,900,NRCell,Huawei
1696844700000,SNT002_01,S1SIG_Connection_Setup_SR_NUM,339.0,900,NRCell,Huawei
1696844700000,SNT002_01,SERVICE_LATENCY_OVER_AIR_INTERFACE_DEN,7268.0,900,NRCell,Huawei
1696844700000,SNT002_01,SERVICE_LATENCY_OVER_AIR_INTERFACE_NUM,7517.0,900,NRCell,Huawei
1696844700000,SNT002_01,VOICE_TRAFFIC,0.0,900,NRCell,Huawei
1696844700000,SNT002_01,VOLTE_CALL_SETUP_ATT,0.0,900,NRCell,Huawei
1696844700000,SNT002_01,VOLTE_CALL_SETUP_SUCC,0.0,900,NRCell,Huawei
1696844700000,TAR015_01,DCR_DEN,2183.0,900,NRCell,Huawei
1696844700000,TAR015_01,DCR_NUM,0.0,900,NRCell,Huawei
1696844700000,TAR015_01,DROP_CALL_VOLTE_DEN,2.0,900,NRCell,Huawei
1696844700000,TAR015_01,DROP_CALL_VOLTE_NUM,0.0,900,NRCell,Huawei
1696844700000,TAR015_01,ERAB_SR_DEN,2175.0,900,NRCell,Huawei
1696844700000,TAR015_01,ERAB_SR_NUM,2175.0,900,NRCell,Huawei
1696844700000,TAR015_01,INTEGRITY_NGBR_QCI_9,1674506688.0,900,NRCell,Huawei
1696844700000,TAR015_01,INTRA_FREQUENCY_HO_OUT_ATT,9.0,900,NRCell,Huawei
1696844700000,TAR015_01,INTRA_FREQUENCY_HO_OUT_SUCC,9.0,900,NRCell,Huawei
1696844700000,TAR015_01,RRC_SETUP_ATT,1264.0,900,NRCell,Huawei
1696844700000,TAR015_01,RRC_SETUP_SUCC,1264.0,900,NRCell,Huawei
1696844700000,TAR015_01,S1SIG_Connection_Setup_SR_DEN,1264.0,900,NRCell,Huawei
1696844700000,TAR015_01,S1SIG_Connection_Setup_SR_NUM,1264.0,900,NRCell,Huawei
1696844700000,TAR015_01,SERVICE_LATENCY_OVER_AIR_INTERFACE_DEN,62757.0,900,NRCell,Huawei
1696844700000,TAR015_01,SERVICE_LATENCY_OVER_AIR_INTERFACE_NUM,85047.0,900,NRCell,Huawei
1696844700000,TAR015_01,VOICE_TRAFFIC,653.0,900,NRCell,Huawei
1696844700000,TAR015_01,VOLTE_CALL_SETUP_ATT,2.0,900,NRCell,Huawei
1696844700000,TAR015_01,VOLTE_CALL_SETUP_SUCC,2.0,900,NRCell,Huawei
1696844700000,TOL034_01,DCR_DEN,64.0,900,NRCell,Huawei
1696844700000,TOL034_01,DCR_NUM,0.0,900,NRCell,Huawei
1696844700000,TOL034_01,DROP_CALL_VOLTE_DEN,0.0,900,NRCell,Huawei
1696844700000,TOL034_01,DROP_CALL_VOLTE_NUM,0.0,900,NRCell,Huawei
1696844700000,TOL034_01,ERAB_SR_DEN,63.0,900,NRCell,Huawei
1696844700000,TOL034_01,ERAB_SR_NUM,63.0,900,NRCell,Huawei
1696844700000,TOL034_01,INTEGRITY_NGBR_QCI_9,515020712.0,900,NRCell,Huawei
1696844700000,TOL034_01,INTRA_FREQUENCY_HO_OUT_ATT,0.0,900,NRCell,Huawei
1696844700000,TOL034_01,INTRA_FREQUENCY_HO_OUT_SUCC,0.0,900,NRCell,Huawei
1696844700000,TOL034_01,RRC_SETUP_ATT,36.0,900,NRCell,Huawei
1696844700000,TOL034_01,RRC_SETUP_SUCC,36.0,900,NRCell,Huawei
1696844700000,TOL034_01,S1SIG_Connection_Setup_SR_DEN,36.0,900,NRCell,Huawei
1696844700000,TOL034_01,S1SIG_Connection_Setup_SR_NUM,36.0,900,NRCell,Huawei
1696844700000,TOL034_01,SERVICE_LATENCY_OVER_AIR_INTERFACE_DEN,15276.0,900,NRCell,Huawei
1696844700000,TOL034_01,SERVICE_LATENCY_OVER_AIR_INTERFACE_NUM,17911.0,900,NRCell,Huawei
1696844700000,TOL034_01,VOICE_TRAFFIC,0.0,900,NRCell,Huawei
1696844700000,TOL034_01,VOLTE_CALL_SETUP_ATT,0.0,900,NRCell,Huawei
1696844700000,TOL034_01,VOLTE_CALL_SETUP_SUCC,0.0,900,NRCell,Huawei
1696844700000,VAL002_01,DCR_DEN,0.0,900,NRCell,Huawei
1696844700000,VAL002_01,DCR_NUM,0.0,900,NRCell,Huawei
1696844700000,VAL002_01,DROP_CALL_VOLTE_DEN,0.0,900,NRCell,Huawei
1696844700000,VAL002_01,DROP_CALL_VOLTE_NUM,0.0,900,NRCell,Huawei
1696844700000,VAL002_01,ERAB_SR_DEN,0.0,900,NRCell,Huawei
1696844700000,VAL002_01,ERAB_SR_NUM,0.0,900,NRCell,Huawei
1696844700000,VAL002_01,INTEGRITY_NGBR_QCI_9,0.0,900,NRCell,Huawei
1696844700000,VAL002_01,INTRA_FREQUENCY_HO_OUT_ATT,0.0,900,NRCell,Huawei
1696844700000,VAL002_01,INTRA_FREQUENCY_HO_OUT_SUCC,0.0,900,NRCell,Huawei
1696844700000,VAL002_01,RRC_SETUP_ATT,0.0,900,NRCell,Huawei
1696844700000,VAL002_01,RRC_SETUP_SUCC,0.0,900,NRCell,Huawei
1696844700000,VAL002_01,S1SIG_Connection_Setup_SR_DEN,0.0,900,NRCell,Huawei
1696844700000,VAL002_01,S1SIG_Connection_Setup_SR_NUM,0.0,900,NRCell,Huawei
1696844700000,VAL002_01,SERVICE_LATENCY_OVER_AIR_INTERFACE_DEN,0.0,900,NRCell,Huawei
1696844700000,VAL002_01,SERVICE_LATENCY_OVER_AIR_INTERFACE_NUM,0.0,900,NRCell,Huawei
1696844700000,VAL002_01,VOICE_TRAFFIC,0.0,900,NRCell,Huawei
1696844700000,VAL002_01,VOLTE_CALL_SETUP_ATT,0.0,900,NRCell,Huawei
1696844700000,VAL002_01,VOLTE_CALL_SETUP_SUCC,0.0,900,NRCell,Huawei
