startTime,neId,counterCode,counterValue,granularity,neType,vendorName
1696608900000,BCN014_01,DCR_DEN,4052.0,900,NRCell,Huawei
1696608900000,BCN014_01,DCR_NUM,3.0,900,NRCell,Huawei
1696608900000,BCN014_01,DROP_CALL_VOLTE_DEN,41.0,900,NRCell,Huawei
1696608900000,BCN014_01,DROP_CALL_VOLTE_NUM,0.0,900,NRCell,Huawei
1696608900000,BCN014_01,ERAB_SR_DEN,3995.0,900,NRCell,Huawei
1696608900000,BCN014_01,ERAB_SR_NUM,3991.0,900,NRCell,Huawei
1696608900000,BCN014_01,INTEGRITY_NGBR_QCI_9,13991662352.0,900,NRCell,Huawei
1696608900000,BCN014_01,INTRA_FREQUENCY_HO_OUT_ATT,226.0,900,NRCell,Huawei
1696608900000,BCN014_01,INTRA_FREQUENCY_HO_OUT_SUCC,225.0,900,NRCell,Huawei
1696608900000,BCN014_01,RRC_SETUP_ATT,2242.0,900,NRCell,Huawei
1696608900000,BCN014_01,RRC_SETUP_SUCC,2231.0,900,NRCell,Huawei
1696608900000,BCN014_01,S1SIG_Connection_Setup_SR_DEN,2231.0,900,NRCell,Huawei
1696608900000,BCN014_01,S1SIG_Connection_Setup_SR_NUM,2231.0,900,NRCell,Huawei
1696608900000,BCN014_01,SERVICE_LATENCY_OVER_AIR_INTERFACE_DEN,366717.0,900,NRCell,Huawei
1696608900000,BCN014_01,SERVICE_LATENCY_OVER_AIR_INTERFACE_NUM,725435.0,900,NRCell,Huawei
1696608900000,BCN014_01,VOICE_TRAFFIC,36121.0,900,NRCell,Huawei
1696608900000,BCN014_01,VOLTE_CALL_SETUP_ATT,40.0,900,NRCell,Huawei
1696608900000,BCN014_01,VOLTE_CALL_SETUP_SUCC,40.0,900,NRCell,Huawei
1696608900000,BIL001_01,DCR_DEN,3403.0,900,NRCell,Huawei
1696608900000,BIL001_01,DCR_NUM,6.0,900,NRCell,Huawei
1696608900000,BIL001_01,DROP_CALL_VOLTE_DEN,30.0,900,NRCell,Huawei
1696608900000,BIL001_01,DROP_CALL_VOLTE_NUM,0.0,900,NRCell,Huawei
1696608900000,BIL001_01,ERAB_SR_DEN,3379.0,900,NRCell,Huawei
1696608900000,BIL001_01,ERAB_SR_NUM,3377.0,900,NRCell,Huawei
1696608900000,BIL001_01,INTEGRITY_NGBR_QCI_9,14844823224.0,900,NRCell,Huawei
1696608900000,BIL001_01,INTRA_FREQUENCY_HO_OUT_ATT,189.0,900,NRCell,Huawei
1696608900000,BIL001_01,INTRA_FREQUENCY_HO_OUT_SUCC,189.0,900,NRCell,Huawei
1696608900000,BIL001_01,RRC_SETUP_ATT,1995.0,900,NRCell,Huawei
1696608900000,BIL001_01,RRC_SETUP_SUCC,1973.0,900,NRCell,Huawei
1696608900000,BIL001_01,S1SIG_Connection_Setup_SR_DEN,1973.0,900,NRCell,Huawei
1696608900000,BIL001_01,S1SIG_Connection_Setup_SR_NUM,1973.0,900,NRCell,Huawei
1696608900000,BIL001_01,SERVICE_LATENCY_OVER_AIR_INTERFACE_DEN,364708.0,900,NRCell,Huawei
1696608900000,BIL001_01,SERVICE_LATENCY_OVER_AIR_INTERFACE_NUM,706886.0,900,NRCell,Huawei
1696608900000,BIL001_01,VOICE_TRAFFIC,22916.0,900,NRCell,Huawei
1696608900000,BIL001_01,VOLTE_CALL_SETUP_ATT,27.0,900,NRCell,Huawei
1696608900000,BIL001_01,VOLTE_CALL_SETUP_SUCC,27.0,900,NRCell,Huawei
1696608900000,MAD033_01,DCR_DEN,2052.0,900,NRCell,Huawei
1696608900000,MAD033_01,DCR_NUM,0.0,900,NRCell,Huawei
1696608900000,MAD033_01,DROP_CALL_VOLTE_DEN,16.0,900,NRCell,Huawei
1696608900000,MAD033_01,DROP_CALL_VOLTE_NUM,0.0,900,NRCell,Huawei
1696608900000,MAD033_01,ERAB_SR_DEN,2073.0,900,NRCell,Huawei
1696608900000,MAD033_01,ERAB_SR_NUM,2072.0,900,NRCell,Huawei
1696608900000,MAD033_01,INTEGRITY_NGBR_QCI_9,6674348192.0,900,NRCell,Huawei
1696608900000,MAD033_01,INTRA_FREQUENCY_HO_OUT_ATT,99.0,900,NRCell,Huawei
1696608900000,MAD033_01,INTRA_FREQUENCY_HO_OUT_SUCC,99.0,900,NRCell,Huawei
1696608900000,MAD033_01,RRC_SETUP_ATT,1155.0,900,NRCell,Huawei
1696608900000,MAD033_01,RRC_SETUP_SUCC,1154.0,900,NRCell,Huawei
1696608900000,MAD033_01,S1SIG_Connection_Setup_SR_DEN,1154.0,900,NRCell,Huawei
1696608900000,MAD033_01,S1SIG_Connection_Setup_SR_NUM,1154.0,900,NRCell,Huawei
1696608900000,MAD033_01,SERVICE_LATENCY_OVER_AIR_INTERFACE_DEN,192648.0,900,NRCell,Huawei
1696608900000,MAD033_01,SERVICE_LATENCY_OVER_AIR_INTERFACE_NUM,240045.0,900,NRCell,Huawei
1696608900000,MAD033_01,VOICE_TRAFFIC,13215.0,900,NRCell,Huawei
1696608900000,MAD033_01,VOLTE_CALL_SETUP_ATT,19.0,900,NRCell,Huawei
1696608900000,MAD033_01,VOLTE_CALL_SETUP_SUCC,19.0,900,NRCell,Huawei
1696608900000,SAL030_01,DCR_DEN,246.0,900,NRCell,Huawei
1696608900000,SAL030_01,DCR_NUM,1.0,900,NRCell,Huawei
1696608900000,SAL030_01,DROP_CALL_VOLTE_DEN,2.0,900,NRCell,Huawei
1696608900000,SAL030_01,DROP_CALL_VOLTE_NUM,0.0,900,NRCell,Huawei
1696608900000,SAL030_01,ERAB_SR_DEN,238.0,900,NRCell,Huawei
1696608900000,SAL030_01,ERAB_SR_NUM,238.0,900,NRCell,Huawei
1696608900000,SAL030_01,INTEGRITY_NGBR_QCI_9,2012143120.0,900,NRCell,Huawei
1696608900000,SAL030_01,INTRA_FREQUENCY_HO_OUT_ATT,11.0,900,NRCell,Huawei
1696608900000,SAL030_01,INTRA_FREQUENCY_HO_OUT_SUCC,11.0,900,NRCell,Huawei
1696608900000,SAL030_01,RRC_SETUP_ATT,134.0,900,NRCell,Huawei
1696608900000,SAL030_01,RRC_SETUP_SUCC,133.0,900,NRCell,Huawei
1696608900000,SAL030_01,S1SIG_Connection_Setup_SR_DEN,133.0,900,NRCell,Huawei
1696608900000,SAL030_01,S1SIG_Connection_Setup_SR_NUM,133.0,900,NRCell,Huawei
1696608900000,SAL030_01,SERVICE_LATENCY_OVER_AIR_INTERFACE_DEN,29769.0,900,NRCell,Huawei
1696608900000,SAL030_01,SERVICE_LATENCY_OVER_AIR_INTERFACE_NUM,77208.0,900,NRCell,Huawei
1696608900000,SAL030_01,VOICE_TRAFFIC,1412.0,900,NRCell,Huawei
1696608900000,SAL030_01,VOLTE_CALL_SETUP_ATT,2.0,900,NRCell,Huawei
1696608900000,SAL030_01,VOLTE_CALL_SETUP_SUCC,2.0,900,NRCell,Huawei
1696608900000,SEV001_01,DCR_DEN,4273.0,900,NRCell,Huawei
1696608900000,SEV001_01,DCR_NUM,5.0,900,NRCell,Huawei
1696608900000,SEV001_01,DROP_CALL_VOLTE_DEN,50.0,900,NRCell,Huawei
1696608900000,SEV001_01,DROP_CALL_VOLTE_NUM,0.0,900,NRCell,Huawei
1696608900000,SEV001_01,ERAB_SR_DEN,4276.0,900,NRCell,Huawei
1696608900000,SEV001_01,ERAB_SR_NUM,4270.0,900,NRCell,Huawei
1696608900000,SEV001_01,INTEGRITY_NGBR_QCI_9,21025827864.0,900,NRCell,Huawei
1696608900000,SEV001_01,INTRA_FREQUENCY_HO_OUT_ATT,113.0,900,NRCell,Huawei
1696608900000,SEV001_01,INTRA_FREQUENCY_HO_OUT_SUCC,113.0,900,NRCell,Huawei
1696608900000,SEV001_01,RRC_SETUP_ATT,2320.0,900,NRCell,Huawei
1696608900000,SEV001_01,RRC_SETUP_SUCC,2314.0,900,NRCell,Huawei
1696608900000,SEV001_01,S1SIG_Connection_Setup_SR_DEN,2314.0,900,NRCell,Huawei
1696608900000,SEV001_01,S1SIG_Connection_Setup_SR_NUM,2314.0,900,NRCell,Huawei
1696608900000,SEV001_01,SERVICE_LATENCY_OVER_AIR_INTERFACE_DEN,768000.0,900,NRCell,Huawei
1696608900000,SEV001_01,SERVICE_LATENCY_OVER_AIR_INTERFACE_NUM,1460807.0,900,NRCell,Huawei
1696608900000,SEV001_01,VOICE_TRAFFIC,37047.0,900,NRCell,Huawei
1696608900000,SEV001_01,VOLTE_CALL_SETUP_ATT,47.0,900,NRCell,Huawei
1696608900000,SEV001_01,VOLTE_CALL_SETUP_SUCC,47.0,900,NRCell,Huawei
1696608900000,SNT002_01,DCR_DEN,1965.0,900,NRCell,Huawei
1696608900000,SNT002_01,DCR_NUM,5.0,900,NRCell,Huawei
1696608900000,SNT002_01,DROP_CALL_VOLTE_DEN,14.0,900,NRCell,Huawei
1696608900000,SNT002_01,DROP_CALL_VOLTE_NUM,0.0,900,NRCell,Huawei
1696608900000,SNT002_01,ERAB_SR_DEN,1969.0,900,NRCell,Huawei
1696608900000,SNT002_01,ERAB_SR_NUM,1966.0,900,NRCell,Huawei
1696608900000,SNT002_01,INTEGRITY_NGBR_QCI_9,8056249056.0,900,NRCell,Huawei
1696608900000,SNT002_01,INTRA_FREQUENCY_HO_OUT_ATT,85.0,900,NRCell,Huawei
1696608900000,SNT002_01,INTRA_FREQUENCY_HO_OUT_SUCC,85.0,900,NRCell,Huawei
1696608900000,SNT002_01,RRC_SETUP_ATT,1091.0,900,NRCell,Huawei
1696608900000,SNT002_01,RRC_SETUP_SUCC,1087.0,900,NRCell,Huawei
1696608900000,SNT002_01,S1SIG_Connection_Setup_SR_DEN,1087.0,900,NRCell,Huawei
1696608900000,SNT002_01,S1SIG_Connection_Setup_SR_NUM,1087.0,900,NRCell,Huawei
1696608900000,SNT002_01,SERVICE_LATENCY_OVER_AIR_INTERFACE_DEN,197492.0,900,NRCell,Huawei
1696608900000,SNT002_01,SERVICE_LATENCY_OVER_AIR_INTERFACE_NUM,263790.0,900,NRCell,Huawei
1696608900000,SNT002_01,VOICE_TRAFFIC,13785.0,900,NRCell,Huawei
1696608900000,SNT002_01,VOLTE_CALL_SETUP_ATT,13.0,900,NRCell,Huawei
1696608900000,SNT002_01,VOLTE_CALL_SETUP_SUCC,13.0,900,NRCell,Huawei
1696608900000,TAR015_01,DCR_DEN,4848.0,900,NRCell,Huawei
1696608900000,TAR015_01,DCR_NUM,5.0,900,NRCell,Huawei
1696608900000,TAR015_01,DROP_CALL_VOLTE_DEN,40.0,900,NRCell,Huawei
1696608900000,TAR015_01,DROP_CALL_VOLTE_NUM,0.0,900,NRCell,Huawei
1696608900000,TAR015_01,ERAB_SR_DEN,4797.0,900,NRCell,Huawei
1696608900000,TAR015_01,ERAB_SR_NUM,4795.0,900,NRCell,Huawei
1696608900000,TAR015_01,INTEGRITY_NGBR_QCI_9,15993666256.0,900,NRCell,Huawei
1696608900000,TAR015_01,INTRA_FREQUENCY_HO_OUT_ATT,140.0,900,NRCell,Huawei
1696608900000,TAR015_01,INTRA_FREQUENCY_HO_OUT_SUCC,140.0,900,NRCell,Huawei
1696608900000,TAR015_01,RRC_SETUP_ATT,2557.0,900,NRCell,Huawei
1696608900000,TAR015_01,RRC_SETUP_SUCC,2555.0,900,NRCell,Huawei
1696608900000,TAR015_01,S1SIG_Connection_Setup_SR_DEN,2555.0,900,NRCell,Huawei
1696608900000,TAR015_01,S1SIG_Connection_Setup_SR_NUM,2555.0,900,NRCell,Huawei
1696608900000,TAR015_01,SERVICE_LATENCY_OVER_AIR_INTERFACE_DEN,590934.0,900,NRCell,Huawei
1696608900000,TAR015_01,SERVICE_LATENCY_OVER_AIR_INTERFACE_NUM,1162172.0,900,NRCell,Huawei
1696608900000,TAR015_01,VOICE_TRAFFIC,48450.0,900,NRCell,Huawei
1696608900000,TAR015_01,VOLTE_CALL_SETUP_ATT,40.0,900,NRCell,Huawei
1696608900000,TAR015_01,VOLTE_CALL_SETUP_SUCC,40.0,900,NRCell,Huawei
1696608900000,TOL034_01,DCR_DEN,165.0,900,NRCell,Huawei
1696608900000,TOL034_01,DCR_NUM,1.0,900,NRCell,Huawei
1696608900000,TOL034_01,DROP_CALL_VOLTE_DEN,1.0,900,NRCell,Huawei
1696608900000,TOL034_01,DROP_CALL_VOLTE_NUM,0.0,900,NRCell,Huawei
1696608900000,TOL034_01,ERAB_SR_DEN,165.0,900,NRCell,Huawei
1696608900000,TOL034_01,ERAB_SR_NUM,165.0,900,NRCell,Huawei
1696608900000,TOL034_01,INTEGRITY_NGBR_QCI_9,1512027960.0,900,NRCell,Huawei
1696608900000,TOL034_01,INTRA_FREQUENCY_HO_OUT_ATT,16.0,900,NRCell,Huawei
1696608900000,TOL034_01,INTRA_FREQUENCY_HO_OUT_SUCC,16.0,900,NRCell,Huawei
1696608900000,TOL034_01,RRC_SETUP_ATT,121.0,900,NRCell,Huawei
1696608900000,TOL034_01,RRC_SETUP_SUCC,121.0,900,NRCell,Huawei
1696608900000,TOL034_01,S1SIG_Connection_Setup_SR_DEN,121.0,900,NRCell,Huawei
1696608900000,TOL034_01,S1SIG_Connection_Setup_SR_NUM,121.0,900,NRCell,Huawei
1696608900000,TOL034_01,SERVICE_LATENCY_OVER_AIR_INTERFACE_DEN,61522.0,900,NRCell,Huawei
1696608900000,TOL034_01,SERVICE_LATENCY_OVER_AIR_INTERFACE_NUM,83287.0,900,NRCell,Huawei
1696608900000,TOL034_01,VOICE_TRAFFIC,994.0,900,NRCell,Huawei
1696608900000,TOL034_01,VOLTE_CALL_SETUP_ATT,1.0,900,NRCell,Huawei
1696608900000,TOL034_01,VOLTE_CALL_SETUP_SUCC,1.0,900,NRCell,Huawei
1696608900000,VAL002_01,DCR_DEN,36.0,900,NRCell,Huawei
1696608900000,VAL002_01,DCR_NUM,2.0,900,NRCell,Huawei
1696608900000,VAL002_01,DROP_CALL_VOLTE_DEN,0.0,900,NRCell,Huawei
1696608900000,VAL002_01,DROP_CALL_VOLTE_NUM,0.0,900,NRCell,Huawei
1696608900000,VAL002_01,ERAB_SR_DEN,38.0,900,NRCell,Huawei
1696608900000,VAL002_01,ERAB_SR_NUM,38.0,900,NRCell,Huawei
1696608900000,VAL002_01,INTEGRITY_NGBR_QCI_9,580043784.0,900,NRCell,Huawei
1696608900000,VAL002_01,INTRA_FREQUENCY_HO_OUT_ATT,2.0,900,NRCell,Huawei
1696608900000,VAL002_01,INTRA_FREQUENCY_HO_OUT_SUCC,2.0,900,NRCell,Huawei
1696608900000,VAL002_01,RRC_SETUP_ATT,31.0,900,NRCell,Huawei
1696608900000,VAL002_01,RRC_SETUP_SUCC,31.0,900,NRCell,Huawei
1696608900000,VAL002_01,S1SIG_Connection_Setup_SR_DEN,31.0,900,NRCell,Huawei
1696608900000,VAL002_01,S1SIG_Connection_Setup_SR_NUM,31.0,900,NRCell,Huawei
1696608900000,VAL002_01,SERVICE_LATENCY_OVER_AIR_INTERFACE_DEN,10439.0,900,NRCell,Huawei
1696608900000,VAL002_01,SERVICE_LATENCY_OVER_AIR_INTERFACE_NUM,11931.0,900,NRCell,Huawei
1696608900000,VAL002_01,VOICE_TRAFFIC,0.0,900,NRCell,Huawei
1696608900000,VAL002_01,VOLTE_CALL_SETUP_ATT,0.0,900,NRCell,Huawei
1696608900000,VAL002_01,VOLTE_CALL_SETUP_SUCC,0.0,900,NRCell,Huawei
