startTime,neId,counterCode,counterValue,granularity,neType,vendorName
1696500000000,BCN014_01,DCR_DEN,898.0,900,NRCell,Huawei
1696500000000,BCN014_01,DCR_NUM,0.0,900,NRCell,Huawei
1696500000000,BCN014_01,DROP_CALL_VOLTE_DEN,0.0,900,NRCell,Huawei
1696500000000,BCN014_01,DROP_CALL_VOLTE_NUM,0.0,900,NRCell,Huawei
1696500000000,BCN014_01,ERAB_SR_DEN,905.0,900,NRCell,Huawei
1696500000000,BCN014_01,ERAB_SR_NUM,905.0,900,NRCell,Huawei
1696500000000,BCN014_01,INTEGRITY_NGBR_QCI_9,2449613824.0,900,NRCell,Huawei
1696500000000,BCN014_01,INTRA_FREQUENCY_HO_OUT_ATT,9.0,900,NRCell,Huawei
1696500000000,BCN014_01,INTRA_FREQUENCY_HO_OUT_SUCC,9.0,900,NRCell,Huawei
1696500000000,BCN014_01,RRC_SETUP_ATT,576.0,900,NRCell,Huawei
1696500000000,BCN014_01,RRC_SETUP_SUCC,576.0,900,NRCell,Huawei
1696500000000,BCN014_01,S1SIG_Connection_Setup_SR_DEN,576.0,900,NRCell,Huawei
1696500000000,BCN014_01,S1SIG_Connection_Setup_SR_NUM,576.0,900,NRCell,Huawei
1696500000000,BCN014_01,SERVICE_LATENCY_OVER_AIR_INTERFACE_DEN,102545.0,900,NRCell,Huawei
1696500000000,BCN014_01,SERVICE_LATENCY_OVER_AIR_INTERFACE_NUM,108057.0,900,NRCell,Huawei
1696500000000,BCN014_01,VOICE_TRAFFIC,0.0,900,NRCell,Huawei
1696500000000,BCN014_01,VOLTE_CALL_SETUP_ATT,0.0,900,NRCell,Huawei
1696500000000,BCN014_01,VOLTE_CALL_SETUP_SUCC,0.0,900,NRCell,Huawei
1696500000000,BIL001_01,DCR_DEN,1251.0,900,NRCell,Huawei
1696500000000,BIL001_01,DCR_NUM,0.0,900,NRCell,Huawei
1696500000000,BIL001_01,DROP_CALL_VOLTE_DEN,0.0,900,NRCell,Huawei
1696500000000,BIL001_01,DROP_CALL_VOLTE_NUM,0.0,900,NRCell,Huawei
1696500000000,BIL001_01,ERAB_SR_DEN,1245.0,900,NRCell,Huawei
1696500000000,BIL001_01,ERAB_SR_NUM,1245.0,900,NRCell,Huawei
1696500000000,BIL001_01,INTEGRITY_NGBR_QCI_9,4680470784.0,900,NRCell,Huawei
1696500000000,BIL001_01,INTRA_FREQUENCY_HO_OUT_ATT,7.0,900,NRCell,Huawei
1696500000000,BIL001_01,INTRA_FREQUENCY_HO_OUT_SUCC,7.0,900,NRCell,Huawei
1696500000000,BIL001_01,RRC_SETUP_ATT,573.0,900,NRCell,Huawei
1696500000000,BIL001_01,RRC_SETUP_SUCC,573.0,900,NRCell,Huawei
1696500000000,BIL001_01,S1SIG_Connection_Setup_SR_DEN,573.0,900,NRCell,Huawei
1696500000000,BIL001_01,S1SIG_Connection_Setup_SR_NUM,573.0,900,NRCell,Huawei
1696500000000,BIL001_01,SERVICE_LATENCY_OVER_AIR_INTERFACE_DEN,47966.0,900,NRCell,Huawei
1696500000000,BIL001_01,SERVICE_LATENCY_OVER_AIR_INTERFACE_NUM,58345.0,900,NRCell,Huawei
1696500000000,BIL001_01,VOICE_TRAFFIC,0.0,900,NRCell,Huawei
1696500000000,BIL001_01,VOLTE_CALL_SETUP_ATT,0.0,900,NRCell,Huawei
1696500000000,BIL001_01,VOLTE_CALL_SETUP_SUCC,0.0,900,NRCell,Huawei
1696500000000,MAD033_01,DCR_DEN,783.0,900,NRCell,Huawei
1696500000000,MAD033_01,DCR_NUM,0.0,900,NRCell,Huawei
1696500000000,MAD033_01,DROP_CALL_VOLTE_DEN,5.0,900,NRCell,Huawei
1696500000000,MAD033_01,DROP_CALL_VOLTE_NUM,0.0,900,NRCell,Huawei
1696500000000,MAD033_01,ERAB_SR_DEN,781.0,900,NRCell,Huawei
1696500000000,MAD033_01,ERAB_SR_NUM,781.0,900,NRCell,Huawei
1696500000000,MAD033_01,INTEGRITY_NGBR_QCI_9,209957552.0,900,NRCell,Huawei
1696500000000,MAD033_01,INTRA_FREQUENCY_HO_OUT_ATT,2.0,900,NRCell,Huawei
1696500000000,MAD033_01,INTRA_FREQUENCY_HO_OUT_SUCC,2.0,900,NRCell,Huawei
1696500000000,MAD033_01,RRC_SETUP_ATT,476.0,900,NRCell,Huawei
1696500000000,MAD033_01,RRC_SETUP_SUCC,476.0,900,NRCell,Huawei
1696500000000,MAD033_01,S1SIG_Connection_Setup_SR_DEN,476.0,900,NRCell,Huawei
1696500000000,MAD033_01,S1SIG_Connection_Setup_SR_NUM,476.0,900,NRCell,Huawei
1696500000000,MAD033_01,SERVICE_LATENCY_OVER_AIR_INTERFACE_DEN,25124.0,900,NRCell,Huawei
1696500000000,MAD033_01,SERVICE_LATENCY_OVER_AIR_INTERFACE_NUM,26147.0,900,NRCell,Huawei
1696500000000,MAD033_01,VOICE_TRAFFIC,430.0,900,NRCell,Huawei
1696500000000,MAD033_01,VOLTE_CALL_SETUP_ATT,5.0,900,NRCell,Huawei
1696500000000,MAD033_01,VOLTE_CALL_SETUP_SUCC,5.0,900,NRCell,Huawei
1696500000000,SAL030_01,DCR_DEN,199.0,900,NRCell,Huawei
1696500000000,SAL030_01,DCR_NUM,0.0,900,NRCell,Huawei
1696500000000,SAL030_01,DROP_CALL_VOLTE_DEN,0.0,900,NRCell,Huawei
1696500000000,SAL030_01,DROP_CALL_VOLTE_NUM,0.0,900,NRCell,Huawei
1696500000000,SAL030_01,ERAB_SR_DEN,200.0,900,NRCell,Huawei
1696500000000,SAL030_01,ERAB_SR_NUM,200.0,900,NRCell,Huawei
1696500000000,SAL030_01,INTEGRITY_NGBR_QCI_9,56856000.0,900,NRCell,Huawei
1696500000000,SAL030_01,INTRA_FREQUENCY_HO_OUT_ATT,1.0,900,NRCell,Huawei
1696500000000,SAL030_01,INTRA_FREQUENCY_HO_OUT_SUCC,1.0,900,NRCell,Huawei
1696500000000,SAL030_01,RRC_SETUP_ATT,118.0,900,NRCell,Huawei
1696500000000,SAL030_01,RRC_SETUP_SUCC,118.0,900,NRCell,Huawei
1696500000000,SAL030_01,S1SIG_Connection_Setup_SR_DEN,118.0,900,NRCell,Huawei
1696500000000,SAL030_01,S1SIG_Connection_Setup_SR_NUM,118.0,900,NRCell,Huawei
1696500000000,SAL030_01,SERVICE_LATENCY_OVER_AIR_INTERFACE_DEN,3038.0,900,NRCell,Huawei
1696500000000,SAL030_01,SERVICE_LATENCY_OVER_AIR_INTERFACE_NUM,6225.0,900,NRCell,Huawei
1696500000000,SAL030_01,VOICE_TRAFFIC,0.0,900,NRCell,Huawei
1696500000000,SAL030_01,VOLTE_CALL_SETUP_ATT,0.0,900,NRCell,Huawei
1696500000000,SAL030_01,VOLTE_CALL_SETUP_SUCC,0.0,900,NRCell,Huawei
1696500000000,SEV001_01,DCR_DEN,2471.0,900,NRCell,Huawei
1696500000000,SEV001_01,DCR_NUM,0.0,900,NRCell,Huawei
1696500000000,SEV001_01,DROP_CALL_VOLTE_DEN,0.0,900,NRCell,Huawei
1696500000000,SEV001_01,DROP_CALL_VOLTE_NUM,0.0,900,NRCell,Huawei
1696500000000,SEV001_01,ERAB_SR_DEN,2492.0,900,NRCell,Huawei
1696500000000,SEV001_01,ERAB_SR_NUM,2491.0,900,NRCell,Huawei
1696500000000,SEV001_01,INTEGRITY_NGBR_QCI_9,1485460584.0,900,NRCell,Huawei
1696500000000,SEV001_01,INTRA_FREQUENCY_HO_OUT_ATT,13.0,900,NRCell,Huawei
1696500000000,SEV001_01,INTRA_FREQUENCY_HO_OUT_SUCC,13.0,900,NRCell,Huawei
1696500000000,SEV001_01,RRC_SETUP_ATT,1405.0,900,NRCell,Huawei
1696500000000,SEV001_01,RRC_SETUP_SUCC,1405.0,900,NRCell,Huawei
1696500000000,SEV001_01,S1SIG_Connection_Setup_SR_DEN,1405.0,900,NRCell,Huawei
1696500000000,SEV001_01,S1SIG_Connection_Setup_SR_NUM,1405.0,900,NRCell,Huawei
1696500000000,SEV001_01,SERVICE_LATENCY_OVER_AIR_INTERFACE_DEN,113541.0,900,NRCell,Huawei
1696500000000,SEV001_01,SERVICE_LATENCY_OVER_AIR_INTERFACE_NUM,221327.0,900,NRCell,Huawei
1696500000000,SEV001_01,VOICE_TRAFFIC,18.0,900,NRCell,Huawei
1696500000000,SEV001_01,VOLTE_CALL_SETUP_ATT,1.0,900,NRCell,Huawei
1696500000000,SEV001_01,VOLTE_CALL_SETUP_SUCC,1.0,900,NRCell,Huawei
1696500000000,SNT002_01,DCR_DEN,680.0,900,NRCell,Huawei
1696500000000,SNT002_01,DCR_NUM,0.0,900,NRCell,Huawei
1696500000000,SNT002_01,DROP_CALL_VOLTE_DEN,4.0,900,NRCell,Huawei
1696500000000,SNT002_01,DROP_CALL_VOLTE_NUM,0.0,900,NRCell,Huawei
1696500000000,SNT002_01,ERAB_SR_DEN,686.0,900,NRCell,Huawei
1696500000000,SNT002_01,ERAB_SR_NUM,686.0,900,NRCell,Huawei
1696500000000,SNT002_01,INTEGRITY_NGBR_QCI_9,1013131888.0,900,NRCell,Huawei
1696500000000,SNT002_01,INTRA_FREQUENCY_HO_OUT_ATT,2.0,900,NRCell,Huawei
1696500000000,SNT002_01,INTRA_FREQUENCY_HO_OUT_SUCC,2.0,900,NRCell,Huawei
1696500000000,SNT002_01,RRC_SETUP_ATT,438.0,900,NRCell,Huawei
1696500000000,SNT002_01,RRC_SETUP_SUCC,438.0,900,NRCell,Huawei
1696500000000,SNT002_01,S1SIG_Connection_Setup_SR_DEN,438.0,900,NRCell,Huawei
1696500000000,SNT002_01,S1SIG_Connection_Setup_SR_NUM,438.0,900,NRCell,Huawei
1696500000000,SNT002_01,SERVICE_LATENCY_OVER_AIR_INTERFACE_DEN,29846.0,900,NRCell,Huawei
1696500000000,SNT002_01,SERVICE_LATENCY_OVER_AIR_INTERFACE_NUM,34721.0,900,NRCell,Huawei
1696500000000,SNT002_01,VOICE_TRAFFIC,1196.0,900,NRCell,Huawei
1696500000000,SNT002_01,VOLTE_CALL_SETUP_ATT,4.0,900,NRCell,Huawei
1696500000000,SNT002_01,VOLTE_CALL_SETUP_SUCC,4.0,900,NRCell,Huawei
1696500000000,TAR015_01,DCR_DEN,2257.0,900,NRCell,Huawei
1696500000000,TAR015_01,DCR_NUM,2.0,900,NRCell,Huawei
1696500000000,TAR015_01,DROP_CALL_VOLTE_DEN,1.0,900,NRCell,Huawei
1696500000000,TAR015_01,DROP_CALL_VOLTE_NUM,0.0,900,NRCell,Huawei
1696500000000,TAR015_01,ERAB_SR_DEN,2281.0,900,NRCell,Huawei
1696500000000,TAR015_01,ERAB_SR_NUM,2280.0,900,NRCell,Huawei
1696500000000,TAR015_01,INTEGRITY_NGBR_QCI_9,6256981448.0,900,NRCell,Huawei
1696500000000,TAR015_01,INTRA_FREQUENCY_HO_OUT_ATT,13.0,900,NRCell,Huawei
1696500000000,TAR015_01,INTRA_FREQUENCY_HO_OUT_SUCC,13.0,900,NRCell,Huawei
1696500000000,TAR015_01,RRC_SETUP_ATT,1297.0,900,NRCell,Huawei
1696500000000,TAR015_01,RRC_SETUP_SUCC,1297.0,900,NRCell,Huawei
1696500000000,TAR015_01,S1SIG_Connection_Setup_SR_DEN,1297.0,900,NRCell,Huawei
1696500000000,TAR015_01,S1SIG_Connection_Setup_SR_NUM,1297.0,900,NRCell,Huawei
1696500000000,TAR015_01,SERVICE_LATENCY_OVER_AIR_INTERFACE_DEN,224809.0,900,NRCell,Huawei
1696500000000,TAR015_01,SERVICE_LATENCY_OVER_AIR_INTERFACE_NUM,254889.0,900,NRCell,Huawei
1696500000000,TAR015_01,VOICE_TRAFFIC,309.0,900,NRCell,Huawei
1696500000000,TAR015_01,VOLTE_CALL_SETUP_ATT,1.0,900,NRCell,Huawei
1696500000000,TAR015_01,VOLTE_CALL_SETUP_SUCC,1.0,900,NRCell,Huawei
1696500000000,TOL034_01,DCR_DEN,20.0,900,NRCell,Huawei
1696500000000,TOL034_01,DCR_NUM,0.0,900,NRCell,Huawei
1696500000000,TOL034_01,DROP_CALL_VOLTE_DEN,0.0,900,NRCell,Huawei
1696500000000,TOL034_01,DROP_CALL_VOLTE_NUM,0.0,900,NRCell,Huawei
1696500000000,TOL034_01,ERAB_SR_DEN,20.0,900,NRCell,Huawei
1696500000000,TOL034_01,ERAB_SR_NUM,20.0,900,NRCell,Huawei
1696500000000,TOL034_01,INTEGRITY_NGBR_QCI_9,36760.0,900,NRCell,Huawei
1696500000000,TOL034_01,INTRA_FREQUENCY_HO_OUT_ATT,0.0,900,NRCell,Huawei
1696500000000,TOL034_01,INTRA_FREQUENCY_HO_OUT_SUCC,0.0,900,NRCell,Huawei
1696500000000,TOL034_01,RRC_SETUP_ATT,11.0,900,NRCell,Huawei
1696500000000,TOL034_01,RRC_SETUP_SUCC,11.0,900,NRCell,Huawei
1696500000000,TOL034_01,S1SIG_Connection_Setup_SR_DEN,11.0,900,NRCell,Huawei
1696500000000,TOL034_01,S1SIG_Connection_Setup_SR_NUM,11.0,900,NRCell,Huawei
1696500000000,TOL034_01,SERVICE_LATENCY_OVER_AIR_INTERFACE_DEN,27.0,900,NRCell,Huawei
1696500000000,TOL034_01,SERVICE_LATENCY_OVER_AIR_INTERFACE_NUM,39.0,900,NRCell,Huawei
1696500000000,TOL034_01,VOICE_TRAFFIC,0.0,900,NRCell,Huawei
1696500000000,TOL034_01,VOLTE_CALL_SETUP_ATT,0.0,900,NRCell,Huawei
1696500000000,TOL034_01,VOLTE_CALL_SETUP_SUCC,0.0,900,NRCell,Huawei
1696500000000,VAL002_01,DCR_DEN,2.0,900,NRCell,Huawei
1696500000000,VAL002_01,DCR_NUM,0.0,900,NRCell,Huawei
1696500000000,VAL002_01,DROP_CALL_VOLTE_DEN,0.0,900,NRCell,Huawei
1696500000000,VAL002_01,DROP_CALL_VOLTE_NUM,0.0,900,NRCell,Huawei
1696500000000,VAL002_01,ERAB_SR_DEN,0.0,900,NRCell,Huawei
1696500000000,VAL002_01,ERAB_SR_NUM,0.0,900,NRCell,Huawei
1696500000000,VAL002_01,INTEGRITY_NGBR_QCI_9,45896.0,900,NRCell,Huawei
1696500000000,VAL002_01,INTRA_FREQUENCY_HO_OUT_ATT,0.0,900,NRCell,Huawei
1696500000000,VAL002_01,INTRA_FREQUENCY_HO_OUT_SUCC,0.0,900,NRCell,Huawei
1696500000000,VAL002_01,RRC_SETUP_ATT,2.0,900,NRCell,Huawei
1696500000000,VAL002_01,RRC_SETUP_SUCC,2.0,900,NRCell,Huawei
1696500000000,VAL002_01,S1SIG_Connection_Setup_SR_DEN,2.0,900,NRCell,Huawei
1696500000000,VAL002_01,S1SIG_Connection_Setup_SR_NUM,2.0,900,NRCell,Huawei
1696500000000,VAL002_01,SERVICE_LATENCY_OVER_AIR_INTERFACE_DEN,44.0,900,NRCell,Huawei
1696500000000,VAL002_01,SERVICE_LATENCY_OVER_AIR_INTERFACE_NUM,60.0,900,NRCell,Huawei
1696500000000,VAL002_01,VOICE_TRAFFIC,0.0,900,NRCell,Huawei
1696500000000,VAL002_01,VOLTE_CALL_SETUP_ATT,0.0,900,NRCell,Huawei
1696500000000,VAL002_01,VOLTE_CALL_SETUP_SUCC,0.0,900,NRCell,Huawei
