startTime,neId,counterCode,counterValue,granularity,neType,vendorName
1696890600000,BCN014_01,DCR_DEN,3531.0,900,NRCell,Huawei
1696890600000,BCN014_01,DCR_NUM,2.0,900,NRCell,Huawei
1696890600000,BCN014_01,DROP_CALL_VOLTE_DEN,32.0,900,NRCell,Huawei
1696890600000,BCN014_01,DROP_CALL_VOLTE_NUM,0.0,900,NRCell,Huawei
1696890600000,BCN014_01,ERAB_SR_DEN,3518.0,900,NRCell,Huawei
1696890600000,BCN014_01,ERAB_SR_NUM,3513.0,900,NRCell,Huawei
1696890600000,BCN014_01,INTEGRITY_NGBR_QCI_9,11695933920.0,900,NRCell,Huawei
1696890600000,BCN014_01,INTRA_FREQUENCY_HO_OUT_ATT,258.0,900,NRCell,Huawei
1696890600000,BCN014_01,INTRA_FREQUENCY_HO_OUT_SUCC,258.0,900,NRCell,Huawei
1696890600000,BCN014_01,RRC_SETUP_ATT,1991.0,900,NRCell,Huawei
1696890600000,BCN014_01,RRC_SETUP_SUCC,1987.0,900,NRCell,Huawei
1696890600000,BCN014_01,S1SIG_Connection_Setup_SR_DEN,1987.0,900,NRCell,Huawei
1696890600000,BCN014_01,S1SIG_Connection_Setup_SR_NUM,1986.0,900,NRCell,Huawei
1696890600000,BCN014_01,SERVICE_LATENCY_OVER_AIR_INTERFACE_DEN,404421.0,900,NRCell,Huawei
1696890600000,BCN014_01,SERVICE_LATENCY_OVER_AIR_INTERFACE_NUM,710887.0,900,NRCell,Huawei
1696890600000,BCN014_01,VOICE_TRAFFIC,19556.0,900,NRCell,Huawei
1696890600000,BCN014_01,VOLTE_CALL_SETUP_ATT,32.0,900,NRCell,Huawei
1696890600000,BCN014_01,VOLTE_CALL_SETUP_SUCC,32.0,900,NRCell,Huawei
1696890600000,BIL001_01,DCR_DEN,3183.0,900,NRCell,Huawei
1696890600000,BIL001_01,DCR_NUM,5.0,900,NRCell,Huawei
1696890600000,BIL001_01,DROP_CALL_VOLTE_DEN,25.0,900,NRCell,Huawei
1696890600000,BIL001_01,DROP_CALL_VOLTE_NUM,0.0,900,NRCell,Huawei
1696890600000,BIL001_01,ERAB_SR_DEN,3163.0,900,NRCell,Huawei
1696890600000,BIL001_01,ERAB_SR_NUM,3152.0,900,NRCell,Huawei
1696890600000,BIL001_01,INTEGRITY_NGBR_QCI_9,13034116440.0,900,NRCell,Huawei
1696890600000,BIL001_01,INTRA_FREQUENCY_HO_OUT_ATT,205.0,900,NRCell,Huawei
1696890600000,BIL001_01,INTRA_FREQUENCY_HO_OUT_SUCC,205.0,900,NRCell,Huawei
1696890600000,BIL001_01,RRC_SETUP_ATT,1908.0,900,NRCell,Huawei
1696890600000,BIL001_01,RRC_SETUP_SUCC,1881.0,900,NRCell,Huawei
1696890600000,BIL001_01,S1SIG_Connection_Setup_SR_DEN,1881.0,900,NRCell,Huawei
1696890600000,BIL001_01,S1SIG_Connection_Setup_SR_NUM,1881.0,900,NRCell,Huawei
1696890600000,BIL001_01,SERVICE_LATENCY_OVER_AIR_INTERFACE_DEN,463577.0,900,NRCell,Huawei
1696890600000,BIL001_01,SERVICE_LATENCY_OVER_AIR_INTERFACE_NUM,743423.0,900,NRCell,Huawei
1696890600000,BIL001_01,VOICE_TRAFFIC,35287.0,900,NRCell,Huawei
1696890600000,BIL001_01,VOLTE_CALL_SETUP_ATT,21.0,900,NRCell,Huawei
1696890600000,BIL001_01,VOLTE_CALL_SETUP_SUCC,21.0,900,NRCell,Huawei
1696890600000,MAD033_01,DCR_DEN,1333.0,900,NRCell,Huawei
1696890600000,MAD033_01,DCR_NUM,0.0,900,NRCell,Huawei
1696890600000,MAD033_01,DROP_CALL_VOLTE_DEN,11.0,900,NRCell,Huawei
1696890600000,MAD033_01,DROP_CALL_VOLTE_NUM,0.0,900,NRCell,Huawei
1696890600000,MAD033_01,ERAB_SR_DEN,1357.0,900,NRCell,Huawei
1696890600000,MAD033_01,ERAB_SR_NUM,1355.0,900,NRCell,Huawei
1696890600000,MAD033_01,INTEGRITY_NGBR_QCI_9,11066448216.0,900,NRCell,Huawei
1696890600000,MAD033_01,INTRA_FREQUENCY_HO_OUT_ATT,101.0,900,NRCell,Huawei
1696890600000,MAD033_01,INTRA_FREQUENCY_HO_OUT_SUCC,101.0,900,NRCell,Huawei
1696890600000,MAD033_01,RRC_SETUP_ATT,786.0,900,NRCell,Huawei
1696890600000,MAD033_01,RRC_SETUP_SUCC,784.0,900,NRCell,Huawei
1696890600000,MAD033_01,S1SIG_Connection_Setup_SR_DEN,784.0,900,NRCell,Huawei
1696890600000,MAD033_01,S1SIG_Connection_Setup_SR_NUM,784.0,900,NRCell,Huawei
1696890600000,MAD033_01,SERVICE_LATENCY_OVER_AIR_INTERFACE_DEN,212598.0,900,NRCell,Huawei
1696890600000,MAD033_01,SERVICE_LATENCY_OVER_AIR_INTERFACE_NUM,276974.0,900,NRCell,Huawei
1696890600000,MAD033_01,VOICE_TRAFFIC,12045.0,900,NRCell,Huawei
1696890600000,MAD033_01,VOLTE_CALL_SETUP_ATT,12.0,900,NRCell,Huawei
1696890600000,MAD033_01,VOLTE_CALL_SETUP_SUCC,12.0,900,NRCell,Huawei
1696890600000,SAL030_01,DCR_DEN,152.0,900,NRCell,Huawei
1696890600000,SAL030_01,DCR_NUM,2.0,900,NRCell,Huawei
1696890600000,SAL030_01,DROP_CALL_VOLTE_DEN,4.0,900,NRCell,Huawei
1696890600000,SAL030_01,DROP_CALL_VOLTE_NUM,0.0,900,NRCell,Huawei
1696890600000,SAL030_01,ERAB_SR_DEN,165.0,900,NRCell,Huawei
1696890600000,SAL030_01,ERAB_SR_NUM,165.0,900,NRCell,Huawei
1696890600000,SAL030_01,INTEGRITY_NGBR_QCI_9,2004348112.0,900,NRCell,Huawei
1696890600000,SAL030_01,INTRA_FREQUENCY_HO_OUT_ATT,10.0,900,NRCell,Huawei
1696890600000,SAL030_01,INTRA_FREQUENCY_HO_OUT_SUCC,10.0,900,NRCell,Huawei
1696890600000,SAL030_01,RRC_SETUP_ATT,102.0,900,NRCell,Huawei
1696890600000,SAL030_01,RRC_SETUP_SUCC,102.0,900,NRCell,Huawei
1696890600000,SAL030_01,S1SIG_Connection_Setup_SR_DEN,102.0,900,NRCell,Huawei
1696890600000,SAL030_01,S1SIG_Connection_Setup_SR_NUM,101.0,900,NRCell,Huawei
1696890600000,SAL030_01,SERVICE_LATENCY_OVER_AIR_INTERFACE_DEN,46817.0,900,NRCell,Huawei
1696890600000,SAL030_01,SERVICE_LATENCY_OVER_AIR_INTERFACE_NUM,64987.0,900,NRCell,Huawei
1696890600000,SAL030_01,VOICE_TRAFFIC,2268.0,900,NRCell,Huawei
1696890600000,SAL030_01,VOLTE_CALL_SETUP_ATT,4.0,900,NRCell,Huawei
1696890600000,SAL030_01,VOLTE_CALL_SETUP_SUCC,4.0,900,NRCell,Huawei
1696890600000,SEV001_01,DCR_DEN,3432.0,900,NRCell,Huawei
1696890600000,SEV001_01,DCR_NUM,0.0,900,NRCell,Huawei
1696890600000,SEV001_01,DROP_CALL_VOLTE_DEN,27.0,900,NRCell,Huawei
1696890600000,SEV001_01,DROP_CALL_VOLTE_NUM,0.0,900,NRCell,Huawei
1696890600000,SEV001_01,ERAB_SR_DEN,3406.0,900,NRCell,Huawei
1696890600000,SEV001_01,ERAB_SR_NUM,3405.0,900,NRCell,Huawei
1696890600000,SEV001_01,INTEGRITY_NGBR_QCI_9,12563001496.0,900,NRCell,Huawei
1696890600000,SEV001_01,INTRA_FREQUENCY_HO_OUT_ATT,93.0,900,NRCell,Huawei
1696890600000,SEV001_01,INTRA_FREQUENCY_HO_OUT_SUCC,93.0,900,NRCell,Huawei
1696890600000,SEV001_01,RRC_SETUP_ATT,1868.0,900,NRCell,Huawei
1696890600000,SEV001_01,RRC_SETUP_SUCC,1868.0,900,NRCell,Huawei
1696890600000,SEV001_01,S1SIG_Connection_Setup_SR_DEN,1867.0,900,NRCell,Huawei
1696890600000,SEV001_01,S1SIG_Connection_Setup_SR_NUM,1867.0,900,NRCell,Huawei
1696890600000,SEV001_01,SERVICE_LATENCY_OVER_AIR_INTERFACE_DEN,415734.0,900,NRCell,Huawei
1696890600000,SEV001_01,SERVICE_LATENCY_OVER_AIR_INTERFACE_NUM,782943.0,900,NRCell,Huawei
1696890600000,SEV001_01,VOICE_TRAFFIC,17784.0,900,NRCell,Huawei
1696890600000,SEV001_01,VOLTE_CALL_SETUP_ATT,32.0,900,NRCell,Huawei
1696890600000,SEV001_01,VOLTE_CALL_SETUP_SUCC,32.0,900,NRCell,Huawei
1696890600000,SNT002_01,DCR_DEN,1255.0,900,NRCell,Huawei
1696890600000,SNT002_01,DCR_NUM,1.0,900,NRCell,Huawei
1696890600000,SNT002_01,DROP_CALL_VOLTE_DEN,18.0,900,NRCell,Huawei
1696890600000,SNT002_01,DROP_CALL_VOLTE_NUM,0.0,900,NRCell,Huawei
1696890600000,SNT002_01,ERAB_SR_DEN,1260.0,900,NRCell,Huawei
1696890600000,SNT002_01,ERAB_SR_NUM,1259.0,900,NRCell,Huawei
1696890600000,SNT002_01,INTEGRITY_NGBR_QCI_9,5350784392.0,900,NRCell,Huawei
1696890600000,SNT002_01,INTRA_FREQUENCY_HO_OUT_ATT,79.0,900,NRCell,Huawei
1696890600000,SNT002_01,INTRA_FREQUENCY_HO_OUT_SUCC,79.0,900,NRCell,Huawei
1696890600000,SNT002_01,RRC_SETUP_ATT,736.0,900,NRCell,Huawei
1696890600000,SNT002_01,RRC_SETUP_SUCC,734.0,900,NRCell,Huawei
1696890600000,SNT002_01,S1SIG_Connection_Setup_SR_DEN,734.0,900,NRCell,Huawei
1696890600000,SNT002_01,S1SIG_Connection_Setup_SR_NUM,734.0,900,NRCell,Huawei
1696890600000,SNT002_01,SERVICE_LATENCY_OVER_AIR_INTERFACE_DEN,139012.0,900,NRCell,Huawei
1696890600000,SNT002_01,SERVICE_LATENCY_OVER_AIR_INTERFACE_NUM,183322.0,900,NRCell,Huawei
1696890600000,SNT002_01,VOICE_TRAFFIC,11950.0,900,NRCell,Huawei
1696890600000,SNT002_01,VOLTE_CALL_SETUP_ATT,16.0,900,NRCell,Huawei
1696890600000,SNT002_01,VOLTE_CALL_SETUP_SUCC,16.0,900,NRCell,Huawei
1696890600000,TAR015_01,DCR_DEN,4139.0,900,NRCell,Huawei
1696890600000,TAR015_01,DCR_NUM,4.0,900,NRCell,Huawei
1696890600000,TAR015_01,DROP_CALL_VOLTE_DEN,34.0,900,NRCell,Huawei
1696890600000,TAR015_01,DROP_CALL_VOLTE_NUM,0.0,900,NRCell,Huawei
1696890600000,TAR015_01,ERAB_SR_DEN,4123.0,900,NRCell,Huawei
1696890600000,TAR015_01,ERAB_SR_NUM,4121.0,900,NRCell,Huawei
1696890600000,TAR015_01,INTEGRITY_NGBR_QCI_9,12875688216.0,900,NRCell,Huawei
1696890600000,TAR015_01,INTRA_FREQUENCY_HO_OUT_ATT,122.0,900,NRCell,Huawei
1696890600000,TAR015_01,INTRA_FREQUENCY_HO_OUT_SUCC,122.0,900,NRCell,Huawei
1696890600000,TAR015_01,RRC_SETUP_ATT,2239.0,900,NRCell,Huawei
1696890600000,TAR015_01,RRC_SETUP_SUCC,2238.0,900,NRCell,Huawei
1696890600000,TAR015_01,S1SIG_Connection_Setup_SR_DEN,2239.0,900,NRCell,Huawei
1696890600000,TAR015_01,S1SIG_Connection_Setup_SR_NUM,2239.0,900,NRCell,Huawei
1696890600000,TAR015_01,SERVICE_LATENCY_OVER_AIR_INTERFACE_DEN,583152.0,900,NRCell,Huawei
1696890600000,TAR015_01,SERVICE_LATENCY_OVER_AIR_INTERFACE_NUM,1224125.0,900,NRCell,Huawei
1696890600000,TAR015_01,VOICE_TRAFFIC,42124.0,900,NRCell,Huawei
1696890600000,TAR015_01,VOLTE_CALL_SETUP_ATT,38.0,900,NRCell,Huawei
1696890600000,TAR015_01,VOLTE_CALL_SETUP_SUCC,38.0,900,NRCell,Huawei
1696890600000,TOL034_01,DCR_DEN,229.0,900,NRCell,Huawei
1696890600000,TOL034_01,DCR_NUM,0.0,900,NRCell,Huawei
1696890600000,TOL034_01,DROP_CALL_VOLTE_DEN,1.0,900,NRCell,Huawei
1696890600000,TOL034_01,DROP_CALL_VOLTE_NUM,0.0,900,NRCell,Huawei
1696890600000,TOL034_01,ERAB_SR_DEN,232.0,900,NRCell,Huawei
1696890600000,TOL034_01,ERAB_SR_NUM,232.0,900,NRCell,Huawei
1696890600000,TOL034_01,INTEGRITY_NGBR_QCI_9,2581068336.0,900,NRCell,Huawei
1696890600000,TOL034_01,INTRA_FREQUENCY_HO_OUT_ATT,25.0,900,NRCell,Huawei
1696890600000,TOL034_01,INTRA_FREQUENCY_HO_OUT_SUCC,25.0,900,NRCell,Huawei
1696890600000,TOL034_01,RRC_SETUP_ATT,156.0,900,NRCell,Huawei
1696890600000,TOL034_01,RRC_SETUP_SUCC,152.0,900,NRCell,Huawei
1696890600000,TOL034_01,S1SIG_Connection_Setup_SR_DEN,152.0,900,NRCell,Huawei
1696890600000,TOL034_01,S1SIG_Connection_Setup_SR_NUM,152.0,900,NRCell,Huawei
1696890600000,TOL034_01,SERVICE_LATENCY_OVER_AIR_INTERFACE_DEN,32417.0,900,NRCell,Huawei
1696890600000,TOL034_01,SERVICE_LATENCY_OVER_AIR_INTERFACE_NUM,58259.0,900,NRCell,Huawei
1696890600000,TOL034_01,VOICE_TRAFFIC,395.0,900,NRCell,Huawei
1696890600000,TOL034_01,VOLTE_CALL_SETUP_ATT,0.0,900,NRCell,Huawei
1696890600000,TOL034_01,VOLTE_CALL_SETUP_SUCC,0.0,900,NRCell,Huawei
1696890600000,VAL002_01,DCR_DEN,34.0,900,NRCell,Huawei
1696890600000,VAL002_01,DCR_NUM,0.0,900,NRCell,Huawei
1696890600000,VAL002_01,DROP_CALL_VOLTE_DEN,0.0,900,NRCell,Huawei
1696890600000,VAL002_01,DROP_CALL_VOLTE_NUM,0.0,900,NRCell,Huawei
1696890600000,VAL002_01,ERAB_SR_DEN,34.0,900,NRCell,Huawei
1696890600000,VAL002_01,ERAB_SR_NUM,32.0,900,NRCell,Huawei
1696890600000,VAL002_01,INTEGRITY_NGBR_QCI_9,2839211904.0,900,NRCell,Huawei
1696890600000,VAL002_01,INTRA_FREQUENCY_HO_OUT_ATT,4.0,900,NRCell,Huawei
1696890600000,VAL002_01,INTRA_FREQUENCY_HO_OUT_SUCC,4.0,900,NRCell,Huawei
1696890600000,VAL002_01,RRC_SETUP_ATT,28.0,900,NRCell,Huawei
1696890600000,VAL002_01,RRC_SETUP_SUCC,28.0,900,NRCell,Huawei
1696890600000,VAL002_01,S1SIG_Connection_Setup_SR_DEN,28.0,900,NRCell,Huawei
1696890600000,VAL002_01,S1SIG_Connection_Setup_SR_NUM,28.0,900,NRCell,Huawei
1696890600000,VAL002_01,SERVICE_LATENCY_OVER_AIR_INTERFACE_DEN,41030.0,900,NRCell,Huawei
1696890600000,VAL002_01,SERVICE_LATENCY_OVER_AIR_INTERFACE_NUM,49350.0,900,NRCell,Huawei
1696890600000,VAL002_01,VOICE_TRAFFIC,0.0,900,NRCell,Huawei
1696890600000,VAL002_01,VOLTE_CALL_SETUP_ATT,0.0,900,NRCell,Huawei
1696890600000,VAL002_01,VOLTE_CALL_SETUP_SUCC,0.0,900,NRCell,Huawei
