startTime,neId,counterCode,counterValue,granularity,neType,vendorName
1696873500000,BCN014_01,DCR_DEN,3921.0,900,NRCell,Huawei
1696873500000,BCN014_01,DCR_NUM,6.0,900,NRCell,Huawei
1696873500000,BCN014_01,DROP_CALL_VOLTE_DEN,35.0,900,NRCell,Huawei
1696873500000,BCN014_01,DROP_CALL_VOLTE_NUM,0.0,900,NRCell,Huawei
1696873500000,BCN014_01,ERAB_SR_DEN,3921.0,900,NRCell,Huawei
1696873500000,BCN014_01,ERAB_SR_NUM,3913.0,900,NRCell,Huawei
1696873500000,BCN014_01,INTEGRITY_NGBR_QCI_9,17794107184.0,900,NRCell,Huawei
1696873500000,BCN014_01,INTRA_FREQUENCY_HO_OUT_ATT,251.0,900,NRCell,Huawei
1696873500000,BCN014_01,INTRA_FREQUENCY_HO_OUT_SUCC,251.0,900,NRCell,Huawei
1696873500000,BCN014_01,RRC_SETUP_ATT,2177.0,900,NRCell,Huawei
1696873500000,BCN014_01,RRC_SETUP_SUCC,2168.0,900,NRCell,Huawei
1696873500000,BCN014_01,S1SIG_Connection_Setup_SR_DEN,2167.0,900,NRCell,Huawei
1696873500000,BCN014_01,S1SIG_Connection_Setup_SR_NUM,2167.0,900,NRCell,Huawei
1696873500000,BCN014_01,SERVICE_LATENCY_OVER_AIR_INTERFACE_DEN,461681.0,900,NRCell,Huawei
1696873500000,BCN014_01,SERVICE_LATENCY_OVER_AIR_INTERFACE_NUM,1245462.0,900,NRCell,Huawei
1696873500000,BCN014_01,VOICE_TRAFFIC,35668.0,900,NRCell,Huawei
1696873500000,BCN014_01,VOLTE_CALL_SETUP_ATT,34.0,900,NRCell,Huawei
1696873500000,BCN014_01,VOLTE_CALL_SETUP_SUCC,34.0,900,NRCell,Huawei
1696873500000,BIL001_01,DCR_DEN,3524.0,900,NRCell,Huawei
1696873500000,BIL001_01,DCR_NUM,3.0,900,NRCell,Huawei
1696873500000,BIL001_01,DROP_CALL_VOLTE_DEN,25.0,900,NRCell,Huawei
1696873500000,BIL001_01,DROP_CALL_VOLTE_NUM,0.0,900,NRCell,Huawei
1696873500000,BIL001_01,ERAB_SR_DEN,3522.0,900,NRCell,Huawei
1696873500000,BIL001_01,ERAB_SR_NUM,3520.0,900,NRCell,Huawei
1696873500000,BIL001_01,INTEGRITY_NGBR_QCI_9,16455473440.0,900,NRCell,Huawei
1696873500000,BIL001_01,INTRA_FREQUENCY_HO_OUT_ATT,203.0,900,NRCell,Huawei
1696873500000,BIL001_01,INTRA_FREQUENCY_HO_OUT_SUCC,201.0,900,NRCell,Huawei
1696873500000,BIL001_01,RRC_SETUP_ATT,2065.0,900,NRCell,Huawei
1696873500000,BIL001_01,RRC_SETUP_SUCC,2036.0,900,NRCell,Huawei
1696873500000,BIL001_01,S1SIG_Connection_Setup_SR_DEN,2037.0,900,NRCell,Huawei
1696873500000,BIL001_01,S1SIG_Connection_Setup_SR_NUM,2037.0,900,NRCell,Huawei
1696873500000,BIL001_01,SERVICE_LATENCY_OVER_AIR_INTERFACE_DEN,451922.0,900,NRCell,Huawei
1696873500000,BIL001_01,SERVICE_LATENCY_OVER_AIR_INTERFACE_NUM,1458202.0,900,NRCell,Huawei
1696873500000,BIL001_01,VOICE_TRAFFIC,29814.0,900,NRCell,Huawei
1696873500000,BIL001_01,VOLTE_CALL_SETUP_ATT,22.0,900,NRCell,Huawei
1696873500000,BIL001_01,VOLTE_CALL_SETUP_SUCC,22.0,900,NRCell,Huawei
1696873500000,MAD033_01,DCR_DEN,1683.0,900,NRCell,Huawei
1696873500000,MAD033_01,DCR_NUM,0.0,900,NRCell,Huawei
1696873500000,MAD033_01,DROP_CALL_VOLTE_DEN,19.0,900,NRCell,Huawei
1696873500000,MAD033_01,DROP_CALL_VOLTE_NUM,0.0,900,NRCell,Huawei
1696873500000,MAD033_01,ERAB_SR_DEN,1734.0,900,NRCell,Huawei
1696873500000,MAD033_01,ERAB_SR_NUM,1730.0,900,NRCell,Huawei
1696873500000,MAD033_01,INTEGRITY_NGBR_QCI_9,7841526576.0,900,NRCell,Huawei
1696873500000,MAD033_01,INTRA_FREQUENCY_HO_OUT_ATT,98.0,900,NRCell,Huawei
1696873500000,MAD033_01,INTRA_FREQUENCY_HO_OUT_SUCC,98.0,900,NRCell,Huawei
1696873500000,MAD033_01,RRC_SETUP_ATT,977.0,900,NRCell,Huawei
1696873500000,MAD033_01,RRC_SETUP_SUCC,976.0,900,NRCell,Huawei
1696873500000,MAD033_01,S1SIG_Connection_Setup_SR_DEN,976.0,900,NRCell,Huawei
1696873500000,MAD033_01,S1SIG_Connection_Setup_SR_NUM,976.0,900,NRCell,Huawei
1696873500000,MAD033_01,SERVICE_LATENCY_OVER_AIR_INTERFACE_DEN,156409.0,900,NRCell,Huawei
1696873500000,MAD033_01,SERVICE_LATENCY_OVER_AIR_INTERFACE_NUM,196945.0,900,NRCell,Huawei
1696873500000,MAD033_01,VOICE_TRAFFIC,16131.0,900,NRCell,Huawei
1696873500000,MAD033_01,VOLTE_CALL_SETUP_ATT,16.0,900,NRCell,Huawei
1696873500000,MAD033_01,VOLTE_CALL_SETUP_SUCC,16.0,900,NRCell,Huawei
1696873500000,SAL030_01,DCR_DEN,221.0,900,NRCell,Huawei
1696873500000,SAL030_01,DCR_NUM,0.0,900,NRCell,Huawei
1696873500000,SAL030_01,DROP_CALL_VOLTE_DEN,1.0,900,NRCell,Huawei
1696873500000,SAL030_01,DROP_CALL_VOLTE_NUM,0.0,900,NRCell,Huawei
1696873500000,SAL030_01,ERAB_SR_DEN,203.0,900,NRCell,Huawei
1696873500000,SAL030_01,ERAB_SR_NUM,203.0,900,NRCell,Huawei
1696873500000,SAL030_01,INTEGRITY_NGBR_QCI_9,2527727216.0,900,NRCell,Huawei
1696873500000,SAL030_01,INTRA_FREQUENCY_HO_OUT_ATT,13.0,900,NRCell,Huawei
1696873500000,SAL030_01,INTRA_FREQUENCY_HO_OUT_SUCC,13.0,900,NRCell,Huawei
1696873500000,SAL030_01,RRC_SETUP_ATT,123.0,900,NRCell,Huawei
1696873500000,SAL030_01,RRC_SETUP_SUCC,122.0,900,NRCell,Huawei
1696873500000,SAL030_01,S1SIG_Connection_Setup_SR_DEN,122.0,900,NRCell,Huawei
1696873500000,SAL030_01,S1SIG_Connection_Setup_SR_NUM,122.0,900,NRCell,Huawei
1696873500000,SAL030_01,SERVICE_LATENCY_OVER_AIR_INTERFACE_DEN,59172.0,900,NRCell,Huawei
1696873500000,SAL030_01,SERVICE_LATENCY_OVER_AIR_INTERFACE_NUM,73058.0,900,NRCell,Huawei
1696873500000,SAL030_01,VOICE_TRAFFIC,100.0,900,NRCell,Huawei
1696873500000,SAL030_01,VOLTE_CALL_SETUP_ATT,1.0,900,NRCell,Huawei
1696873500000,SAL030_01,VOLTE_CALL_SETUP_SUCC,1.0,900,NRCell,Huawei
1696873500000,SEV001_01,DCR_DEN,4054.0,900,NRCell,Huawei
1696873500000,SEV001_01,DCR_NUM,3.0,900,NRCell,Huawei
1696873500000,SEV001_01,DROP_CALL_VOLTE_DEN,29.0,900,NRCell,Huawei
1696873500000,SEV001_01,DROP_CALL_VOLTE_NUM,0.0,900,NRCell,Huawei
1696873500000,SEV001_01,ERAB_SR_DEN,4077.0,900,NRCell,Huawei
1696873500000,SEV001_01,ERAB_SR_NUM,4074.0,900,NRCell,Huawei
1696873500000,SEV001_01,INTEGRITY_NGBR_QCI_9,15266346200.0,900,NRCell,Huawei
1696873500000,SEV001_01,INTRA_FREQUENCY_HO_OUT_ATT,115.0,900,NRCell,Huawei
1696873500000,SEV001_01,INTRA_FREQUENCY_HO_OUT_SUCC,115.0,900,NRCell,Huawei
1696873500000,SEV001_01,RRC_SETUP_ATT,2197.0,900,NRCell,Huawei
1696873500000,SEV001_01,RRC_SETUP_SUCC,2196.0,900,NRCell,Huawei
1696873500000,SEV001_01,S1SIG_Connection_Setup_SR_DEN,2196.0,900,NRCell,Huawei
1696873500000,SEV001_01,S1SIG_Connection_Setup_SR_NUM,2196.0,900,NRCell,Huawei
1696873500000,SEV001_01,SERVICE_LATENCY_OVER_AIR_INTERFACE_DEN,437705.0,900,NRCell,Huawei
1696873500000,SEV001_01,SERVICE_LATENCY_OVER_AIR_INTERFACE_NUM,1422305.0,900,NRCell,Huawei
1696873500000,SEV001_01,VOICE_TRAFFIC,17604.0,900,NRCell,Huawei
1696873500000,SEV001_01,VOLTE_CALL_SETUP_ATT,29.0,900,NRCell,Huawei
1696873500000,SEV001_01,VOLTE_CALL_SETUP_SUCC,29.0,900,NRCell,Huawei
1696873500000,SNT002_01,DCR_DEN,1543.0,900,NRCell,Huawei
1696873500000,SNT002_01,DCR_NUM,1.0,900,NRCell,Huawei
1696873500000,SNT002_01,DROP_CALL_VOLTE_DEN,12.0,900,NRCell,Huawei
1696873500000,SNT002_01,DROP_CALL_VOLTE_NUM,0.0,900,NRCell,Huawei
1696873500000,SNT002_01,ERAB_SR_DEN,1537.0,900,NRCell,Huawei
1696873500000,SNT002_01,ERAB_SR_NUM,1537.0,900,NRCell,Huawei
1696873500000,SNT002_01,INTEGRITY_NGBR_QCI_9,4603714840.0,900,NRCell,Huawei
1696873500000,SNT002_01,INTRA_FREQUENCY_HO_OUT_ATT,83.0,900,NRCell,Huawei
1696873500000,SNT002_01,INTRA_FREQUENCY_HO_OUT_SUCC,83.0,900,NRCell,Huawei
1696873500000,SNT002_01,RRC_SETUP_ATT,859.0,900,NRCell,Huawei
1696873500000,SNT002_01,RRC_SETUP_SUCC,855.0,900,NRCell,Huawei
1696873500000,SNT002_01,S1SIG_Connection_Setup_SR_DEN,855.0,900,NRCell,Huawei
1696873500000,SNT002_01,S1SIG_Connection_Setup_SR_NUM,855.0,900,NRCell,Huawei
1696873500000,SNT002_01,SERVICE_LATENCY_OVER_AIR_INTERFACE_DEN,167606.0,900,NRCell,Huawei
1696873500000,SNT002_01,SERVICE_LATENCY_OVER_AIR_INTERFACE_NUM,269585.0,900,NRCell,Huawei
1696873500000,SNT002_01,VOICE_TRAFFIC,12356.0,900,NRCell,Huawei
1696873500000,SNT002_01,VOLTE_CALL_SETUP_ATT,14.0,900,NRCell,Huawei
1696873500000,SNT002_01,VOLTE_CALL_SETUP_SUCC,14.0,900,NRCell,Huawei
1696873500000,TAR015_01,DCR_DEN,4708.0,900,NRCell,Huawei
1696873500000,TAR015_01,DCR_NUM,3.0,900,NRCell,Huawei
1696873500000,TAR015_01,DROP_CALL_VOLTE_DEN,41.0,900,NRCell,Huawei
1696873500000,TAR015_01,DROP_CALL_VOLTE_NUM,0.0,900,NRCell,Huawei
1696873500000,TAR015_01,ERAB_SR_DEN,4667.0,900,NRCell,Huawei
1696873500000,TAR015_01,ERAB_SR_NUM,4661.0,900,NRCell,Huawei
1696873500000,TAR015_01,INTEGRITY_NGBR_QCI_9,16198151440.0,900,NRCell,Huawei
1696873500000,TAR015_01,INTRA_FREQUENCY_HO_OUT_ATT,116.0,900,NRCell,Huawei
1696873500000,TAR015_01,INTRA_FREQUENCY_HO_OUT_SUCC,116.0,900,NRCell,Huawei
1696873500000,TAR015_01,RRC_SETUP_ATT,2552.0,900,NRCell,Huawei
1696873500000,TAR015_01,RRC_SETUP_SUCC,2551.0,900,NRCell,Huawei
1696873500000,TAR015_01,S1SIG_Connection_Setup_SR_DEN,2551.0,900,NRCell,Huawei
1696873500000,TAR015_01,S1SIG_Connection_Setup_SR_NUM,2551.0,900,NRCell,Huawei
1696873500000,TAR015_01,SERVICE_LATENCY_OVER_AIR_INTERFACE_DEN,488307.0,900,NRCell,Huawei
1696873500000,TAR015_01,SERVICE_LATENCY_OVER_AIR_INTERFACE_NUM,950137.0,900,NRCell,Huawei
1696873500000,TAR015_01,VOICE_TRAFFIC,31380.0,900,NRCell,Huawei
1696873500000,TAR015_01,VOLTE_CALL_SETUP_ATT,40.0,900,NRCell,Huawei
1696873500000,TAR015_01,VOLTE_CALL_SETUP_SUCC,40.0,900,NRCell,Huawei
1696873500000,TOL034_01,DCR_DEN,218.0,900,NRCell,Huawei
1696873500000,TOL034_01,DCR_NUM,1.0,900,NRCell,Huawei
1696873500000,TOL034_01,DROP_CALL_VOLTE_DEN,3.0,900,NRCell,Huawei
1696873500000,TOL034_01,DROP_CALL_VOLTE_NUM,0.0,900,NRCell,Huawei
1696873500000,TOL034_01,ERAB_SR_DEN,205.0,900,NRCell,Huawei
1696873500000,TOL034_01,ERAB_SR_NUM,204.0,900,NRCell,Huawei
1696873500000,TOL034_01,INTEGRITY_NGBR_QCI_9,5442521200.0,900,NRCell,Huawei
1696873500000,TOL034_01,INTRA_FREQUENCY_HO_OUT_ATT,15.0,900,NRCell,Huawei
1696873500000,TOL034_01,INTRA_FREQUENCY_HO_OUT_SUCC,15.0,900,NRCell,Huawei
1696873500000,TOL034_01,RRC_SETUP_ATT,144.0,900,NRCell,Huawei
1696873500000,TOL034_01,RRC_SETUP_SUCC,144.0,900,NRCell,Huawei
1696873500000,TOL034_01,S1SIG_Connection_Setup_SR_DEN,144.0,900,NRCell,Huawei
1696873500000,TOL034_01,S1SIG_Connection_Setup_SR_NUM,144.0,900,NRCell,Huawei
1696873500000,TOL034_01,SERVICE_LATENCY_OVER_AIR_INTERFACE_DEN,74159.0,900,NRCell,Huawei
1696873500000,TOL034_01,SERVICE_LATENCY_OVER_AIR_INTERFACE_NUM,119961.0,900,NRCell,Huawei
1696873500000,TOL034_01,VOICE_TRAFFIC,1628.0,900,NRCell,Huawei
1696873500000,TOL034_01,VOLTE_CALL_SETUP_ATT,3.0,900,NRCell,Huawei
1696873500000,TOL034_01,VOLTE_CALL_SETUP_SUCC,3.0,900,NRCell,Huawei
1696873500000,VAL002_01,DCR_DEN,62.0,900,NRCell,Huawei
1696873500000,VAL002_01,DCR_NUM,0.0,900,NRCell,Huawei
1696873500000,VAL002_01,DROP_CALL_VOLTE_DEN,0.0,900,NRCell,Huawei
1696873500000,VAL002_01,DROP_CALL_VOLTE_NUM,0.0,900,NRCell,Huawei
1696873500000,VAL002_01,ERAB_SR_DEN,69.0,900,NRCell,Huawei
1696873500000,VAL002_01,ERAB_SR_NUM,69.0,900,NRCell,Huawei
1696873500000,VAL002_01,INTEGRITY_NGBR_QCI_9,1171982808.0,900,NRCell,Huawei
1696873500000,VAL002_01,INTRA_FREQUENCY_HO_OUT_ATT,3.0,900,NRCell,Huawei
1696873500000,VAL002_01,INTRA_FREQUENCY_HO_OUT_SUCC,2.0,900,NRCell,Huawei
1696873500000,VAL002_01,RRC_SETUP_ATT,60.0,900,NRCell,Huawei
1696873500000,VAL002_01,RRC_SETUP_SUCC,60.0,900,NRCell,Huawei
1696873500000,VAL002_01,S1SIG_Connection_Setup_SR_DEN,60.0,900,NRCell,Huawei
1696873500000,VAL002_01,S1SIG_Connection_Setup_SR_NUM,60.0,900,NRCell,Huawei
1696873500000,VAL002_01,SERVICE_LATENCY_OVER_AIR_INTERFACE_DEN,22604.0,900,NRCell,Huawei
1696873500000,VAL002_01,SERVICE_LATENCY_OVER_AIR_INTERFACE_NUM,25961.0,900,NRCell,Huawei
1696873500000,VAL002_01,VOICE_TRAFFIC,141.0,900,NRCell,Huawei
1696873500000,VAL002_01,VOLTE_CALL_SETUP_ATT,0.0,900,NRCell,Huawei
1696873500000,VAL002_01,VOLTE_CALL_SETUP_SUCC,0.0,900,NRCell,Huawei
