startTime,neId,counterCode,counterValue,granularity,neType,vendorName
1696688100000,BCN014_01,DCR_DEN,2070.0,900,NRCell,Huawei
1696688100000,BCN014_01,DCR_NUM,0.0,900,NRCell,Huawei
1696688100000,BCN014_01,DROP_CALL_VOLTE_DEN,24.0,900,NRCell,Huawei
1696688100000,BCN014_01,DROP_CALL_VOLTE_NUM,0.0,900,NRCell,Huawei
1696688100000,BCN014_01,ERAB_SR_DEN,2090.0,900,NRCell,Huawei
1696688100000,BCN014_01,ERAB_SR_NUM,2090.0,900,NRCell,Huawei
1696688100000,BCN014_01,INTEGRITY_NGBR_QCI_9,10846416240.0,900,NRCell,Huawei
1696688100000,BCN014_01,INTRA_FREQUENCY_HO_OUT_ATT,161.0,900,NRCell,Huawei
1696688100000,BCN014_01,INTRA_FREQUENCY_HO_OUT_SUCC,161.0,900,NRCell,Huawei
1696688100000,BCN014_01,RRC_SETUP_ATT,1268.0,900,NRCell,Huawei
1696688100000,BCN014_01,RRC_SETUP_SUCC,1268.0,900,NRCell,Huawei
1696688100000,BCN014_01,S1SIG_Connection_Setup_SR_DEN,1268.0,900,NRCell,Huawei
1696688100000,BCN014_01,S1SIG_Connection_Setup_SR_NUM,1268.0,900,NRCell,Huawei
1696688100000,BCN014_01,SERVICE_LATENCY_OVER_AIR_INTERFACE_DEN,319145.0,900,NRCell,Huawei
1696688100000,BCN014_01,SERVICE_LATENCY_OVER_AIR_INTERFACE_NUM,390746.0,900,NRCell,Huawei
1696688100000,BCN014_01,VOICE_TRAFFIC,19357.0,900,NRCell,Huawei
1696688100000,BCN014_01,VOLTE_CALL_SETUP_ATT,29.0,900,NRCell,Huawei
1696688100000,BCN014_01,VOLTE_CALL_SETUP_SUCC,29.0,900,NRCell,Huawei
1696688100000,BIL001_01,DCR_DEN,2138.0,900,NRCell,Huawei
1696688100000,BIL001_01,DCR_NUM,0.0,900,NRCell,Huawei
1696688100000,BIL001_01,DROP_CALL_VOLTE_DEN,18.0,900,NRCell,Huawei
1696688100000,BIL001_01,DROP_CALL_VOLTE_NUM,0.0,900,NRCell,Huawei
1696688100000,BIL001_01,ERAB_SR_DEN,2153.0,900,NRCell,Huawei
1696688100000,BIL001_01,ERAB_SR_NUM,2153.0,900,NRCell,Huawei
1696688100000,BIL001_01,INTEGRITY_NGBR_QCI_9,6409342792.0,900,NRCell,Huawei
1696688100000,BIL001_01,INTRA_FREQUENCY_HO_OUT_ATT,129.0,900,NRCell,Huawei
1696688100000,BIL001_01,INTRA_FREQUENCY_HO_OUT_SUCC,129.0,900,NRCell,Huawei
1696688100000,BIL001_01,RRC_SETUP_ATT,1275.0,900,NRCell,Huawei
1696688100000,BIL001_01,RRC_SETUP_SUCC,1274.0,900,NRCell,Huawei
1696688100000,BIL001_01,S1SIG_Connection_Setup_SR_DEN,1274.0,900,NRCell,Huawei
1696688100000,BIL001_01,S1SIG_Connection_Setup_SR_NUM,1274.0,900,NRCell,Huawei
1696688100000,BIL001_01,SERVICE_LATENCY_OVER_AIR_INTERFACE_DEN,218745.0,900,NRCell,Huawei
1696688100000,BIL001_01,SERVICE_LATENCY_OVER_AIR_INTERFACE_NUM,256703.0,900,NRCell,Huawei
1696688100000,BIL001_01,VOICE_TRAFFIC,12706.0,900,NRCell,Huawei
1696688100000,BIL001_01,VOLTE_CALL_SETUP_ATT,22.0,900,NRCell,Huawei
1696688100000,BIL001_01,VOLTE_CALL_SETUP_SUCC,22.0,900,NRCell,Huawei
1696688100000,MAD033_01,DCR_DEN,1322.0,900,NRCell,Huawei
1696688100000,MAD033_01,DCR_NUM,0.0,900,NRCell,Huawei
1696688100000,MAD033_01,DROP_CALL_VOLTE_DEN,23.0,900,NRCell,Huawei
1696688100000,MAD033_01,DROP_CALL_VOLTE_NUM,0.0,900,NRCell,Huawei
1696688100000,MAD033_01,ERAB_SR_DEN,1322.0,900,NRCell,Huawei
1696688100000,MAD033_01,ERAB_SR_NUM,1322.0,900,NRCell,Huawei
1696688100000,MAD033_01,INTEGRITY_NGBR_QCI_9,4725836720.0,900,NRCell,Huawei
1696688100000,MAD033_01,INTRA_FREQUENCY_HO_OUT_ATT,72.0,900,NRCell,Huawei
1696688100000,MAD033_01,INTRA_FREQUENCY_HO_OUT_SUCC,72.0,900,NRCell,Huawei
1696688100000,MAD033_01,RRC_SETUP_ATT,762.0,900,NRCell,Huawei
1696688100000,MAD033_01,RRC_SETUP_SUCC,762.0,900,NRCell,Huawei
1696688100000,MAD033_01,S1SIG_Connection_Setup_SR_DEN,762.0,900,NRCell,Huawei
1696688100000,MAD033_01,S1SIG_Connection_Setup_SR_NUM,762.0,900,NRCell,Huawei
1696688100000,MAD033_01,SERVICE_LATENCY_OVER_AIR_INTERFACE_DEN,121961.0,900,NRCell,Huawei
1696688100000,MAD033_01,SERVICE_LATENCY_OVER_AIR_INTERFACE_NUM,145118.0,900,NRCell,Huawei
1696688100000,MAD033_01,VOICE_TRAFFIC,7325.0,900,NRCell,Huawei
1696688100000,MAD033_01,VOLTE_CALL_SETUP_ATT,19.0,900,NRCell,Huawei
1696688100000,MAD033_01,VOLTE_CALL_SETUP_SUCC,19.0,900,NRCell,Huawei
1696688100000,SAL030_01,DCR_DEN,176.0,900,NRCell,Huawei
1696688100000,SAL030_01,DCR_NUM,0.0,900,NRCell,Huawei
1696688100000,SAL030_01,DROP_CALL_VOLTE_DEN,0.0,900,NRCell,Huawei
1696688100000,SAL030_01,DROP_CALL_VOLTE_NUM,0.0,900,NRCell,Huawei
1696688100000,SAL030_01,ERAB_SR_DEN,164.0,900,NRCell,Huawei
1696688100000,SAL030_01,ERAB_SR_NUM,164.0,900,NRCell,Huawei
1696688100000,SAL030_01,INTEGRITY_NGBR_QCI_9,1444425520.0,900,NRCell,Huawei
1696688100000,SAL030_01,INTRA_FREQUENCY_HO_OUT_ATT,10.0,900,NRCell,Huawei
1696688100000,SAL030_01,INTRA_FREQUENCY_HO_OUT_SUCC,10.0,900,NRCell,Huawei
1696688100000,SAL030_01,RRC_SETUP_ATT,110.0,900,NRCell,Huawei
1696688100000,SAL030_01,RRC_SETUP_SUCC,110.0,900,NRCell,Huawei
1696688100000,SAL030_01,S1SIG_Connection_Setup_SR_DEN,110.0,900,NRCell,Huawei
1696688100000,SAL030_01,S1SIG_Connection_Setup_SR_NUM,110.0,900,NRCell,Huawei
1696688100000,SAL030_01,SERVICE_LATENCY_OVER_AIR_INTERFACE_DEN,31330.0,900,NRCell,Huawei
1696688100000,SAL030_01,SERVICE_LATENCY_OVER_AIR_INTERFACE_NUM,73658.0,900,NRCell,Huawei
1696688100000,SAL030_01,VOICE_TRAFFIC,336.0,900,NRCell,Huawei
1696688100000,SAL030_01,VOLTE_CALL_SETUP_ATT,0.0,900,NRCell,Huawei
1696688100000,SAL030_01,VOLTE_CALL_SETUP_SUCC,0.0,900,NRCell,Huawei
1696688100000,SEV001_01,DCR_DEN,2572.0,900,NRCell,Huawei
1696688100000,SEV001_01,DCR_NUM,4.0,900,NRCell,Huawei
1696688100000,SEV001_01,DROP_CALL_VOLTE_DEN,14.0,900,NRCell,Huawei
1696688100000,SEV001_01,DROP_CALL_VOLTE_NUM,0.0,900,NRCell,Huawei
1696688100000,SEV001_01,ERAB_SR_DEN,2580.0,900,NRCell,Huawei
1696688100000,SEV001_01,ERAB_SR_NUM,2574.0,900,NRCell,Huawei
1696688100000,SEV001_01,INTEGRITY_NGBR_QCI_9,7726663848.0,900,NRCell,Huawei
1696688100000,SEV001_01,INTRA_FREQUENCY_HO_OUT_ATT,110.0,900,NRCell,Huawei
1696688100000,SEV001_01,INTRA_FREQUENCY_HO_OUT_SUCC,110.0,900,NRCell,Huawei
1696688100000,SEV001_01,RRC_SETUP_ATT,1426.0,900,NRCell,Huawei
1696688100000,SEV001_01,RRC_SETUP_SUCC,1424.0,900,NRCell,Huawei
1696688100000,SEV001_01,S1SIG_Connection_Setup_SR_DEN,1424.0,900,NRCell,Huawei
1696688100000,SEV001_01,S1SIG_Connection_Setup_SR_NUM,1424.0,900,NRCell,Huawei
1696688100000,SEV001_01,SERVICE_LATENCY_OVER_AIR_INTERFACE_DEN,221511.0,900,NRCell,Huawei
1696688100000,SEV001_01,SERVICE_LATENCY_OVER_AIR_INTERFACE_NUM,308138.0,900,NRCell,Huawei
1696688100000,SEV001_01,VOICE_TRAFFIC,8240.0,900,NRCell,Huawei
1696688100000,SEV001_01,VOLTE_CALL_SETUP_ATT,14.0,900,NRCell,Huawei
1696688100000,SEV001_01,VOLTE_CALL_SETUP_SUCC,14.0,900,NRCell,Huawei
1696688100000,SNT002_01,DCR_DEN,1413.0,900,NRCell,Huawei
1696688100000,SNT002_01,DCR_NUM,1.0,900,NRCell,Huawei
1696688100000,SNT002_01,DROP_CALL_VOLTE_DEN,16.0,900,NRCell,Huawei
1696688100000,SNT002_01,DROP_CALL_VOLTE_NUM,0.0,900,NRCell,Huawei
1696688100000,SNT002_01,ERAB_SR_DEN,1404.0,900,NRCell,Huawei
1696688100000,SNT002_01,ERAB_SR_NUM,1404.0,900,NRCell,Huawei
1696688100000,SNT002_01,INTEGRITY_NGBR_QCI_9,4602403192.0,900,NRCell,Huawei
1696688100000,SNT002_01,INTRA_FREQUENCY_HO_OUT_ATT,56.0,900,NRCell,Huawei
1696688100000,SNT002_01,INTRA_FREQUENCY_HO_OUT_SUCC,56.0,900,NRCell,Huawei
1696688100000,SNT002_01,RRC_SETUP_ATT,781.0,900,NRCell,Huawei
1696688100000,SNT002_01,RRC_SETUP_SUCC,781.0,900,NRCell,Huawei
1696688100000,SNT002_01,S1SIG_Connection_Setup_SR_DEN,781.0,900,NRCell,Huawei
1696688100000,SNT002_01,S1SIG_Connection_Setup_SR_NUM,780.0,900,NRCell,Huawei
1696688100000,SNT002_01,SERVICE_LATENCY_OVER_AIR_INTERFACE_DEN,112515.0,900,NRCell,Huawei
1696688100000,SNT002_01,SERVICE_LATENCY_OVER_AIR_INTERFACE_NUM,129381.0,900,NRCell,Huawei
1696688100000,SNT002_01,VOICE_TRAFFIC,5515.0,900,NRCell,Huawei
1696688100000,SNT002_01,VOLTE_CALL_SETUP_ATT,16.0,900,NRCell,Huawei
1696688100000,SNT002_01,VOLTE_CALL_SETUP_SUCC,16.0,900,NRCell,Huawei
1696688100000,TAR015_01,DCR_DEN,2917.0,900,NRCell,Huawei
1696688100000,TAR015_01,DCR_NUM,3.0,900,NRCell,Huawei
1696688100000,TAR015_01,DROP_CALL_VOLTE_DEN,13.0,900,NRCell,Huawei
1696688100000,TAR015_01,DROP_CALL_VOLTE_NUM,0.0,900,NRCell,Huawei
1696688100000,TAR015_01,ERAB_SR_DEN,2830.0,900,NRCell,Huawei
1696688100000,TAR015_01,ERAB_SR_NUM,2827.0,900,NRCell,Huawei
1696688100000,TAR015_01,INTEGRITY_NGBR_QCI_9,12021161592.0,900,NRCell,Huawei
1696688100000,TAR015_01,INTRA_FREQUENCY_HO_OUT_ATT,119.0,900,NRCell,Huawei
1696688100000,TAR015_01,INTRA_FREQUENCY_HO_OUT_SUCC,119.0,900,NRCell,Huawei
1696688100000,TAR015_01,RRC_SETUP_ATT,1560.0,900,NRCell,Huawei
1696688100000,TAR015_01,RRC_SETUP_SUCC,1560.0,900,NRCell,Huawei
1696688100000,TAR015_01,S1SIG_Connection_Setup_SR_DEN,1560.0,900,NRCell,Huawei
1696688100000,TAR015_01,S1SIG_Connection_Setup_SR_NUM,1560.0,900,NRCell,Huawei
1696688100000,TAR015_01,SERVICE_LATENCY_OVER_AIR_INTERFACE_DEN,295303.0,900,NRCell,Huawei
1696688100000,TAR015_01,SERVICE_LATENCY_OVER_AIR_INTERFACE_NUM,531418.0,900,NRCell,Huawei
1696688100000,TAR015_01,VOICE_TRAFFIC,18931.0,900,NRCell,Huawei
1696688100000,TAR015_01,VOLTE_CALL_SETUP_ATT,15.0,900,NRCell,Huawei
1696688100000,TAR015_01,VOLTE_CALL_SETUP_SUCC,15.0,900,NRCell,Huawei
1696688100000,TOL034_01,DCR_DEN,155.0,900,NRCell,Huawei
1696688100000,TOL034_01,DCR_NUM,0.0,900,NRCell,Huawei
1696688100000,TOL034_01,DROP_CALL_VOLTE_DEN,0.0,900,NRCell,Huawei
1696688100000,TOL034_01,DROP_CALL_VOLTE_NUM,0.0,900,NRCell,Huawei
1696688100000,TOL034_01,ERAB_SR_DEN,142.0,900,NRCell,Huawei
1696688100000,TOL034_01,ERAB_SR_NUM,142.0,900,NRCell,Huawei
1696688100000,TOL034_01,INTEGRITY_NGBR_QCI_9,402941560.0,900,NRCell,Huawei
1696688100000,TOL034_01,INTRA_FREQUENCY_HO_OUT_ATT,17.0,900,NRCell,Huawei
1696688100000,TOL034_01,INTRA_FREQUENCY_HO_OUT_SUCC,16.0,900,NRCell,Huawei
1696688100000,TOL034_01,RRC_SETUP_ATT,89.0,900,NRCell,Huawei
1696688100000,TOL034_01,RRC_SETUP_SUCC,89.0,900,NRCell,Huawei
1696688100000,TOL034_01,S1SIG_Connection_Setup_SR_DEN,89.0,900,NRCell,Huawei
1696688100000,TOL034_01,S1SIG_Connection_Setup_SR_NUM,89.0,900,NRCell,Huawei
1696688100000,TOL034_01,SERVICE_LATENCY_OVER_AIR_INTERFACE_DEN,8197.0,900,NRCell,Huawei
1696688100000,TOL034_01,SERVICE_LATENCY_OVER_AIR_INTERFACE_NUM,13532.0,900,NRCell,Huawei
1696688100000,TOL034_01,VOICE_TRAFFIC,447.0,900,NRCell,Huawei
1696688100000,TOL034_01,VOLTE_CALL_SETUP_ATT,1.0,900,NRCell,Huawei
1696688100000,TOL034_01,VOLTE_CALL_SETUP_SUCC,1.0,900,NRCell,Huawei
1696688100000,VAL002_01,DCR_DEN,66.0,900,NRCell,Huawei
1696688100000,VAL002_01,DCR_NUM,0.0,900,NRCell,Huawei
1696688100000,VAL002_01,DROP_CALL_VOLTE_DEN,0.0,900,NRCell,Huawei
1696688100000,VAL002_01,DROP_CALL_VOLTE_NUM,0.0,900,NRCell,Huawei
1696688100000,VAL002_01,ERAB_SR_DEN,63.0,900,NRCell,Huawei
1696688100000,VAL002_01,ERAB_SR_NUM,63.0,900,NRCell,Huawei
1696688100000,VAL002_01,INTEGRITY_NGBR_QCI_9,52037136.0,900,NRCell,Huawei
1696688100000,VAL002_01,INTRA_FREQUENCY_HO_OUT_ATT,2.0,900,NRCell,Huawei
1696688100000,VAL002_01,INTRA_FREQUENCY_HO_OUT_SUCC,2.0,900,NRCell,Huawei
1696688100000,VAL002_01,RRC_SETUP_ATT,49.0,900,NRCell,Huawei
1696688100000,VAL002_01,RRC_SETUP_SUCC,49.0,900,NRCell,Huawei
1696688100000,VAL002_01,S1SIG_Connection_Setup_SR_DEN,49.0,900,NRCell,Huawei
1696688100000,VAL002_01,S1SIG_Connection_Setup_SR_NUM,49.0,900,NRCell,Huawei
1696688100000,VAL002_01,SERVICE_LATENCY_OVER_AIR_INTERFACE_DEN,3122.0,900,NRCell,Huawei
1696688100000,VAL002_01,SERVICE_LATENCY_OVER_AIR_INTERFACE_NUM,3357.0,900,NRCell,Huawei
1696688100000,VAL002_01,VOICE_TRAFFIC,0.0,900,NRCell,Huawei
1696688100000,VAL002_01,VOLTE_CALL_SETUP_ATT,0.0,900,NRCell,Huawei
1696688100000,VAL002_01,VOLTE_CALL_SETUP_SUCC,0.0,900,NRCell,Huawei
