startTime,neId,counterCode,counterValue,granularity,neType,vendorName
1696579200000,BCN014_01,DCR_DEN,966.0,900,NRCell,Huawei
1696579200000,BCN014_01,DCR_NUM,0.0,900,NRCell,Huawei
1696579200000,BCN014_01,DROP_CALL_VOLTE_DEN,0.0,900,NRCell,Huawei
1696579200000,BCN014_01,DROP_CALL_VOLTE_NUM,0.0,900,NRCell,Huawei
1696579200000,BCN014_01,ERAB_SR_DEN,961.0,900,NRCell,Huawei
1696579200000,BCN014_01,ERAB_SR_NUM,961.0,900,NRCell,Huawei
1696579200000,BCN014_01,INTEGRITY_NGBR_QCI_9,7213486888.0,900,NRCell,Huawei
1696579200000,BCN014_01,INTRA_FREQUENCY_HO_OUT_ATT,11.0,900,NRCell,Huawei
1696579200000,BCN014_01,INTRA_FREQUENCY_HO_OUT_SUCC,11.0,900,NRCell,Huawei
1696579200000,BCN014_01,RRC_SETUP_ATT,606.0,900,NRCell,Huawei
1696579200000,BCN014_01,RRC_SETUP_SUCC,606.0,900,NRCell,Huawei
1696579200000,BCN014_01,S1SIG_Connection_Setup_SR_DEN,606.0,900,NRCell,Huawei
1696579200000,BCN014_01,S1SIG_Connection_Setup_SR_NUM,606.0,900,NRCell,Huawei
1696579200000,BCN014_01,SERVICE_LATENCY_OVER_AIR_INTERFACE_DEN,285273.0,900,NRCell,Huawei
1696579200000,BCN014_01,SERVICE_LATENCY_OVER_AIR_INTERFACE_NUM,313228.0,900,NRCell,Huawei
1696579200000,BCN014_01,VOICE_TRAFFIC,1510.0,900,NRCell,Huawei
1696579200000,BCN014_01,VOLTE_CALL_SETUP_ATT,0.0,900,NRCell,Huawei
1696579200000,BCN014_01,VOLTE_CALL_SETUP_SUCC,0.0,900,NRCell,Huawei
1696579200000,BIL001_01,DCR_DEN,782.0,900,NRCell,Huawei
1696579200000,BIL001_01,DCR_NUM,0.0,900,NRCell,Huawei
1696579200000,BIL001_01,DROP_CALL_VOLTE_DEN,2.0,900,NRCell,Huawei
1696579200000,BIL001_01,DROP_CALL_VOLTE_NUM,0.0,900,NRCell,Huawei
1696579200000,BIL001_01,ERAB_SR_DEN,771.0,900,NRCell,Huawei
1696579200000,BIL001_01,ERAB_SR_NUM,771.0,900,NRCell,Huawei
1696579200000,BIL001_01,INTEGRITY_NGBR_QCI_9,2854720008.0,900,NRCell,Huawei
1696579200000,BIL001_01,INTRA_FREQUENCY_HO_OUT_ATT,13.0,900,NRCell,Huawei
1696579200000,BIL001_01,INTRA_FREQUENCY_HO_OUT_SUCC,13.0,900,NRCell,Huawei
1696579200000,BIL001_01,RRC_SETUP_ATT,530.0,900,NRCell,Huawei
1696579200000,BIL001_01,RRC_SETUP_SUCC,530.0,900,NRCell,Huawei
1696579200000,BIL001_01,S1SIG_Connection_Setup_SR_DEN,530.0,900,NRCell,Huawei
1696579200000,BIL001_01,S1SIG_Connection_Setup_SR_NUM,530.0,900,NRCell,Huawei
1696579200000,BIL001_01,SERVICE_LATENCY_OVER_AIR_INTERFACE_DEN,96444.0,900,NRCell,Huawei
1696579200000,BIL001_01,SERVICE_LATENCY_OVER_AIR_INTERFACE_NUM,127135.0,900,NRCell,Huawei
1696579200000,BIL001_01,VOICE_TRAFFIC,434.0,900,NRCell,Huawei
1696579200000,BIL001_01,VOLTE_CALL_SETUP_ATT,1.0,900,NRCell,Huawei
1696579200000,BIL001_01,VOLTE_CALL_SETUP_SUCC,1.0,900,NRCell,Huawei
1696579200000,MAD033_01,DCR_DEN,438.0,900,NRCell,Huawei
1696579200000,MAD033_01,DCR_NUM,0.0,900,NRCell,Huawei
1696579200000,MAD033_01,DROP_CALL_VOLTE_DEN,0.0,900,NRCell,Huawei
1696579200000,MAD033_01,DROP_CALL_VOLTE_NUM,0.0,900,NRCell,Huawei
1696579200000,MAD033_01,ERAB_SR_DEN,442.0,900,NRCell,Huawei
1696579200000,MAD033_01,ERAB_SR_NUM,442.0,900,NRCell,Huawei
1696579200000,MAD033_01,INTEGRITY_NGBR_QCI_9,324062176.0,900,NRCell,Huawei
1696579200000,MAD033_01,INTRA_FREQUENCY_HO_OUT_ATT,6.0,900,NRCell,Huawei
1696579200000,MAD033_01,INTRA_FREQUENCY_HO_OUT_SUCC,6.0,900,NRCell,Huawei
1696579200000,MAD033_01,RRC_SETUP_ATT,279.0,900,NRCell,Huawei
1696579200000,MAD033_01,RRC_SETUP_SUCC,279.0,900,NRCell,Huawei
1696579200000,MAD033_01,S1SIG_Connection_Setup_SR_DEN,279.0,900,NRCell,Huawei
1696579200000,MAD033_01,S1SIG_Connection_Setup_SR_NUM,279.0,900,NRCell,Huawei
1696579200000,MAD033_01,SERVICE_LATENCY_OVER_AIR_INTERFACE_DEN,24486.0,900,NRCell,Huawei
1696579200000,MAD033_01,SERVICE_LATENCY_OVER_AIR_INTERFACE_NUM,26066.0,900,NRCell,Huawei
1696579200000,MAD033_01,VOICE_TRAFFIC,970.0,900,NRCell,Huawei
1696579200000,MAD033_01,VOLTE_CALL_SETUP_ATT,0.0,900,NRCell,Huawei
1696579200000,MAD033_01,VOLTE_CALL_SETUP_SUCC,0.0,900,NRCell,Huawei
1696579200000,SAL030_01,DCR_DEN,140.0,900,NRCell,Huawei
1696579200000,SAL030_01,DCR_NUM,0.0,900,NRCell,Huawei
1696579200000,SAL030_01,DROP_CALL_VOLTE_DEN,0.0,900,NRCell,Huawei
1696579200000,SAL030_01,DROP_CALL_VOLTE_NUM,0.0,900,NRCell,Huawei
1696579200000,SAL030_01,ERAB_SR_DEN,141.0,900,NRCell,Huawei
1696579200000,SAL030_01,ERAB_SR_NUM,141.0,900,NRCell,Huawei
1696579200000,SAL030_01,INTEGRITY_NGBR_QCI_9,431040600.0,900,NRCell,Huawei
1696579200000,SAL030_01,INTRA_FREQUENCY_HO_OUT_ATT,1.0,900,NRCell,Huawei
1696579200000,SAL030_01,INTRA_FREQUENCY_HO_OUT_SUCC,1.0,900,NRCell,Huawei
1696579200000,SAL030_01,RRC_SETUP_ATT,73.0,900,NRCell,Huawei
1696579200000,SAL030_01,RRC_SETUP_SUCC,73.0,900,NRCell,Huawei
1696579200000,SAL030_01,S1SIG_Connection_Setup_SR_DEN,73.0,900,NRCell,Huawei
1696579200000,SAL030_01,S1SIG_Connection_Setup_SR_NUM,73.0,900,NRCell,Huawei
1696579200000,SAL030_01,SERVICE_LATENCY_OVER_AIR_INTERFACE_DEN,9643.0,900,NRCell,Huawei
1696579200000,SAL030_01,SERVICE_LATENCY_OVER_AIR_INTERFACE_NUM,10649.0,900,NRCell,Huawei
1696579200000,SAL030_01,VOICE_TRAFFIC,1007.0,900,NRCell,Huawei
1696579200000,SAL030_01,VOLTE_CALL_SETUP_ATT,1.0,900,NRCell,Huawei
1696579200000,SAL030_01,VOLTE_CALL_SETUP_SUCC,1.0,900,NRCell,Huawei
1696579200000,SEV001_01,DCR_DEN,2125.0,900,NRCell,Huawei
1696579200000,SEV001_01,DCR_NUM,0.0,900,NRCell,Huawei
1696579200000,SEV001_01,DROP_CALL_VOLTE_DEN,1.0,900,NRCell,Huawei
1696579200000,SEV001_01,DROP_CALL_VOLTE_NUM,0.0,900,NRCell,Huawei
1696579200000,SEV001_01,ERAB_SR_DEN,2123.0,900,NRCell,Huawei
1696579200000,SEV001_01,ERAB_SR_NUM,2123.0,900,NRCell,Huawei
1696579200000,SEV001_01,INTEGRITY_NGBR_QCI_9,2906129824.0,900,NRCell,Huawei
1696579200000,SEV001_01,INTRA_FREQUENCY_HO_OUT_ATT,10.0,900,NRCell,Huawei
1696579200000,SEV001_01,INTRA_FREQUENCY_HO_OUT_SUCC,10.0,900,NRCell,Huawei
1696579200000,SEV001_01,RRC_SETUP_ATT,1210.0,900,NRCell,Huawei
1696579200000,SEV001_01,RRC_SETUP_SUCC,1210.0,900,NRCell,Huawei
1696579200000,SEV001_01,S1SIG_Connection_Setup_SR_DEN,1210.0,900,NRCell,Huawei
1696579200000,SEV001_01,S1SIG_Connection_Setup_SR_NUM,1210.0,900,NRCell,Huawei
1696579200000,SEV001_01,SERVICE_LATENCY_OVER_AIR_INTERFACE_DEN,75388.0,900,NRCell,Huawei
1696579200000,SEV001_01,SERVICE_LATENCY_OVER_AIR_INTERFACE_NUM,88056.0,900,NRCell,Huawei
1696579200000,SEV001_01,VOICE_TRAFFIC,294.0,900,NRCell,Huawei
1696579200000,SEV001_01,VOLTE_CALL_SETUP_ATT,0.0,900,NRCell,Huawei
1696579200000,SEV001_01,VOLTE_CALL_SETUP_SUCC,0.0,900,NRCell,Huawei
1696579200000,SNT002_01,DCR_DEN,581.0,900,NRCell,Huawei
1696579200000,SNT002_01,DCR_NUM,0.0,900,NRCell,Huawei
1696579200000,SNT002_01,DROP_CALL_VOLTE_DEN,0.0,900,NRCell,Huawei
1696579200000,SNT002_01,DROP_CALL_VOLTE_NUM,0.0,900,NRCell,Huawei
1696579200000,SNT002_01,ERAB_SR_DEN,584.0,900,NRCell,Huawei
1696579200000,SNT002_01,ERAB_SR_NUM,584.0,900,NRCell,Huawei
1696579200000,SNT002_01,INTEGRITY_NGBR_QCI_9,641137272.0,900,NRCell,Huawei
1696579200000,SNT002_01,INTRA_FREQUENCY_HO_OUT_ATT,9.0,900,NRCell,Huawei
1696579200000,SNT002_01,INTRA_FREQUENCY_HO_OUT_SUCC,9.0,900,NRCell,Huawei
1696579200000,SNT002_01,RRC_SETUP_ATT,346.0,900,NRCell,Huawei
1696579200000,SNT002_01,RRC_SETUP_SUCC,346.0,900,NRCell,Huawei
1696579200000,SNT002_01,S1SIG_Connection_Setup_SR_DEN,346.0,900,NRCell,Huawei
1696579200000,SNT002_01,S1SIG_Connection_Setup_SR_NUM,346.0,900,NRCell,Huawei
1696579200000,SNT002_01,SERVICE_LATENCY_OVER_AIR_INTERFACE_DEN,22852.0,900,NRCell,Huawei
1696579200000,SNT002_01,SERVICE_LATENCY_OVER_AIR_INTERFACE_NUM,26566.0,900,NRCell,Huawei
1696579200000,SNT002_01,VOICE_TRAFFIC,0.0,900,NRCell,Huawei
1696579200000,SNT002_01,VOLTE_CALL_SETUP_ATT,0.0,900,NRCell,Huawei
1696579200000,SNT002_01,VOLTE_CALL_SETUP_SUCC,0.0,900,NRCell,Huawei
1696579200000,TAR015_01,DCR_DEN,2446.0,900,NRCell,Huawei
1696579200000,TAR015_01,DCR_NUM,0.0,900,NRCell,Huawei
1696579200000,TAR015_01,DROP_CALL_VOLTE_DEN,1.0,900,NRCell,Huawei
1696579200000,TAR015_01,DROP_CALL_VOLTE_NUM,0.0,900,NRCell,Huawei
1696579200000,TAR015_01,ERAB_SR_DEN,2436.0,900,NRCell,Huawei
1696579200000,TAR015_01,ERAB_SR_NUM,2436.0,900,NRCell,Huawei
1696579200000,TAR015_01,INTEGRITY_NGBR_QCI_9,4633227432.0,900,NRCell,Huawei
1696579200000,TAR015_01,INTRA_FREQUENCY_HO_OUT_ATT,8.0,900,NRCell,Huawei
1696579200000,TAR015_01,INTRA_FREQUENCY_HO_OUT_SUCC,8.0,900,NRCell,Huawei
1696579200000,TAR015_01,RRC_SETUP_ATT,1332.0,900,NRCell,Huawei
1696579200000,TAR015_01,RRC_SETUP_SUCC,1332.0,900,NRCell,Huawei
1696579200000,TAR015_01,S1SIG_Connection_Setup_SR_DEN,1332.0,900,NRCell,Huawei
1696579200000,TAR015_01,S1SIG_Connection_Setup_SR_NUM,1332.0,900,NRCell,Huawei
1696579200000,TAR015_01,SERVICE_LATENCY_OVER_AIR_INTERFACE_DEN,100999.0,900,NRCell,Huawei
1696579200000,TAR015_01,SERVICE_LATENCY_OVER_AIR_INTERFACE_NUM,119269.0,900,NRCell,Huawei
1696579200000,TAR015_01,VOICE_TRAFFIC,20.0,900,NRCell,Huawei
1696579200000,TAR015_01,VOLTE_CALL_SETUP_ATT,1.0,900,NRCell,Huawei
1696579200000,TAR015_01,VOLTE_CALL_SETUP_SUCC,1.0,900,NRCell,Huawei
1696579200000,TOL034_01,DCR_DEN,85.0,900,NRCell,Huawei
1696579200000,TOL034_01,DCR_NUM,0.0,900,NRCell,Huawei
1696579200000,TOL034_01,DROP_CALL_VOLTE_DEN,0.0,900,NRCell,Huawei
1696579200000,TOL034_01,DROP_CALL_VOLTE_NUM,0.0,900,NRCell,Huawei
1696579200000,TOL034_01,ERAB_SR_DEN,86.0,900,NRCell,Huawei
1696579200000,TOL034_01,ERAB_SR_NUM,86.0,900,NRCell,Huawei
1696579200000,TOL034_01,INTEGRITY_NGBR_QCI_9,4951336.0,900,NRCell,Huawei
1696579200000,TOL034_01,INTRA_FREQUENCY_HO_OUT_ATT,1.0,900,NRCell,Huawei
1696579200000,TOL034_01,INTRA_FREQUENCY_HO_OUT_SUCC,1.0,900,NRCell,Huawei
1696579200000,TOL034_01,RRC_SETUP_ATT,62.0,900,NRCell,Huawei
1696579200000,TOL034_01,RRC_SETUP_SUCC,62.0,900,NRCell,Huawei
1696579200000,TOL034_01,S1SIG_Connection_Setup_SR_DEN,62.0,900,NRCell,Huawei
1696579200000,TOL034_01,S1SIG_Connection_Setup_SR_NUM,62.0,900,NRCell,Huawei
1696579200000,TOL034_01,SERVICE_LATENCY_OVER_AIR_INTERFACE_DEN,2325.0,900,NRCell,Huawei
1696579200000,TOL034_01,SERVICE_LATENCY_OVER_AIR_INTERFACE_NUM,2439.0,900,NRCell,Huawei
1696579200000,TOL034_01,VOICE_TRAFFIC,0.0,900,NRCell,Huawei
1696579200000,TOL034_01,VOLTE_CALL_SETUP_ATT,0.0,900,NRCell,Huawei
1696579200000,TOL034_01,VOLTE_CALL_SETUP_SUCC,0.0,900,NRCell,Huawei
1696579200000,VAL002_01,DCR_DEN,62.0,900,NRCell,Huawei
1696579200000,VAL002_01,DCR_NUM,0.0,900,NRCell,Huawei
1696579200000,VAL002_01,DROP_CALL_VOLTE_DEN,0.0,900,NRCell,Huawei
1696579200000,VAL002_01,DROP_CALL_VOLTE_NUM,0.0,900,NRCell,Huawei
1696579200000,VAL002_01,ERAB_SR_DEN,60.0,900,NRCell,Huawei
1696579200000,VAL002_01,ERAB_SR_NUM,60.0,900,NRCell,Huawei
1696579200000,VAL002_01,INTEGRITY_NGBR_QCI_9,4742048.0,900,NRCell,Huawei
1696579200000,VAL002_01,INTRA_FREQUENCY_HO_OUT_ATT,0.0,900,NRCell,Huawei
1696579200000,VAL002_01,INTRA_FREQUENCY_HO_OUT_SUCC,0.0,900,NRCell,Huawei
1696579200000,VAL002_01,RRC_SETUP_ATT,33.0,900,NRCell,Huawei
1696579200000,VAL002_01,RRC_SETUP_SUCC,33.0,900,NRCell,Huawei
1696579200000,VAL002_01,S1SIG_Connection_Setup_SR_DEN,33.0,900,NRCell,Huawei
1696579200000,VAL002_01,S1SIG_Connection_Setup_SR_NUM,33.0,900,NRCell,Huawei
1696579200000,VAL002_01,SERVICE_LATENCY_OVER_AIR_INTERFACE_DEN,768.0,900,NRCell,Huawei
1696579200000,VAL002_01,SERVICE_LATENCY_OVER_AIR_INTERFACE_NUM,1652.0,900,NRCell,Huawei
1696579200000,VAL002_01,VOICE_TRAFFIC,0.0,900,NRCell,Huawei
1696579200000,VAL002_01,VOLTE_CALL_SETUP_ATT,0.0,900,NRCell,Huawei
1696579200000,VAL002_01,VOLTE_CALL_SETUP_SUCC,0.0,900,NRCell,Huawei
