startTime,neId,counterCode,counterValue,granularity,neType,vendorName
1696529700000,BCN014_01,DCR_DEN,4716.0,900,NRCell,Huawei
1696529700000,BCN014_01,DCR_NUM,9.0,900,NRCell,Huawei
1696529700000,BCN014_01,DROP_CALL_VOLTE_DEN,52.0,900,NRCell,Huawei
1696529700000,BCN014_01,DROP_CALL_VOLTE_NUM,0.0,900,NRCell,Huawei
1696529700000,BCN014_01,ERAB_SR_DEN,4756.0,900,NRCell,Huawei
1696529700000,BCN014_01,ERAB_SR_NUM,4751.0,900,NRCell,Huawei
1696529700000,BCN014_01,INTEGRITY_NGBR_QCI_9,12381237880.0,900,NRCell,Huawei
1696529700000,BCN014_01,INTRA_FREQUENCY_HO_OUT_ATT,265.0,900,NRCell,Huawei
1696529700000,BCN014_01,INTRA_FREQUENCY_HO_OUT_SUCC,265.0,900,NRCell,Huawei
1696529700000,BCN014_01,RRC_SETUP_ATT,2632.0,900,NRCell,Huawei
1696529700000,BCN014_01,RRC_SETUP_SUCC,2628.0,900,NRCell,Huawei
1696529700000,BCN014_01,S1SIG_Connection_Setup_SR_DEN,2628.0,900,NRCell,Huawei
1696529700000,BCN014_01,S1SIG_Connection_Setup_SR_NUM,2628.0,900,NRCell,Huawei
1696529700000,BCN014_01,SERVICE_LATENCY_OVER_AIR_INTERFACE_DEN,435174.0,900,NRCell,Huawei
1696529700000,BCN014_01,SERVICE_LATENCY_OVER_AIR_INTERFACE_NUM,870090.0,900,NRCell,Huawei
1696529700000,BCN014_01,VOICE_TRAFFIC,42543.0,900,NRCell,Huawei
1696529700000,BCN014_01,VOLTE_CALL_SETUP_ATT,55.0,900,NRCell,Huawei
1696529700000,BCN014_01,VOLTE_CALL_SETUP_SUCC,55.0,900,NRCell,Huawei
1696529700000,BIL001_01,DCR_DEN,3673.0,900,NRCell,Huawei
1696529700000,BIL001_01,DCR_NUM,2.0,900,NRCell,Huawei
1696529700000,BIL001_01,DROP_CALL_VOLTE_DEN,27.0,900,NRCell,Huawei
1696529700000,BIL001_01,DROP_CALL_VOLTE_NUM,0.0,900,NRCell,Huawei
1696529700000,BIL001_01,ERAB_SR_DEN,3669.0,900,NRCell,Huawei
1696529700000,BIL001_01,ERAB_SR_NUM,3661.0,900,NRCell,Huawei
1696529700000,BIL001_01,INTEGRITY_NGBR_QCI_9,13560289904.0,900,NRCell,Huawei
1696529700000,BIL001_01,INTRA_FREQUENCY_HO_OUT_ATT,181.0,900,NRCell,Huawei
1696529700000,BIL001_01,INTRA_FREQUENCY_HO_OUT_SUCC,181.0,900,NRCell,Huawei
1696529700000,BIL001_01,RRC_SETUP_ATT,2152.0,900,NRCell,Huawei
1696529700000,BIL001_01,RRC_SETUP_SUCC,2139.0,900,NRCell,Huawei
1696529700000,BIL001_01,S1SIG_Connection_Setup_SR_DEN,2138.0,900,NRCell,Huawei
1696529700000,BIL001_01,S1SIG_Connection_Setup_SR_NUM,2137.0,900,NRCell,Huawei
1696529700000,BIL001_01,SERVICE_LATENCY_OVER_AIR_INTERFACE_DEN,421319.0,900,NRCell,Huawei
1696529700000,BIL001_01,SERVICE_LATENCY_OVER_AIR_INTERFACE_NUM,795529.0,900,NRCell,Huawei
1696529700000,BIL001_01,VOICE_TRAFFIC,29782.0,900,NRCell,Huawei
1696529700000,BIL001_01,VOLTE_CALL_SETUP_ATT,28.0,900,NRCell,Huawei
1696529700000,BIL001_01,VOLTE_CALL_SETUP_SUCC,28.0,900,NRCell,Huawei
1696529700000,MAD033_01,DCR_DEN,2906.0,900,NRCell,Huawei
1696529700000,MAD033_01,DCR_NUM,6.0,900,NRCell,Huawei
1696529700000,MAD033_01,DROP_CALL_VOLTE_DEN,26.0,900,NRCell,Huawei
1696529700000,MAD033_01,DROP_CALL_VOLTE_NUM,0.0,900,NRCell,Huawei
1696529700000,MAD033_01,ERAB_SR_DEN,2948.0,900,NRCell,Huawei
1696529700000,MAD033_01,ERAB_SR_NUM,2942.0,900,NRCell,Huawei
1696529700000,MAD033_01,INTEGRITY_NGBR_QCI_9,7812727480.0,900,NRCell,Huawei
1696529700000,MAD033_01,INTRA_FREQUENCY_HO_OUT_ATT,155.0,900,NRCell,Huawei
1696529700000,MAD033_01,INTRA_FREQUENCY_HO_OUT_SUCC,155.0,900,NRCell,Huawei
1696529700000,MAD033_01,RRC_SETUP_ATT,1757.0,900,NRCell,Huawei
1696529700000,MAD033_01,RRC_SETUP_SUCC,1751.0,900,NRCell,Huawei
1696529700000,MAD033_01,S1SIG_Connection_Setup_SR_DEN,1752.0,900,NRCell,Huawei
1696529700000,MAD033_01,S1SIG_Connection_Setup_SR_NUM,1752.0,900,NRCell,Huawei
1696529700000,MAD033_01,SERVICE_LATENCY_OVER_AIR_INTERFACE_DEN,276548.0,900,NRCell,Huawei
1696529700000,MAD033_01,SERVICE_LATENCY_OVER_AIR_INTERFACE_NUM,470857.0,900,NRCell,Huawei
1696529700000,MAD033_01,VOICE_TRAFFIC,31391.0,900,NRCell,Huawei
1696529700000,MAD033_01,VOLTE_CALL_SETUP_ATT,28.0,900,NRCell,Huawei
1696529700000,MAD033_01,VOLTE_CALL_SETUP_SUCC,28.0,900,NRCell,Huawei
1696529700000,SAL030_01,DCR_DEN,626.0,900,NRCell,Huawei
1696529700000,SAL030_01,DCR_NUM,0.0,900,NRCell,Huawei
1696529700000,SAL030_01,DROP_CALL_VOLTE_DEN,7.0,900,NRCell,Huawei
1696529700000,SAL030_01,DROP_CALL_VOLTE_NUM,0.0,900,NRCell,Huawei
1696529700000,SAL030_01,ERAB_SR_DEN,635.0,900,NRCell,Huawei
1696529700000,SAL030_01,ERAB_SR_NUM,635.0,900,NRCell,Huawei
1696529700000,SAL030_01,INTEGRITY_NGBR_QCI_9,5017573592.0,900,NRCell,Huawei
1696529700000,SAL030_01,INTRA_FREQUENCY_HO_OUT_ATT,16.0,900,NRCell,Huawei
1696529700000,SAL030_01,INTRA_FREQUENCY_HO_OUT_SUCC,16.0,900,NRCell,Huawei
1696529700000,SAL030_01,RRC_SETUP_ATT,338.0,900,NRCell,Huawei
1696529700000,SAL030_01,RRC_SETUP_SUCC,336.0,900,NRCell,Huawei
1696529700000,SAL030_01,S1SIG_Connection_Setup_SR_DEN,336.0,900,NRCell,Huawei
1696529700000,SAL030_01,S1SIG_Connection_Setup_SR_NUM,336.0,900,NRCell,Huawei
1696529700000,SAL030_01,SERVICE_LATENCY_OVER_AIR_INTERFACE_DEN,169184.0,900,NRCell,Huawei
1696529700000,SAL030_01,SERVICE_LATENCY_OVER_AIR_INTERFACE_NUM,231223.0,900,NRCell,Huawei
1696529700000,SAL030_01,VOICE_TRAFFIC,2939.0,900,NRCell,Huawei
1696529700000,SAL030_01,VOLTE_CALL_SETUP_ATT,10.0,900,NRCell,Huawei
1696529700000,SAL030_01,VOLTE_CALL_SETUP_SUCC,10.0,900,NRCell,Huawei
1696529700000,SEV001_01,DCR_DEN,4806.0,900,NRCell,Huawei
1696529700000,SEV001_01,DCR_NUM,5.0,900,NRCell,Huawei
1696529700000,SEV001_01,DROP_CALL_VOLTE_DEN,46.0,900,NRCell,Huawei
1696529700000,SEV001_01,DROP_CALL_VOLTE_NUM,0.0,900,NRCell,Huawei
1696529700000,SEV001_01,ERAB_SR_DEN,4874.0,900,NRCell,Huawei
1696529700000,SEV001_01,ERAB_SR_NUM,4868.0,900,NRCell,Huawei
1696529700000,SEV001_01,INTEGRITY_NGBR_QCI_9,17414125040.0,900,NRCell,Huawei
1696529700000,SEV001_01,INTRA_FREQUENCY_HO_OUT_ATT,140.0,900,NRCell,Huawei
1696529700000,SEV001_01,INTRA_FREQUENCY_HO_OUT_SUCC,140.0,900,NRCell,Huawei
1696529700000,SEV001_01,RRC_SETUP_ATT,2592.0,900,NRCell,Huawei
1696529700000,SEV001_01,RRC_SETUP_SUCC,2591.0,900,NRCell,Huawei
1696529700000,SEV001_01,S1SIG_Connection_Setup_SR_DEN,2591.0,900,NRCell,Huawei
1696529700000,SEV001_01,S1SIG_Connection_Setup_SR_NUM,2591.0,900,NRCell,Huawei
1696529700000,SEV001_01,SERVICE_LATENCY_OVER_AIR_INTERFACE_DEN,580636.0,900,NRCell,Huawei
1696529700000,SEV001_01,SERVICE_LATENCY_OVER_AIR_INTERFACE_NUM,1360331.0,900,NRCell,Huawei
1696529700000,SEV001_01,VOICE_TRAFFIC,33967.0,900,NRCell,Huawei
1696529700000,SEV001_01,VOLTE_CALL_SETUP_ATT,42.0,900,NRCell,Huawei
1696529700000,SEV001_01,VOLTE_CALL_SETUP_SUCC,42.0,900,NRCell,Huawei
1696529700000,SNT002_01,DCR_DEN,2837.0,900,NRCell,Huawei
1696529700000,SNT002_01,DCR_NUM,6.0,900,NRCell,Huawei
1696529700000,SNT002_01,DROP_CALL_VOLTE_DEN,27.0,900,NRCell,Huawei
1696529700000,SNT002_01,DROP_CALL_VOLTE_NUM,0.0,900,NRCell,Huawei
1696529700000,SNT002_01,ERAB_SR_DEN,2903.0,900,NRCell,Huawei
1696529700000,SNT002_01,ERAB_SR_NUM,2901.0,900,NRCell,Huawei
1696529700000,SNT002_01,INTEGRITY_NGBR_QCI_9,11161267664.0,900,NRCell,Huawei
1696529700000,SNT002_01,INTRA_FREQUENCY_HO_OUT_ATT,147.0,900,NRCell,Huawei
1696529700000,SNT002_01,INTRA_FREQUENCY_HO_OUT_SUCC,147.0,900,NRCell,Huawei
1696529700000,SNT002_01,RRC_SETUP_ATT,1643.0,900,NRCell,Huawei
1696529700000,SNT002_01,RRC_SETUP_SUCC,1634.0,900,NRCell,Huawei
1696529700000,SNT002_01,S1SIG_Connection_Setup_SR_DEN,1634.0,900,NRCell,Huawei
1696529700000,SNT002_01,S1SIG_Connection_Setup_SR_NUM,1634.0,900,NRCell,Huawei
1696529700000,SNT002_01,SERVICE_LATENCY_OVER_AIR_INTERFACE_DEN,342010.0,900,NRCell,Huawei
1696529700000,SNT002_01,SERVICE_LATENCY_OVER_AIR_INTERFACE_NUM,595356.0,900,NRCell,Huawei
1696529700000,SNT002_01,VOICE_TRAFFIC,29067.0,900,NRCell,Huawei
1696529700000,SNT002_01,VOLTE_CALL_SETUP_ATT,26.0,900,NRCell,Huawei
1696529700000,SNT002_01,VOLTE_CALL_SETUP_SUCC,26.0,900,NRCell,Huawei
1696529700000,TAR015_01,DCR_DEN,5441.0,900,NRCell,Huawei
1696529700000,TAR015_01,DCR_NUM,5.0,900,NRCell,Huawei
1696529700000,TAR015_01,DROP_CALL_VOLTE_DEN,55.0,900,NRCell,Huawei
1696529700000,TAR015_01,DROP_CALL_VOLTE_NUM,0.0,900,NRCell,Huawei
1696529700000,TAR015_01,ERAB_SR_DEN,5358.0,900,NRCell,Huawei
1696529700000,TAR015_01,ERAB_SR_NUM,5353.0,900,NRCell,Huawei
1696529700000,TAR015_01,INTEGRITY_NGBR_QCI_9,18016115488.0,900,NRCell,Huawei
1696529700000,TAR015_01,INTRA_FREQUENCY_HO_OUT_ATT,157.0,900,NRCell,Huawei
1696529700000,TAR015_01,INTRA_FREQUENCY_HO_OUT_SUCC,157.0,900,NRCell,Huawei
1696529700000,TAR015_01,RRC_SETUP_ATT,2846.0,900,NRCell,Huawei
1696529700000,TAR015_01,RRC_SETUP_SUCC,2845.0,900,NRCell,Huawei
1696529700000,TAR015_01,S1SIG_Connection_Setup_SR_DEN,2845.0,900,NRCell,Huawei
1696529700000,TAR015_01,S1SIG_Connection_Setup_SR_NUM,2845.0,900,NRCell,Huawei
1696529700000,TAR015_01,SERVICE_LATENCY_OVER_AIR_INTERFACE_DEN,541746.0,900,NRCell,Huawei
1696529700000,TAR015_01,SERVICE_LATENCY_OVER_AIR_INTERFACE_NUM,1396614.0,900,NRCell,Huawei
1696529700000,TAR015_01,VOICE_TRAFFIC,38436.0,900,NRCell,Huawei
1696529700000,TAR015_01,VOLTE_CALL_SETUP_ATT,49.0,900,NRCell,Huawei
1696529700000,TAR015_01,VOLTE_CALL_SETUP_SUCC,49.0,900,NRCell,Huawei
1696529700000,TOL034_01,DCR_DEN,282.0,900,NRCell,Huawei
1696529700000,TOL034_01,DCR_NUM,0.0,900,NRCell,Huawei
1696529700000,TOL034_01,DROP_CALL_VOLTE_DEN,2.0,900,NRCell,Huawei
1696529700000,TOL034_01,DROP_CALL_VOLTE_NUM,0.0,900,NRCell,Huawei
1696529700000,TOL034_01,ERAB_SR_DEN,291.0,900,NRCell,Huawei
1696529700000,TOL034_01,ERAB_SR_NUM,289.0,900,NRCell,Huawei
1696529700000,TOL034_01,INTEGRITY_NGBR_QCI_9,2524571840.0,900,NRCell,Huawei
1696529700000,TOL034_01,INTRA_FREQUENCY_HO_OUT_ATT,18.0,900,NRCell,Huawei
1696529700000,TOL034_01,INTRA_FREQUENCY_HO_OUT_SUCC,18.0,900,NRCell,Huawei
1696529700000,TOL034_01,RRC_SETUP_ATT,179.0,900,NRCell,Huawei
1696529700000,TOL034_01,RRC_SETUP_SUCC,179.0,900,NRCell,Huawei
1696529700000,TOL034_01,S1SIG_Connection_Setup_SR_DEN,179.0,900,NRCell,Huawei
1696529700000,TOL034_01,S1SIG_Connection_Setup_SR_NUM,179.0,900,NRCell,Huawei
1696529700000,TOL034_01,SERVICE_LATENCY_OVER_AIR_INTERFACE_DEN,80332.0,900,NRCell,Huawei
1696529700000,TOL034_01,SERVICE_LATENCY_OVER_AIR_INTERFACE_NUM,125362.0,900,NRCell,Huawei
1696529700000,TOL034_01,VOICE_TRAFFIC,2840.0,900,NRCell,Huawei
1696529700000,TOL034_01,VOLTE_CALL_SETUP_ATT,2.0,900,NRCell,Huawei
1696529700000,TOL034_01,VOLTE_CALL_SETUP_SUCC,2.0,900,NRCell,Huawei
1696529700000,VAL002_01,DCR_DEN,131.0,900,NRCell,Huawei
1696529700000,VAL002_01,DCR_NUM,1.0,900,NRCell,Huawei
1696529700000,VAL002_01,DROP_CALL_VOLTE_DEN,0.0,900,NRCell,Huawei
1696529700000,VAL002_01,DROP_CALL_VOLTE_NUM,0.0,900,NRCell,Huawei
1696529700000,VAL002_01,ERAB_SR_DEN,108.0,900,NRCell,Huawei
1696529700000,VAL002_01,ERAB_SR_NUM,108.0,900,NRCell,Huawei
1696529700000,VAL002_01,INTEGRITY_NGBR_QCI_9,1196171072.0,900,NRCell,Huawei
1696529700000,VAL002_01,INTRA_FREQUENCY_HO_OUT_ATT,12.0,900,NRCell,Huawei
1696529700000,VAL002_01,INTRA_FREQUENCY_HO_OUT_SUCC,12.0,900,NRCell,Huawei
1696529700000,VAL002_01,RRC_SETUP_ATT,70.0,900,NRCell,Huawei
1696529700000,VAL002_01,RRC_SETUP_SUCC,70.0,900,NRCell,Huawei
1696529700000,VAL002_01,S1SIG_Connection_Setup_SR_DEN,70.0,900,NRCell,Huawei
1696529700000,VAL002_01,S1SIG_Connection_Setup_SR_NUM,70.0,900,NRCell,Huawei
1696529700000,VAL002_01,SERVICE_LATENCY_OVER_AIR_INTERFACE_DEN,18643.0,900,NRCell,Huawei
1696529700000,VAL002_01,SERVICE_LATENCY_OVER_AIR_INTERFACE_NUM,28077.0,900,NRCell,Huawei
1696529700000,VAL002_01,VOICE_TRAFFIC,551.0,900,NRCell,Huawei
1696529700000,VAL002_01,VOLTE_CALL_SETUP_ATT,0.0,900,NRCell,Huawei
1696529700000,VAL002_01,VOLTE_CALL_SETUP_SUCC,0.0,900,NRCell,Huawei
