startTime,neId,counterCode,counterValue,granularity,neType,vendorName
1696578300000,BCN014_01,DCR_DEN,909.0,900,NRCell,Huawei
1696578300000,BCN014_01,DCR_NUM,0.0,900,NRCell,Huawei
1696578300000,BCN014_01,DROP_CALL_VOLTE_DEN,2.0,900,NRCell,Huawei
1696578300000,BCN014_01,DROP_CALL_VOLTE_NUM,0.0,900,NRCell,Huawei
1696578300000,BCN014_01,ERAB_SR_DEN,908.0,900,NRCell,Huawei
1696578300000,BCN014_01,ERAB_SR_NUM,908.0,900,NRCell,Huawei
1696578300000,BCN014_01,INTEGRITY_NGBR_QCI_9,5595835944.0,900,NRCell,Huawei
1696578300000,BCN014_01,INTRA_FREQUENCY_HO_OUT_ATT,24.0,900,NRCell,Huawei
1696578300000,BCN014_01,INTRA_FREQUENCY_HO_OUT_SUCC,24.0,900,NRCell,Huawei
1696578300000,BCN014_01,RRC_SETUP_ATT,571.0,900,NRCell,Huawei
1696578300000,BCN014_01,RRC_SETUP_SUCC,571.0,900,NRCell,Huawei
1696578300000,BCN014_01,S1SIG_Connection_Setup_SR_DEN,571.0,900,NRCell,Huawei
1696578300000,BCN014_01,S1SIG_Connection_Setup_SR_NUM,571.0,900,NRCell,Huawei
1696578300000,BCN014_01,SERVICE_LATENCY_OVER_AIR_INTERFACE_DEN,216407.0,900,NRCell,Huawei
1696578300000,BCN014_01,SERVICE_LATENCY_OVER_AIR_INTERFACE_NUM,241349.0,900,NRCell,Huawei
1696578300000,BCN014_01,VOICE_TRAFFIC,1978.0,900,NRCell,Huawei
1696578300000,BCN014_01,VOLTE_CALL_SETUP_ATT,3.0,900,NRCell,Huawei
1696578300000,BCN014_01,VOLTE_CALL_SETUP_SUCC,3.0,900,NRCell,Huawei
1696578300000,BIL001_01,DCR_DEN,647.0,900,NRCell,Huawei
1696578300000,BIL001_01,DCR_NUM,0.0,900,NRCell,Huawei
1696578300000,BIL001_01,DROP_CALL_VOLTE_DEN,2.0,900,NRCell,Huawei
1696578300000,BIL001_01,DROP_CALL_VOLTE_NUM,0.0,900,NRCell,Huawei
1696578300000,BIL001_01,ERAB_SR_DEN,643.0,900,NRCell,Huawei
1696578300000,BIL001_01,ERAB_SR_NUM,643.0,900,NRCell,Huawei
1696578300000,BIL001_01,INTEGRITY_NGBR_QCI_9,6477559632.0,900,NRCell,Huawei
1696578300000,BIL001_01,INTRA_FREQUENCY_HO_OUT_ATT,14.0,900,NRCell,Huawei
1696578300000,BIL001_01,INTRA_FREQUENCY_HO_OUT_SUCC,14.0,900,NRCell,Huawei
1696578300000,BIL001_01,RRC_SETUP_ATT,446.0,900,NRCell,Huawei
1696578300000,BIL001_01,RRC_SETUP_SUCC,446.0,900,NRCell,Huawei
1696578300000,BIL001_01,S1SIG_Connection_Setup_SR_DEN,446.0,900,NRCell,Huawei
1696578300000,BIL001_01,S1SIG_Connection_Setup_SR_NUM,446.0,900,NRCell,Huawei
1696578300000,BIL001_01,SERVICE_LATENCY_OVER_AIR_INTERFACE_DEN,149527.0,900,NRCell,Huawei
1696578300000,BIL001_01,SERVICE_LATENCY_OVER_AIR_INTERFACE_NUM,172475.0,900,NRCell,Huawei
1696578300000,BIL001_01,VOICE_TRAFFIC,371.0,900,NRCell,Huawei
1696578300000,BIL001_01,VOLTE_CALL_SETUP_ATT,0.0,900,NRCell,Huawei
1696578300000,BIL001_01,VOLTE_CALL_SETUP_SUCC,0.0,900,NRCell,Huawei
1696578300000,MAD033_01,DCR_DEN,498.0,900,NRCell,Huawei
1696578300000,MAD033_01,DCR_NUM,0.0,900,NRCell,Huawei
1696578300000,MAD033_01,DROP_CALL_VOLTE_DEN,2.0,900,NRCell,Huawei
1696578300000,MAD033_01,DROP_CALL_VOLTE_NUM,0.0,900,NRCell,Huawei
1696578300000,MAD033_01,ERAB_SR_DEN,496.0,900,NRCell,Huawei
1696578300000,MAD033_01,ERAB_SR_NUM,496.0,900,NRCell,Huawei
1696578300000,MAD033_01,INTEGRITY_NGBR_QCI_9,1759513344.0,900,NRCell,Huawei
1696578300000,MAD033_01,INTRA_FREQUENCY_HO_OUT_ATT,6.0,900,NRCell,Huawei
1696578300000,MAD033_01,INTRA_FREQUENCY_HO_OUT_SUCC,6.0,900,NRCell,Huawei
1696578300000,MAD033_01,RRC_SETUP_ATT,317.0,900,NRCell,Huawei
1696578300000,MAD033_01,RRC_SETUP_SUCC,317.0,900,NRCell,Huawei
1696578300000,MAD033_01,S1SIG_Connection_Setup_SR_DEN,317.0,900,NRCell,Huawei
1696578300000,MAD033_01,S1SIG_Connection_Setup_SR_NUM,317.0,900,NRCell,Huawei
1696578300000,MAD033_01,SERVICE_LATENCY_OVER_AIR_INTERFACE_DEN,32011.0,900,NRCell,Huawei
1696578300000,MAD033_01,SERVICE_LATENCY_OVER_AIR_INTERFACE_NUM,38445.0,900,NRCell,Huawei
1696578300000,MAD033_01,VOICE_TRAFFIC,288.0,900,NRCell,Huawei
1696578300000,MAD033_01,VOLTE_CALL_SETUP_ATT,2.0,900,NRCell,Huawei
1696578300000,MAD033_01,VOLTE_CALL_SETUP_SUCC,2.0,900,NRCell,Huawei
1696578300000,SAL030_01,DCR_DEN,104.0,900,NRCell,Huawei
1696578300000,SAL030_01,DCR_NUM,0.0,900,NRCell,Huawei
1696578300000,SAL030_01,DROP_CALL_VOLTE_DEN,0.0,900,NRCell,Huawei
1696578300000,SAL030_01,DROP_CALL_VOLTE_NUM,0.0,900,NRCell,Huawei
1696578300000,SAL030_01,ERAB_SR_DEN,98.0,900,NRCell,Huawei
1696578300000,SAL030_01,ERAB_SR_NUM,98.0,900,NRCell,Huawei
1696578300000,SAL030_01,INTEGRITY_NGBR_QCI_9,373412424.0,900,NRCell,Huawei
1696578300000,SAL030_01,INTRA_FREQUENCY_HO_OUT_ATT,0.0,900,NRCell,Huawei
1696578300000,SAL030_01,INTRA_FREQUENCY_HO_OUT_SUCC,0.0,900,NRCell,Huawei
1696578300000,SAL030_01,RRC_SETUP_ATT,53.0,900,NRCell,Huawei
1696578300000,SAL030_01,RRC_SETUP_SUCC,53.0,900,NRCell,Huawei
1696578300000,SAL030_01,S1SIG_Connection_Setup_SR_DEN,53.0,900,NRCell,Huawei
1696578300000,SAL030_01,S1SIG_Connection_Setup_SR_NUM,53.0,900,NRCell,Huawei
1696578300000,SAL030_01,SERVICE_LATENCY_OVER_AIR_INTERFACE_DEN,2450.0,900,NRCell,Huawei
1696578300000,SAL030_01,SERVICE_LATENCY_OVER_AIR_INTERFACE_NUM,2924.0,900,NRCell,Huawei
1696578300000,SAL030_01,VOICE_TRAFFIC,0.0,900,NRCell,Huawei
1696578300000,SAL030_01,VOLTE_CALL_SETUP_ATT,0.0,900,NRCell,Huawei
1696578300000,SAL030_01,VOLTE_CALL_SETUP_SUCC,0.0,900,NRCell,Huawei
1696578300000,SEV001_01,DCR_DEN,1916.0,900,NRCell,Huawei
1696578300000,SEV001_01,DCR_NUM,0.0,900,NRCell,Huawei
1696578300000,SEV001_01,DROP_CALL_VOLTE_DEN,1.0,900,NRCell,Huawei
1696578300000,SEV001_01,DROP_CALL_VOLTE_NUM,0.0,900,NRCell,Huawei
1696578300000,SEV001_01,ERAB_SR_DEN,1943.0,900,NRCell,Huawei
1696578300000,SEV001_01,ERAB_SR_NUM,1943.0,900,NRCell,Huawei
1696578300000,SEV001_01,INTEGRITY_NGBR_QCI_9,2242986680.0,900,NRCell,Huawei
1696578300000,SEV001_01,INTRA_FREQUENCY_HO_OUT_ATT,10.0,900,NRCell,Huawei
1696578300000,SEV001_01,INTRA_FREQUENCY_HO_OUT_SUCC,10.0,900,NRCell,Huawei
1696578300000,SEV001_01,RRC_SETUP_ATT,1132.0,900,NRCell,Huawei
1696578300000,SEV001_01,RRC_SETUP_SUCC,1132.0,900,NRCell,Huawei
1696578300000,SEV001_01,S1SIG_Connection_Setup_SR_DEN,1132.0,900,NRCell,Huawei
1696578300000,SEV001_01,S1SIG_Connection_Setup_SR_NUM,1132.0,900,NRCell,Huawei
1696578300000,SEV001_01,SERVICE_LATENCY_OVER_AIR_INTERFACE_DEN,69106.0,900,NRCell,Huawei
1696578300000,SEV001_01,SERVICE_LATENCY_OVER_AIR_INTERFACE_NUM,86619.0,900,NRCell,Huawei
1696578300000,SEV001_01,VOICE_TRAFFIC,100.0,900,NRCell,Huawei
1696578300000,SEV001_01,VOLTE_CALL_SETUP_ATT,1.0,900,NRCell,Huawei
1696578300000,SEV001_01,VOLTE_CALL_SETUP_SUCC,1.0,900,NRCell,Huawei
1696578300000,SNT002_01,DCR_DEN,529.0,900,NRCell,Huawei
1696578300000,SNT002_01,DCR_NUM,0.0,900,NRCell,Huawei
1696578300000,SNT002_01,DROP_CALL_VOLTE_DEN,0.0,900,NRCell,Huawei
1696578300000,SNT002_01,DROP_CALL_VOLTE_NUM,0.0,900,NRCell,Huawei
1696578300000,SNT002_01,ERAB_SR_DEN,541.0,900,NRCell,Huawei
1696578300000,SNT002_01,ERAB_SR_NUM,541.0,900,NRCell,Huawei
1696578300000,SNT002_01,INTEGRITY_NGBR_QCI_9,1157243912.0,900,NRCell,Huawei
1696578300000,SNT002_01,INTRA_FREQUENCY_HO_OUT_ATT,9.0,900,NRCell,Huawei
1696578300000,SNT002_01,INTRA_FREQUENCY_HO_OUT_SUCC,9.0,900,NRCell,Huawei
1696578300000,SNT002_01,RRC_SETUP_ATT,338.0,900,NRCell,Huawei
1696578300000,SNT002_01,RRC_SETUP_SUCC,338.0,900,NRCell,Huawei
1696578300000,SNT002_01,S1SIG_Connection_Setup_SR_DEN,338.0,900,NRCell,Huawei
1696578300000,SNT002_01,S1SIG_Connection_Setup_SR_NUM,338.0,900,NRCell,Huawei
1696578300000,SNT002_01,SERVICE_LATENCY_OVER_AIR_INTERFACE_DEN,21382.0,900,NRCell,Huawei
1696578300000,SNT002_01,SERVICE_LATENCY_OVER_AIR_INTERFACE_NUM,24565.0,900,NRCell,Huawei
1696578300000,SNT002_01,VOICE_TRAFFIC,0.0,900,NRCell,Huawei
1696578300000,SNT002_01,VOLTE_CALL_SETUP_ATT,0.0,900,NRCell,Huawei
1696578300000,SNT002_01,VOLTE_CALL_SETUP_SUCC,0.0,900,NRCell,Huawei
1696578300000,TAR015_01,DCR_DEN,2407.0,900,NRCell,Huawei
1696578300000,TAR015_01,DCR_NUM,0.0,900,NRCell,Huawei
1696578300000,TAR015_01,DROP_CALL_VOLTE_DEN,1.0,900,NRCell,Huawei
1696578300000,TAR015_01,DROP_CALL_VOLTE_NUM,0.0,900,NRCell,Huawei
1696578300000,TAR015_01,ERAB_SR_DEN,2387.0,900,NRCell,Huawei
1696578300000,TAR015_01,ERAB_SR_NUM,2387.0,900,NRCell,Huawei
1696578300000,TAR015_01,INTEGRITY_NGBR_QCI_9,5112657448.0,900,NRCell,Huawei
1696578300000,TAR015_01,INTRA_FREQUENCY_HO_OUT_ATT,10.0,900,NRCell,Huawei
1696578300000,TAR015_01,INTRA_FREQUENCY_HO_OUT_SUCC,10.0,900,NRCell,Huawei
1696578300000,TAR015_01,RRC_SETUP_ATT,1321.0,900,NRCell,Huawei
1696578300000,TAR015_01,RRC_SETUP_SUCC,1321.0,900,NRCell,Huawei
1696578300000,TAR015_01,S1SIG_Connection_Setup_SR_DEN,1321.0,900,NRCell,Huawei
1696578300000,TAR015_01,S1SIG_Connection_Setup_SR_NUM,1321.0,900,NRCell,Huawei
1696578300000,TAR015_01,SERVICE_LATENCY_OVER_AIR_INTERFACE_DEN,142995.0,900,NRCell,Huawei
1696578300000,TAR015_01,SERVICE_LATENCY_OVER_AIR_INTERFACE_NUM,176771.0,900,NRCell,Huawei
1696578300000,TAR015_01,VOICE_TRAFFIC,638.0,900,NRCell,Huawei
1696578300000,TAR015_01,VOLTE_CALL_SETUP_ATT,1.0,900,NRCell,Huawei
1696578300000,TAR015_01,VOLTE_CALL_SETUP_SUCC,1.0,900,NRCell,Huawei
1696578300000,TOL034_01,DCR_DEN,48.0,900,NRCell,Huawei
1696578300000,TOL034_01,DCR_NUM,0.0,900,NRCell,Huawei
1696578300000,TOL034_01,DROP_CALL_VOLTE_DEN,0.0,900,NRCell,Huawei
1696578300000,TOL034_01,DROP_CALL_VOLTE_NUM,0.0,900,NRCell,Huawei
1696578300000,TOL034_01,ERAB_SR_DEN,49.0,900,NRCell,Huawei
1696578300000,TOL034_01,ERAB_SR_NUM,49.0,900,NRCell,Huawei
1696578300000,TOL034_01,INTEGRITY_NGBR_QCI_9,4634600.0,900,NRCell,Huawei
1696578300000,TOL034_01,INTRA_FREQUENCY_HO_OUT_ATT,2.0,900,NRCell,Huawei
1696578300000,TOL034_01,INTRA_FREQUENCY_HO_OUT_SUCC,2.0,900,NRCell,Huawei
1696578300000,TOL034_01,RRC_SETUP_ATT,33.0,900,NRCell,Huawei
1696578300000,TOL034_01,RRC_SETUP_SUCC,33.0,900,NRCell,Huawei
1696578300000,TOL034_01,S1SIG_Connection_Setup_SR_DEN,33.0,900,NRCell,Huawei
1696578300000,TOL034_01,S1SIG_Connection_Setup_SR_NUM,33.0,900,NRCell,Huawei
1696578300000,TOL034_01,SERVICE_LATENCY_OVER_AIR_INTERFACE_DEN,2036.0,900,NRCell,Huawei
1696578300000,TOL034_01,SERVICE_LATENCY_OVER_AIR_INTERFACE_NUM,2254.0,900,NRCell,Huawei
1696578300000,TOL034_01,VOICE_TRAFFIC,36.0,900,NRCell,Huawei
1696578300000,TOL034_01,VOLTE_CALL_SETUP_ATT,0.0,900,NRCell,Huawei
1696578300000,TOL034_01,VOLTE_CALL_SETUP_SUCC,0.0,900,NRCell,Huawei
1696578300000,VAL002_01,DCR_DEN,62.0,900,NRCell,Huawei
1696578300000,VAL002_01,DCR_NUM,0.0,900,NRCell,Huawei
1696578300000,VAL002_01,DROP_CALL_VOLTE_DEN,0.0,900,NRCell,Huawei
1696578300000,VAL002_01,DROP_CALL_VOLTE_NUM,0.0,900,NRCell,Huawei
1696578300000,VAL002_01,ERAB_SR_DEN,64.0,900,NRCell,Huawei
1696578300000,VAL002_01,ERAB_SR_NUM,64.0,900,NRCell,Huawei
1696578300000,VAL002_01,INTEGRITY_NGBR_QCI_9,5330984.0,900,NRCell,Huawei
1696578300000,VAL002_01,INTRA_FREQUENCY_HO_OUT_ATT,1.0,900,NRCell,Huawei
1696578300000,VAL002_01,INTRA_FREQUENCY_HO_OUT_SUCC,1.0,900,NRCell,Huawei
1696578300000,VAL002_01,RRC_SETUP_ATT,36.0,900,NRCell,Huawei
1696578300000,VAL002_01,RRC_SETUP_SUCC,36.0,900,NRCell,Huawei
1696578300000,VAL002_01,S1SIG_Connection_Setup_SR_DEN,36.0,900,NRCell,Huawei
1696578300000,VAL002_01,S1SIG_Connection_Setup_SR_NUM,36.0,900,NRCell,Huawei
1696578300000,VAL002_01,SERVICE_LATENCY_OVER_AIR_INTERFACE_DEN,746.0,900,NRCell,Huawei
1696578300000,VAL002_01,SERVICE_LATENCY_OVER_AIR_INTERFACE_NUM,1576.0,900,NRCell,Huawei
1696578300000,VAL002_01,VOICE_TRAFFIC,0.0,900,NRCell,Huawei
1696578300000,VAL002_01,VOLTE_CALL_SETUP_ATT,0.0,900,NRCell,Huawei
1696578300000,VAL002_01,VOLTE_CALL_SETUP_SUCC,0.0,900,NRCell,Huawei
