startTime,neId,counterCode,counterValue,granularity,neType,vendorName
1696880700000,BCN014_01,DCR_DEN,4094.0,900,NRCell,Huawei
1696880700000,BCN014_01,DCR_NUM,1.0,900,NRCell,Huawei
1696880700000,BCN014_01,DROP_CALL_VOLTE_DEN,47.0,900,NRCell,Huawei
1696880700000,BCN014_01,DROP_CALL_VOLTE_NUM,0.0,900,NRCell,Huawei
1696880700000,BCN014_01,ERAB_SR_DEN,4045.0,900,NRCell,Huawei
1696880700000,BCN014_01,ERAB_SR_NUM,4034.0,900,NRCell,Huawei
1696880700000,BCN014_01,INTEGRITY_NGBR_QCI_9,14147092272.0,900,NRCell,Huawei
1696880700000,BCN014_01,INTRA_FREQUENCY_HO_OUT_ATT,284.0,900,NRCell,Huawei
1696880700000,BCN014_01,INTRA_FREQUENCY_HO_OUT_SUCC,284.0,900,NRCell,Huawei
1696880700000,BCN014_01,RRC_SETUP_ATT,2333.0,900,NRCell,Huawei
1696880700000,BCN014_01,RRC_SETUP_SUCC,2326.0,900,NRCell,Huawei
1696880700000,BCN014_01,S1SIG_Connection_Setup_SR_DEN,2326.0,900,NRCell,Huawei
1696880700000,BCN014_01,S1SIG_Connection_Setup_SR_NUM,2325.0,900,NRCell,Huawei
1696880700000,BCN014_01,SERVICE_LATENCY_OVER_AIR_INTERFACE_DEN,492404.0,900,NRCell,Huawei
1696880700000,BCN014_01,SERVICE_LATENCY_OVER_AIR_INTERFACE_NUM,977212.0,900,NRCell,Huawei
1696880700000,BCN014_01,VOICE_TRAFFIC,41078.0,900,NRCell,Huawei
1696880700000,BCN014_01,VOLTE_CALL_SETUP_ATT,52.0,900,NRCell,Huawei
1696880700000,BCN014_01,VOLTE_CALL_SETUP_SUCC,52.0,900,NRCell,Huawei
1696880700000,BIL001_01,DCR_DEN,3803.0,900,NRCell,Huawei
1696880700000,BIL001_01,DCR_NUM,1.0,900,NRCell,Huawei
1696880700000,BIL001_01,DROP_CALL_VOLTE_DEN,41.0,900,NRCell,Huawei
1696880700000,BIL001_01,DROP_CALL_VOLTE_NUM,0.0,900,NRCell,Huawei
1696880700000,BIL001_01,ERAB_SR_DEN,3822.0,900,NRCell,Huawei
1696880700000,BIL001_01,ERAB_SR_NUM,3820.0,900,NRCell,Huawei
1696880700000,BIL001_01,INTEGRITY_NGBR_QCI_9,17245436544.0,900,NRCell,Huawei
1696880700000,BIL001_01,INTRA_FREQUENCY_HO_OUT_ATT,210.0,900,NRCell,Huawei
1696880700000,BIL001_01,INTRA_FREQUENCY_HO_OUT_SUCC,210.0,900,NRCell,Huawei
1696880700000,BIL001_01,RRC_SETUP_ATT,2223.0,900,NRCell,Huawei
1696880700000,BIL001_01,RRC_SETUP_SUCC,2204.0,900,NRCell,Huawei
1696880700000,BIL001_01,S1SIG_Connection_Setup_SR_DEN,2204.0,900,NRCell,Huawei
1696880700000,BIL001_01,S1SIG_Connection_Setup_SR_NUM,2204.0,900,NRCell,Huawei
1696880700000,BIL001_01,SERVICE_LATENCY_OVER_AIR_INTERFACE_DEN,610087.0,900,NRCell,Huawei
1696880700000,BIL001_01,SERVICE_LATENCY_OVER_AIR_INTERFACE_NUM,1199553.0,900,NRCell,Huawei
1696880700000,BIL001_01,VOICE_TRAFFIC,30790.0,900,NRCell,Huawei
1696880700000,BIL001_01,VOLTE_CALL_SETUP_ATT,45.0,900,NRCell,Huawei
1696880700000,BIL001_01,VOLTE_CALL_SETUP_SUCC,45.0,900,NRCell,Huawei
1696880700000,MAD033_01,DCR_DEN,2129.0,900,NRCell,Huawei
1696880700000,MAD033_01,DCR_NUM,0.0,900,NRCell,Huawei
1696880700000,MAD033_01,DROP_CALL_VOLTE_DEN,23.0,900,NRCell,Huawei
1696880700000,MAD033_01,DROP_CALL_VOLTE_NUM,0.0,900,NRCell,Huawei
1696880700000,MAD033_01,ERAB_SR_DEN,2142.0,900,NRCell,Huawei
1696880700000,MAD033_01,ERAB_SR_NUM,2142.0,900,NRCell,Huawei
1696880700000,MAD033_01,INTEGRITY_NGBR_QCI_9,7906117432.0,900,NRCell,Huawei
1696880700000,MAD033_01,INTRA_FREQUENCY_HO_OUT_ATT,146.0,900,NRCell,Huawei
1696880700000,MAD033_01,INTRA_FREQUENCY_HO_OUT_SUCC,146.0,900,NRCell,Huawei
1696880700000,MAD033_01,RRC_SETUP_ATT,1177.0,900,NRCell,Huawei
1696880700000,MAD033_01,RRC_SETUP_SUCC,1173.0,900,NRCell,Huawei
1696880700000,MAD033_01,S1SIG_Connection_Setup_SR_DEN,1173.0,900,NRCell,Huawei
1696880700000,MAD033_01,S1SIG_Connection_Setup_SR_NUM,1173.0,900,NRCell,Huawei
1696880700000,MAD033_01,SERVICE_LATENCY_OVER_AIR_INTERFACE_DEN,205847.0,900,NRCell,Huawei
1696880700000,MAD033_01,SERVICE_LATENCY_OVER_AIR_INTERFACE_NUM,275032.0,900,NRCell,Huawei
1696880700000,MAD033_01,VOICE_TRAFFIC,25888.0,900,NRCell,Huawei
1696880700000,MAD033_01,VOLTE_CALL_SETUP_ATT,19.0,900,NRCell,Huawei
1696880700000,MAD033_01,VOLTE_CALL_SETUP_SUCC,19.0,900,NRCell,Huawei
1696880700000,SAL030_01,DCR_DEN,233.0,900,NRCell,Huawei
1696880700000,SAL030_01,DCR_NUM,0.0,900,NRCell,Huawei
1696880700000,SAL030_01,DROP_CALL_VOLTE_DEN,2.0,900,NRCell,Huawei
1696880700000,SAL030_01,DROP_CALL_VOLTE_NUM,0.0,900,NRCell,Huawei
1696880700000,SAL030_01,ERAB_SR_DEN,212.0,900,NRCell,Huawei
1696880700000,SAL030_01,ERAB_SR_NUM,212.0,900,NRCell,Huawei
1696880700000,SAL030_01,INTEGRITY_NGBR_QCI_9,1728978016.0,900,NRCell,Huawei
1696880700000,SAL030_01,INTRA_FREQUENCY_HO_OUT_ATT,9.0,900,NRCell,Huawei
1696880700000,SAL030_01,INTRA_FREQUENCY_HO_OUT_SUCC,9.0,900,NRCell,Huawei
1696880700000,SAL030_01,RRC_SETUP_ATT,119.0,900,NRCell,Huawei
1696880700000,SAL030_01,RRC_SETUP_SUCC,118.0,900,NRCell,Huawei
1696880700000,SAL030_01,S1SIG_Connection_Setup_SR_DEN,118.0,900,NRCell,Huawei
1696880700000,SAL030_01,S1SIG_Connection_Setup_SR_NUM,118.0,900,NRCell,Huawei
1696880700000,SAL030_01,SERVICE_LATENCY_OVER_AIR_INTERFACE_DEN,41155.0,900,NRCell,Huawei
1696880700000,SAL030_01,SERVICE_LATENCY_OVER_AIR_INTERFACE_NUM,92456.0,900,NRCell,Huawei
1696880700000,SAL030_01,VOICE_TRAFFIC,3108.0,900,NRCell,Huawei
1696880700000,SAL030_01,VOLTE_CALL_SETUP_ATT,2.0,900,NRCell,Huawei
1696880700000,SAL030_01,VOLTE_CALL_SETUP_SUCC,2.0,900,NRCell,Huawei
1696880700000,SEV001_01,DCR_DEN,4187.0,900,NRCell,Huawei
1696880700000,SEV001_01,DCR_NUM,5.0,900,NRCell,Huawei
1696880700000,SEV001_01,DROP_CALL_VOLTE_DEN,49.0,900,NRCell,Huawei
1696880700000,SEV001_01,DROP_CALL_VOLTE_NUM,0.0,900,NRCell,Huawei
1696880700000,SEV001_01,ERAB_SR_DEN,4158.0,900,NRCell,Huawei
1696880700000,SEV001_01,ERAB_SR_NUM,4151.0,900,NRCell,Huawei
1696880700000,SEV001_01,INTEGRITY_NGBR_QCI_9,17055266424.0,900,NRCell,Huawei
1696880700000,SEV001_01,INTRA_FREQUENCY_HO_OUT_ATT,124.0,900,NRCell,Huawei
1696880700000,SEV001_01,INTRA_FREQUENCY_HO_OUT_SUCC,123.0,900,NRCell,Huawei
1696880700000,SEV001_01,RRC_SETUP_ATT,2217.0,900,NRCell,Huawei
1696880700000,SEV001_01,RRC_SETUP_SUCC,2215.0,900,NRCell,Huawei
1696880700000,SEV001_01,S1SIG_Connection_Setup_SR_DEN,2215.0,900,NRCell,Huawei
1696880700000,SEV001_01,S1SIG_Connection_Setup_SR_NUM,2215.0,900,NRCell,Huawei
1696880700000,SEV001_01,SERVICE_LATENCY_OVER_AIR_INTERFACE_DEN,593255.0,900,NRCell,Huawei
1696880700000,SEV001_01,SERVICE_LATENCY_OVER_AIR_INTERFACE_NUM,1089078.0,900,NRCell,Huawei
1696880700000,SEV001_01,VOICE_TRAFFIC,35053.0,900,NRCell,Huawei
1696880700000,SEV001_01,VOLTE_CALL_SETUP_ATT,57.0,900,NRCell,Huawei
1696880700000,SEV001_01,VOLTE_CALL_SETUP_SUCC,57.0,900,NRCell,Huawei
1696880700000,SNT002_01,DCR_DEN,2030.0,900,NRCell,Huawei
1696880700000,SNT002_01,DCR_NUM,0.0,900,NRCell,Huawei
1696880700000,SNT002_01,DROP_CALL_VOLTE_DEN,18.0,900,NRCell,Huawei
1696880700000,SNT002_01,DROP_CALL_VOLTE_NUM,0.0,900,NRCell,Huawei
1696880700000,SNT002_01,ERAB_SR_DEN,2022.0,900,NRCell,Huawei
1696880700000,SNT002_01,ERAB_SR_NUM,2021.0,900,NRCell,Huawei
1696880700000,SNT002_01,INTEGRITY_NGBR_QCI_9,6392618008.0,900,NRCell,Huawei
1696880700000,SNT002_01,INTRA_FREQUENCY_HO_OUT_ATT,127.0,900,NRCell,Huawei
1696880700000,SNT002_01,INTRA_FREQUENCY_HO_OUT_SUCC,127.0,900,NRCell,Huawei
1696880700000,SNT002_01,RRC_SETUP_ATT,1137.0,900,NRCell,Huawei
1696880700000,SNT002_01,RRC_SETUP_SUCC,1136.0,900,NRCell,Huawei
1696880700000,SNT002_01,S1SIG_Connection_Setup_SR_DEN,1136.0,900,NRCell,Huawei
1696880700000,SNT002_01,S1SIG_Connection_Setup_SR_NUM,1136.0,900,NRCell,Huawei
1696880700000,SNT002_01,SERVICE_LATENCY_OVER_AIR_INTERFACE_DEN,165076.0,900,NRCell,Huawei
1696880700000,SNT002_01,SERVICE_LATENCY_OVER_AIR_INTERFACE_NUM,207198.0,900,NRCell,Huawei
1696880700000,SNT002_01,VOICE_TRAFFIC,18820.0,900,NRCell,Huawei
1696880700000,SNT002_01,VOLTE_CALL_SETUP_ATT,20.0,900,NRCell,Huawei
1696880700000,SNT002_01,VOLTE_CALL_SETUP_SUCC,20.0,900,NRCell,Huawei
1696880700000,TAR015_01,DCR_DEN,4440.0,900,NRCell,Huawei
1696880700000,TAR015_01,DCR_NUM,4.0,900,NRCell,Huawei
1696880700000,TAR015_01,DROP_CALL_VOLTE_DEN,45.0,900,NRCell,Huawei
1696880700000,TAR015_01,DROP_CALL_VOLTE_NUM,0.0,900,NRCell,Huawei
1696880700000,TAR015_01,ERAB_SR_DEN,4407.0,900,NRCell,Huawei
1696880700000,TAR015_01,ERAB_SR_NUM,4403.0,900,NRCell,Huawei
1696880700000,TAR015_01,INTEGRITY_NGBR_QCI_9,16839451488.0,900,NRCell,Huawei
1696880700000,TAR015_01,INTRA_FREQUENCY_HO_OUT_ATT,173.0,900,NRCell,Huawei
1696880700000,TAR015_01,INTRA_FREQUENCY_HO_OUT_SUCC,173.0,900,NRCell,Huawei
1696880700000,TAR015_01,RRC_SETUP_ATT,2383.0,900,NRCell,Huawei
1696880700000,TAR015_01,RRC_SETUP_SUCC,2377.0,900,NRCell,Huawei
1696880700000,TAR015_01,S1SIG_Connection_Setup_SR_DEN,2377.0,900,NRCell,Huawei
1696880700000,TAR015_01,S1SIG_Connection_Setup_SR_NUM,2377.0,900,NRCell,Huawei
1696880700000,TAR015_01,SERVICE_LATENCY_OVER_AIR_INTERFACE_DEN,606453.0,900,NRCell,Huawei
1696880700000,TAR015_01,SERVICE_LATENCY_OVER_AIR_INTERFACE_NUM,1440342.0,900,NRCell,Huawei
1696880700000,TAR015_01,VOICE_TRAFFIC,59686.0,900,NRCell,Huawei
1696880700000,TAR015_01,VOLTE_CALL_SETUP_ATT,44.0,900,NRCell,Huawei
1696880700000,TAR015_01,VOLTE_CALL_SETUP_SUCC,44.0,900,NRCell,Huawei
1696880700000,TOL034_01,DCR_DEN,235.0,900,NRCell,Huawei
1696880700000,TOL034_01,DCR_NUM,2.0,900,NRCell,Huawei
1696880700000,TOL034_01,DROP_CALL_VOLTE_DEN,1.0,900,NRCell,Huawei
1696880700000,TOL034_01,DROP_CALL_VOLTE_NUM,0.0,900,NRCell,Huawei
1696880700000,TOL034_01,ERAB_SR_DEN,219.0,900,NRCell,Huawei
1696880700000,TOL034_01,ERAB_SR_NUM,219.0,900,NRCell,Huawei
1696880700000,TOL034_01,INTEGRITY_NGBR_QCI_9,5095971240.0,900,NRCell,Huawei
1696880700000,TOL034_01,INTRA_FREQUENCY_HO_OUT_ATT,16.0,900,NRCell,Huawei
1696880700000,TOL034_01,INTRA_FREQUENCY_HO_OUT_SUCC,16.0,900,NRCell,Huawei
1696880700000,TOL034_01,RRC_SETUP_ATT,144.0,900,NRCell,Huawei
1696880700000,TOL034_01,RRC_SETUP_SUCC,142.0,900,NRCell,Huawei
1696880700000,TOL034_01,S1SIG_Connection_Setup_SR_DEN,142.0,900,NRCell,Huawei
1696880700000,TOL034_01,S1SIG_Connection_Setup_SR_NUM,142.0,900,NRCell,Huawei
1696880700000,TOL034_01,SERVICE_LATENCY_OVER_AIR_INTERFACE_DEN,105029.0,900,NRCell,Huawei
1696880700000,TOL034_01,SERVICE_LATENCY_OVER_AIR_INTERFACE_NUM,170949.0,900,NRCell,Huawei
1696880700000,TOL034_01,VOICE_TRAFFIC,4000.0,900,NRCell,Huawei
1696880700000,TOL034_01,VOLTE_CALL_SETUP_ATT,2.0,900,NRCell,Huawei
1696880700000,TOL034_01,VOLTE_CALL_SETUP_SUCC,2.0,900,NRCell,Huawei
1696880700000,VAL002_01,DCR_DEN,31.0,900,NRCell,Huawei
1696880700000,VAL002_01,DCR_NUM,0.0,900,NRCell,Huawei
1696880700000,VAL002_01,DROP_CALL_VOLTE_DEN,1.0,900,NRCell,Huawei
1696880700000,VAL002_01,DROP_CALL_VOLTE_NUM,0.0,900,NRCell,Huawei
1696880700000,VAL002_01,ERAB_SR_DEN,39.0,900,NRCell,Huawei
1696880700000,VAL002_01,ERAB_SR_NUM,39.0,900,NRCell,Huawei
1696880700000,VAL002_01,INTEGRITY_NGBR_QCI_9,88198016.0,900,NRCell,Huawei
1696880700000,VAL002_01,INTRA_FREQUENCY_HO_OUT_ATT,8.0,900,NRCell,Huawei
1696880700000,VAL002_01,INTRA_FREQUENCY_HO_OUT_SUCC,8.0,900,NRCell,Huawei
1696880700000,VAL002_01,RRC_SETUP_ATT,35.0,900,NRCell,Huawei
1696880700000,VAL002_01,RRC_SETUP_SUCC,35.0,900,NRCell,Huawei
1696880700000,VAL002_01,S1SIG_Connection_Setup_SR_DEN,35.0,900,NRCell,Huawei
1696880700000,VAL002_01,S1SIG_Connection_Setup_SR_NUM,35.0,900,NRCell,Huawei
1696880700000,VAL002_01,SERVICE_LATENCY_OVER_AIR_INTERFACE_DEN,5840.0,900,NRCell,Huawei
1696880700000,VAL002_01,SERVICE_LATENCY_OVER_AIR_INTERFACE_NUM,7460.0,900,NRCell,Huawei
1696880700000,VAL002_01,VOICE_TRAFFIC,58.0,900,NRCell,Huawei
1696880700000,VAL002_01,VOLTE_CALL_SETUP_ATT,1.0,900,NRCell,Huawei
1696880700000,VAL002_01,VOLTE_CALL_SETUP_SUCC,1.0,900,NRCell,Huawei
