startTime,neId,counterCode,counterValue,granularity,neType,vendorName
1696797900000,BCN014_01,DCR_DEN,2403.0,900,NRCell,Huawei
1696797900000,BCN014_01,DCR_NUM,4.0,900,NRCell,Huawei
1696797900000,BCN014_01,DROP_CALL_VOLTE_DEN,26.0,900,NRCell,Huawei
1696797900000,BCN014_01,DROP_CALL_VOLTE_NUM,0.0,900,NRCell,Huawei
1696797900000,BCN014_01,ERAB_SR_DEN,2392.0,900,NRCell,Huawei
1696797900000,BCN014_01,ERAB_SR_NUM,2385.0,900,NRCell,Huawei
1696797900000,BCN014_01,INTEGRITY_NGBR_QCI_9,10114085520.0,900,NRCell,Huawei
1696797900000,BCN014_01,INTRA_FREQUENCY_HO_OUT_ATT,268.0,900,NRCell,Huawei
1696797900000,BCN014_01,INTRA_FREQUENCY_HO_OUT_SUCC,268.0,900,NRCell,Huawei
1696797900000,BCN014_01,RRC_SETUP_ATT,1424.0,900,NRCell,Huawei
1696797900000,BCN014_01,RRC_SETUP_SUCC,1422.0,900,NRCell,Huawei
1696797900000,BCN014_01,S1SIG_Connection_Setup_SR_DEN,1422.0,900,NRCell,Huawei
1696797900000,BCN014_01,S1SIG_Connection_Setup_SR_NUM,1422.0,900,NRCell,Huawei
1696797900000,BCN014_01,SERVICE_LATENCY_OVER_AIR_INTERFACE_DEN,246077.0,900,NRCell,Huawei
1696797900000,BCN014_01,SERVICE_LATENCY_OVER_AIR_INTERFACE_NUM,480104.0,900,NRCell,Huawei
1696797900000,BCN014_01,VOICE_TRAFFIC,13356.0,900,NRCell,Huawei
1696797900000,BCN014_01,VOLTE_CALL_SETUP_ATT,24.0,900,NRCell,Huawei
1696797900000,BCN014_01,VOLTE_CALL_SETUP_SUCC,24.0,900,NRCell,Huawei
1696797900000,BIL001_01,DCR_DEN,2048.0,900,NRCell,Huawei
1696797900000,BIL001_01,DCR_NUM,1.0,900,NRCell,Huawei
1696797900000,BIL001_01,DROP_CALL_VOLTE_DEN,10.0,900,NRCell,Huawei
1696797900000,BIL001_01,DROP_CALL_VOLTE_NUM,0.0,900,NRCell,Huawei
1696797900000,BIL001_01,ERAB_SR_DEN,2059.0,900,NRCell,Huawei
1696797900000,BIL001_01,ERAB_SR_NUM,2059.0,900,NRCell,Huawei
1696797900000,BIL001_01,INTEGRITY_NGBR_QCI_9,11502218088.0,900,NRCell,Huawei
1696797900000,BIL001_01,INTRA_FREQUENCY_HO_OUT_ATT,203.0,900,NRCell,Huawei
1696797900000,BIL001_01,INTRA_FREQUENCY_HO_OUT_SUCC,203.0,900,NRCell,Huawei
1696797900000,BIL001_01,RRC_SETUP_ATT,1295.0,900,NRCell,Huawei
1696797900000,BIL001_01,RRC_SETUP_SUCC,1288.0,900,NRCell,Huawei
1696797900000,BIL001_01,S1SIG_Connection_Setup_SR_DEN,1288.0,900,NRCell,Huawei
1696797900000,BIL001_01,S1SIG_Connection_Setup_SR_NUM,1288.0,900,NRCell,Huawei
1696797900000,BIL001_01,SERVICE_LATENCY_OVER_AIR_INTERFACE_DEN,337243.0,900,NRCell,Huawei
1696797900000,BIL001_01,SERVICE_LATENCY_OVER_AIR_INTERFACE_NUM,469715.0,900,NRCell,Huawei
1696797900000,BIL001_01,VOICE_TRAFFIC,11941.0,900,NRCell,Huawei
1696797900000,BIL001_01,VOLTE_CALL_SETUP_ATT,9.0,900,NRCell,Huawei
1696797900000,BIL001_01,VOLTE_CALL_SETUP_SUCC,9.0,900,NRCell,Huawei
1696797900000,MAD033_01,DCR_DEN,1114.0,900,NRCell,Huawei
1696797900000,MAD033_01,DCR_NUM,0.0,900,NRCell,Huawei
1696797900000,MAD033_01,DROP_CALL_VOLTE_DEN,14.0,900,NRCell,Huawei
1696797900000,MAD033_01,DROP_CALL_VOLTE_NUM,0.0,900,NRCell,Huawei
1696797900000,MAD033_01,ERAB_SR_DEN,1108.0,900,NRCell,Huawei
1696797900000,MAD033_01,ERAB_SR_NUM,1108.0,900,NRCell,Huawei
1696797900000,MAD033_01,INTEGRITY_NGBR_QCI_9,4207539552.0,900,NRCell,Huawei
1696797900000,MAD033_01,INTRA_FREQUENCY_HO_OUT_ATT,77.0,900,NRCell,Huawei
1696797900000,MAD033_01,INTRA_FREQUENCY_HO_OUT_SUCC,77.0,900,NRCell,Huawei
1696797900000,MAD033_01,RRC_SETUP_ATT,634.0,900,NRCell,Huawei
1696797900000,MAD033_01,RRC_SETUP_SUCC,634.0,900,NRCell,Huawei
1696797900000,MAD033_01,S1SIG_Connection_Setup_SR_DEN,634.0,900,NRCell,Huawei
1696797900000,MAD033_01,S1SIG_Connection_Setup_SR_NUM,634.0,900,NRCell,Huawei
1696797900000,MAD033_01,SERVICE_LATENCY_OVER_AIR_INTERFACE_DEN,143942.0,900,NRCell,Huawei
1696797900000,MAD033_01,SERVICE_LATENCY_OVER_AIR_INTERFACE_NUM,183899.0,900,NRCell,Huawei
1696797900000,MAD033_01,VOICE_TRAFFIC,9149.0,900,NRCell,Huawei
1696797900000,MAD033_01,VOLTE_CALL_SETUP_ATT,12.0,900,NRCell,Huawei
1696797900000,MAD033_01,VOLTE_CALL_SETUP_SUCC,12.0,900,NRCell,Huawei
1696797900000,SAL030_01,DCR_DEN,290.0,900,NRCell,Huawei
1696797900000,SAL030_01,DCR_NUM,0.0,900,NRCell,Huawei
1696797900000,SAL030_01,DROP_CALL_VOLTE_DEN,1.0,900,NRCell,Huawei
1696797900000,SAL030_01,DROP_CALL_VOLTE_NUM,0.0,900,NRCell,Huawei
1696797900000,SAL030_01,ERAB_SR_DEN,288.0,900,NRCell,Huawei
1696797900000,SAL030_01,ERAB_SR_NUM,288.0,900,NRCell,Huawei
1696797900000,SAL030_01,INTEGRITY_NGBR_QCI_9,1420230384.0,900,NRCell,Huawei
1696797900000,SAL030_01,INTRA_FREQUENCY_HO_OUT_ATT,10.0,900,NRCell,Huawei
1696797900000,SAL030_01,INTRA_FREQUENCY_HO_OUT_SUCC,10.0,900,NRCell,Huawei
1696797900000,SAL030_01,RRC_SETUP_ATT,154.0,900,NRCell,Huawei
1696797900000,SAL030_01,RRC_SETUP_SUCC,154.0,900,NRCell,Huawei
1696797900000,SAL030_01,S1SIG_Connection_Setup_SR_DEN,154.0,900,NRCell,Huawei
1696797900000,SAL030_01,S1SIG_Connection_Setup_SR_NUM,154.0,900,NRCell,Huawei
1696797900000,SAL030_01,SERVICE_LATENCY_OVER_AIR_INTERFACE_DEN,56139.0,900,NRCell,Huawei
1696797900000,SAL030_01,SERVICE_LATENCY_OVER_AIR_INTERFACE_NUM,93102.0,900,NRCell,Huawei
1696797900000,SAL030_01,VOICE_TRAFFIC,3334.0,900,NRCell,Huawei
1696797900000,SAL030_01,VOLTE_CALL_SETUP_ATT,2.0,900,NRCell,Huawei
1696797900000,SAL030_01,VOLTE_CALL_SETUP_SUCC,2.0,900,NRCell,Huawei
1696797900000,SEV001_01,DCR_DEN,2521.0,900,NRCell,Huawei
1696797900000,SEV001_01,DCR_NUM,1.0,900,NRCell,Huawei
1696797900000,SEV001_01,DROP_CALL_VOLTE_DEN,20.0,900,NRCell,Huawei
1696797900000,SEV001_01,DROP_CALL_VOLTE_NUM,0.0,900,NRCell,Huawei
1696797900000,SEV001_01,ERAB_SR_DEN,2567.0,900,NRCell,Huawei
1696797900000,SEV001_01,ERAB_SR_NUM,2562.0,900,NRCell,Huawei
1696797900000,SEV001_01,INTEGRITY_NGBR_QCI_9,13447107032.0,900,NRCell,Huawei
1696797900000,SEV001_01,INTRA_FREQUENCY_HO_OUT_ATT,113.0,900,NRCell,Huawei
1696797900000,SEV001_01,INTRA_FREQUENCY_HO_OUT_SUCC,113.0,900,NRCell,Huawei
1696797900000,SEV001_01,RRC_SETUP_ATT,1452.0,900,NRCell,Huawei
1696797900000,SEV001_01,RRC_SETUP_SUCC,1447.0,900,NRCell,Huawei
1696797900000,SEV001_01,S1SIG_Connection_Setup_SR_DEN,1447.0,900,NRCell,Huawei
1696797900000,SEV001_01,S1SIG_Connection_Setup_SR_NUM,1447.0,900,NRCell,Huawei
1696797900000,SEV001_01,SERVICE_LATENCY_OVER_AIR_INTERFACE_DEN,486675.0,900,NRCell,Huawei
1696797900000,SEV001_01,SERVICE_LATENCY_OVER_AIR_INTERFACE_NUM,1648594.0,900,NRCell,Huawei
1696797900000,SEV001_01,VOICE_TRAFFIC,36681.0,900,NRCell,Huawei
1696797900000,SEV001_01,VOLTE_CALL_SETUP_ATT,24.0,900,NRCell,Huawei
1696797900000,SEV001_01,VOLTE_CALL_SETUP_SUCC,24.0,900,NRCell,Huawei
1696797900000,SNT002_01,DCR_DEN,968.0,900,NRCell,Huawei
1696797900000,SNT002_01,DCR_NUM,0.0,900,NRCell,Huawei
1696797900000,SNT002_01,DROP_CALL_VOLTE_DEN,8.0,900,NRCell,Huawei
1696797900000,SNT002_01,DROP_CALL_VOLTE_NUM,0.0,900,NRCell,Huawei
1696797900000,SNT002_01,ERAB_SR_DEN,985.0,900,NRCell,Huawei
1696797900000,SNT002_01,ERAB_SR_NUM,985.0,900,NRCell,Huawei
1696797900000,SNT002_01,INTEGRITY_NGBR_QCI_9,3104960208.0,900,NRCell,Huawei
1696797900000,SNT002_01,INTRA_FREQUENCY_HO_OUT_ATT,67.0,900,NRCell,Huawei
1696797900000,SNT002_01,INTRA_FREQUENCY_HO_OUT_SUCC,67.0,900,NRCell,Huawei
1696797900000,SNT002_01,RRC_SETUP_ATT,566.0,900,NRCell,Huawei
1696797900000,SNT002_01,RRC_SETUP_SUCC,565.0,900,NRCell,Huawei
1696797900000,SNT002_01,S1SIG_Connection_Setup_SR_DEN,565.0,900,NRCell,Huawei
1696797900000,SNT002_01,S1SIG_Connection_Setup_SR_NUM,565.0,900,NRCell,Huawei
1696797900000,SNT002_01,SERVICE_LATENCY_OVER_AIR_INTERFACE_DEN,117242.0,900,NRCell,Huawei
1696797900000,SNT002_01,SERVICE_LATENCY_OVER_AIR_INTERFACE_NUM,137911.0,900,NRCell,Huawei
1696797900000,SNT002_01,VOICE_TRAFFIC,13715.0,900,NRCell,Huawei
1696797900000,SNT002_01,VOLTE_CALL_SETUP_ATT,10.0,900,NRCell,Huawei
1696797900000,SNT002_01,VOLTE_CALL_SETUP_SUCC,10.0,900,NRCell,Huawei
1696797900000,TAR015_01,DCR_DEN,3552.0,900,NRCell,Huawei
1696797900000,TAR015_01,DCR_NUM,5.0,900,NRCell,Huawei
1696797900000,TAR015_01,DROP_CALL_VOLTE_DEN,34.0,900,NRCell,Huawei
1696797900000,TAR015_01,DROP_CALL_VOLTE_NUM,1.0,900,NRCell,Huawei
1696797900000,TAR015_01,ERAB_SR_DEN,3471.0,900,NRCell,Huawei
1696797900000,TAR015_01,ERAB_SR_NUM,3470.0,900,NRCell,Huawei
1696797900000,TAR015_01,INTEGRITY_NGBR_QCI_9,16230560376.0,900,NRCell,Huawei
1696797900000,TAR015_01,INTRA_FREQUENCY_HO_OUT_ATT,125.0,900,NRCell,Huawei
1696797900000,TAR015_01,INTRA_FREQUENCY_HO_OUT_SUCC,125.0,900,NRCell,Huawei
1696797900000,TAR015_01,RRC_SETUP_ATT,1934.0,900,NRCell,Huawei
1696797900000,TAR015_01,RRC_SETUP_SUCC,1934.0,900,NRCell,Huawei
1696797900000,TAR015_01,S1SIG_Connection_Setup_SR_DEN,1934.0,900,NRCell,Huawei
1696797900000,TAR015_01,S1SIG_Connection_Setup_SR_NUM,1934.0,900,NRCell,Huawei
1696797900000,TAR015_01,SERVICE_LATENCY_OVER_AIR_INTERFACE_DEN,526288.0,900,NRCell,Huawei
1696797900000,TAR015_01,SERVICE_LATENCY_OVER_AIR_INTERFACE_NUM,3795072.0,900,NRCell,Huawei
1696797900000,TAR015_01,VOICE_TRAFFIC,31811.0,900,NRCell,Huawei
1696797900000,TAR015_01,VOLTE_CALL_SETUP_ATT,31.0,900,NRCell,Huawei
1696797900000,TAR015_01,VOLTE_CALL_SETUP_SUCC,31.0,900,NRCell,Huawei
1696797900000,TOL034_01,DCR_DEN,205.0,900,NRCell,Huawei
1696797900000,TOL034_01,DCR_NUM,0.0,900,NRCell,Huawei
1696797900000,TOL034_01,DROP_CALL_VOLTE_DEN,6.0,900,NRCell,Huawei
1696797900000,TOL034_01,DROP_CALL_VOLTE_NUM,0.0,900,NRCell,Huawei
1696797900000,TOL034_01,ERAB_SR_DEN,201.0,900,NRCell,Huawei
1696797900000,TOL034_01,ERAB_SR_NUM,201.0,900,NRCell,Huawei
1696797900000,TOL034_01,INTEGRITY_NGBR_QCI_9,2464537616.0,900,NRCell,Huawei
1696797900000,TOL034_01,INTRA_FREQUENCY_HO_OUT_ATT,12.0,900,NRCell,Huawei
1696797900000,TOL034_01,INTRA_FREQUENCY_HO_OUT_SUCC,12.0,900,NRCell,Huawei
1696797900000,TOL034_01,RRC_SETUP_ATT,124.0,900,NRCell,Huawei
1696797900000,TOL034_01,RRC_SETUP_SUCC,124.0,900,NRCell,Huawei
1696797900000,TOL034_01,S1SIG_Connection_Setup_SR_DEN,124.0,900,NRCell,Huawei
1696797900000,TOL034_01,S1SIG_Connection_Setup_SR_NUM,124.0,900,NRCell,Huawei
1696797900000,TOL034_01,SERVICE_LATENCY_OVER_AIR_INTERFACE_DEN,36145.0,900,NRCell,Huawei
1696797900000,TOL034_01,SERVICE_LATENCY_OVER_AIR_INTERFACE_NUM,57115.0,900,NRCell,Huawei
1696797900000,TOL034_01,VOICE_TRAFFIC,1570.0,900,NRCell,Huawei
1696797900000,TOL034_01,VOLTE_CALL_SETUP_ATT,6.0,900,NRCell,Huawei
1696797900000,TOL034_01,VOLTE_CALL_SETUP_SUCC,6.0,900,NRCell,Huawei
1696797900000,VAL002_01,DCR_DEN,43.0,900,NRCell,Huawei
1696797900000,VAL002_01,DCR_NUM,0.0,900,NRCell,Huawei
1696797900000,VAL002_01,DROP_CALL_VOLTE_DEN,0.0,900,NRCell,Huawei
1696797900000,VAL002_01,DROP_CALL_VOLTE_NUM,0.0,900,NRCell,Huawei
1696797900000,VAL002_01,ERAB_SR_DEN,45.0,900,NRCell,Huawei
1696797900000,VAL002_01,ERAB_SR_NUM,45.0,900,NRCell,Huawei
1696797900000,VAL002_01,INTEGRITY_NGBR_QCI_9,153737648.0,900,NRCell,Huawei
1696797900000,VAL002_01,INTRA_FREQUENCY_HO_OUT_ATT,4.0,900,NRCell,Huawei
1696797900000,VAL002_01,INTRA_FREQUENCY_HO_OUT_SUCC,4.0,900,NRCell,Huawei
1696797900000,VAL002_01,RRC_SETUP_ATT,37.0,900,NRCell,Huawei
1696797900000,VAL002_01,RRC_SETUP_SUCC,37.0,900,NRCell,Huawei
1696797900000,VAL002_01,S1SIG_Connection_Setup_SR_DEN,37.0,900,NRCell,Huawei
1696797900000,VAL002_01,S1SIG_Connection_Setup_SR_NUM,37.0,900,NRCell,Huawei
1696797900000,VAL002_01,SERVICE_LATENCY_OVER_AIR_INTERFACE_DEN,12627.0,900,NRCell,Huawei
1696797900000,VAL002_01,SERVICE_LATENCY_OVER_AIR_INTERFACE_NUM,25321.0,900,NRCell,Huawei
1696797900000,VAL002_01,VOICE_TRAFFIC,573.0,900,NRCell,Huawei
1696797900000,VAL002_01,VOLTE_CALL_SETUP_ATT,0.0,900,NRCell,Huawei
1696797900000,VAL002_01,VOLTE_CALL_SETUP_SUCC,0.0,900,NRCell,Huawei
