startTime,neId,counterCode,counterValue,granularity,neType,vendorName
1696561200000,BCN014_01,DCR_DEN,1794.0,900,NRCell,Huawei
1696561200000,BCN014_01,DCR_NUM,2.0,900,NRCell,Huawei
1696561200000,BCN014_01,DROP_CALL_VOLTE_DEN,19.0,900,NRCell,Huawei
1696561200000,BCN014_01,DROP_CALL_VOLTE_NUM,0.0,900,NRCell,Huawei
1696561200000,BCN014_01,ERAB_SR_DEN,1784.0,900,NRCell,Huawei
1696561200000,BCN014_01,ERAB_SR_NUM,1780.0,900,NRCell,Huawei
1696561200000,BCN014_01,INTEGRITY_NGBR_QCI_9,11891035488.0,900,NRCell,Huawei
1696561200000,BCN014_01,INTRA_FREQUENCY_HO_OUT_ATT,105.0,900,NRCell,Huawei
1696561200000,BCN014_01,INTRA_FREQUENCY_HO_OUT_SUCC,104.0,900,NRCell,Huawei
1696561200000,BCN014_01,RRC_SETUP_ATT,1020.0,900,NRCell,Huawei
1696561200000,BCN014_01,RRC_SETUP_SUCC,1020.0,900,NRCell,Huawei
1696561200000,BCN014_01,S1SIG_Connection_Setup_SR_DEN,1020.0,900,NRCell,Huawei
1696561200000,BCN014_01,S1SIG_Connection_Setup_SR_NUM,1020.0,900,NRCell,Huawei
1696561200000,BCN014_01,SERVICE_LATENCY_OVER_AIR_INTERFACE_DEN,303263.0,900,NRCell,Huawei
1696561200000,BCN014_01,SERVICE_LATENCY_OVER_AIR_INTERFACE_NUM,458749.0,900,NRCell,Huawei
1696561200000,BCN014_01,VOICE_TRAFFIC,12376.0,900,NRCell,Huawei
1696561200000,BCN014_01,VOLTE_CALL_SETUP_ATT,18.0,900,NRCell,Huawei
1696561200000,BCN014_01,VOLTE_CALL_SETUP_SUCC,18.0,900,NRCell,Huawei
1696561200000,BIL001_01,DCR_DEN,1469.0,900,NRCell,Huawei
1696561200000,BIL001_01,DCR_NUM,0.0,900,NRCell,Huawei
1696561200000,BIL001_01,DROP_CALL_VOLTE_DEN,10.0,900,NRCell,Huawei
1696561200000,BIL001_01,DROP_CALL_VOLTE_NUM,0.0,900,NRCell,Huawei
1696561200000,BIL001_01,ERAB_SR_DEN,1484.0,900,NRCell,Huawei
1696561200000,BIL001_01,ERAB_SR_NUM,1484.0,900,NRCell,Huawei
1696561200000,BIL001_01,INTEGRITY_NGBR_QCI_9,10051264056.0,900,NRCell,Huawei
1696561200000,BIL001_01,INTRA_FREQUENCY_HO_OUT_ATT,105.0,900,NRCell,Huawei
1696561200000,BIL001_01,INTRA_FREQUENCY_HO_OUT_SUCC,105.0,900,NRCell,Huawei
1696561200000,BIL001_01,RRC_SETUP_ATT,904.0,900,NRCell,Huawei
1696561200000,BIL001_01,RRC_SETUP_SUCC,902.0,900,NRCell,Huawei
1696561200000,BIL001_01,S1SIG_Connection_Setup_SR_DEN,902.0,900,NRCell,Huawei
1696561200000,BIL001_01,S1SIG_Connection_Setup_SR_NUM,902.0,900,NRCell,Huawei
1696561200000,BIL001_01,SERVICE_LATENCY_OVER_AIR_INTERFACE_DEN,334720.0,900,NRCell,Huawei
1696561200000,BIL001_01,SERVICE_LATENCY_OVER_AIR_INTERFACE_NUM,452189.0,900,NRCell,Huawei
1696561200000,BIL001_01,VOICE_TRAFFIC,17469.0,900,NRCell,Huawei
1696561200000,BIL001_01,VOLTE_CALL_SETUP_ATT,8.0,900,NRCell,Huawei
1696561200000,BIL001_01,VOLTE_CALL_SETUP_SUCC,8.0,900,NRCell,Huawei
1696561200000,MAD033_01,DCR_DEN,974.0,900,NRCell,Huawei
1696561200000,MAD033_01,DCR_NUM,0.0,900,NRCell,Huawei
1696561200000,MAD033_01,DROP_CALL_VOLTE_DEN,9.0,900,NRCell,Huawei
1696561200000,MAD033_01,DROP_CALL_VOLTE_NUM,0.0,900,NRCell,Huawei
1696561200000,MAD033_01,ERAB_SR_DEN,959.0,900,NRCell,Huawei
1696561200000,MAD033_01,ERAB_SR_NUM,959.0,900,NRCell,Huawei
1696561200000,MAD033_01,INTEGRITY_NGBR_QCI_9,8098825680.0,900,NRCell,Huawei
1696561200000,MAD033_01,INTRA_FREQUENCY_HO_OUT_ATT,73.0,900,NRCell,Huawei
1696561200000,MAD033_01,INTRA_FREQUENCY_HO_OUT_SUCC,73.0,900,NRCell,Huawei
1696561200000,MAD033_01,RRC_SETUP_ATT,578.0,900,NRCell,Huawei
1696561200000,MAD033_01,RRC_SETUP_SUCC,578.0,900,NRCell,Huawei
1696561200000,MAD033_01,S1SIG_Connection_Setup_SR_DEN,578.0,900,NRCell,Huawei
1696561200000,MAD033_01,S1SIG_Connection_Setup_SR_NUM,578.0,900,NRCell,Huawei
1696561200000,MAD033_01,SERVICE_LATENCY_OVER_AIR_INTERFACE_DEN,293417.0,900,NRCell,Huawei
1696561200000,MAD033_01,SERVICE_LATENCY_OVER_AIR_INTERFACE_NUM,378162.0,900,NRCell,Huawei
1696561200000,MAD033_01,VOICE_TRAFFIC,17038.0,900,NRCell,Huawei
1696561200000,MAD033_01,VOLTE_CALL_SETUP_ATT,4.0,900,NRCell,Huawei
1696561200000,MAD033_01,VOLTE_CALL_SETUP_SUCC,4.0,900,NRCell,Huawei
1696561200000,SAL030_01,DCR_DEN,123.0,900,NRCell,Huawei
1696561200000,SAL030_01,DCR_NUM,1.0,900,NRCell,Huawei
1696561200000,SAL030_01,DROP_CALL_VOLTE_DEN,1.0,900,NRCell,Huawei
1696561200000,SAL030_01,DROP_CALL_VOLTE_NUM,0.0,900,NRCell,Huawei
1696561200000,SAL030_01,ERAB_SR_DEN,125.0,900,NRCell,Huawei
1696561200000,SAL030_01,ERAB_SR_NUM,124.0,900,NRCell,Huawei
1696561200000,SAL030_01,INTEGRITY_NGBR_QCI_9,3442857136.0,900,NRCell,Huawei
1696561200000,SAL030_01,INTRA_FREQUENCY_HO_OUT_ATT,11.0,900,NRCell,Huawei
1696561200000,SAL030_01,INTRA_FREQUENCY_HO_OUT_SUCC,11.0,900,NRCell,Huawei
1696561200000,SAL030_01,RRC_SETUP_ATT,75.0,900,NRCell,Huawei
1696561200000,SAL030_01,RRC_SETUP_SUCC,75.0,900,NRCell,Huawei
1696561200000,SAL030_01,S1SIG_Connection_Setup_SR_DEN,75.0,900,NRCell,Huawei
1696561200000,SAL030_01,S1SIG_Connection_Setup_SR_NUM,75.0,900,NRCell,Huawei
1696561200000,SAL030_01,SERVICE_LATENCY_OVER_AIR_INTERFACE_DEN,28484.0,900,NRCell,Huawei
1696561200000,SAL030_01,SERVICE_LATENCY_OVER_AIR_INTERFACE_NUM,83950.0,900,NRCell,Huawei
1696561200000,SAL030_01,VOICE_TRAFFIC,91.0,900,NRCell,Huawei
1696561200000,SAL030_01,VOLTE_CALL_SETUP_ATT,1.0,900,NRCell,Huawei
1696561200000,SAL030_01,VOLTE_CALL_SETUP_SUCC,1.0,900,NRCell,Huawei
1696561200000,SEV001_01,DCR_DEN,2914.0,900,NRCell,Huawei
1696561200000,SEV001_01,DCR_NUM,9.0,900,NRCell,Huawei
1696561200000,SEV001_01,DROP_CALL_VOLTE_DEN,15.0,900,NRCell,Huawei
1696561200000,SEV001_01,DROP_CALL_VOLTE_NUM,0.0,900,NRCell,Huawei
1696561200000,SEV001_01,ERAB_SR_DEN,2892.0,900,NRCell,Huawei
1696561200000,SEV001_01,ERAB_SR_NUM,2889.0,900,NRCell,Huawei
1696561200000,SEV001_01,INTEGRITY_NGBR_QCI_9,18254537832.0,900,NRCell,Huawei
1696561200000,SEV001_01,INTRA_FREQUENCY_HO_OUT_ATT,77.0,900,NRCell,Huawei
1696561200000,SEV001_01,INTRA_FREQUENCY_HO_OUT_SUCC,77.0,900,NRCell,Huawei
1696561200000,SEV001_01,RRC_SETUP_ATT,1605.0,900,NRCell,Huawei
1696561200000,SEV001_01,RRC_SETUP_SUCC,1598.0,900,NRCell,Huawei
1696561200000,SEV001_01,S1SIG_Connection_Setup_SR_DEN,1598.0,900,NRCell,Huawei
1696561200000,SEV001_01,S1SIG_Connection_Setup_SR_NUM,1598.0,900,NRCell,Huawei
1696561200000,SEV001_01,SERVICE_LATENCY_OVER_AIR_INTERFACE_DEN,541640.0,900,NRCell,Huawei
1696561200000,SEV001_01,SERVICE_LATENCY_OVER_AIR_INTERFACE_NUM,1679787.0,900,NRCell,Huawei
1696561200000,SEV001_01,VOICE_TRAFFIC,33034.0,900,NRCell,Huawei
1696561200000,SEV001_01,VOLTE_CALL_SETUP_ATT,17.0,900,NRCell,Huawei
1696561200000,SEV001_01,VOLTE_CALL_SETUP_SUCC,17.0,900,NRCell,Huawei
1696561200000,SNT002_01,DCR_DEN,908.0,900,NRCell,Huawei
1696561200000,SNT002_01,DCR_NUM,1.0,900,NRCell,Huawei
1696561200000,SNT002_01,DROP_CALL_VOLTE_DEN,9.0,900,NRCell,Huawei
1696561200000,SNT002_01,DROP_CALL_VOLTE_NUM,0.0,900,NRCell,Huawei
1696561200000,SNT002_01,ERAB_SR_DEN,921.0,900,NRCell,Huawei
1696561200000,SNT002_01,ERAB_SR_NUM,921.0,900,NRCell,Huawei
1696561200000,SNT002_01,INTEGRITY_NGBR_QCI_9,10498692920.0,900,NRCell,Huawei
1696561200000,SNT002_01,INTRA_FREQUENCY_HO_OUT_ATT,74.0,900,NRCell,Huawei
1696561200000,SNT002_01,INTRA_FREQUENCY_HO_OUT_SUCC,74.0,900,NRCell,Huawei
1696561200000,SNT002_01,RRC_SETUP_ATT,547.0,900,NRCell,Huawei
1696561200000,SNT002_01,RRC_SETUP_SUCC,546.0,900,NRCell,Huawei
1696561200000,SNT002_01,S1SIG_Connection_Setup_SR_DEN,546.0,900,NRCell,Huawei
1696561200000,SNT002_01,S1SIG_Connection_Setup_SR_NUM,546.0,900,NRCell,Huawei
1696561200000,SNT002_01,SERVICE_LATENCY_OVER_AIR_INTERFACE_DEN,281420.0,900,NRCell,Huawei
1696561200000,SNT002_01,SERVICE_LATENCY_OVER_AIR_INTERFACE_NUM,362106.0,900,NRCell,Huawei
1696561200000,SNT002_01,VOICE_TRAFFIC,5521.0,900,NRCell,Huawei
1696561200000,SNT002_01,VOLTE_CALL_SETUP_ATT,8.0,900,NRCell,Huawei
1696561200000,SNT002_01,VOLTE_CALL_SETUP_SUCC,8.0,900,NRCell,Huawei
1696561200000,TAR015_01,DCR_DEN,3697.0,900,NRCell,Huawei
1696561200000,TAR015_01,DCR_NUM,3.0,900,NRCell,Huawei
1696561200000,TAR015_01,DROP_CALL_VOLTE_DEN,28.0,900,NRCell,Huawei
1696561200000,TAR015_01,DROP_CALL_VOLTE_NUM,0.0,900,NRCell,Huawei
1696561200000,TAR015_01,ERAB_SR_DEN,3679.0,900,NRCell,Huawei
1696561200000,TAR015_01,ERAB_SR_NUM,3679.0,900,NRCell,Huawei
1696561200000,TAR015_01,INTEGRITY_NGBR_QCI_9,17662443632.0,900,NRCell,Huawei
1696561200000,TAR015_01,INTRA_FREQUENCY_HO_OUT_ATT,124.0,900,NRCell,Huawei
1696561200000,TAR015_01,INTRA_FREQUENCY_HO_OUT_SUCC,124.0,900,NRCell,Huawei
1696561200000,TAR015_01,RRC_SETUP_ATT,2034.0,900,NRCell,Huawei
1696561200000,TAR015_01,RRC_SETUP_SUCC,2031.0,900,NRCell,Huawei
1696561200000,TAR015_01,S1SIG_Connection_Setup_SR_DEN,2031.0,900,NRCell,Huawei
1696561200000,TAR015_01,S1SIG_Connection_Setup_SR_NUM,2031.0,900,NRCell,Huawei
1696561200000,TAR015_01,SERVICE_LATENCY_OVER_AIR_INTERFACE_DEN,502629.0,900,NRCell,Huawei
1696561200000,TAR015_01,SERVICE_LATENCY_OVER_AIR_INTERFACE_NUM,3228594.0,900,NRCell,Huawei
1696561200000,TAR015_01,VOICE_TRAFFIC,30688.0,900,NRCell,Huawei
1696561200000,TAR015_01,VOLTE_CALL_SETUP_ATT,29.0,900,NRCell,Huawei
1696561200000,TAR015_01,VOLTE_CALL_SETUP_SUCC,29.0,900,NRCell,Huawei
1696561200000,TOL034_01,DCR_DEN,112.0,900,NRCell,Huawei
1696561200000,TOL034_01,DCR_NUM,0.0,900,NRCell,Huawei
1696561200000,TOL034_01,DROP_CALL_VOLTE_DEN,1.0,900,NRCell,Huawei
1696561200000,TOL034_01,DROP_CALL_VOLTE_NUM,0.0,900,NRCell,Huawei
1696561200000,TOL034_01,ERAB_SR_DEN,104.0,900,NRCell,Huawei
1696561200000,TOL034_01,ERAB_SR_NUM,104.0,900,NRCell,Huawei
1696561200000,TOL034_01,INTEGRITY_NGBR_QCI_9,834499408.0,900,NRCell,Huawei
1696561200000,TOL034_01,INTRA_FREQUENCY_HO_OUT_ATT,5.0,900,NRCell,Huawei
1696561200000,TOL034_01,INTRA_FREQUENCY_HO_OUT_SUCC,5.0,900,NRCell,Huawei
1696561200000,TOL034_01,RRC_SETUP_ATT,87.0,900,NRCell,Huawei
1696561200000,TOL034_01,RRC_SETUP_SUCC,87.0,900,NRCell,Huawei
1696561200000,TOL034_01,S1SIG_Connection_Setup_SR_DEN,87.0,900,NRCell,Huawei
1696561200000,TOL034_01,S1SIG_Connection_Setup_SR_NUM,87.0,900,NRCell,Huawei
1696561200000,TOL034_01,SERVICE_LATENCY_OVER_AIR_INTERFACE_DEN,47559.0,900,NRCell,Huawei
1696561200000,TOL034_01,SERVICE_LATENCY_OVER_AIR_INTERFACE_NUM,66411.0,900,NRCell,Huawei
1696561200000,TOL034_01,VOICE_TRAFFIC,1086.0,900,NRCell,Huawei
1696561200000,TOL034_01,VOLTE_CALL_SETUP_ATT,1.0,900,NRCell,Huawei
1696561200000,TOL034_01,VOLTE_CALL_SETUP_SUCC,1.0,900,NRCell,Huawei
1696561200000,VAL002_01,DCR_DEN,56.0,900,NRCell,Huawei
1696561200000,VAL002_01,DCR_NUM,0.0,900,NRCell,Huawei
1696561200000,VAL002_01,DROP_CALL_VOLTE_DEN,0.0,900,NRCell,Huawei
1696561200000,VAL002_01,DROP_CALL_VOLTE_NUM,0.0,900,NRCell,Huawei
1696561200000,VAL002_01,ERAB_SR_DEN,54.0,900,NRCell,Huawei
1696561200000,VAL002_01,ERAB_SR_NUM,54.0,900,NRCell,Huawei
1696561200000,VAL002_01,INTEGRITY_NGBR_QCI_9,660950776.0,900,NRCell,Huawei
1696561200000,VAL002_01,INTRA_FREQUENCY_HO_OUT_ATT,1.0,900,NRCell,Huawei
1696561200000,VAL002_01,INTRA_FREQUENCY_HO_OUT_SUCC,1.0,900,NRCell,Huawei
1696561200000,VAL002_01,RRC_SETUP_ATT,33.0,900,NRCell,Huawei
1696561200000,VAL002_01,RRC_SETUP_SUCC,33.0,900,NRCell,Huawei
1696561200000,VAL002_01,S1SIG_Connection_Setup_SR_DEN,33.0,900,NRCell,Huawei
1696561200000,VAL002_01,S1SIG_Connection_Setup_SR_NUM,33.0,900,NRCell,Huawei
1696561200000,VAL002_01,SERVICE_LATENCY_OVER_AIR_INTERFACE_DEN,15312.0,900,NRCell,Huawei
1696561200000,VAL002_01,SERVICE_LATENCY_OVER_AIR_INTERFACE_NUM,19009.0,900,NRCell,Huawei
1696561200000,VAL002_01,VOICE_TRAFFIC,0.0,900,NRCell,Huawei
1696561200000,VAL002_01,VOLTE_CALL_SETUP_ATT,0.0,900,NRCell,Huawei
1696561200000,VAL002_01,VOLTE_CALL_SETUP_SUCC,0.0,900,NRCell,Huawei
