startTime,neId,counterCode,counterValue,granularity,neType,vendorName
1696770000000,BCN014_01,DCR_DEN,1385.0,900,NRCell,Huawei
1696770000000,BCN014_01,DCR_NUM,0.0,900,NRCell,Huawei
1696770000000,BCN014_01,DROP_CALL_VOLTE_DEN,5.0,900,NRCell,Huawei
1696770000000,BCN014_01,DROP_CALL_VOLTE_NUM,0.0,900,NRCell,Huawei
1696770000000,BCN014_01,ERAB_SR_DEN,1409.0,900,NRCell,Huawei
1696770000000,BCN014_01,ERAB_SR_NUM,1409.0,900,NRCell,Huawei
1696770000000,BCN014_01,INTEGRITY_NGBR_QCI_9,8580402736.0,900,NRCell,Huawei
1696770000000,BCN014_01,INTRA_FREQUENCY_HO_OUT_ATT,69.0,900,NRCell,Huawei
1696770000000,BCN014_01,INTRA_FREQUENCY_HO_OUT_SUCC,69.0,900,NRCell,Huawei
1696770000000,BCN014_01,RRC_SETUP_ATT,875.0,900,NRCell,Huawei
1696770000000,BCN014_01,RRC_SETUP_SUCC,874.0,900,NRCell,Huawei
1696770000000,BCN014_01,S1SIG_Connection_Setup_SR_DEN,874.0,900,NRCell,Huawei
1696770000000,BCN014_01,S1SIG_Connection_Setup_SR_NUM,874.0,900,NRCell,Huawei
1696770000000,BCN014_01,SERVICE_LATENCY_OVER_AIR_INTERFACE_DEN,165522.0,900,NRCell,Huawei
1696770000000,BCN014_01,SERVICE_LATENCY_OVER_AIR_INTERFACE_NUM,195225.0,900,NRCell,Huawei
1696770000000,BCN014_01,VOICE_TRAFFIC,2378.0,900,NRCell,Huawei
1696770000000,BCN014_01,VOLTE_CALL_SETUP_ATT,3.0,900,NRCell,Huawei
1696770000000,BCN014_01,VOLTE_CALL_SETUP_SUCC,3.0,900,NRCell,Huawei
1696770000000,BIL001_01,DCR_DEN,1148.0,900,NRCell,Huawei
1696770000000,BIL001_01,DCR_NUM,0.0,900,NRCell,Huawei
1696770000000,BIL001_01,DROP_CALL_VOLTE_DEN,3.0,900,NRCell,Huawei
1696770000000,BIL001_01,DROP_CALL_VOLTE_NUM,0.0,900,NRCell,Huawei
1696770000000,BIL001_01,ERAB_SR_DEN,1158.0,900,NRCell,Huawei
1696770000000,BIL001_01,ERAB_SR_NUM,1158.0,900,NRCell,Huawei
1696770000000,BIL001_01,INTEGRITY_NGBR_QCI_9,9081963648.0,900,NRCell,Huawei
1696770000000,BIL001_01,INTRA_FREQUENCY_HO_OUT_ATT,63.0,900,NRCell,Huawei
1696770000000,BIL001_01,INTRA_FREQUENCY_HO_OUT_SUCC,63.0,900,NRCell,Huawei
1696770000000,BIL001_01,RRC_SETUP_ATT,715.0,900,NRCell,Huawei
1696770000000,BIL001_01,RRC_SETUP_SUCC,715.0,900,NRCell,Huawei
1696770000000,BIL001_01,S1SIG_Connection_Setup_SR_DEN,715.0,900,NRCell,Huawei
1696770000000,BIL001_01,S1SIG_Connection_Setup_SR_NUM,715.0,900,NRCell,Huawei
1696770000000,BIL001_01,SERVICE_LATENCY_OVER_AIR_INTERFACE_DEN,103347.0,900,NRCell,Huawei
1696770000000,BIL001_01,SERVICE_LATENCY_OVER_AIR_INTERFACE_NUM,147537.0,900,NRCell,Huawei
1696770000000,BIL001_01,VOICE_TRAFFIC,718.0,900,NRCell,Huawei
1696770000000,BIL001_01,VOLTE_CALL_SETUP_ATT,2.0,900,NRCell,Huawei
1696770000000,BIL001_01,VOLTE_CALL_SETUP_SUCC,2.0,900,NRCell,Huawei
1696770000000,MAD033_01,DCR_DEN,664.0,900,NRCell,Huawei
1696770000000,MAD033_01,DCR_NUM,0.0,900,NRCell,Huawei
1696770000000,MAD033_01,DROP_CALL_VOLTE_DEN,2.0,900,NRCell,Huawei
1696770000000,MAD033_01,DROP_CALL_VOLTE_NUM,0.0,900,NRCell,Huawei
1696770000000,MAD033_01,ERAB_SR_DEN,671.0,900,NRCell,Huawei
1696770000000,MAD033_01,ERAB_SR_NUM,671.0,900,NRCell,Huawei
1696770000000,MAD033_01,INTEGRITY_NGBR_QCI_9,992038864.0,900,NRCell,Huawei
1696770000000,MAD033_01,INTRA_FREQUENCY_HO_OUT_ATT,24.0,900,NRCell,Huawei
1696770000000,MAD033_01,INTRA_FREQUENCY_HO_OUT_SUCC,24.0,900,NRCell,Huawei
1696770000000,MAD033_01,RRC_SETUP_ATT,398.0,900,NRCell,Huawei
1696770000000,MAD033_01,RRC_SETUP_SUCC,398.0,900,NRCell,Huawei
1696770000000,MAD033_01,S1SIG_Connection_Setup_SR_DEN,398.0,900,NRCell,Huawei
1696770000000,MAD033_01,S1SIG_Connection_Setup_SR_NUM,398.0,900,NRCell,Huawei
1696770000000,MAD033_01,SERVICE_LATENCY_OVER_AIR_INTERFACE_DEN,25732.0,900,NRCell,Huawei
1696770000000,MAD033_01,SERVICE_LATENCY_OVER_AIR_INTERFACE_NUM,39459.0,900,NRCell,Huawei
1696770000000,MAD033_01,VOICE_TRAFFIC,3733.0,900,NRCell,Huawei
1696770000000,MAD033_01,VOLTE_CALL_SETUP_ATT,3.0,900,NRCell,Huawei
1696770000000,MAD033_01,VOLTE_CALL_SETUP_SUCC,3.0,900,NRCell,Huawei
1696770000000,SAL030_01,DCR_DEN,187.0,900,NRCell,Huawei
1696770000000,SAL030_01,DCR_NUM,0.0,900,NRCell,Huawei
1696770000000,SAL030_01,DROP_CALL_VOLTE_DEN,0.0,900,NRCell,Huawei
1696770000000,SAL030_01,DROP_CALL_VOLTE_NUM,0.0,900,NRCell,Huawei
1696770000000,SAL030_01,ERAB_SR_DEN,180.0,900,NRCell,Huawei
1696770000000,SAL030_01,ERAB_SR_NUM,180.0,900,NRCell,Huawei
1696770000000,SAL030_01,INTEGRITY_NGBR_QCI_9,651243336.0,900,NRCell,Huawei
1696770000000,SAL030_01,INTRA_FREQUENCY_HO_OUT_ATT,4.0,900,NRCell,Huawei
1696770000000,SAL030_01,INTRA_FREQUENCY_HO_OUT_SUCC,4.0,900,NRCell,Huawei
1696770000000,SAL030_01,RRC_SETUP_ATT,101.0,900,NRCell,Huawei
1696770000000,SAL030_01,RRC_SETUP_SUCC,101.0,900,NRCell,Huawei
1696770000000,SAL030_01,S1SIG_Connection_Setup_SR_DEN,101.0,900,NRCell,Huawei
1696770000000,SAL030_01,S1SIG_Connection_Setup_SR_NUM,101.0,900,NRCell,Huawei
1696770000000,SAL030_01,SERVICE_LATENCY_OVER_AIR_INTERFACE_DEN,7145.0,900,NRCell,Huawei
1696770000000,SAL030_01,SERVICE_LATENCY_OVER_AIR_INTERFACE_NUM,9512.0,900,NRCell,Huawei
1696770000000,SAL030_01,VOICE_TRAFFIC,0.0,900,NRCell,Huawei
1696770000000,SAL030_01,VOLTE_CALL_SETUP_ATT,0.0,900,NRCell,Huawei
1696770000000,SAL030_01,VOLTE_CALL_SETUP_SUCC,0.0,900,NRCell,Huawei
1696770000000,SEV001_01,DCR_DEN,2603.0,900,NRCell,Huawei
1696770000000,SEV001_01,DCR_NUM,2.0,900,NRCell,Huawei
1696770000000,SEV001_01,DROP_CALL_VOLTE_DEN,2.0,900,NRCell,Huawei
1696770000000,SEV001_01,DROP_CALL_VOLTE_NUM,0.0,900,NRCell,Huawei
1696770000000,SEV001_01,ERAB_SR_DEN,2604.0,900,NRCell,Huawei
1696770000000,SEV001_01,ERAB_SR_NUM,2604.0,900,NRCell,Huawei
1696770000000,SEV001_01,INTEGRITY_NGBR_QCI_9,13026951160.0,900,NRCell,Huawei
1696770000000,SEV001_01,INTRA_FREQUENCY_HO_OUT_ATT,48.0,900,NRCell,Huawei
1696770000000,SEV001_01,INTRA_FREQUENCY_HO_OUT_SUCC,48.0,900,NRCell,Huawei
1696770000000,SEV001_01,RRC_SETUP_ATT,1486.0,900,NRCell,Huawei
1696770000000,SEV001_01,RRC_SETUP_SUCC,1486.0,900,NRCell,Huawei
1696770000000,SEV001_01,S1SIG_Connection_Setup_SR_DEN,1486.0,900,NRCell,Huawei
1696770000000,SEV001_01,S1SIG_Connection_Setup_SR_NUM,1486.0,900,NRCell,Huawei
1696770000000,SEV001_01,SERVICE_LATENCY_OVER_AIR_INTERFACE_DEN,270076.0,900,NRCell,Huawei
1696770000000,SEV001_01,SERVICE_LATENCY_OVER_AIR_INTERFACE_NUM,392273.0,900,NRCell,Huawei
1696770000000,SEV001_01,VOICE_TRAFFIC,8948.0,900,NRCell,Huawei
1696770000000,SEV001_01,VOLTE_CALL_SETUP_ATT,3.0,900,NRCell,Huawei
1696770000000,SEV001_01,VOLTE_CALL_SETUP_SUCC,3.0,900,NRCell,Huawei
1696770000000,SNT002_01,DCR_DEN,662.0,900,NRCell,Huawei
1696770000000,SNT002_01,DCR_NUM,0.0,900,NRCell,Huawei
1696770000000,SNT002_01,DROP_CALL_VOLTE_DEN,3.0,900,NRCell,Huawei
1696770000000,SNT002_01,DROP_CALL_VOLTE_NUM,0.0,900,NRCell,Huawei
1696770000000,SNT002_01,ERAB_SR_DEN,643.0,900,NRCell,Huawei
1696770000000,SNT002_01,ERAB_SR_NUM,643.0,900,NRCell,Huawei
1696770000000,SNT002_01,INTEGRITY_NGBR_QCI_9,1453896264.0,900,NRCell,Huawei
1696770000000,SNT002_01,INTRA_FREQUENCY_HO_OUT_ATT,19.0,900,NRCell,Huawei
1696770000000,SNT002_01,INTRA_FREQUENCY_HO_OUT_SUCC,19.0,900,NRCell,Huawei
1696770000000,SNT002_01,RRC_SETUP_ATT,377.0,900,NRCell,Huawei
1696770000000,SNT002_01,RRC_SETUP_SUCC,377.0,900,NRCell,Huawei
1696770000000,SNT002_01,S1SIG_Connection_Setup_SR_DEN,377.0,900,NRCell,Huawei
1696770000000,SNT002_01,S1SIG_Connection_Setup_SR_NUM,377.0,900,NRCell,Huawei
1696770000000,SNT002_01,SERVICE_LATENCY_OVER_AIR_INTERFACE_DEN,67657.0,900,NRCell,Huawei
1696770000000,SNT002_01,SERVICE_LATENCY_OVER_AIR_INTERFACE_NUM,71624.0,900,NRCell,Huawei
1696770000000,SNT002_01,VOICE_TRAFFIC,4487.0,900,NRCell,Huawei
1696770000000,SNT002_01,VOLTE_CALL_SETUP_ATT,4.0,900,NRCell,Huawei
1696770000000,SNT002_01,VOLTE_CALL_SETUP_SUCC,4.0,900,NRCell,Huawei
1696770000000,TAR015_01,DCR_DEN,2568.0,900,NRCell,Huawei
1696770000000,TAR015_01,DCR_NUM,1.0,900,NRCell,Huawei
1696770000000,TAR015_01,DROP_CALL_VOLTE_DEN,8.0,900,NRCell,Huawei
1696770000000,TAR015_01,DROP_CALL_VOLTE_NUM,0.0,900,NRCell,Huawei
1696770000000,TAR015_01,ERAB_SR_DEN,2563.0,900,NRCell,Huawei
1696770000000,TAR015_01,ERAB_SR_NUM,2563.0,900,NRCell,Huawei
1696770000000,TAR015_01,INTEGRITY_NGBR_QCI_9,12891575960.0,900,NRCell,Huawei
1696770000000,TAR015_01,INTRA_FREQUENCY_HO_OUT_ATT,65.0,900,NRCell,Huawei
1696770000000,TAR015_01,INTRA_FREQUENCY_HO_OUT_SUCC,65.0,900,NRCell,Huawei
1696770000000,TAR015_01,RRC_SETUP_ATT,1484.0,900,NRCell,Huawei
1696770000000,TAR015_01,RRC_SETUP_SUCC,1484.0,900,NRCell,Huawei
1696770000000,TAR015_01,S1SIG_Connection_Setup_SR_DEN,1484.0,900,NRCell,Huawei
1696770000000,TAR015_01,S1SIG_Connection_Setup_SR_NUM,1484.0,900,NRCell,Huawei
1696770000000,TAR015_01,SERVICE_LATENCY_OVER_AIR_INTERFACE_DEN,216624.0,900,NRCell,Huawei
1696770000000,TAR015_01,SERVICE_LATENCY_OVER_AIR_INTERFACE_NUM,354592.0,900,NRCell,Huawei
1696770000000,TAR015_01,VOICE_TRAFFIC,8318.0,900,NRCell,Huawei
1696770000000,TAR015_01,VOLTE_CALL_SETUP_ATT,6.0,900,NRCell,Huawei
1696770000000,TAR015_01,VOLTE_CALL_SETUP_SUCC,6.0,900,NRCell,Huawei
1696770000000,TOL034_01,DCR_DEN,79.0,900,NRCell,Huawei
1696770000000,TOL034_01,DCR_NUM,0.0,900,NRCell,Huawei
1696770000000,TOL034_01,DROP_CALL_VOLTE_DEN,0.0,900,NRCell,Huawei
1696770000000,TOL034_01,DROP_CALL_VOLTE_NUM,0.0,900,NRCell,Huawei
1696770000000,TOL034_01,ERAB_SR_DEN,82.0,900,NRCell,Huawei
1696770000000,TOL034_01,ERAB_SR_NUM,82.0,900,NRCell,Huawei
1696770000000,TOL034_01,INTEGRITY_NGBR_QCI_9,1718217560.0,900,NRCell,Huawei
1696770000000,TOL034_01,INTRA_FREQUENCY_HO_OUT_ATT,1.0,900,NRCell,Huawei
1696770000000,TOL034_01,INTRA_FREQUENCY_HO_OUT_SUCC,1.0,900,NRCell,Huawei
1696770000000,TOL034_01,RRC_SETUP_ATT,72.0,900,NRCell,Huawei
1696770000000,TOL034_01,RRC_SETUP_SUCC,72.0,900,NRCell,Huawei
1696770000000,TOL034_01,S1SIG_Connection_Setup_SR_DEN,72.0,900,NRCell,Huawei
1696770000000,TOL034_01,S1SIG_Connection_Setup_SR_NUM,72.0,900,NRCell,Huawei
1696770000000,TOL034_01,SERVICE_LATENCY_OVER_AIR_INTERFACE_DEN,37096.0,900,NRCell,Huawei
1696770000000,TOL034_01,SERVICE_LATENCY_OVER_AIR_INTERFACE_NUM,41805.0,900,NRCell,Huawei
1696770000000,TOL034_01,VOICE_TRAFFIC,0.0,900,NRCell,Huawei
1696770000000,TOL034_01,VOLTE_CALL_SETUP_ATT,0.0,900,NRCell,Huawei
1696770000000,TOL034_01,VOLTE_CALL_SETUP_SUCC,0.0,900,NRCell,Huawei
1696770000000,VAL002_01,DCR_DEN,16.0,900,NRCell,Huawei
1696770000000,VAL002_01,DCR_NUM,0.0,900,NRCell,Huawei
1696770000000,VAL002_01,DROP_CALL_VOLTE_DEN,0.0,900,NRCell,Huawei
1696770000000,VAL002_01,DROP_CALL_VOLTE_NUM,0.0,900,NRCell,Huawei
1696770000000,VAL002_01,ERAB_SR_DEN,14.0,900,NRCell,Huawei
1696770000000,VAL002_01,ERAB_SR_NUM,14.0,900,NRCell,Huawei
1696770000000,VAL002_01,INTEGRITY_NGBR_QCI_9,380096.0,900,NRCell,Huawei
1696770000000,VAL002_01,INTRA_FREQUENCY_HO_OUT_ATT,0.0,900,NRCell,Huawei
1696770000000,VAL002_01,INTRA_FREQUENCY_HO_OUT_SUCC,0.0,900,NRCell,Huawei
1696770000000,VAL002_01,RRC_SETUP_ATT,13.0,900,NRCell,Huawei
1696770000000,VAL002_01,RRC_SETUP_SUCC,13.0,900,NRCell,Huawei
1696770000000,VAL002_01,S1SIG_Connection_Setup_SR_DEN,13.0,900,NRCell,Huawei
1696770000000,VAL002_01,S1SIG_Connection_Setup_SR_NUM,13.0,900,NRCell,Huawei
1696770000000,VAL002_01,SERVICE_LATENCY_OVER_AIR_INTERFACE_DEN,84.0,900,NRCell,Huawei
1696770000000,VAL002_01,SERVICE_LATENCY_OVER_AIR_INTERFACE_NUM,177.0,900,NRCell,Huawei
1696770000000,VAL002_01,VOICE_TRAFFIC,0.0,900,NRCell,Huawei
1696770000000,VAL002_01,VOLTE_CALL_SETUP_ATT,0.0,900,NRCell,Huawei
1696770000000,VAL002_01,VOLTE_CALL_SETUP_SUCC,0.0,900,NRCell,Huawei
