startTime,neId,counterCode,counterValue,granularity,neType,vendorName
1696545000000,BCN014_01,DCR_DEN,3941.0,900,NRCell,Huawei
1696545000000,BCN014_01,DCR_NUM,3.0,900,NRCell,Huawei
1696545000000,BCN014_01,DROP_CALL_VOLTE_DEN,50.0,900,NRCell,Huawei
1696545000000,BCN014_01,DROP_CALL_VOLTE_NUM,0.0,900,NRCell,Huawei
1696545000000,BCN014_01,ERAB_SR_DEN,3831.0,900,NRCell,Huawei
1696545000000,BCN014_01,ERAB_SR_NUM,3825.0,900,NRCell,Huawei
1696545000000,BCN014_01,INTEGRITY_NGBR_QCI_9,14939393944.0,900,NRCell,Huawei
1696545000000,BCN014_01,INTRA_FREQUENCY_HO_OUT_ATT,203.0,900,NRCell,Huawei
1696545000000,BCN014_01,INTRA_FREQUENCY_HO_OUT_SUCC,202.0,900,NRCell,Huawei
1696545000000,BCN014_01,RRC_SETUP_ATT,2152.0,900,NRCell,Huawei
1696545000000,BCN014_01,RRC_SETUP_SUCC,2146.0,900,NRCell,Huawei
1696545000000,BCN014_01,S1SIG_Connection_Setup_SR_DEN,2146.0,900,NRCell,Huawei
1696545000000,BCN014_01,S1SIG_Connection_Setup_SR_NUM,2146.0,900,NRCell,Huawei
1696545000000,BCN014_01,SERVICE_LATENCY_OVER_AIR_INTERFACE_DEN,444633.0,900,NRCell,Huawei
1696545000000,BCN014_01,SERVICE_LATENCY_OVER_AIR_INTERFACE_NUM,979706.0,900,NRCell,Huawei
1696545000000,BCN014_01,VOICE_TRAFFIC,34544.0,900,NRCell,Huawei
1696545000000,BCN014_01,VOLTE_CALL_SETUP_ATT,48.0,900,NRCell,Huawei
1696545000000,BCN014_01,VOLTE_CALL_SETUP_SUCC,48.0,900,NRCell,Huawei
1696545000000,BIL001_01,DCR_DEN,3216.0,900,NRCell,Huawei
1696545000000,BIL001_01,DCR_NUM,0.0,900,NRCell,Huawei
1696545000000,BIL001_01,DROP_CALL_VOLTE_DEN,36.0,900,NRCell,Huawei
1696545000000,BIL001_01,DROP_CALL_VOLTE_NUM,0.0,900,NRCell,Huawei
1696545000000,BIL001_01,ERAB_SR_DEN,3261.0,900,NRCell,Huawei
1696545000000,BIL001_01,ERAB_SR_NUM,3258.0,900,NRCell,Huawei
1696545000000,BIL001_01,INTEGRITY_NGBR_QCI_9,17110260680.0,900,NRCell,Huawei
1696545000000,BIL001_01,INTRA_FREQUENCY_HO_OUT_ATT,165.0,900,NRCell,Huawei
1696545000000,BIL001_01,INTRA_FREQUENCY_HO_OUT_SUCC,165.0,900,NRCell,Huawei
1696545000000,BIL001_01,RRC_SETUP_ATT,1841.0,900,NRCell,Huawei
1696545000000,BIL001_01,RRC_SETUP_SUCC,1823.0,900,NRCell,Huawei
1696545000000,BIL001_01,S1SIG_Connection_Setup_SR_DEN,1823.0,900,NRCell,Huawei
1696545000000,BIL001_01,S1SIG_Connection_Setup_SR_NUM,1823.0,900,NRCell,Huawei
1696545000000,BIL001_01,SERVICE_LATENCY_OVER_AIR_INTERFACE_DEN,521642.0,900,NRCell,Huawei
1696545000000,BIL001_01,SERVICE_LATENCY_OVER_AIR_INTERFACE_NUM,1020750.0,900,NRCell,Huawei
1696545000000,BIL001_01,VOICE_TRAFFIC,22217.0,900,NRCell,Huawei
1696545000000,BIL001_01,VOLTE_CALL_SETUP_ATT,37.0,900,NRCell,Huawei
1696545000000,BIL001_01,VOLTE_CALL_SETUP_SUCC,37.0,900,NRCell,Huawei
1696545000000,MAD033_01,DCR_DEN,2268.0,900,NRCell,Huawei
1696545000000,MAD033_01,DCR_NUM,4.0,900,NRCell,Huawei
1696545000000,MAD033_01,DROP_CALL_VOLTE_DEN,33.0,900,NRCell,Huawei
1696545000000,MAD033_01,DROP_CALL_VOLTE_NUM,0.0,900,NRCell,Huawei
1696545000000,MAD033_01,ERAB_SR_DEN,2282.0,900,NRCell,Huawei
1696545000000,MAD033_01,ERAB_SR_NUM,2282.0,900,NRCell,Huawei
1696545000000,MAD033_01,INTEGRITY_NGBR_QCI_9,7680668456.0,900,NRCell,Huawei
1696545000000,MAD033_01,INTRA_FREQUENCY_HO_OUT_ATT,205.0,900,NRCell,Huawei
1696545000000,MAD033_01,INTRA_FREQUENCY_HO_OUT_SUCC,205.0,900,NRCell,Huawei
1696545000000,MAD033_01,RRC_SETUP_ATT,1284.0,900,NRCell,Huawei
1696545000000,MAD033_01,RRC_SETUP_SUCC,1279.0,900,NRCell,Huawei
1696545000000,MAD033_01,S1SIG_Connection_Setup_SR_DEN,1279.0,900,NRCell,Huawei
1696545000000,MAD033_01,S1SIG_Connection_Setup_SR_NUM,1279.0,900,NRCell,Huawei
1696545000000,MAD033_01,SERVICE_LATENCY_OVER_AIR_INTERFACE_DEN,210165.0,900,NRCell,Huawei
1696545000000,MAD033_01,SERVICE_LATENCY_OVER_AIR_INTERFACE_NUM,338718.0,900,NRCell,Huawei
1696545000000,MAD033_01,VOICE_TRAFFIC,12249.0,900,NRCell,Huawei
1696545000000,MAD033_01,VOLTE_CALL_SETUP_ATT,40.0,900,NRCell,Huawei
1696545000000,MAD033_01,VOLTE_CALL_SETUP_SUCC,40.0,900,NRCell,Huawei
1696545000000,SAL030_01,DCR_DEN,348.0,900,NRCell,Huawei
1696545000000,SAL030_01,DCR_NUM,1.0,900,NRCell,Huawei
1696545000000,SAL030_01,DROP_CALL_VOLTE_DEN,1.0,900,NRCell,Huawei
1696545000000,SAL030_01,DROP_CALL_VOLTE_NUM,0.0,900,NRCell,Huawei
1696545000000,SAL030_01,ERAB_SR_DEN,352.0,900,NRCell,Huawei
1696545000000,SAL030_01,ERAB_SR_NUM,351.0,900,NRCell,Huawei
1696545000000,SAL030_01,INTEGRITY_NGBR_QCI_9,1688717400.0,900,NRCell,Huawei
1696545000000,SAL030_01,INTRA_FREQUENCY_HO_OUT_ATT,17.0,900,NRCell,Huawei
1696545000000,SAL030_01,INTRA_FREQUENCY_HO_OUT_SUCC,17.0,900,NRCell,Huawei
1696545000000,SAL030_01,RRC_SETUP_ATT,196.0,900,NRCell,Huawei
1696545000000,SAL030_01,RRC_SETUP_SUCC,195.0,900,NRCell,Huawei
1696545000000,SAL030_01,S1SIG_Connection_Setup_SR_DEN,195.0,900,NRCell,Huawei
1696545000000,SAL030_01,S1SIG_Connection_Setup_SR_NUM,194.0,900,NRCell,Huawei
1696545000000,SAL030_01,SERVICE_LATENCY_OVER_AIR_INTERFACE_DEN,35636.0,900,NRCell,Huawei
1696545000000,SAL030_01,SERVICE_LATENCY_OVER_AIR_INTERFACE_NUM,57074.0,900,NRCell,Huawei
1696545000000,SAL030_01,VOICE_TRAFFIC,120.0,900,NRCell,Huawei
1696545000000,SAL030_01,VOLTE_CALL_SETUP_ATT,0.0,900,NRCell,Huawei
1696545000000,SAL030_01,VOLTE_CALL_SETUP_SUCC,0.0,900,NRCell,Huawei
1696545000000,SEV001_01,DCR_DEN,4278.0,900,NRCell,Huawei
1696545000000,SEV001_01,DCR_NUM,3.0,900,NRCell,Huawei
1696545000000,SEV001_01,DROP_CALL_VOLTE_DEN,35.0,900,NRCell,Huawei
1696545000000,SEV001_01,DROP_CALL_VOLTE_NUM,0.0,900,NRCell,Huawei
1696545000000,SEV001_01,ERAB_SR_DEN,4304.0,900,NRCell,Huawei
1696545000000,SEV001_01,ERAB_SR_NUM,4301.0,900,NRCell,Huawei
1696545000000,SEV001_01,INTEGRITY_NGBR_QCI_9,19449244096.0,900,NRCell,Huawei
1696545000000,SEV001_01,INTRA_FREQUENCY_HO_OUT_ATT,131.0,900,NRCell,Huawei
1696545000000,SEV001_01,INTRA_FREQUENCY_HO_OUT_SUCC,131.0,900,NRCell,Huawei
1696545000000,SEV001_01,RRC_SETUP_ATT,2319.0,900,NRCell,Huawei
1696545000000,SEV001_01,RRC_SETUP_SUCC,2318.0,900,NRCell,Huawei
1696545000000,SEV001_01,S1SIG_Connection_Setup_SR_DEN,2318.0,900,NRCell,Huawei
1696545000000,SEV001_01,S1SIG_Connection_Setup_SR_NUM,2318.0,900,NRCell,Huawei
1696545000000,SEV001_01,SERVICE_LATENCY_OVER_AIR_INTERFACE_DEN,482211.0,900,NRCell,Huawei
1696545000000,SEV001_01,SERVICE_LATENCY_OVER_AIR_INTERFACE_NUM,1762036.0,900,NRCell,Huawei
1696545000000,SEV001_01,VOICE_TRAFFIC,32855.0,900,NRCell,Huawei
1696545000000,SEV001_01,VOLTE_CALL_SETUP_ATT,33.0,900,NRCell,Huawei
1696545000000,SEV001_01,VOLTE_CALL_SETUP_SUCC,33.0,900,NRCell,Huawei
1696545000000,SNT002_01,DCR_DEN,1913.0,900,NRCell,Huawei
1696545000000,SNT002_01,DCR_NUM,1.0,900,NRCell,Huawei
1696545000000,SNT002_01,DROP_CALL_VOLTE_DEN,25.0,900,NRCell,Huawei
1696545000000,SNT002_01,DROP_CALL_VOLTE_NUM,0.0,900,NRCell,Huawei
1696545000000,SNT002_01,ERAB_SR_DEN,2028.0,900,NRCell,Huawei
1696545000000,SNT002_01,ERAB_SR_NUM,2028.0,900,NRCell,Huawei
1696545000000,SNT002_01,INTEGRITY_NGBR_QCI_9,8457834712.0,900,NRCell,Huawei
1696545000000,SNT002_01,INTRA_FREQUENCY_HO_OUT_ATT,138.0,900,NRCell,Huawei
1696545000000,SNT002_01,INTRA_FREQUENCY_HO_OUT_SUCC,137.0,900,NRCell,Huawei
1696545000000,SNT002_01,RRC_SETUP_ATT,1160.0,900,NRCell,Huawei
1696545000000,SNT002_01,RRC_SETUP_SUCC,1151.0,900,NRCell,Huawei
1696545000000,SNT002_01,S1SIG_Connection_Setup_SR_DEN,1151.0,900,NRCell,Huawei
1696545000000,SNT002_01,S1SIG_Connection_Setup_SR_NUM,1151.0,900,NRCell,Huawei
1696545000000,SNT002_01,SERVICE_LATENCY_OVER_AIR_INTERFACE_DEN,269112.0,900,NRCell,Huawei
1696545000000,SNT002_01,SERVICE_LATENCY_OVER_AIR_INTERFACE_NUM,349473.0,900,NRCell,Huawei
1696545000000,SNT002_01,VOICE_TRAFFIC,6598.0,900,NRCell,Huawei
1696545000000,SNT002_01,VOLTE_CALL_SETUP_ATT,26.0,900,NRCell,Huawei
1696545000000,SNT002_01,VOLTE_CALL_SETUP_SUCC,26.0,900,NRCell,Huawei
1696545000000,TAR015_01,DCR_DEN,4619.0,900,NRCell,Huawei
1696545000000,TAR015_01,DCR_NUM,3.0,900,NRCell,Huawei
1696545000000,TAR015_01,DROP_CALL_VOLTE_DEN,32.0,900,NRCell,Huawei
1696545000000,TAR015_01,DROP_CALL_VOLTE_NUM,0.0,900,NRCell,Huawei
1696545000000,TAR015_01,ERAB_SR_DEN,4577.0,900,NRCell,Huawei
1696545000000,TAR015_01,ERAB_SR_NUM,4575.0,900,NRCell,Huawei
1696545000000,TAR015_01,INTEGRITY_NGBR_QCI_9,18773549888.0,900,NRCell,Huawei
1696545000000,TAR015_01,INTRA_FREQUENCY_HO_OUT_ATT,154.0,900,NRCell,Huawei
1696545000000,TAR015_01,INTRA_FREQUENCY_HO_OUT_SUCC,154.0,900,NRCell,Huawei
1696545000000,TAR015_01,RRC_SETUP_ATT,2464.0,900,NRCell,Huawei
1696545000000,TAR015_01,RRC_SETUP_SUCC,2463.0,900,NRCell,Huawei
1696545000000,TAR015_01,S1SIG_Connection_Setup_SR_DEN,2463.0,900,NRCell,Huawei
1696545000000,TAR015_01,S1SIG_Connection_Setup_SR_NUM,2463.0,900,NRCell,Huawei
1696545000000,TAR015_01,SERVICE_LATENCY_OVER_AIR_INTERFACE_DEN,552131.0,900,NRCell,Huawei
1696545000000,TAR015_01,SERVICE_LATENCY_OVER_AIR_INTERFACE_NUM,2076200.0,900,NRCell,Huawei
1696545000000,TAR015_01,VOICE_TRAFFIC,51311.0,900,NRCell,Huawei
1696545000000,TAR015_01,VOLTE_CALL_SETUP_ATT,34.0,900,NRCell,Huawei
1696545000000,TAR015_01,VOLTE_CALL_SETUP_SUCC,34.0,900,NRCell,Huawei
1696545000000,TOL034_01,DCR_DEN,244.0,900,NRCell,Huawei
1696545000000,TOL034_01,DCR_NUM,0.0,900,NRCell,Huawei
1696545000000,TOL034_01,DROP_CALL_VOLTE_DEN,1.0,900,NRCell,Huawei
1696545000000,TOL034_01,DROP_CALL_VOLTE_NUM,0.0,900,NRCell,Huawei
1696545000000,TOL034_01,ERAB_SR_DEN,232.0,900,NRCell,Huawei
1696545000000,TOL034_01,ERAB_SR_NUM,232.0,900,NRCell,Huawei
1696545000000,TOL034_01,INTEGRITY_NGBR_QCI_9,3997177304.0,900,NRCell,Huawei
1696545000000,TOL034_01,INTRA_FREQUENCY_HO_OUT_ATT,23.0,900,NRCell,Huawei
1696545000000,TOL034_01,INTRA_FREQUENCY_HO_OUT_SUCC,22.0,900,NRCell,Huawei
1696545000000,TOL034_01,RRC_SETUP_ATT,159.0,900,NRCell,Huawei
1696545000000,TOL034_01,RRC_SETUP_SUCC,159.0,900,NRCell,Huawei
1696545000000,TOL034_01,S1SIG_Connection_Setup_SR_DEN,159.0,900,NRCell,Huawei
1696545000000,TOL034_01,S1SIG_Connection_Setup_SR_NUM,159.0,900,NRCell,Huawei
1696545000000,TOL034_01,SERVICE_LATENCY_OVER_AIR_INTERFACE_DEN,48950.0,900,NRCell,Huawei
1696545000000,TOL034_01,SERVICE_LATENCY_OVER_AIR_INTERFACE_NUM,82128.0,900,NRCell,Huawei
1696545000000,TOL034_01,VOICE_TRAFFIC,61.0,900,NRCell,Huawei
1696545000000,TOL034_01,VOLTE_CALL_SETUP_ATT,1.0,900,NRCell,Huawei
1696545000000,TOL034_01,VOLTE_CALL_SETUP_SUCC,1.0,900,NRCell,Huawei
1696545000000,VAL002_01,DCR_DEN,42.0,900,NRCell,Huawei
1696545000000,VAL002_01,DCR_NUM,0.0,900,NRCell,Huawei
1696545000000,VAL002_01,DROP_CALL_VOLTE_DEN,0.0,900,NRCell,Huawei
1696545000000,VAL002_01,DROP_CALL_VOLTE_NUM,0.0,900,NRCell,Huawei
1696545000000,VAL002_01,ERAB_SR_DEN,40.0,900,NRCell,Huawei
1696545000000,VAL002_01,ERAB_SR_NUM,40.0,900,NRCell,Huawei
1696545000000,VAL002_01,INTEGRITY_NGBR_QCI_9,2456576016.0,900,NRCell,Huawei
1696545000000,VAL002_01,INTRA_FREQUENCY_HO_OUT_ATT,13.0,900,NRCell,Huawei
1696545000000,VAL002_01,INTRA_FREQUENCY_HO_OUT_SUCC,13.0,900,NRCell,Huawei
1696545000000,VAL002_01,RRC_SETUP_ATT,28.0,900,NRCell,Huawei
1696545000000,VAL002_01,RRC_SETUP_SUCC,28.0,900,NRCell,Huawei
1696545000000,VAL002_01,S1SIG_Connection_Setup_SR_DEN,28.0,900,NRCell,Huawei
1696545000000,VAL002_01,S1SIG_Connection_Setup_SR_NUM,28.0,900,NRCell,Huawei
1696545000000,VAL002_01,SERVICE_LATENCY_OVER_AIR_INTERFACE_DEN,63554.0,900,NRCell,Huawei
1696545000000,VAL002_01,SERVICE_LATENCY_OVER_AIR_INTERFACE_NUM,84733.0,900,NRCell,Huawei
1696545000000,VAL002_01,VOICE_TRAFFIC,0.0,900,NRCell,Huawei
1696545000000,VAL002_01,VOLTE_CALL_SETUP_ATT,0.0,900,NRCell,Huawei
1696545000000,VAL002_01,VOLTE_CALL_SETUP_SUCC,0.0,900,NRCell,Huawei
