startTime,neId,counterCode,counterValue,granularity,neType,vendorName
1696549500000,BCN014_01,DCR_DEN,3751.0,900,NRCell,Huawei
1696549500000,BCN014_01,DCR_NUM,0.0,900,NRCell,Huawei
1696549500000,BCN014_01,DROP_CALL_VOLTE_DEN,37.0,900,NRCell,Huawei
1696549500000,BCN014_01,DROP_CALL_VOLTE_NUM,0.0,900,NRCell,Huawei
1696549500000,BCN014_01,ERAB_SR_DEN,3695.0,900,NRCell,Huawei
1696549500000,BCN014_01,ERAB_SR_NUM,3690.0,900,NRCell,Huawei
1696549500000,BCN014_01,INTEGRITY_NGBR_QCI_9,12567517120.0,900,NRCell,Huawei
1696549500000,BCN014_01,INTRA_FREQUENCY_HO_OUT_ATT,223.0,900,NRCell,Huawei
1696549500000,BCN014_01,INTRA_FREQUENCY_HO_OUT_SUCC,223.0,900,NRCell,Huawei
1696549500000,BCN014_01,RRC_SETUP_ATT,2099.0,900,NRCell,Huawei
1696549500000,BCN014_01,RRC_SETUP_SUCC,2096.0,900,NRCell,Huawei
1696549500000,BCN014_01,S1SIG_Connection_Setup_SR_DEN,2097.0,900,NRCell,Huawei
1696549500000,BCN014_01,S1SIG_Connection_Setup_SR_NUM,2097.0,900,NRCell,Huawei
1696549500000,BCN014_01,SERVICE_LATENCY_OVER_AIR_INTERFACE_DEN,429117.0,900,NRCell,Huawei
1696549500000,BCN014_01,SERVICE_LATENCY_OVER_AIR_INTERFACE_NUM,704085.0,900,NRCell,Huawei
1696549500000,BCN014_01,VOICE_TRAFFIC,25972.0,900,NRCell,Huawei
1696549500000,BCN014_01,VOLTE_CALL_SETUP_ATT,36.0,900,NRCell,Huawei
1696549500000,BCN014_01,VOLTE_CALL_SETUP_SUCC,36.0,900,NRCell,Huawei
1696549500000,BIL001_01,DCR_DEN,3394.0,900,NRCell,Huawei
1696549500000,BIL001_01,DCR_NUM,0.0,900,NRCell,Huawei
1696549500000,BIL001_01,DROP_CALL_VOLTE_DEN,26.0,900,NRCell,Huawei
1696549500000,BIL001_01,DROP_CALL_VOLTE_NUM,0.0,900,NRCell,Huawei
1696549500000,BIL001_01,ERAB_SR_DEN,3449.0,900,NRCell,Huawei
1696549500000,BIL001_01,ERAB_SR_NUM,3445.0,900,NRCell,Huawei
1696549500000,BIL001_01,INTEGRITY_NGBR_QCI_9,12225714040.0,900,NRCell,Huawei
1696549500000,BIL001_01,INTRA_FREQUENCY_HO_OUT_ATT,157.0,900,NRCell,Huawei
1696549500000,BIL001_01,INTRA_FREQUENCY_HO_OUT_SUCC,157.0,900,NRCell,Huawei
1696549500000,BIL001_01,RRC_SETUP_ATT,2006.0,900,NRCell,Huawei
1696549500000,BIL001_01,RRC_SETUP_SUCC,1989.0,900,NRCell,Huawei
1696549500000,BIL001_01,S1SIG_Connection_Setup_SR_DEN,1988.0,900,NRCell,Huawei
1696549500000,BIL001_01,S1SIG_Connection_Setup_SR_NUM,1988.0,900,NRCell,Huawei
1696549500000,BIL001_01,SERVICE_LATENCY_OVER_AIR_INTERFACE_DEN,370631.0,900,NRCell,Huawei
1696549500000,BIL001_01,SERVICE_LATENCY_OVER_AIR_INTERFACE_NUM,581137.0,900,NRCell,Huawei
1696549500000,BIL001_01,VOICE_TRAFFIC,17391.0,900,NRCell,Huawei
1696549500000,BIL001_01,VOLTE_CALL_SETUP_ATT,32.0,900,NRCell,Huawei
1696549500000,BIL001_01,VOLTE_CALL_SETUP_SUCC,32.0,900,NRCell,Huawei
1696549500000,MAD033_01,DCR_DEN,2187.0,900,NRCell,Huawei
1696549500000,MAD033_01,DCR_NUM,1.0,900,NRCell,Huawei
1696549500000,MAD033_01,DROP_CALL_VOLTE_DEN,22.0,900,NRCell,Huawei
1696549500000,MAD033_01,DROP_CALL_VOLTE_NUM,0.0,900,NRCell,Huawei
1696549500000,MAD033_01,ERAB_SR_DEN,2209.0,900,NRCell,Huawei
1696549500000,MAD033_01,ERAB_SR_NUM,2209.0,900,NRCell,Huawei
1696549500000,MAD033_01,INTEGRITY_NGBR_QCI_9,9578847320.0,900,NRCell,Huawei
1696549500000,MAD033_01,INTRA_FREQUENCY_HO_OUT_ATT,171.0,900,NRCell,Huawei
1696549500000,MAD033_01,INTRA_FREQUENCY_HO_OUT_SUCC,171.0,900,NRCell,Huawei
1696549500000,MAD033_01,RRC_SETUP_ATT,1280.0,900,NRCell,Huawei
1696549500000,MAD033_01,RRC_SETUP_SUCC,1279.0,900,NRCell,Huawei
1696549500000,MAD033_01,S1SIG_Connection_Setup_SR_DEN,1279.0,900,NRCell,Huawei
1696549500000,MAD033_01,S1SIG_Connection_Setup_SR_NUM,1279.0,900,NRCell,Huawei
1696549500000,MAD033_01,SERVICE_LATENCY_OVER_AIR_INTERFACE_DEN,321024.0,900,NRCell,Huawei
1696549500000,MAD033_01,SERVICE_LATENCY_OVER_AIR_INTERFACE_NUM,483130.0,900,NRCell,Huawei
1696549500000,MAD033_01,VOICE_TRAFFIC,27000.0,900,NRCell,Huawei
1696549500000,MAD033_01,VOLTE_CALL_SETUP_ATT,21.0,900,NRCell,Huawei
1696549500000,MAD033_01,VOLTE_CALL_SETUP_SUCC,21.0,900,NRCell,Huawei
1696549500000,SAL030_01,DCR_DEN,351.0,900,NRCell,Huawei
1696549500000,SAL030_01,DCR_NUM,0.0,900,NRCell,Huawei
1696549500000,SAL030_01,DROP_CALL_VOLTE_DEN,3.0,900,NRCell,Huawei
1696549500000,SAL030_01,DROP_CALL_VOLTE_NUM,0.0,900,NRCell,Huawei
1696549500000,SAL030_01,ERAB_SR_DEN,362.0,900,NRCell,Huawei
1696549500000,SAL030_01,ERAB_SR_NUM,358.0,900,NRCell,Huawei
1696549500000,SAL030_01,INTEGRITY_NGBR_QCI_9,4154669312.0,900,NRCell,Huawei
1696549500000,SAL030_01,INTRA_FREQUENCY_HO_OUT_ATT,14.0,900,NRCell,Huawei
1696549500000,SAL030_01,INTRA_FREQUENCY_HO_OUT_SUCC,14.0,900,NRCell,Huawei
1696549500000,SAL030_01,RRC_SETUP_ATT,202.0,900,NRCell,Huawei
1696549500000,SAL030_01,RRC_SETUP_SUCC,201.0,900,NRCell,Huawei
1696549500000,SAL030_01,S1SIG_Connection_Setup_SR_DEN,201.0,900,NRCell,Huawei
1696549500000,SAL030_01,S1SIG_Connection_Setup_SR_NUM,201.0,900,NRCell,Huawei
1696549500000,SAL030_01,SERVICE_LATENCY_OVER_AIR_INTERFACE_DEN,79225.0,900,NRCell,Huawei
1696549500000,SAL030_01,SERVICE_LATENCY_OVER_AIR_INTERFACE_NUM,185284.0,900,NRCell,Huawei
1696549500000,SAL030_01,VOICE_TRAFFIC,9981.0,900,NRCell,Huawei
1696549500000,SAL030_01,VOLTE_CALL_SETUP_ATT,3.0,900,NRCell,Huawei
1696549500000,SAL030_01,VOLTE_CALL_SETUP_SUCC,3.0,900,NRCell,Huawei
1696549500000,SEV001_01,DCR_DEN,4023.0,900,NRCell,Huawei
1696549500000,SEV001_01,DCR_NUM,4.0,900,NRCell,Huawei
1696549500000,SEV001_01,DROP_CALL_VOLTE_DEN,28.0,900,NRCell,Huawei
1696549500000,SEV001_01,DROP_CALL_VOLTE_NUM,0.0,900,NRCell,Huawei
1696549500000,SEV001_01,ERAB_SR_DEN,4063.0,900,NRCell,Huawei
1696549500000,SEV001_01,ERAB_SR_NUM,4056.0,900,NRCell,Huawei
1696549500000,SEV001_01,INTEGRITY_NGBR_QCI_9,18395193144.0,900,NRCell,Huawei
1696549500000,SEV001_01,INTRA_FREQUENCY_HO_OUT_ATT,127.0,900,NRCell,Huawei
1696549500000,SEV001_01,INTRA_FREQUENCY_HO_OUT_SUCC,127.0,900,NRCell,Huawei
1696549500000,SEV001_01,RRC_SETUP_ATT,2188.0,900,NRCell,Huawei
1696549500000,SEV001_01,RRC_SETUP_SUCC,2176.0,900,NRCell,Huawei
1696549500000,SEV001_01,S1SIG_Connection_Setup_SR_DEN,2176.0,900,NRCell,Huawei
1696549500000,SEV001_01,S1SIG_Connection_Setup_SR_NUM,2176.0,900,NRCell,Huawei
1696549500000,SEV001_01,SERVICE_LATENCY_OVER_AIR_INTERFACE_DEN,584610.0,900,NRCell,Huawei
1696549500000,SEV001_01,SERVICE_LATENCY_OVER_AIR_INTERFACE_NUM,2043144.0,900,NRCell,Huawei
1696549500000,SEV001_01,VOICE_TRAFFIC,28142.0,900,NRCell,Huawei
1696549500000,SEV001_01,VOLTE_CALL_SETUP_ATT,31.0,900,NRCell,Huawei
1696549500000,SEV001_01,VOLTE_CALL_SETUP_SUCC,31.0,900,NRCell,Huawei
1696549500000,SNT002_01,DCR_DEN,2297.0,900,NRCell,Huawei
1696549500000,SNT002_01,DCR_NUM,2.0,900,NRCell,Huawei
1696549500000,SNT002_01,DROP_CALL_VOLTE_DEN,28.0,900,NRCell,Huawei
1696549500000,SNT002_01,DROP_CALL_VOLTE_NUM,0.0,900,NRCell,Huawei
1696549500000,SNT002_01,ERAB_SR_DEN,2345.0,900,NRCell,Huawei
1696549500000,SNT002_01,ERAB_SR_NUM,2342.0,900,NRCell,Huawei
1696549500000,SNT002_01,INTEGRITY_NGBR_QCI_9,8920912440.0,900,NRCell,Huawei
1696549500000,SNT002_01,INTRA_FREQUENCY_HO_OUT_ATT,176.0,900,NRCell,Huawei
1696549500000,SNT002_01,INTRA_FREQUENCY_HO_OUT_SUCC,176.0,900,NRCell,Huawei
1696549500000,SNT002_01,RRC_SETUP_ATT,1319.0,900,NRCell,Huawei
1696549500000,SNT002_01,RRC_SETUP_SUCC,1311.0,900,NRCell,Huawei
1696549500000,SNT002_01,S1SIG_Connection_Setup_SR_DEN,1311.0,900,NRCell,Huawei
1696549500000,SNT002_01,S1SIG_Connection_Setup_SR_NUM,1311.0,900,NRCell,Huawei
1696549500000,SNT002_01,SERVICE_LATENCY_OVER_AIR_INTERFACE_DEN,330540.0,900,NRCell,Huawei
1696549500000,SNT002_01,SERVICE_LATENCY_OVER_AIR_INTERFACE_NUM,432774.0,900,NRCell,Huawei
1696549500000,SNT002_01,VOICE_TRAFFIC,26252.0,900,NRCell,Huawei
1696549500000,SNT002_01,VOLTE_CALL_SETUP_ATT,24.0,900,NRCell,Huawei
1696549500000,SNT002_01,VOLTE_CALL_SETUP_SUCC,24.0,900,NRCell,Huawei
1696549500000,TAR015_01,DCR_DEN,4658.0,900,NRCell,Huawei
1696549500000,TAR015_01,DCR_NUM,4.0,900,NRCell,Huawei
1696549500000,TAR015_01,DROP_CALL_VOLTE_DEN,32.0,900,NRCell,Huawei
1696549500000,TAR015_01,DROP_CALL_VOLTE_NUM,0.0,900,NRCell,Huawei
1696549500000,TAR015_01,ERAB_SR_DEN,4598.0,900,NRCell,Huawei
1696549500000,TAR015_01,ERAB_SR_NUM,4595.0,900,NRCell,Huawei
1696549500000,TAR015_01,INTEGRITY_NGBR_QCI_9,22864098176.0,900,NRCell,Huawei
1696549500000,TAR015_01,INTRA_FREQUENCY_HO_OUT_ATT,161.0,900,NRCell,Huawei
1696549500000,TAR015_01,INTRA_FREQUENCY_HO_OUT_SUCC,161.0,900,NRCell,Huawei
1696549500000,TAR015_01,RRC_SETUP_ATT,2471.0,900,NRCell,Huawei
1696549500000,TAR015_01,RRC_SETUP_SUCC,2466.0,900,NRCell,Huawei
1696549500000,TAR015_01,S1SIG_Connection_Setup_SR_DEN,2466.0,900,NRCell,Huawei
1696549500000,TAR015_01,S1SIG_Connection_Setup_SR_NUM,2466.0,900,NRCell,Huawei
1696549500000,TAR015_01,SERVICE_LATENCY_OVER_AIR_INTERFACE_DEN,763257.0,900,NRCell,Huawei
1696549500000,TAR015_01,SERVICE_LATENCY_OVER_AIR_INTERFACE_NUM,2269178.0,900,NRCell,Huawei
1696549500000,TAR015_01,VOICE_TRAFFIC,69886.0,900,NRCell,Huawei
1696549500000,TAR015_01,VOLTE_CALL_SETUP_ATT,34.0,900,NRCell,Huawei
1696549500000,TAR015_01,VOLTE_CALL_SETUP_SUCC,34.0,900,NRCell,Huawei
1696549500000,TOL034_01,DCR_DEN,211.0,900,NRCell,Huawei
1696549500000,TOL034_01,DCR_NUM,0.0,900,NRCell,Huawei
1696549500000,TOL034_01,DROP_CALL_VOLTE_DEN,2.0,900,NRCell,Huawei
1696549500000,TOL034_01,DROP_CALL_VOLTE_NUM,0.0,900,NRCell,Huawei
1696549500000,TOL034_01,ERAB_SR_DEN,212.0,900,NRCell,Huawei
1696549500000,TOL034_01,ERAB_SR_NUM,212.0,900,NRCell,Huawei
1696549500000,TOL034_01,INTEGRITY_NGBR_QCI_9,2148323792.0,900,NRCell,Huawei
1696549500000,TOL034_01,INTRA_FREQUENCY_HO_OUT_ATT,12.0,900,NRCell,Huawei
1696549500000,TOL034_01,INTRA_FREQUENCY_HO_OUT_SUCC,12.0,900,NRCell,Huawei
1696549500000,TOL034_01,RRC_SETUP_ATT,135.0,900,NRCell,Huawei
1696549500000,TOL034_01,RRC_SETUP_SUCC,135.0,900,NRCell,Huawei
1696549500000,TOL034_01,S1SIG_Connection_Setup_SR_DEN,135.0,900,NRCell,Huawei
1696549500000,TOL034_01,S1SIG_Connection_Setup_SR_NUM,135.0,900,NRCell,Huawei
1696549500000,TOL034_01,SERVICE_LATENCY_OVER_AIR_INTERFACE_DEN,96424.0,900,NRCell,Huawei
1696549500000,TOL034_01,SERVICE_LATENCY_OVER_AIR_INTERFACE_NUM,148853.0,900,NRCell,Huawei
1696549500000,TOL034_01,VOICE_TRAFFIC,921.0,900,NRCell,Huawei
1696549500000,TOL034_01,VOLTE_CALL_SETUP_ATT,0.0,900,NRCell,Huawei
1696549500000,TOL034_01,VOLTE_CALL_SETUP_SUCC,0.0,900,NRCell,Huawei
1696549500000,VAL002_01,DCR_DEN,93.0,900,NRCell,Huawei
1696549500000,VAL002_01,DCR_NUM,0.0,900,NRCell,Huawei
1696549500000,VAL002_01,DROP_CALL_VOLTE_DEN,1.0,900,NRCell,Huawei
1696549500000,VAL002_01,DROP_CALL_VOLTE_NUM,0.0,900,NRCell,Huawei
1696549500000,VAL002_01,ERAB_SR_DEN,77.0,900,NRCell,Huawei
1696549500000,VAL002_01,ERAB_SR_NUM,77.0,900,NRCell,Huawei
1696549500000,VAL002_01,INTEGRITY_NGBR_QCI_9,2036585472.0,900,NRCell,Huawei
1696549500000,VAL002_01,INTRA_FREQUENCY_HO_OUT_ATT,7.0,900,NRCell,Huawei
1696549500000,VAL002_01,INTRA_FREQUENCY_HO_OUT_SUCC,7.0,900,NRCell,Huawei
1696549500000,VAL002_01,RRC_SETUP_ATT,51.0,900,NRCell,Huawei
1696549500000,VAL002_01,RRC_SETUP_SUCC,50.0,900,NRCell,Huawei
1696549500000,VAL002_01,S1SIG_Connection_Setup_SR_DEN,50.0,900,NRCell,Huawei
1696549500000,VAL002_01,S1SIG_Connection_Setup_SR_NUM,50.0,900,NRCell,Huawei
1696549500000,VAL002_01,SERVICE_LATENCY_OVER_AIR_INTERFACE_DEN,22706.0,900,NRCell,Huawei
1696549500000,VAL002_01,SERVICE_LATENCY_OVER_AIR_INTERFACE_NUM,27848.0,900,NRCell,Huawei
1696549500000,VAL002_01,VOICE_TRAFFIC,65.0,900,NRCell,Huawei
1696549500000,VAL002_01,VOLTE_CALL_SETUP_ATT,0.0,900,NRCell,Huawei
1696549500000,VAL002_01,VOLTE_CALL_SETUP_SUCC,0.0,900,NRCell,Huawei
