startTime,neId,counterCode,counterValue,granularity,neType,vendorName
1696486500000,BCN014_01,DCR_DEN,869.0,900,NRCell,Huawei
1696486500000,BCN014_01,DCR_NUM,0.0,900,NRCell,Huawei
1696486500000,BCN014_01,DROP_CALL_VOLTE_DEN,2.0,900,NRCell,Huawei
1696486500000,BCN014_01,DROP_CALL_VOLTE_NUM,0.0,900,NRCell,Huawei
1696486500000,BCN014_01,ERAB_SR_DEN,849.0,900,NRCell,Huawei
1696486500000,BCN014_01,ERAB_SR_NUM,849.0,900,NRCell,Huawei
1696486500000,BCN014_01,INTEGRITY_NGBR_QCI_9,8023854216.0,900,NRCell,Huawei
1696486500000,BCN014_01,INTRA_FREQUENCY_HO_OUT_ATT,29.0,900,NRCell,Huawei
1696486500000,BCN014_01,INTRA_FREQUENCY_HO_OUT_SUCC,29.0,900,NRCell,Huawei
1696486500000,BCN014_01,RRC_SETUP_ATT,531.0,900,NRCell,Huawei
1696486500000,BCN014_01,RRC_SETUP_SUCC,531.0,900,NRCell,Huawei
1696486500000,BCN014_01,S1SIG_Connection_Setup_SR_DEN,531.0,900,NRCell,Huawei
1696486500000,BCN014_01,S1SIG_Connection_Setup_SR_NUM,531.0,900,NRCell,Huawei
1696486500000,BCN014_01,SERVICE_LATENCY_OVER_AIR_INTERFACE_DEN,260737.0,900,NRCell,Huawei
1696486500000,BCN014_01,SERVICE_LATENCY_OVER_AIR_INTERFACE_NUM,286818.0,900,NRCell,Huawei
1696486500000,BCN014_01,VOICE_TRAFFIC,16033.0,900,NRCell,Huawei
1696486500000,BCN014_01,VOLTE_CALL_SETUP_ATT,1.0,900,NRCell,Huawei
1696486500000,BCN014_01,VOLTE_CALL_SETUP_SUCC,1.0,900,NRCell,Huawei
1696486500000,BIL001_01,DCR_DEN,836.0,900,NRCell,Huawei
1696486500000,BIL001_01,DCR_NUM,0.0,900,NRCell,Huawei
1696486500000,BIL001_01,DROP_CALL_VOLTE_DEN,1.0,900,NRCell,Huawei
1696486500000,BIL001_01,DROP_CALL_VOLTE_NUM,0.0,900,NRCell,Huawei
1696486500000,BIL001_01,ERAB_SR_DEN,810.0,900,NRCell,Huawei
1696486500000,BIL001_01,ERAB_SR_NUM,810.0,900,NRCell,Huawei
1696486500000,BIL001_01,INTEGRITY_NGBR_QCI_9,8122134224.0,900,NRCell,Huawei
1696486500000,BIL001_01,INTRA_FREQUENCY_HO_OUT_ATT,21.0,900,NRCell,Huawei
1696486500000,BIL001_01,INTRA_FREQUENCY_HO_OUT_SUCC,21.0,900,NRCell,Huawei
1696486500000,BIL001_01,RRC_SETUP_ATT,502.0,900,NRCell,Huawei
1696486500000,BIL001_01,RRC_SETUP_SUCC,502.0,900,NRCell,Huawei
1696486500000,BIL001_01,S1SIG_Connection_Setup_SR_DEN,502.0,900,NRCell,Huawei
1696486500000,BIL001_01,S1SIG_Connection_Setup_SR_NUM,502.0,900,NRCell,Huawei
1696486500000,BIL001_01,SERVICE_LATENCY_OVER_AIR_INTERFACE_DEN,117819.0,900,NRCell,Huawei
1696486500000,BIL001_01,SERVICE_LATENCY_OVER_AIR_INTERFACE_NUM,171897.0,900,NRCell,Huawei
1696486500000,BIL001_01,VOICE_TRAFFIC,5715.0,900,NRCell,Huawei
1696486500000,BIL001_01,VOLTE_CALL_SETUP_ATT,0.0,900,NRCell,Huawei
1696486500000,BIL001_01,VOLTE_CALL_SETUP_SUCC,0.0,900,NRCell,Huawei
1696486500000,MAD033_01,DCR_DEN,1015.0,900,NRCell,Huawei
1696486500000,MAD033_01,DCR_NUM,0.0,900,NRCell,Huawei
1696486500000,MAD033_01,DROP_CALL_VOLTE_DEN,2.0,900,NRCell,Huawei
1696486500000,MAD033_01,DROP_CALL_VOLTE_NUM,0.0,900,NRCell,Huawei
1696486500000,MAD033_01,ERAB_SR_DEN,1013.0,900,NRCell,Huawei
1696486500000,MAD033_01,ERAB_SR_NUM,1013.0,900,NRCell,Huawei
1696486500000,MAD033_01,INTEGRITY_NGBR_QCI_9,1794460656.0,900,NRCell,Huawei
1696486500000,MAD033_01,INTRA_FREQUENCY_HO_OUT_ATT,17.0,900,NRCell,Huawei
1696486500000,MAD033_01,INTRA_FREQUENCY_HO_OUT_SUCC,17.0,900,NRCell,Huawei
1696486500000,MAD033_01,RRC_SETUP_ATT,602.0,900,NRCell,Huawei
1696486500000,MAD033_01,RRC_SETUP_SUCC,602.0,900,NRCell,Huawei
1696486500000,MAD033_01,S1SIG_Connection_Setup_SR_DEN,602.0,900,NRCell,Huawei
1696486500000,MAD033_01,S1SIG_Connection_Setup_SR_NUM,602.0,900,NRCell,Huawei
1696486500000,MAD033_01,SERVICE_LATENCY_OVER_AIR_INTERFACE_DEN,118129.0,900,NRCell,Huawei
1696486500000,MAD033_01,SERVICE_LATENCY_OVER_AIR_INTERFACE_NUM,149668.0,900,NRCell,Huawei
1696486500000,MAD033_01,VOICE_TRAFFIC,184.0,900,NRCell,Huawei
1696486500000,MAD033_01,VOLTE_CALL_SETUP_ATT,2.0,900,NRCell,Huawei
1696486500000,MAD033_01,VOLTE_CALL_SETUP_SUCC,2.0,900,NRCell,Huawei
1696486500000,SAL030_01,DCR_DEN,212.0,900,NRCell,Huawei
1696486500000,SAL030_01,DCR_NUM,0.0,900,NRCell,Huawei
1696486500000,SAL030_01,DROP_CALL_VOLTE_DEN,0.0,900,NRCell,Huawei
1696486500000,SAL030_01,DROP_CALL_VOLTE_NUM,0.0,900,NRCell,Huawei
1696486500000,SAL030_01,ERAB_SR_DEN,206.0,900,NRCell,Huawei
1696486500000,SAL030_01,ERAB_SR_NUM,206.0,900,NRCell,Huawei
1696486500000,SAL030_01,INTEGRITY_NGBR_QCI_9,679632640.0,900,NRCell,Huawei
1696486500000,SAL030_01,INTRA_FREQUENCY_HO_OUT_ATT,2.0,900,NRCell,Huawei
1696486500000,SAL030_01,INTRA_FREQUENCY_HO_OUT_SUCC,2.0,900,NRCell,Huawei
1696486500000,SAL030_01,RRC_SETUP_ATT,132.0,900,NRCell,Huawei
1696486500000,SAL030_01,RRC_SETUP_SUCC,132.0,900,NRCell,Huawei
1696486500000,SAL030_01,S1SIG_Connection_Setup_SR_DEN,132.0,900,NRCell,Huawei
1696486500000,SAL030_01,S1SIG_Connection_Setup_SR_NUM,132.0,900,NRCell,Huawei
1696486500000,SAL030_01,SERVICE_LATENCY_OVER_AIR_INTERFACE_DEN,35329.0,900,NRCell,Huawei
1696486500000,SAL030_01,SERVICE_LATENCY_OVER_AIR_INTERFACE_NUM,52953.0,900,NRCell,Huawei
1696486500000,SAL030_01,VOICE_TRAFFIC,4520.0,900,NRCell,Huawei
1696486500000,SAL030_01,VOLTE_CALL_SETUP_ATT,0.0,900,NRCell,Huawei
1696486500000,SAL030_01,VOLTE_CALL_SETUP_SUCC,0.0,900,NRCell,Huawei
1696486500000,SEV001_01,DCR_DEN,2482.0,900,NRCell,Huawei
1696486500000,SEV001_01,DCR_NUM,0.0,900,NRCell,Huawei
1696486500000,SEV001_01,DROP_CALL_VOLTE_DEN,4.0,900,NRCell,Huawei
1696486500000,SEV001_01,DROP_CALL_VOLTE_NUM,0.0,900,NRCell,Huawei
1696486500000,SEV001_01,ERAB_SR_DEN,2497.0,900,NRCell,Huawei
1696486500000,SEV001_01,ERAB_SR_NUM,2496.0,900,NRCell,Huawei
1696486500000,SEV001_01,INTEGRITY_NGBR_QCI_9,10431174384.0,900,NRCell,Huawei
1696486500000,SEV001_01,INTRA_FREQUENCY_HO_OUT_ATT,19.0,900,NRCell,Huawei
1696486500000,SEV001_01,INTRA_FREQUENCY_HO_OUT_SUCC,19.0,900,NRCell,Huawei
1696486500000,SEV001_01,RRC_SETUP_ATT,1394.0,900,NRCell,Huawei
1696486500000,SEV001_01,RRC_SETUP_SUCC,1394.0,900,NRCell,Huawei
1696486500000,SEV001_01,S1SIG_Connection_Setup_SR_DEN,1394.0,900,NRCell,Huawei
1696486500000,SEV001_01,S1SIG_Connection_Setup_SR_NUM,1394.0,900,NRCell,Huawei
1696486500000,SEV001_01,SERVICE_LATENCY_OVER_AIR_INTERFACE_DEN,286216.0,900,NRCell,Huawei
1696486500000,SEV001_01,SERVICE_LATENCY_OVER_AIR_INTERFACE_NUM,408269.0,900,NRCell,Huawei
1696486500000,SEV001_01,VOICE_TRAFFIC,1449.0,900,NRCell,Huawei
1696486500000,SEV001_01,VOLTE_CALL_SETUP_ATT,4.0,900,NRCell,Huawei
1696486500000,SEV001_01,VOLTE_CALL_SETUP_SUCC,4.0,900,NRCell,Huawei
1696486500000,SNT002_01,DCR_DEN,777.0,900,NRCell,Huawei
1696486500000,SNT002_01,DCR_NUM,0.0,900,NRCell,Huawei
1696486500000,SNT002_01,DROP_CALL_VOLTE_DEN,3.0,900,NRCell,Huawei
1696486500000,SNT002_01,DROP_CALL_VOLTE_NUM,0.0,900,NRCell,Huawei
1696486500000,SNT002_01,ERAB_SR_DEN,789.0,900,NRCell,Huawei
1696486500000,SNT002_01,ERAB_SR_NUM,789.0,900,NRCell,Huawei
1696486500000,SNT002_01,INTEGRITY_NGBR_QCI_9,846829280.0,900,NRCell,Huawei
1696486500000,SNT002_01,INTRA_FREQUENCY_HO_OUT_ATT,7.0,900,NRCell,Huawei
1696486500000,SNT002_01,INTRA_FREQUENCY_HO_OUT_SUCC,7.0,900,NRCell,Huawei
1696486500000,SNT002_01,RRC_SETUP_ATT,466.0,900,NRCell,Huawei
1696486500000,SNT002_01,RRC_SETUP_SUCC,466.0,900,NRCell,Huawei
1696486500000,SNT002_01,S1SIG_Connection_Setup_SR_DEN,466.0,900,NRCell,Huawei
1696486500000,SNT002_01,S1SIG_Connection_Setup_SR_NUM,466.0,900,NRCell,Huawei
1696486500000,SNT002_01,SERVICE_LATENCY_OVER_AIR_INTERFACE_DEN,61645.0,900,NRCell,Huawei
1696486500000,SNT002_01,SERVICE_LATENCY_OVER_AIR_INTERFACE_NUM,75359.0,900,NRCell,Huawei
1696486500000,SNT002_01,VOICE_TRAFFIC,385.0,900,NRCell,Huawei
1696486500000,SNT002_01,VOLTE_CALL_SETUP_ATT,3.0,900,NRCell,Huawei
1696486500000,SNT002_01,VOLTE_CALL_SETUP_SUCC,3.0,900,NRCell,Huawei
1696486500000,TAR015_01,DCR_DEN,2749.0,900,NRCell,Huawei
1696486500000,TAR015_01,DCR_NUM,1.0,900,NRCell,Huawei
1696486500000,TAR015_01,DROP_CALL_VOLTE_DEN,1.0,900,NRCell,Huawei
1696486500000,TAR015_01,DROP_CALL_VOLTE_NUM,0.0,900,NRCell,Huawei
1696486500000,TAR015_01,ERAB_SR_DEN,2727.0,900,NRCell,Huawei
1696486500000,TAR015_01,ERAB_SR_NUM,2727.0,900,NRCell,Huawei
1696486500000,TAR015_01,INTEGRITY_NGBR_QCI_9,12873254992.0,900,NRCell,Huawei
1696486500000,TAR015_01,INTRA_FREQUENCY_HO_OUT_ATT,32.0,900,NRCell,Huawei
1696486500000,TAR015_01,INTRA_FREQUENCY_HO_OUT_SUCC,32.0,900,NRCell,Huawei
1696486500000,TAR015_01,RRC_SETUP_ATT,1533.0,900,NRCell,Huawei
1696486500000,TAR015_01,RRC_SETUP_SUCC,1533.0,900,NRCell,Huawei
1696486500000,TAR015_01,S1SIG_Connection_Setup_SR_DEN,1533.0,900,NRCell,Huawei
1696486500000,TAR015_01,S1SIG_Connection_Setup_SR_NUM,1533.0,900,NRCell,Huawei
1696486500000,TAR015_01,SERVICE_LATENCY_OVER_AIR_INTERFACE_DEN,297040.0,900,NRCell,Huawei
1696486500000,TAR015_01,SERVICE_LATENCY_OVER_AIR_INTERFACE_NUM,445054.0,900,NRCell,Huawei
1696486500000,TAR015_01,VOICE_TRAFFIC,5406.0,900,NRCell,Huawei
1696486500000,TAR015_01,VOLTE_CALL_SETUP_ATT,0.0,900,NRCell,Huawei
1696486500000,TAR015_01,VOLTE_CALL_SETUP_SUCC,0.0,900,NRCell,Huawei
1696486500000,TOL034_01,DCR_DEN,25.0,900,NRCell,Huawei
1696486500000,TOL034_01,DCR_NUM,0.0,900,NRCell,Huawei
1696486500000,TOL034_01,DROP_CALL_VOLTE_DEN,0.0,900,NRCell,Huawei
1696486500000,TOL034_01,DROP_CALL_VOLTE_NUM,0.0,900,NRCell,Huawei
1696486500000,TOL034_01,ERAB_SR_DEN,29.0,900,NRCell,Huawei
1696486500000,TOL034_01,ERAB_SR_NUM,29.0,900,NRCell,Huawei
1696486500000,TOL034_01,INTEGRITY_NGBR_QCI_9,3125290320.0,900,NRCell,Huawei
1696486500000,TOL034_01,INTRA_FREQUENCY_HO_OUT_ATT,0.0,900,NRCell,Huawei
1696486500000,TOL034_01,INTRA_FREQUENCY_HO_OUT_SUCC,0.0,900,NRCell,Huawei
1696486500000,TOL034_01,RRC_SETUP_ATT,22.0,900,NRCell,Huawei
1696486500000,TOL034_01,RRC_SETUP_SUCC,22.0,900,NRCell,Huawei
1696486500000,TOL034_01,S1SIG_Connection_Setup_SR_DEN,22.0,900,NRCell,Huawei
1696486500000,TOL034_01,S1SIG_Connection_Setup_SR_NUM,22.0,900,NRCell,Huawei
1696486500000,TOL034_01,SERVICE_LATENCY_OVER_AIR_INTERFACE_DEN,52327.0,900,NRCell,Huawei
1696486500000,TOL034_01,SERVICE_LATENCY_OVER_AIR_INTERFACE_NUM,84046.0,900,NRCell,Huawei
1696486500000,TOL034_01,VOICE_TRAFFIC,0.0,900,NRCell,Huawei
1696486500000,TOL034_01,VOLTE_CALL_SETUP_ATT,0.0,900,NRCell,Huawei
1696486500000,TOL034_01,VOLTE_CALL_SETUP_SUCC,0.0,900,NRCell,Huawei
1696486500000,VAL002_01,DCR_DEN,7.0,900,NRCell,Huawei
1696486500000,VAL002_01,DCR_NUM,0.0,900,NRCell,Huawei
1696486500000,VAL002_01,DROP_CALL_VOLTE_DEN,0.0,900,NRCell,Huawei
1696486500000,VAL002_01,DROP_CALL_VOLTE_NUM,0.0,900,NRCell,Huawei
1696486500000,VAL002_01,ERAB_SR_DEN,6.0,900,NRCell,Huawei
1696486500000,VAL002_01,ERAB_SR_NUM,6.0,900,NRCell,Huawei
1696486500000,VAL002_01,INTEGRITY_NGBR_QCI_9,425338568.0,900,NRCell,Huawei
1696486500000,VAL002_01,INTRA_FREQUENCY_HO_OUT_ATT,0.0,900,NRCell,Huawei
1696486500000,VAL002_01,INTRA_FREQUENCY_HO_OUT_SUCC,0.0,900,NRCell,Huawei
1696486500000,VAL002_01,RRC_SETUP_ATT,8.0,900,NRCell,Huawei
1696486500000,VAL002_01,RRC_SETUP_SUCC,8.0,900,NRCell,Huawei
1696486500000,VAL002_01,S1SIG_Connection_Setup_SR_DEN,8.0,900,NRCell,Huawei
1696486500000,VAL002_01,S1SIG_Connection_Setup_SR_NUM,8.0,900,NRCell,Huawei
1696486500000,VAL002_01,SERVICE_LATENCY_OVER_AIR_INTERFACE_DEN,15026.0,900,NRCell,Huawei
1696486500000,VAL002_01,SERVICE_LATENCY_OVER_AIR_INTERFACE_NUM,21080.0,900,NRCell,Huawei
1696486500000,VAL002_01,VOICE_TRAFFIC,0.0,900,NRCell,Huawei
1696486500000,VAL002_01,VOLTE_CALL_SETUP_ATT,0.0,900,NRCell,Huawei
1696486500000,VAL002_01,VOLTE_CALL_SETUP_SUCC,0.0,900,NRCell,Huawei
