startTime,neId,counterCode,counterValue,granularity,neType,vendorName
1696639500000,BCN014_01,DCR_DEN,3560.0,900,NRCell,Huawei
1696639500000,BCN014_01,DCR_NUM,3.0,900,NRCell,Huawei
1696639500000,BCN014_01,DROP_CALL_VOLTE_DEN,41.0,900,NRCell,Huawei
1696639500000,BCN014_01,DROP_CALL_VOLTE_NUM,0.0,900,NRCell,Huawei
1696639500000,BCN014_01,ERAB_SR_DEN,3504.0,900,NRCell,Huawei
1696639500000,BCN014_01,ERAB_SR_NUM,3500.0,900,NRCell,Huawei
1696639500000,BCN014_01,INTEGRITY_NGBR_QCI_9,13832531704.0,900,NRCell,Huawei
1696639500000,BCN014_01,INTRA_FREQUENCY_HO_OUT_ATT,317.0,900,NRCell,Huawei
1696639500000,BCN014_01,INTRA_FREQUENCY_HO_OUT_SUCC,317.0,900,NRCell,Huawei
1696639500000,BCN014_01,RRC_SETUP_ATT,2031.0,900,NRCell,Huawei
1696639500000,BCN014_01,RRC_SETUP_SUCC,2020.0,900,NRCell,Huawei
1696639500000,BCN014_01,S1SIG_Connection_Setup_SR_DEN,2020.0,900,NRCell,Huawei
1696639500000,BCN014_01,S1SIG_Connection_Setup_SR_NUM,2018.0,900,NRCell,Huawei
1696639500000,BCN014_01,SERVICE_LATENCY_OVER_AIR_INTERFACE_DEN,431225.0,900,NRCell,Huawei
1696639500000,BCN014_01,SERVICE_LATENCY_OVER_AIR_INTERFACE_NUM,803266.0,900,NRCell,Huawei
1696639500000,BCN014_01,VOICE_TRAFFIC,26113.0,900,NRCell,Huawei
1696639500000,BCN014_01,VOLTE_CALL_SETUP_ATT,41.0,900,NRCell,Huawei
1696639500000,BCN014_01,VOLTE_CALL_SETUP_SUCC,41.0,900,NRCell,Huawei
1696639500000,BIL001_01,DCR_DEN,3111.0,900,NRCell,Huawei
1696639500000,BIL001_01,DCR_NUM,9.0,900,NRCell,Huawei
1696639500000,BIL001_01,DROP_CALL_VOLTE_DEN,28.0,900,NRCell,Huawei
1696639500000,BIL001_01,DROP_CALL_VOLTE_NUM,0.0,900,NRCell,Huawei
1696639500000,BIL001_01,ERAB_SR_DEN,3115.0,900,NRCell,Huawei
1696639500000,BIL001_01,ERAB_SR_NUM,3111.0,900,NRCell,Huawei
1696639500000,BIL001_01,INTEGRITY_NGBR_QCI_9,14139929032.0,900,NRCell,Huawei
1696639500000,BIL001_01,INTRA_FREQUENCY_HO_OUT_ATT,251.0,900,NRCell,Huawei
1696639500000,BIL001_01,INTRA_FREQUENCY_HO_OUT_SUCC,251.0,900,NRCell,Huawei
1696639500000,BIL001_01,RRC_SETUP_ATT,1875.0,900,NRCell,Huawei
1696639500000,BIL001_01,RRC_SETUP_SUCC,1856.0,900,NRCell,Huawei
1696639500000,BIL001_01,S1SIG_Connection_Setup_SR_DEN,1855.0,900,NRCell,Huawei
1696639500000,BIL001_01,S1SIG_Connection_Setup_SR_NUM,1852.0,900,NRCell,Huawei
1696639500000,BIL001_01,SERVICE_LATENCY_OVER_AIR_INTERFACE_DEN,550905.0,900,NRCell,Huawei
1696639500000,BIL001_01,SERVICE_LATENCY_OVER_AIR_INTERFACE_NUM,844805.0,900,NRCell,Huawei
1696639500000,BIL001_01,VOICE_TRAFFIC,28378.0,900,NRCell,Huawei
1696639500000,BIL001_01,VOLTE_CALL_SETUP_ATT,22.0,900,NRCell,Huawei
1696639500000,BIL001_01,VOLTE_CALL_SETUP_SUCC,22.0,900,NRCell,Huawei
1696639500000,MAD033_01,DCR_DEN,1533.0,900,NRCell,Huawei
1696639500000,MAD033_01,DCR_NUM,1.0,900,NRCell,Huawei
1696639500000,MAD033_01,DROP_CALL_VOLTE_DEN,10.0,900,NRCell,Huawei
1696639500000,MAD033_01,DROP_CALL_VOLTE_NUM,0.0,900,NRCell,Huawei
1696639500000,MAD033_01,ERAB_SR_DEN,1560.0,900,NRCell,Huawei
1696639500000,MAD033_01,ERAB_SR_NUM,1560.0,900,NRCell,Huawei
1696639500000,MAD033_01,INTEGRITY_NGBR_QCI_9,8807387552.0,900,NRCell,Huawei
1696639500000,MAD033_01,INTRA_FREQUENCY_HO_OUT_ATT,117.0,900,NRCell,Huawei
1696639500000,MAD033_01,INTRA_FREQUENCY_HO_OUT_SUCC,117.0,900,NRCell,Huawei
1696639500000,MAD033_01,RRC_SETUP_ATT,876.0,900,NRCell,Huawei
1696639500000,MAD033_01,RRC_SETUP_SUCC,876.0,900,NRCell,Huawei
1696639500000,MAD033_01,S1SIG_Connection_Setup_SR_DEN,876.0,900,NRCell,Huawei
1696639500000,MAD033_01,S1SIG_Connection_Setup_SR_NUM,876.0,900,NRCell,Huawei
1696639500000,MAD033_01,SERVICE_LATENCY_OVER_AIR_INTERFACE_DEN,143277.0,900,NRCell,Huawei
1696639500000,MAD033_01,SERVICE_LATENCY_OVER_AIR_INTERFACE_NUM,197774.0,900,NRCell,Huawei
1696639500000,MAD033_01,VOICE_TRAFFIC,12358.0,900,NRCell,Huawei
1696639500000,MAD033_01,VOLTE_CALL_SETUP_ATT,9.0,900,NRCell,Huawei
1696639500000,MAD033_01,VOLTE_CALL_SETUP_SUCC,9.0,900,NRCell,Huawei
1696639500000,SAL030_01,DCR_DEN,147.0,900,NRCell,Huawei
1696639500000,SAL030_01,DCR_NUM,2.0,900,NRCell,Huawei
1696639500000,SAL030_01,DROP_CALL_VOLTE_DEN,0.0,900,NRCell,Huawei
1696639500000,SAL030_01,DROP_CALL_VOLTE_NUM,0.0,900,NRCell,Huawei
1696639500000,SAL030_01,ERAB_SR_DEN,168.0,900,NRCell,Huawei
1696639500000,SAL030_01,ERAB_SR_NUM,166.0,900,NRCell,Huawei
1696639500000,SAL030_01,INTEGRITY_NGBR_QCI_9,974030184.0,900,NRCell,Huawei
1696639500000,SAL030_01,INTRA_FREQUENCY_HO_OUT_ATT,14.0,900,NRCell,Huawei
1696639500000,SAL030_01,INTRA_FREQUENCY_HO_OUT_SUCC,14.0,900,NRCell,Huawei
1696639500000,SAL030_01,RRC_SETUP_ATT,95.0,900,NRCell,Huawei
1696639500000,SAL030_01,RRC_SETUP_SUCC,95.0,900,NRCell,Huawei
1696639500000,SAL030_01,S1SIG_Connection_Setup_SR_DEN,95.0,900,NRCell,Huawei
1696639500000,SAL030_01,S1SIG_Connection_Setup_SR_NUM,95.0,900,NRCell,Huawei
1696639500000,SAL030_01,SERVICE_LATENCY_OVER_AIR_INTERFACE_DEN,45543.0,900,NRCell,Huawei
1696639500000,SAL030_01,SERVICE_LATENCY_OVER_AIR_INTERFACE_NUM,82190.0,900,NRCell,Huawei
1696639500000,SAL030_01,VOICE_TRAFFIC,5429.0,900,NRCell,Huawei
1696639500000,SAL030_01,VOLTE_CALL_SETUP_ATT,1.0,900,NRCell,Huawei
1696639500000,SAL030_01,VOLTE_CALL_SETUP_SUCC,1.0,900,NRCell,Huawei
1696639500000,SEV001_01,DCR_DEN,2588.0,900,NRCell,Huawei
1696639500000,SEV001_01,DCR_NUM,10.0,900,NRCell,Huawei
1696639500000,SEV001_01,DROP_CALL_VOLTE_DEN,25.0,900,NRCell,Huawei
1696639500000,SEV001_01,DROP_CALL_VOLTE_NUM,0.0,900,NRCell,Huawei
1696639500000,SEV001_01,ERAB_SR_DEN,2617.0,900,NRCell,Huawei
1696639500000,SEV001_01,ERAB_SR_NUM,2607.0,900,NRCell,Huawei
1696639500000,SEV001_01,INTEGRITY_NGBR_QCI_9,11673865448.0,900,NRCell,Huawei
1696639500000,SEV001_01,INTRA_FREQUENCY_HO_OUT_ATT,152.0,900,NRCell,Huawei
1696639500000,SEV001_01,INTRA_FREQUENCY_HO_OUT_SUCC,152.0,900,NRCell,Huawei
1696639500000,SEV001_01,RRC_SETUP_ATT,1472.0,900,NRCell,Huawei
1696639500000,SEV001_01,RRC_SETUP_SUCC,1463.0,900,NRCell,Huawei
1696639500000,SEV001_01,S1SIG_Connection_Setup_SR_DEN,1463.0,900,NRCell,Huawei
1696639500000,SEV001_01,S1SIG_Connection_Setup_SR_NUM,1457.0,900,NRCell,Huawei
1696639500000,SEV001_01,SERVICE_LATENCY_OVER_AIR_INTERFACE_DEN,366396.0,900,NRCell,Huawei
1696639500000,SEV001_01,SERVICE_LATENCY_OVER_AIR_INTERFACE_NUM,919530.0,900,NRCell,Huawei
1696639500000,SEV001_01,VOICE_TRAFFIC,35602.0,900,NRCell,Huawei
1696639500000,SEV001_01,VOLTE_CALL_SETUP_ATT,24.0,900,NRCell,Huawei
1696639500000,SEV001_01,VOLTE_CALL_SETUP_SUCC,24.0,900,NRCell,Huawei
1696639500000,SNT002_01,DCR_DEN,1218.0,900,NRCell,Huawei
1696639500000,SNT002_01,DCR_NUM,0.0,900,NRCell,Huawei
1696639500000,SNT002_01,DROP_CALL_VOLTE_DEN,13.0,900,NRCell,Huawei
1696639500000,SNT002_01,DROP_CALL_VOLTE_NUM,0.0,900,NRCell,Huawei
1696639500000,SNT002_01,ERAB_SR_DEN,1261.0,900,NRCell,Huawei
1696639500000,SNT002_01,ERAB_SR_NUM,1260.0,900,NRCell,Huawei
1696639500000,SNT002_01,INTEGRITY_NGBR_QCI_9,9598845816.0,900,NRCell,Huawei
1696639500000,SNT002_01,INTRA_FREQUENCY_HO_OUT_ATT,105.0,900,NRCell,Huawei
1696639500000,SNT002_01,INTRA_FREQUENCY_HO_OUT_SUCC,105.0,900,NRCell,Huawei
1696639500000,SNT002_01,RRC_SETUP_ATT,719.0,900,NRCell,Huawei
1696639500000,SNT002_01,RRC_SETUP_SUCC,719.0,900,NRCell,Huawei
1696639500000,SNT002_01,S1SIG_Connection_Setup_SR_DEN,720.0,900,NRCell,Huawei
1696639500000,SNT002_01,S1SIG_Connection_Setup_SR_NUM,720.0,900,NRCell,Huawei
1696639500000,SNT002_01,SERVICE_LATENCY_OVER_AIR_INTERFACE_DEN,330771.0,900,NRCell,Huawei
1696639500000,SNT002_01,SERVICE_LATENCY_OVER_AIR_INTERFACE_NUM,434136.0,900,NRCell,Huawei
1696639500000,SNT002_01,VOICE_TRAFFIC,13961.0,900,NRCell,Huawei
1696639500000,SNT002_01,VOLTE_CALL_SETUP_ATT,15.0,900,NRCell,Huawei
1696639500000,SNT002_01,VOLTE_CALL_SETUP_SUCC,15.0,900,NRCell,Huawei
1696639500000,TAR015_01,DCR_DEN,3186.0,900,NRCell,Huawei
1696639500000,TAR015_01,DCR_NUM,8.0,900,NRCell,Huawei
1696639500000,TAR015_01,DROP_CALL_VOLTE_DEN,27.0,900,NRCell,Huawei
1696639500000,TAR015_01,DROP_CALL_VOLTE_NUM,0.0,900,NRCell,Huawei
1696639500000,TAR015_01,ERAB_SR_DEN,3125.0,900,NRCell,Huawei
1696639500000,TAR015_01,ERAB_SR_NUM,3118.0,900,NRCell,Huawei
1696639500000,TAR015_01,INTEGRITY_NGBR_QCI_9,15651473536.0,900,NRCell,Huawei
1696639500000,TAR015_01,INTRA_FREQUENCY_HO_OUT_ATT,133.0,900,NRCell,Huawei
1696639500000,TAR015_01,INTRA_FREQUENCY_HO_OUT_SUCC,133.0,900,NRCell,Huawei
1696639500000,TAR015_01,RRC_SETUP_ATT,1730.0,900,NRCell,Huawei
1696639500000,TAR015_01,RRC_SETUP_SUCC,1727.0,900,NRCell,Huawei
1696639500000,TAR015_01,S1SIG_Connection_Setup_SR_DEN,1727.0,900,NRCell,Huawei
1696639500000,TAR015_01,S1SIG_Connection_Setup_SR_NUM,1725.0,900,NRCell,Huawei
1696639500000,TAR015_01,SERVICE_LATENCY_OVER_AIR_INTERFACE_DEN,461740.0,900,NRCell,Huawei
1696639500000,TAR015_01,SERVICE_LATENCY_OVER_AIR_INTERFACE_NUM,1353084.0,900,NRCell,Huawei
1696639500000,TAR015_01,VOICE_TRAFFIC,24353.0,900,NRCell,Huawei
1696639500000,TAR015_01,VOLTE_CALL_SETUP_ATT,22.0,900,NRCell,Huawei
1696639500000,TAR015_01,VOLTE_CALL_SETUP_SUCC,22.0,900,NRCell,Huawei
1696639500000,TOL034_01,DCR_DEN,135.0,900,NRCell,Huawei
1696639500000,TOL034_01,DCR_NUM,0.0,900,NRCell,Huawei
1696639500000,TOL034_01,DROP_CALL_VOLTE_DEN,5.0,900,NRCell,Huawei
1696639500000,TOL034_01,DROP_CALL_VOLTE_NUM,0.0,900,NRCell,Huawei
1696639500000,TOL034_01,ERAB_SR_DEN,134.0,900,NRCell,Huawei
1696639500000,TOL034_01,ERAB_SR_NUM,134.0,900,NRCell,Huawei
1696639500000,TOL034_01,INTEGRITY_NGBR_QCI_9,3171886528.0,900,NRCell,Huawei
1696639500000,TOL034_01,INTRA_FREQUENCY_HO_OUT_ATT,21.0,900,NRCell,Huawei
1696639500000,TOL034_01,INTRA_FREQUENCY_HO_OUT_SUCC,21.0,900,NRCell,Huawei
1696639500000,TOL034_01,RRC_SETUP_ATT,102.0,900,NRCell,Huawei
1696639500000,TOL034_01,RRC_SETUP_SUCC,101.0,900,NRCell,Huawei
1696639500000,TOL034_01,S1SIG_Connection_Setup_SR_DEN,101.0,900,NRCell,Huawei
1696639500000,TOL034_01,S1SIG_Connection_Setup_SR_NUM,99.0,900,NRCell,Huawei
1696639500000,TOL034_01,SERVICE_LATENCY_OVER_AIR_INTERFACE_DEN,72659.0,900,NRCell,Huawei
1696639500000,TOL034_01,SERVICE_LATENCY_OVER_AIR_INTERFACE_NUM,145778.0,900,NRCell,Huawei
1696639500000,TOL034_01,VOICE_TRAFFIC,10070.0,900,NRCell,Huawei
1696639500000,TOL034_01,VOLTE_CALL_SETUP_ATT,1.0,900,NRCell,Huawei
1696639500000,TOL034_01,VOLTE_CALL_SETUP_SUCC,1.0,900,NRCell,Huawei
1696639500000,VAL002_01,DCR_DEN,29.0,900,NRCell,Huawei
1696639500000,VAL002_01,DCR_NUM,0.0,900,NRCell,Huawei
1696639500000,VAL002_01,DROP_CALL_VOLTE_DEN,1.0,900,NRCell,Huawei
1696639500000,VAL002_01,DROP_CALL_VOLTE_NUM,0.0,900,NRCell,Huawei
1696639500000,VAL002_01,ERAB_SR_DEN,30.0,900,NRCell,Huawei
1696639500000,VAL002_01,ERAB_SR_NUM,30.0,900,NRCell,Huawei
1696639500000,VAL002_01,INTEGRITY_NGBR_QCI_9,1091522272.0,900,NRCell,Huawei
1696639500000,VAL002_01,INTRA_FREQUENCY_HO_OUT_ATT,9.0,900,NRCell,Huawei
1696639500000,VAL002_01,INTRA_FREQUENCY_HO_OUT_SUCC,9.0,900,NRCell,Huawei
1696639500000,VAL002_01,RRC_SETUP_ATT,22.0,900,NRCell,Huawei
1696639500000,VAL002_01,RRC_SETUP_SUCC,22.0,900,NRCell,Huawei
1696639500000,VAL002_01,S1SIG_Connection_Setup_SR_DEN,22.0,900,NRCell,Huawei
1696639500000,VAL002_01,S1SIG_Connection_Setup_SR_NUM,22.0,900,NRCell,Huawei
1696639500000,VAL002_01,SERVICE_LATENCY_OVER_AIR_INTERFACE_DEN,7494.0,900,NRCell,Huawei
1696639500000,VAL002_01,SERVICE_LATENCY_OVER_AIR_INTERFACE_NUM,20576.0,900,NRCell,Huawei
1696639500000,VAL002_01,VOICE_TRAFFIC,181.0,900,NRCell,Huawei
1696639500000,VAL002_01,VOLTE_CALL_SETUP_ATT,1.0,900,NRCell,Huawei
1696639500000,VAL002_01,VOLTE_CALL_SETUP_SUCC,1.0,900,NRCell,Huawei
