startTime,neId,counterCode,counterValue,granularity,neType,vendorName
1696508100000,BCN014_01,DCR_DEN,1177.0,900,NRCell,Huawei
1696508100000,BCN014_01,DCR_NUM,0.0,900,NRCell,Huawei
1696508100000,BCN014_01,DROP_CALL_VOLTE_DEN,0.0,900,NRCell,Huawei
1696508100000,BCN014_01,DROP_CALL_VOLTE_NUM,0.0,900,NRCell,Huawei
1696508100000,BCN014_01,ERAB_SR_DEN,1179.0,900,NRCell,Huawei
1696508100000,BCN014_01,ERAB_SR_NUM,1179.0,900,NRCell,Huawei
1696508100000,BCN014_01,INTEGRITY_NGBR_QCI_9,2899982360.0,900,NRCell,Huawei
1696508100000,BCN014_01,INTRA_FREQUENCY_HO_OUT_ATT,78.0,900,NRCell,Huawei
1696508100000,BCN014_01,INTRA_FREQUENCY_HO_OUT_SUCC,78.0,900,NRCell,Huawei
1696508100000,BCN014_01,RRC_SETUP_ATT,782.0,900,NRCell,Huawei
1696508100000,BCN014_01,RRC_SETUP_SUCC,782.0,900,NRCell,Huawei
1696508100000,BCN014_01,S1SIG_Connection_Setup_SR_DEN,782.0,900,NRCell,Huawei
1696508100000,BCN014_01,S1SIG_Connection_Setup_SR_NUM,782.0,900,NRCell,Huawei
1696508100000,BCN014_01,SERVICE_LATENCY_OVER_AIR_INTERFACE_DEN,71128.0,900,NRCell,Huawei
1696508100000,BCN014_01,SERVICE_LATENCY_OVER_AIR_INTERFACE_NUM,85322.0,900,NRCell,Huawei
1696508100000,BCN014_01,VOICE_TRAFFIC,114.0,900,NRCell,Huawei
1696508100000,BCN014_01,VOLTE_CALL_SETUP_ATT,0.0,900,NRCell,Huawei
1696508100000,BCN014_01,VOLTE_CALL_SETUP_SUCC,0.0,900,NRCell,Huawei
1696508100000,BIL001_01,DCR_DEN,1320.0,900,NRCell,Huawei
1696508100000,BIL001_01,DCR_NUM,0.0,900,NRCell,Huawei
1696508100000,BIL001_01,DROP_CALL_VOLTE_DEN,2.0,900,NRCell,Huawei
1696508100000,BIL001_01,DROP_CALL_VOLTE_NUM,0.0,900,NRCell,Huawei
1696508100000,BIL001_01,ERAB_SR_DEN,1314.0,900,NRCell,Huawei
1696508100000,BIL001_01,ERAB_SR_NUM,1312.0,900,NRCell,Huawei
1696508100000,BIL001_01,INTEGRITY_NGBR_QCI_9,4503372024.0,900,NRCell,Huawei
1696508100000,BIL001_01,INTRA_FREQUENCY_HO_OUT_ATT,52.0,900,NRCell,Huawei
1696508100000,BIL001_01,INTRA_FREQUENCY_HO_OUT_SUCC,52.0,900,NRCell,Huawei
1696508100000,BIL001_01,RRC_SETUP_ATT,750.0,900,NRCell,Huawei
1696508100000,BIL001_01,RRC_SETUP_SUCC,747.0,900,NRCell,Huawei
1696508100000,BIL001_01,S1SIG_Connection_Setup_SR_DEN,747.0,900,NRCell,Huawei
1696508100000,BIL001_01,S1SIG_Connection_Setup_SR_NUM,747.0,900,NRCell,Huawei
1696508100000,BIL001_01,SERVICE_LATENCY_OVER_AIR_INTERFACE_DEN,140113.0,900,NRCell,Huawei
1696508100000,BIL001_01,SERVICE_LATENCY_OVER_AIR_INTERFACE_NUM,155417.0,900,NRCell,Huawei
1696508100000,BIL001_01,VOICE_TRAFFIC,1090.0,900,NRCell,Huawei
1696508100000,BIL001_01,VOLTE_CALL_SETUP_ATT,2.0,900,NRCell,Huawei
1696508100000,BIL001_01,VOLTE_CALL_SETUP_SUCC,2.0,900,NRCell,Huawei
1696508100000,MAD033_01,DCR_DEN,1171.0,900,NRCell,Huawei
1696508100000,MAD033_01,DCR_NUM,0.0,900,NRCell,Huawei
1696508100000,MAD033_01,DROP_CALL_VOLTE_DEN,8.0,900,NRCell,Huawei
1696508100000,MAD033_01,DROP_CALL_VOLTE_NUM,0.0,900,NRCell,Huawei
1696508100000,MAD033_01,ERAB_SR_DEN,1177.0,900,NRCell,Huawei
1696508100000,MAD033_01,ERAB_SR_NUM,1177.0,900,NRCell,Huawei
1696508100000,MAD033_01,INTEGRITY_NGBR_QCI_9,2405099968.0,900,NRCell,Huawei
1696508100000,MAD033_01,INTRA_FREQUENCY_HO_OUT_ATT,44.0,900,NRCell,Huawei
1696508100000,MAD033_01,INTRA_FREQUENCY_HO_OUT_SUCC,44.0,900,NRCell,Huawei
1696508100000,MAD033_01,RRC_SETUP_ATT,712.0,900,NRCell,Huawei
1696508100000,MAD033_01,RRC_SETUP_SUCC,712.0,900,NRCell,Huawei
1696508100000,MAD033_01,S1SIG_Connection_Setup_SR_DEN,712.0,900,NRCell,Huawei
1696508100000,MAD033_01,S1SIG_Connection_Setup_SR_NUM,712.0,900,NRCell,Huawei
1696508100000,MAD033_01,SERVICE_LATENCY_OVER_AIR_INTERFACE_DEN,69201.0,900,NRCell,Huawei
1696508100000,MAD033_01,SERVICE_LATENCY_OVER_AIR_INTERFACE_NUM,80877.0,900,NRCell,Huawei
1696508100000,MAD033_01,VOICE_TRAFFIC,4051.0,900,NRCell,Huawei
1696508100000,MAD033_01,VOLTE_CALL_SETUP_ATT,8.0,900,NRCell,Huawei
1696508100000,MAD033_01,VOLTE_CALL_SETUP_SUCC,8.0,900,NRCell,Huawei
1696508100000,SAL030_01,DCR_DEN,86.0,900,NRCell,Huawei
1696508100000,SAL030_01,DCR_NUM,1.0,900,NRCell,Huawei
1696508100000,SAL030_01,DROP_CALL_VOLTE_DEN,0.0,900,NRCell,Huawei
1696508100000,SAL030_01,DROP_CALL_VOLTE_NUM,0.0,900,NRCell,Huawei
1696508100000,SAL030_01,ERAB_SR_DEN,87.0,900,NRCell,Huawei
1696508100000,SAL030_01,ERAB_SR_NUM,87.0,900,NRCell,Huawei
1696508100000,SAL030_01,INTEGRITY_NGBR_QCI_9,60674768.0,900,NRCell,Huawei
1696508100000,SAL030_01,INTRA_FREQUENCY_HO_OUT_ATT,6.0,900,NRCell,Huawei
1696508100000,SAL030_01,INTRA_FREQUENCY_HO_OUT_SUCC,6.0,900,NRCell,Huawei
1696508100000,SAL030_01,RRC_SETUP_ATT,66.0,900,NRCell,Huawei
1696508100000,SAL030_01,RRC_SETUP_SUCC,64.0,900,NRCell,Huawei
1696508100000,SAL030_01,S1SIG_Connection_Setup_SR_DEN,64.0,900,NRCell,Huawei
1696508100000,SAL030_01,S1SIG_Connection_Setup_SR_NUM,64.0,900,NRCell,Huawei
1696508100000,SAL030_01,SERVICE_LATENCY_OVER_AIR_INTERFACE_DEN,5177.0,900,NRCell,Huawei
1696508100000,SAL030_01,SERVICE_LATENCY_OVER_AIR_INTERFACE_NUM,10620.0,900,NRCell,Huawei
1696508100000,SAL030_01,VOICE_TRAFFIC,0.0,900,NRCell,Huawei
1696508100000,SAL030_01,VOLTE_CALL_SETUP_ATT,0.0,900,NRCell,Huawei
1696508100000,SAL030_01,VOLTE_CALL_SETUP_SUCC,0.0,900,NRCell,Huawei
1696508100000,SEV001_01,DCR_DEN,2884.0,900,NRCell,Huawei
1696508100000,SEV001_01,DCR_NUM,0.0,900,NRCell,Huawei
1696508100000,SEV001_01,DROP_CALL_VOLTE_DEN,8.0,900,NRCell,Huawei
1696508100000,SEV001_01,DROP_CALL_VOLTE_NUM,0.0,900,NRCell,Huawei
1696508100000,SEV001_01,ERAB_SR_DEN,2929.0,900,NRCell,Huawei
1696508100000,SEV001_01,ERAB_SR_NUM,2924.0,900,NRCell,Huawei
1696508100000,SEV001_01,INTEGRITY_NGBR_QCI_9,5943570528.0,900,NRCell,Huawei
1696508100000,SEV001_01,INTRA_FREQUENCY_HO_OUT_ATT,101.0,900,NRCell,Huawei
1696508100000,SEV001_01,INTRA_FREQUENCY_HO_OUT_SUCC,101.0,900,NRCell,Huawei
1696508100000,SEV001_01,RRC_SETUP_ATT,1669.0,900,NRCell,Huawei
1696508100000,SEV001_01,RRC_SETUP_SUCC,1668.0,900,NRCell,Huawei
1696508100000,SEV001_01,S1SIG_Connection_Setup_SR_DEN,1668.0,900,NRCell,Huawei
1696508100000,SEV001_01,S1SIG_Connection_Setup_SR_NUM,1668.0,900,NRCell,Huawei
1696508100000,SEV001_01,SERVICE_LATENCY_OVER_AIR_INTERFACE_DEN,155610.0,900,NRCell,Huawei
1696508100000,SEV001_01,SERVICE_LATENCY_OVER_AIR_INTERFACE_NUM,228316.0,900,NRCell,Huawei
1696508100000,SEV001_01,VOICE_TRAFFIC,3975.0,900,NRCell,Huawei
1696508100000,SEV001_01,VOLTE_CALL_SETUP_ATT,8.0,900,NRCell,Huawei
1696508100000,SEV001_01,VOLTE_CALL_SETUP_SUCC,8.0,900,NRCell,Huawei
1696508100000,SNT002_01,DCR_DEN,1160.0,900,NRCell,Huawei
1696508100000,SNT002_01,DCR_NUM,0.0,900,NRCell,Huawei
1696508100000,SNT002_01,DROP_CALL_VOLTE_DEN,4.0,900,NRCell,Huawei
1696508100000,SNT002_01,DROP_CALL_VOLTE_NUM,0.0,900,NRCell,Huawei
1696508100000,SNT002_01,ERAB_SR_DEN,1165.0,900,NRCell,Huawei
1696508100000,SNT002_01,ERAB_SR_NUM,1165.0,900,NRCell,Huawei
1696508100000,SNT002_01,INTEGRITY_NGBR_QCI_9,1841107352.0,900,NRCell,Huawei
1696508100000,SNT002_01,INTRA_FREQUENCY_HO_OUT_ATT,27.0,900,NRCell,Huawei
1696508100000,SNT002_01,INTRA_FREQUENCY_HO_OUT_SUCC,27.0,900,NRCell,Huawei
1696508100000,SNT002_01,RRC_SETUP_ATT,711.0,900,NRCell,Huawei
1696508100000,SNT002_01,RRC_SETUP_SUCC,711.0,900,NRCell,Huawei
1696508100000,SNT002_01,S1SIG_Connection_Setup_SR_DEN,711.0,900,NRCell,Huawei
1696508100000,SNT002_01,S1SIG_Connection_Setup_SR_NUM,711.0,900,NRCell,Huawei
1696508100000,SNT002_01,SERVICE_LATENCY_OVER_AIR_INTERFACE_DEN,68726.0,900,NRCell,Huawei
1696508100000,SNT002_01,SERVICE_LATENCY_OVER_AIR_INTERFACE_NUM,74262.0,900,NRCell,Huawei
1696508100000,SNT002_01,VOICE_TRAFFIC,332.0,900,NRCell,Huawei
1696508100000,SNT002_01,VOLTE_CALL_SETUP_ATT,4.0,900,NRCell,Huawei
1696508100000,SNT002_01,VOLTE_CALL_SETUP_SUCC,4.0,900,NRCell,Huawei
1696508100000,TAR015_01,DCR_DEN,2947.0,900,NRCell,Huawei
1696508100000,TAR015_01,DCR_NUM,0.0,900,NRCell,Huawei
1696508100000,TAR015_01,DROP_CALL_VOLTE_DEN,2.0,900,NRCell,Huawei
1696508100000,TAR015_01,DROP_CALL_VOLTE_NUM,0.0,900,NRCell,Huawei
1696508100000,TAR015_01,ERAB_SR_DEN,2904.0,900,NRCell,Huawei
1696508100000,TAR015_01,ERAB_SR_NUM,2903.0,900,NRCell,Huawei
1696508100000,TAR015_01,INTEGRITY_NGBR_QCI_9,8012228272.0,900,NRCell,Huawei
1696508100000,TAR015_01,INTRA_FREQUENCY_HO_OUT_ATT,90.0,900,NRCell,Huawei
1696508100000,TAR015_01,INTRA_FREQUENCY_HO_OUT_SUCC,90.0,900,NRCell,Huawei
1696508100000,TAR015_01,RRC_SETUP_ATT,1668.0,900,NRCell,Huawei
1696508100000,TAR015_01,RRC_SETUP_SUCC,1668.0,900,NRCell,Huawei
1696508100000,TAR015_01,S1SIG_Connection_Setup_SR_DEN,1668.0,900,NRCell,Huawei
1696508100000,TAR015_01,S1SIG_Connection_Setup_SR_NUM,1668.0,900,NRCell,Huawei
1696508100000,TAR015_01,SERVICE_LATENCY_OVER_AIR_INTERFACE_DEN,247949.0,900,NRCell,Huawei
1696508100000,TAR015_01,SERVICE_LATENCY_OVER_AIR_INTERFACE_NUM,341576.0,900,NRCell,Huawei
1696508100000,TAR015_01,VOICE_TRAFFIC,7523.0,900,NRCell,Huawei
1696508100000,TAR015_01,VOLTE_CALL_SETUP_ATT,1.0,900,NRCell,Huawei
1696508100000,TAR015_01,VOLTE_CALL_SETUP_SUCC,1.0,900,NRCell,Huawei
1696508100000,TOL034_01,DCR_DEN,11.0,900,NRCell,Huawei
1696508100000,TOL034_01,DCR_NUM,0.0,900,NRCell,Huawei
1696508100000,TOL034_01,DROP_CALL_VOLTE_DEN,0.0,900,NRCell,Huawei
1696508100000,TOL034_01,DROP_CALL_VOLTE_NUM,0.0,900,NRCell,Huawei
1696508100000,TOL034_01,ERAB_SR_DEN,7.0,900,NRCell,Huawei
1696508100000,TOL034_01,ERAB_SR_NUM,7.0,900,NRCell,Huawei
1696508100000,TOL034_01,INTEGRITY_NGBR_QCI_9,31241560.0,900,NRCell,Huawei
1696508100000,TOL034_01,INTRA_FREQUENCY_HO_OUT_ATT,3.0,900,NRCell,Huawei
1696508100000,TOL034_01,INTRA_FREQUENCY_HO_OUT_SUCC,3.0,900,NRCell,Huawei
1696508100000,TOL034_01,RRC_SETUP_ATT,10.0,900,NRCell,Huawei
1696508100000,TOL034_01,RRC_SETUP_SUCC,10.0,900,NRCell,Huawei
1696508100000,TOL034_01,S1SIG_Connection_Setup_SR_DEN,10.0,900,NRCell,Huawei
1696508100000,TOL034_01,S1SIG_Connection_Setup_SR_NUM,10.0,900,NRCell,Huawei
1696508100000,TOL034_01,SERVICE_LATENCY_OVER_AIR_INTERFACE_DEN,3055.0,900,NRCell,Huawei
1696508100000,TOL034_01,SERVICE_LATENCY_OVER_AIR_INTERFACE_NUM,6698.0,900,NRCell,Huawei
1696508100000,TOL034_01,VOICE_TRAFFIC,0.0,900,NRCell,Huawei
1696508100000,TOL034_01,VOLTE_CALL_SETUP_ATT,0.0,900,NRCell,Huawei
1696508100000,TOL034_01,VOLTE_CALL_SETUP_SUCC,0.0,900,NRCell,Huawei
1696508100000,VAL002_01,DCR_DEN,46.0,900,NRCell,Huawei
1696508100000,VAL002_01,DCR_NUM,0.0,900,NRCell,Huawei
1696508100000,VAL002_01,DROP_CALL_VOLTE_DEN,1.0,900,NRCell,Huawei
1696508100000,VAL002_01,DROP_CALL_VOLTE_NUM,0.0,900,NRCell,Huawei
1696508100000,VAL002_01,ERAB_SR_DEN,41.0,900,NRCell,Huawei
1696508100000,VAL002_01,ERAB_SR_NUM,41.0,900,NRCell,Huawei
1696508100000,VAL002_01,INTEGRITY_NGBR_QCI_9,5720736.0,900,NRCell,Huawei
1696508100000,VAL002_01,INTRA_FREQUENCY_HO_OUT_ATT,4.0,900,NRCell,Huawei
1696508100000,VAL002_01,INTRA_FREQUENCY_HO_OUT_SUCC,4.0,900,NRCell,Huawei
1696508100000,VAL002_01,RRC_SETUP_ATT,21.0,900,NRCell,Huawei
1696508100000,VAL002_01,RRC_SETUP_SUCC,21.0,900,NRCell,Huawei
1696508100000,VAL002_01,S1SIG_Connection_Setup_SR_DEN,21.0,900,NRCell,Huawei
1696508100000,VAL002_01,S1SIG_Connection_Setup_SR_NUM,21.0,900,NRCell,Huawei
1696508100000,VAL002_01,SERVICE_LATENCY_OVER_AIR_INTERFACE_DEN,1410.0,900,NRCell,Huawei
1696508100000,VAL002_01,SERVICE_LATENCY_OVER_AIR_INTERFACE_NUM,2178.0,900,NRCell,Huawei
1696508100000,VAL002_01,VOICE_TRAFFIC,0.0,900,NRCell,Huawei
1696508100000,VAL002_01,VOLTE_CALL_SETUP_ATT,1.0,900,NRCell,Huawei
1696508100000,VAL002_01,VOLTE_CALL_SETUP_SUCC,1.0,900,NRCell,Huawei
