startTime,neId,counterCode,counterValue,granularity,neType,vendorName
1696869900000,BCN014_01,DCR_DEN,3959.0,900,NRCell,Huawei
1696869900000,BCN014_01,DCR_NUM,9.0,900,NRCell,Huawei
1696869900000,BCN014_01,DROP_CALL_VOLTE_DEN,26.0,900,NRCell,Huawei
1696869900000,BCN014_01,DROP_CALL_VOLTE_NUM,0.0,900,NRCell,Huawei
1696869900000,BCN014_01,ERAB_SR_DEN,3892.0,900,NRCell,Huawei
1696869900000,BCN014_01,ERAB_SR_NUM,3890.0,900,NRCell,Huawei
1696869900000,BCN014_01,INTEGRITY_NGBR_QCI_9,12420377832.0,900,NRCell,Huawei
1696869900000,BCN014_01,INTRA_FREQUENCY_HO_OUT_ATT,188.0,900,NRCell,Huawei
1696869900000,BCN014_01,INTRA_FREQUENCY_HO_OUT_SUCC,188.0,900,NRCell,Huawei
1696869900000,BCN014_01,RRC_SETUP_ATT,2190.0,900,NRCell,Huawei
1696869900000,BCN014_01,RRC_SETUP_SUCC,2177.0,900,NRCell,Huawei
1696869900000,BCN014_01,S1SIG_Connection_Setup_SR_DEN,2177.0,900,NRCell,Huawei
1696869900000,BCN014_01,S1SIG_Connection_Setup_SR_NUM,2177.0,900,NRCell,Huawei
1696869900000,BCN014_01,SERVICE_LATENCY_OVER_AIR_INTERFACE_DEN,390654.0,900,NRCell,Huawei
1696869900000,BCN014_01,SERVICE_LATENCY_OVER_AIR_INTERFACE_NUM,817814.0,900,NRCell,Huawei
1696869900000,BCN014_01,VOICE_TRAFFIC,27645.0,900,NRCell,Huawei
1696869900000,BCN014_01,VOLTE_CALL_SETUP_ATT,31.0,900,NRCell,Huawei
1696869900000,BCN014_01,VOLTE_CALL_SETUP_SUCC,31.0,900,NRCell,Huawei
1696869900000,BIL001_01,DCR_DEN,3620.0,900,NRCell,Huawei
1696869900000,BIL001_01,DCR_NUM,5.0,900,NRCell,Huawei
1696869900000,BIL001_01,DROP_CALL_VOLTE_DEN,40.0,900,NRCell,Huawei
1696869900000,BIL001_01,DROP_CALL_VOLTE_NUM,0.0,900,NRCell,Huawei
1696869900000,BIL001_01,ERAB_SR_DEN,3731.0,900,NRCell,Huawei
1696869900000,BIL001_01,ERAB_SR_NUM,3731.0,900,NRCell,Huawei
1696869900000,BIL001_01,INTEGRITY_NGBR_QCI_9,12905239568.0,900,NRCell,Huawei
1696869900000,BIL001_01,INTRA_FREQUENCY_HO_OUT_ATT,194.0,900,NRCell,Huawei
1696869900000,BIL001_01,INTRA_FREQUENCY_HO_OUT_SUCC,194.0,900,NRCell,Huawei
1696869900000,BIL001_01,RRC_SETUP_ATT,2125.0,900,NRCell,Huawei
1696869900000,BIL001_01,RRC_SETUP_SUCC,2105.0,900,NRCell,Huawei
1696869900000,BIL001_01,S1SIG_Connection_Setup_SR_DEN,2104.0,900,NRCell,Huawei
1696869900000,BIL001_01,S1SIG_Connection_Setup_SR_NUM,2104.0,900,NRCell,Huawei
1696869900000,BIL001_01,SERVICE_LATENCY_OVER_AIR_INTERFACE_DEN,473492.0,900,NRCell,Huawei
1696869900000,BIL001_01,SERVICE_LATENCY_OVER_AIR_INTERFACE_NUM,838684.0,900,NRCell,Huawei
1696869900000,BIL001_01,VOICE_TRAFFIC,28006.0,900,NRCell,Huawei
1696869900000,BIL001_01,VOLTE_CALL_SETUP_ATT,40.0,900,NRCell,Huawei
1696869900000,BIL001_01,VOLTE_CALL_SETUP_SUCC,40.0,900,NRCell,Huawei
1696869900000,MAD033_01,DCR_DEN,1899.0,900,NRCell,Huawei
1696869900000,MAD033_01,DCR_NUM,0.0,900,NRCell,Huawei
1696869900000,MAD033_01,DROP_CALL_VOLTE_DEN,18.0,900,NRCell,Huawei
1696869900000,MAD033_01,DROP_CALL_VOLTE_NUM,0.0,900,NRCell,Huawei
1696869900000,MAD033_01,ERAB_SR_DEN,1949.0,900,NRCell,Huawei
1696869900000,MAD033_01,ERAB_SR_NUM,1947.0,900,NRCell,Huawei
1696869900000,MAD033_01,INTEGRITY_NGBR_QCI_9,6944192728.0,900,NRCell,Huawei
1696869900000,MAD033_01,INTRA_FREQUENCY_HO_OUT_ATT,99.0,900,NRCell,Huawei
1696869900000,MAD033_01,INTRA_FREQUENCY_HO_OUT_SUCC,99.0,900,NRCell,Huawei
1696869900000,MAD033_01,RRC_SETUP_ATT,1108.0,900,NRCell,Huawei
1696869900000,MAD033_01,RRC_SETUP_SUCC,1105.0,900,NRCell,Huawei
1696869900000,MAD033_01,S1SIG_Connection_Setup_SR_DEN,1106.0,900,NRCell,Huawei
1696869900000,MAD033_01,S1SIG_Connection_Setup_SR_NUM,1106.0,900,NRCell,Huawei
1696869900000,MAD033_01,SERVICE_LATENCY_OVER_AIR_INTERFACE_DEN,242011.0,900,NRCell,Huawei
1696869900000,MAD033_01,SERVICE_LATENCY_OVER_AIR_INTERFACE_NUM,291997.0,900,NRCell,Huawei
1696869900000,MAD033_01,VOICE_TRAFFIC,19544.0,900,NRCell,Huawei
1696869900000,MAD033_01,VOLTE_CALL_SETUP_ATT,20.0,900,NRCell,Huawei
1696869900000,MAD033_01,VOLTE_CALL_SETUP_SUCC,20.0,900,NRCell,Huawei
1696869900000,SAL030_01,DCR_DEN,164.0,900,NRCell,Huawei
1696869900000,SAL030_01,DCR_NUM,1.0,900,NRCell,Huawei
1696869900000,SAL030_01,DROP_CALL_VOLTE_DEN,2.0,900,NRCell,Huawei
1696869900000,SAL030_01,DROP_CALL_VOLTE_NUM,0.0,900,NRCell,Huawei
1696869900000,SAL030_01,ERAB_SR_DEN,153.0,900,NRCell,Huawei
1696869900000,SAL030_01,ERAB_SR_NUM,153.0,900,NRCell,Huawei
1696869900000,SAL030_01,INTEGRITY_NGBR_QCI_9,3946410072.0,900,NRCell,Huawei
1696869900000,SAL030_01,INTRA_FREQUENCY_HO_OUT_ATT,7.0,900,NRCell,Huawei
1696869900000,SAL030_01,INTRA_FREQUENCY_HO_OUT_SUCC,7.0,900,NRCell,Huawei
1696869900000,SAL030_01,RRC_SETUP_ATT,90.0,900,NRCell,Huawei
1696869900000,SAL030_01,RRC_SETUP_SUCC,90.0,900,NRCell,Huawei
1696869900000,SAL030_01,S1SIG_Connection_Setup_SR_DEN,90.0,900,NRCell,Huawei
1696869900000,SAL030_01,S1SIG_Connection_Setup_SR_NUM,90.0,900,NRCell,Huawei
1696869900000,SAL030_01,SERVICE_LATENCY_OVER_AIR_INTERFACE_DEN,90558.0,900,NRCell,Huawei
1696869900000,SAL030_01,SERVICE_LATENCY_OVER_AIR_INTERFACE_NUM,160394.0,900,NRCell,Huawei
1696869900000,SAL030_01,VOICE_TRAFFIC,2406.0,900,NRCell,Huawei
1696869900000,SAL030_01,VOLTE_CALL_SETUP_ATT,2.0,900,NRCell,Huawei
1696869900000,SAL030_01,VOLTE_CALL_SETUP_SUCC,2.0,900,NRCell,Huawei
1696869900000,SEV001_01,DCR_DEN,4498.0,900,NRCell,Huawei
1696869900000,SEV001_01,DCR_NUM,2.0,900,NRCell,Huawei
1696869900000,SEV001_01,DROP_CALL_VOLTE_DEN,35.0,900,NRCell,Huawei
1696869900000,SEV001_01,DROP_CALL_VOLTE_NUM,0.0,900,NRCell,Huawei
1696869900000,SEV001_01,ERAB_SR_DEN,4494.0,900,NRCell,Huawei
1696869900000,SEV001_01,ERAB_SR_NUM,4493.0,900,NRCell,Huawei
1696869900000,SEV001_01,INTEGRITY_NGBR_QCI_9,18334450024.0,900,NRCell,Huawei
1696869900000,SEV001_01,INTRA_FREQUENCY_HO_OUT_ATT,111.0,900,NRCell,Huawei
1696869900000,SEV001_01,INTRA_FREQUENCY_HO_OUT_SUCC,111.0,900,NRCell,Huawei
1696869900000,SEV001_01,RRC_SETUP_ATT,2434.0,900,NRCell,Huawei
1696869900000,SEV001_01,RRC_SETUP_SUCC,2428.0,900,NRCell,Huawei
1696869900000,SEV001_01,S1SIG_Connection_Setup_SR_DEN,2428.0,900,NRCell,Huawei
1696869900000,SEV001_01,S1SIG_Connection_Setup_SR_NUM,2428.0,900,NRCell,Huawei
1696869900000,SEV001_01,SERVICE_LATENCY_OVER_AIR_INTERFACE_DEN,574906.0,900,NRCell,Huawei
1696869900000,SEV001_01,SERVICE_LATENCY_OVER_AIR_INTERFACE_NUM,1410597.0,900,NRCell,Huawei
1696869900000,SEV001_01,VOICE_TRAFFIC,26042.0,900,NRCell,Huawei
1696869900000,SEV001_01,VOLTE_CALL_SETUP_ATT,37.0,900,NRCell,Huawei
1696869900000,SEV001_01,VOLTE_CALL_SETUP_SUCC,37.0,900,NRCell,Huawei
1696869900000,SNT002_01,DCR_DEN,1689.0,900,NRCell,Huawei
1696869900000,SNT002_01,DCR_NUM,2.0,900,NRCell,Huawei
1696869900000,SNT002_01,DROP_CALL_VOLTE_DEN,14.0,900,NRCell,Huawei
1696869900000,SNT002_01,DROP_CALL_VOLTE_NUM,0.0,900,NRCell,Huawei
1696869900000,SNT002_01,ERAB_SR_DEN,1699.0,900,NRCell,Huawei
1696869900000,SNT002_01,ERAB_SR_NUM,1697.0,900,NRCell,Huawei
1696869900000,SNT002_01,INTEGRITY_NGBR_QCI_9,5005493792.0,900,NRCell,Huawei
1696869900000,SNT002_01,INTRA_FREQUENCY_HO_OUT_ATT,86.0,900,NRCell,Huawei
1696869900000,SNT002_01,INTRA_FREQUENCY_HO_OUT_SUCC,86.0,900,NRCell,Huawei
1696869900000,SNT002_01,RRC_SETUP_ATT,963.0,900,NRCell,Huawei
1696869900000,SNT002_01,RRC_SETUP_SUCC,961.0,900,NRCell,Huawei
1696869900000,SNT002_01,S1SIG_Connection_Setup_SR_DEN,961.0,900,NRCell,Huawei
1696869900000,SNT002_01,S1SIG_Connection_Setup_SR_NUM,961.0,900,NRCell,Huawei
1696869900000,SNT002_01,SERVICE_LATENCY_OVER_AIR_INTERFACE_DEN,257004.0,900,NRCell,Huawei
1696869900000,SNT002_01,SERVICE_LATENCY_OVER_AIR_INTERFACE_NUM,297441.0,900,NRCell,Huawei
1696869900000,SNT002_01,VOICE_TRAFFIC,15814.0,900,NRCell,Huawei
1696869900000,SNT002_01,VOLTE_CALL_SETUP_ATT,17.0,900,NRCell,Huawei
1696869900000,SNT002_01,VOLTE_CALL_SETUP_SUCC,17.0,900,NRCell,Huawei
1696869900000,TAR015_01,DCR_DEN,5044.0,900,NRCell,Huawei
1696869900000,TAR015_01,DCR_NUM,3.0,900,NRCell,Huawei
1696869900000,TAR015_01,DROP_CALL_VOLTE_DEN,50.0,900,NRCell,Huawei
1696869900000,TAR015_01,DROP_CALL_VOLTE_NUM,0.0,900,NRCell,Huawei
1696869900000,TAR015_01,ERAB_SR_DEN,5087.0,900,NRCell,Huawei
1696869900000,TAR015_01,ERAB_SR_NUM,5081.0,900,NRCell,Huawei
1696869900000,TAR015_01,INTEGRITY_NGBR_QCI_9,16661924800.0,900,NRCell,Huawei
1696869900000,TAR015_01,INTRA_FREQUENCY_HO_OUT_ATT,178.0,900,NRCell,Huawei
1696869900000,TAR015_01,INTRA_FREQUENCY_HO_OUT_SUCC,178.0,900,NRCell,Huawei
1696869900000,TAR015_01,RRC_SETUP_ATT,2713.0,900,NRCell,Huawei
1696869900000,TAR015_01,RRC_SETUP_SUCC,2712.0,900,NRCell,Huawei
1696869900000,TAR015_01,S1SIG_Connection_Setup_SR_DEN,2712.0,900,NRCell,Huawei
1696869900000,TAR015_01,S1SIG_Connection_Setup_SR_NUM,2712.0,900,NRCell,Huawei
1696869900000,TAR015_01,SERVICE_LATENCY_OVER_AIR_INTERFACE_DEN,446640.0,900,NRCell,Huawei
1696869900000,TAR015_01,SERVICE_LATENCY_OVER_AIR_INTERFACE_NUM,1156803.0,900,NRCell,Huawei
1696869900000,TAR015_01,VOICE_TRAFFIC,33834.0,900,NRCell,Huawei
1696869900000,TAR015_01,VOLTE_CALL_SETUP_ATT,60.0,900,NRCell,Huawei
1696869900000,TAR015_01,VOLTE_CALL_SETUP_SUCC,60.0,900,NRCell,Huawei
1696869900000,TOL034_01,DCR_DEN,227.0,900,NRCell,Huawei
1696869900000,TOL034_01,DCR_NUM,1.0,900,NRCell,Huawei
1696869900000,TOL034_01,DROP_CALL_VOLTE_DEN,5.0,900,NRCell,Huawei
1696869900000,TOL034_01,DROP_CALL_VOLTE_NUM,0.0,900,NRCell,Huawei
1696869900000,TOL034_01,ERAB_SR_DEN,197.0,900,NRCell,Huawei
1696869900000,TOL034_01,ERAB_SR_NUM,197.0,900,NRCell,Huawei
1696869900000,TOL034_01,INTEGRITY_NGBR_QCI_9,2116156376.0,900,NRCell,Huawei
1696869900000,TOL034_01,INTRA_FREQUENCY_HO_OUT_ATT,19.0,900,NRCell,Huawei
1696869900000,TOL034_01,INTRA_FREQUENCY_HO_OUT_SUCC,19.0,900,NRCell,Huawei
1696869900000,TOL034_01,RRC_SETUP_ATT,146.0,900,NRCell,Huawei
1696869900000,TOL034_01,RRC_SETUP_SUCC,144.0,900,NRCell,Huawei
1696869900000,TOL034_01,S1SIG_Connection_Setup_SR_DEN,144.0,900,NRCell,Huawei
1696869900000,TOL034_01,S1SIG_Connection_Setup_SR_NUM,144.0,900,NRCell,Huawei
1696869900000,TOL034_01,SERVICE_LATENCY_OVER_AIR_INTERFACE_DEN,40385.0,900,NRCell,Huawei
1696869900000,TOL034_01,SERVICE_LATENCY_OVER_AIR_INTERFACE_NUM,67766.0,900,NRCell,Huawei
1696869900000,TOL034_01,VOICE_TRAFFIC,417.0,900,NRCell,Huawei
1696869900000,TOL034_01,VOLTE_CALL_SETUP_ATT,1.0,900,NRCell,Huawei
1696869900000,TOL034_01,VOLTE_CALL_SETUP_SUCC,1.0,900,NRCell,Huawei
1696869900000,VAL002_01,DCR_DEN,42.0,900,NRCell,Huawei
1696869900000,VAL002_01,DCR_NUM,0.0,900,NRCell,Huawei
1696869900000,VAL002_01,DROP_CALL_VOLTE_DEN,0.0,900,NRCell,Huawei
1696869900000,VAL002_01,DROP_CALL_VOLTE_NUM,0.0,900,NRCell,Huawei
1696869900000,VAL002_01,ERAB_SR_DEN,47.0,900,NRCell,Huawei
1696869900000,VAL002_01,ERAB_SR_NUM,47.0,900,NRCell,Huawei
1696869900000,VAL002_01,INTEGRITY_NGBR_QCI_9,673322792.0,900,NRCell,Huawei
1696869900000,VAL002_01,INTRA_FREQUENCY_HO_OUT_ATT,3.0,900,NRCell,Huawei
1696869900000,VAL002_01,INTRA_FREQUENCY_HO_OUT_SUCC,3.0,900,NRCell,Huawei
1696869900000,VAL002_01,RRC_SETUP_ATT,38.0,900,NRCell,Huawei
1696869900000,VAL002_01,RRC_SETUP_SUCC,38.0,900,NRCell,Huawei
1696869900000,VAL002_01,S1SIG_Connection_Setup_SR_DEN,38.0,900,NRCell,Huawei
1696869900000,VAL002_01,S1SIG_Connection_Setup_SR_NUM,38.0,900,NRCell,Huawei
1696869900000,VAL002_01,SERVICE_LATENCY_OVER_AIR_INTERFACE_DEN,24316.0,900,NRCell,Huawei
1696869900000,VAL002_01,SERVICE_LATENCY_OVER_AIR_INTERFACE_NUM,28148.0,900,NRCell,Huawei
1696869900000,VAL002_01,VOICE_TRAFFIC,91.0,900,NRCell,Huawei
1696869900000,VAL002_01,VOLTE_CALL_SETUP_ATT,0.0,900,NRCell,Huawei
1696869900000,VAL002_01,VOLTE_CALL_SETUP_SUCC,0.0,900,NRCell,Huawei
