startTime,neId,counterCode,counterValue,granularity,neType,vendorName
1696706100000,BCN014_01,DCR_DEN,3244.0,900,NRCell,Huawei
1696706100000,BCN014_01,DCR_NUM,4.0,900,NRCell,Huawei
1696706100000,BCN014_01,DROP_CALL_VOLTE_DEN,40.0,900,NRCell,Huawei
1696706100000,BCN014_01,DROP_CALL_VOLTE_NUM,0.0,900,NRCell,Huawei
1696706100000,BCN014_01,ERAB_SR_DEN,3206.0,900,NRCell,Huawei
1696706100000,BCN014_01,ERAB_SR_NUM,3206.0,900,NRCell,Huawei
1696706100000,BCN014_01,INTEGRITY_NGBR_QCI_9,11695240400.0,900,NRCell,Huawei
1696706100000,BCN014_01,INTRA_FREQUENCY_HO_OUT_ATT,217.0,900,NRCell,Huawei
1696706100000,BCN014_01,INTRA_FREQUENCY_HO_OUT_SUCC,217.0,900,NRCell,Huawei
1696706100000,BCN014_01,RRC_SETUP_ATT,1848.0,900,NRCell,Huawei
1696706100000,BCN014_01,RRC_SETUP_SUCC,1845.0,900,NRCell,Huawei
1696706100000,BCN014_01,S1SIG_Connection_Setup_SR_DEN,1845.0,900,NRCell,Huawei
1696706100000,BCN014_01,S1SIG_Connection_Setup_SR_NUM,1845.0,900,NRCell,Huawei
1696706100000,BCN014_01,SERVICE_LATENCY_OVER_AIR_INTERFACE_DEN,333567.0,900,NRCell,Huawei
1696706100000,BCN014_01,SERVICE_LATENCY_OVER_AIR_INTERFACE_NUM,543114.0,900,NRCell,Huawei
1696706100000,BCN014_01,VOICE_TRAFFIC,26551.0,900,NRCell,Huawei
1696706100000,BCN014_01,VOLTE_CALL_SETUP_ATT,43.0,900,NRCell,Huawei
1696706100000,BCN014_01,VOLTE_CALL_SETUP_SUCC,43.0,900,NRCell,Huawei
1696706100000,BIL001_01,DCR_DEN,2904.0,900,NRCell,Huawei
1696706100000,BIL001_01,DCR_NUM,6.0,900,NRCell,Huawei
1696706100000,BIL001_01,DROP_CALL_VOLTE_DEN,30.0,900,NRCell,Huawei
1696706100000,BIL001_01,DROP_CALL_VOLTE_NUM,0.0,900,NRCell,Huawei
1696706100000,BIL001_01,ERAB_SR_DEN,2924.0,900,NRCell,Huawei
1696706100000,BIL001_01,ERAB_SR_NUM,2918.0,900,NRCell,Huawei
1696706100000,BIL001_01,INTEGRITY_NGBR_QCI_9,11447262424.0,900,NRCell,Huawei
1696706100000,BIL001_01,INTRA_FREQUENCY_HO_OUT_ATT,233.0,900,NRCell,Huawei
1696706100000,BIL001_01,INTRA_FREQUENCY_HO_OUT_SUCC,233.0,900,NRCell,Huawei
1696706100000,BIL001_01,RRC_SETUP_ATT,1764.0,900,NRCell,Huawei
1696706100000,BIL001_01,RRC_SETUP_SUCC,1735.0,900,NRCell,Huawei
1696706100000,BIL001_01,S1SIG_Connection_Setup_SR_DEN,1735.0,900,NRCell,Huawei
1696706100000,BIL001_01,S1SIG_Connection_Setup_SR_NUM,1735.0,900,NRCell,Huawei
1696706100000,BIL001_01,SERVICE_LATENCY_OVER_AIR_INTERFACE_DEN,231920.0,900,NRCell,Huawei
1696706100000,BIL001_01,SERVICE_LATENCY_OVER_AIR_INTERFACE_NUM,494846.0,900,NRCell,Huawei
1696706100000,BIL001_01,VOICE_TRAFFIC,13878.0,900,NRCell,Huawei
1696706100000,BIL001_01,VOLTE_CALL_SETUP_ATT,28.0,900,NRCell,Huawei
1696706100000,BIL001_01,VOLTE_CALL_SETUP_SUCC,28.0,900,NRCell,Huawei
1696706100000,MAD033_01,DCR_DEN,1151.0,900,NRCell,Huawei
1696706100000,MAD033_01,DCR_NUM,0.0,900,NRCell,Huawei
1696706100000,MAD033_01,DROP_CALL_VOLTE_DEN,15.0,900,NRCell,Huawei
1696706100000,MAD033_01,DROP_CALL_VOLTE_NUM,0.0,900,NRCell,Huawei
1696706100000,MAD033_01,ERAB_SR_DEN,1221.0,900,NRCell,Huawei
1696706100000,MAD033_01,ERAB_SR_NUM,1220.0,900,NRCell,Huawei
1696706100000,MAD033_01,INTEGRITY_NGBR_QCI_9,3232016328.0,900,NRCell,Huawei
1696706100000,MAD033_01,INTRA_FREQUENCY_HO_OUT_ATT,109.0,900,NRCell,Huawei
1696706100000,MAD033_01,INTRA_FREQUENCY_HO_OUT_SUCC,109.0,900,NRCell,Huawei
1696706100000,MAD033_01,RRC_SETUP_ATT,706.0,900,NRCell,Huawei
1696706100000,MAD033_01,RRC_SETUP_SUCC,706.0,900,NRCell,Huawei
1696706100000,MAD033_01,S1SIG_Connection_Setup_SR_DEN,706.0,900,NRCell,Huawei
1696706100000,MAD033_01,S1SIG_Connection_Setup_SR_NUM,706.0,900,NRCell,Huawei
1696706100000,MAD033_01,SERVICE_LATENCY_OVER_AIR_INTERFACE_DEN,175859.0,900,NRCell,Huawei
1696706100000,MAD033_01,SERVICE_LATENCY_OVER_AIR_INTERFACE_NUM,201627.0,900,NRCell,Huawei
1696706100000,MAD033_01,VOICE_TRAFFIC,23046.0,900,NRCell,Huawei
1696706100000,MAD033_01,VOLTE_CALL_SETUP_ATT,14.0,900,NRCell,Huawei
1696706100000,MAD033_01,VOLTE_CALL_SETUP_SUCC,14.0,900,NRCell,Huawei
1696706100000,SAL030_01,DCR_DEN,192.0,900,NRCell,Huawei
1696706100000,SAL030_01,DCR_NUM,0.0,900,NRCell,Huawei
1696706100000,SAL030_01,DROP_CALL_VOLTE_DEN,1.0,900,NRCell,Huawei
1696706100000,SAL030_01,DROP_CALL_VOLTE_NUM,0.0,900,NRCell,Huawei
1696706100000,SAL030_01,ERAB_SR_DEN,188.0,900,NRCell,Huawei
1696706100000,SAL030_01,ERAB_SR_NUM,188.0,900,NRCell,Huawei
1696706100000,SAL030_01,INTEGRITY_NGBR_QCI_9,2418338232.0,900,NRCell,Huawei
1696706100000,SAL030_01,INTRA_FREQUENCY_HO_OUT_ATT,11.0,900,NRCell,Huawei
1696706100000,SAL030_01,INTRA_FREQUENCY_HO_OUT_SUCC,11.0,900,NRCell,Huawei
1696706100000,SAL030_01,RRC_SETUP_ATT,107.0,900,NRCell,Huawei
1696706100000,SAL030_01,RRC_SETUP_SUCC,107.0,900,NRCell,Huawei
1696706100000,SAL030_01,S1SIG_Connection_Setup_SR_DEN,107.0,900,NRCell,Huawei
1696706100000,SAL030_01,S1SIG_Connection_Setup_SR_NUM,107.0,900,NRCell,Huawei
1696706100000,SAL030_01,SERVICE_LATENCY_OVER_AIR_INTERFACE_DEN,32355.0,900,NRCell,Huawei
1696706100000,SAL030_01,SERVICE_LATENCY_OVER_AIR_INTERFACE_NUM,54669.0,900,NRCell,Huawei
1696706100000,SAL030_01,VOICE_TRAFFIC,1053.0,900,NRCell,Huawei
1696706100000,SAL030_01,VOLTE_CALL_SETUP_ATT,2.0,900,NRCell,Huawei
1696706100000,SAL030_01,VOLTE_CALL_SETUP_SUCC,2.0,900,NRCell,Huawei
1696706100000,SEV001_01,DCR_DEN,3581.0,900,NRCell,Huawei
1696706100000,SEV001_01,DCR_NUM,5.0,900,NRCell,Huawei
1696706100000,SEV001_01,DROP_CALL_VOLTE_DEN,19.0,900,NRCell,Huawei
1696706100000,SEV001_01,DROP_CALL_VOLTE_NUM,0.0,900,NRCell,Huawei
1696706100000,SEV001_01,ERAB_SR_DEN,3567.0,900,NRCell,Huawei
1696706100000,SEV001_01,ERAB_SR_NUM,3564.0,900,NRCell,Huawei
1696706100000,SEV001_01,INTEGRITY_NGBR_QCI_9,14748447728.0,900,NRCell,Huawei
1696706100000,SEV001_01,INTRA_FREQUENCY_HO_OUT_ATT,140.0,900,NRCell,Huawei
1696706100000,SEV001_01,INTRA_FREQUENCY_HO_OUT_SUCC,140.0,900,NRCell,Huawei
1696706100000,SEV001_01,RRC_SETUP_ATT,1958.0,900,NRCell,Huawei
1696706100000,SEV001_01,RRC_SETUP_SUCC,1956.0,900,NRCell,Huawei
1696706100000,SEV001_01,S1SIG_Connection_Setup_SR_DEN,1956.0,900,NRCell,Huawei
1696706100000,SEV001_01,S1SIG_Connection_Setup_SR_NUM,1956.0,900,NRCell,Huawei
1696706100000,SEV001_01,SERVICE_LATENCY_OVER_AIR_INTERFACE_DEN,480334.0,900,NRCell,Huawei
1696706100000,SEV001_01,SERVICE_LATENCY_OVER_AIR_INTERFACE_NUM,1800437.0,900,NRCell,Huawei
1696706100000,SEV001_01,VOICE_TRAFFIC,14686.0,900,NRCell,Huawei
1696706100000,SEV001_01,VOLTE_CALL_SETUP_ATT,19.0,900,NRCell,Huawei
1696706100000,SEV001_01,VOLTE_CALL_SETUP_SUCC,19.0,900,NRCell,Huawei
1696706100000,SNT002_01,DCR_DEN,1176.0,900,NRCell,Huawei
1696706100000,SNT002_01,DCR_NUM,0.0,900,NRCell,Huawei
1696706100000,SNT002_01,DROP_CALL_VOLTE_DEN,15.0,900,NRCell,Huawei
1696706100000,SNT002_01,DROP_CALL_VOLTE_NUM,0.0,900,NRCell,Huawei
1696706100000,SNT002_01,ERAB_SR_DEN,1197.0,900,NRCell,Huawei
1696706100000,SNT002_01,ERAB_SR_NUM,1196.0,900,NRCell,Huawei
1696706100000,SNT002_01,INTEGRITY_NGBR_QCI_9,6270395088.0,900,NRCell,Huawei
1696706100000,SNT002_01,INTRA_FREQUENCY_HO_OUT_ATT,88.0,900,NRCell,Huawei
1696706100000,SNT002_01,INTRA_FREQUENCY_HO_OUT_SUCC,88.0,900,NRCell,Huawei
1696706100000,SNT002_01,RRC_SETUP_ATT,718.0,900,NRCell,Huawei
1696706100000,SNT002_01,RRC_SETUP_SUCC,717.0,900,NRCell,Huawei
1696706100000,SNT002_01,S1SIG_Connection_Setup_SR_DEN,717.0,900,NRCell,Huawei
1696706100000,SNT002_01,S1SIG_Connection_Setup_SR_NUM,717.0,900,NRCell,Huawei
1696706100000,SNT002_01,SERVICE_LATENCY_OVER_AIR_INTERFACE_DEN,96309.0,900,NRCell,Huawei
1696706100000,SNT002_01,SERVICE_LATENCY_OVER_AIR_INTERFACE_NUM,116188.0,900,NRCell,Huawei
1696706100000,SNT002_01,VOICE_TRAFFIC,5519.0,900,NRCell,Huawei
1696706100000,SNT002_01,VOLTE_CALL_SETUP_ATT,9.0,900,NRCell,Huawei
1696706100000,SNT002_01,VOLTE_CALL_SETUP_SUCC,9.0,900,NRCell,Huawei
1696706100000,TAR015_01,DCR_DEN,3886.0,900,NRCell,Huawei
1696706100000,TAR015_01,DCR_NUM,7.0,900,NRCell,Huawei
1696706100000,TAR015_01,DROP_CALL_VOLTE_DEN,25.0,900,NRCell,Huawei
1696706100000,TAR015_01,DROP_CALL_VOLTE_NUM,0.0,900,NRCell,Huawei
1696706100000,TAR015_01,ERAB_SR_DEN,3840.0,900,NRCell,Huawei
1696706100000,TAR015_01,ERAB_SR_NUM,3838.0,900,NRCell,Huawei
1696706100000,TAR015_01,INTEGRITY_NGBR_QCI_9,14305247552.0,900,NRCell,Huawei
1696706100000,TAR015_01,INTRA_FREQUENCY_HO_OUT_ATT,151.0,900,NRCell,Huawei
1696706100000,TAR015_01,INTRA_FREQUENCY_HO_OUT_SUCC,151.0,900,NRCell,Huawei
1696706100000,TAR015_01,RRC_SETUP_ATT,2081.0,900,NRCell,Huawei
1696706100000,TAR015_01,RRC_SETUP_SUCC,2080.0,900,NRCell,Huawei
1696706100000,TAR015_01,S1SIG_Connection_Setup_SR_DEN,2080.0,900,NRCell,Huawei
1696706100000,TAR015_01,S1SIG_Connection_Setup_SR_NUM,2080.0,900,NRCell,Huawei
1696706100000,TAR015_01,SERVICE_LATENCY_OVER_AIR_INTERFACE_DEN,453365.0,900,NRCell,Huawei
1696706100000,TAR015_01,SERVICE_LATENCY_OVER_AIR_INTERFACE_NUM,1145803.0,900,NRCell,Huawei
1696706100000,TAR015_01,VOICE_TRAFFIC,22369.0,900,NRCell,Huawei
1696706100000,TAR015_01,VOLTE_CALL_SETUP_ATT,26.0,900,NRCell,Huawei
1696706100000,TAR015_01,VOLTE_CALL_SETUP_SUCC,26.0,900,NRCell,Huawei
1696706100000,TOL034_01,DCR_DEN,183.0,900,NRCell,Huawei
1696706100000,TOL034_01,DCR_NUM,0.0,900,NRCell,Huawei
1696706100000,TOL034_01,DROP_CALL_VOLTE_DEN,0.0,900,NRCell,Huawei
1696706100000,TOL034_01,DROP_CALL_VOLTE_NUM,0.0,900,NRCell,Huawei
1696706100000,TOL034_01,ERAB_SR_DEN,208.0,900,NRCell,Huawei
1696706100000,TOL034_01,ERAB_SR_NUM,208.0,900,NRCell,Huawei
1696706100000,TOL034_01,INTEGRITY_NGBR_QCI_9,3177755696.0,900,NRCell,Huawei
1696706100000,TOL034_01,INTRA_FREQUENCY_HO_OUT_ATT,26.0,900,NRCell,Huawei
1696706100000,TOL034_01,INTRA_FREQUENCY_HO_OUT_SUCC,26.0,900,NRCell,Huawei
1696706100000,TOL034_01,RRC_SETUP_ATT,174.0,900,NRCell,Huawei
1696706100000,TOL034_01,RRC_SETUP_SUCC,174.0,900,NRCell,Huawei
1696706100000,TOL034_01,S1SIG_Connection_Setup_SR_DEN,174.0,900,NRCell,Huawei
1696706100000,TOL034_01,S1SIG_Connection_Setup_SR_NUM,174.0,900,NRCell,Huawei
1696706100000,TOL034_01,SERVICE_LATENCY_OVER_AIR_INTERFACE_DEN,27064.0,900,NRCell,Huawei
1696706100000,TOL034_01,SERVICE_LATENCY_OVER_AIR_INTERFACE_NUM,56155.0,900,NRCell,Huawei
1696706100000,TOL034_01,VOICE_TRAFFIC,51.0,900,NRCell,Huawei
1696706100000,TOL034_01,VOLTE_CALL_SETUP_ATT,0.0,900,NRCell,Huawei
1696706100000,TOL034_01,VOLTE_CALL_SETUP_SUCC,0.0,900,NRCell,Huawei
1696706100000,VAL002_01,DCR_DEN,36.0,900,NRCell,Huawei
1696706100000,VAL002_01,DCR_NUM,0.0,900,NRCell,Huawei
1696706100000,VAL002_01,DROP_CALL_VOLTE_DEN,0.0,900,NRCell,Huawei
1696706100000,VAL002_01,DROP_CALL_VOLTE_NUM,0.0,900,NRCell,Huawei
1696706100000,VAL002_01,ERAB_SR_DEN,34.0,900,NRCell,Huawei
1696706100000,VAL002_01,ERAB_SR_NUM,34.0,900,NRCell,Huawei
1696706100000,VAL002_01,INTEGRITY_NGBR_QCI_9,9952480.0,900,NRCell,Huawei
1696706100000,VAL002_01,INTRA_FREQUENCY_HO_OUT_ATT,8.0,900,NRCell,Huawei
1696706100000,VAL002_01,INTRA_FREQUENCY_HO_OUT_SUCC,8.0,900,NRCell,Huawei
1696706100000,VAL002_01,RRC_SETUP_ATT,28.0,900,NRCell,Huawei
1696706100000,VAL002_01,RRC_SETUP_SUCC,28.0,900,NRCell,Huawei
1696706100000,VAL002_01,S1SIG_Connection_Setup_SR_DEN,28.0,900,NRCell,Huawei
1696706100000,VAL002_01,S1SIG_Connection_Setup_SR_NUM,28.0,900,NRCell,Huawei
1696706100000,VAL002_01,SERVICE_LATENCY_OVER_AIR_INTERFACE_DEN,1704.0,900,NRCell,Huawei
1696706100000,VAL002_01,SERVICE_LATENCY_OVER_AIR_INTERFACE_NUM,3671.0,900,NRCell,Huawei
1696706100000,VAL002_01,VOICE_TRAFFIC,394.0,900,NRCell,Huawei
1696706100000,VAL002_01,VOLTE_CALL_SETUP_ATT,0.0,900,NRCell,Huawei
1696706100000,VAL002_01,VOLTE_CALL_SETUP_SUCC,0.0,900,NRCell,Huawei
