startTime,neId,counterCode,counterValue,granularity,neType,vendorName
1696582800000,BCN014_01,DCR_DEN,792.0,900,NRCell,Huawei
1696582800000,BCN014_01,DCR_NUM,0.0,900,NRCell,Huawei
1696582800000,BCN014_01,DROP_CALL_VOLTE_DEN,1.0,900,NRCell,Huawei
1696582800000,BCN014_01,DROP_CALL_VOLTE_NUM,0.0,900,NRCell,Huawei
1696582800000,BCN014_01,ERAB_SR_DEN,798.0,900,NRCell,Huawei
1696582800000,BCN014_01,ERAB_SR_NUM,798.0,900,NRCell,Huawei
1696582800000,BCN014_01,INTEGRITY_NGBR_QCI_9,4658272480.0,900,NRCell,Huawei
1696582800000,BCN014_01,INTRA_FREQUENCY_HO_OUT_ATT,9.0,900,NRCell,Huawei
1696582800000,BCN014_01,INTRA_FREQUENCY_HO_OUT_SUCC,9.0,900,NRCell,Huawei
1696582800000,BCN014_01,RRC_SETUP_ATT,513.0,900,NRCell,Huawei
1696582800000,BCN014_01,RRC_SETUP_SUCC,513.0,900,NRCell,Huawei
1696582800000,BCN014_01,S1SIG_Connection_Setup_SR_DEN,513.0,900,NRCell,Huawei
1696582800000,BCN014_01,S1SIG_Connection_Setup_SR_NUM,513.0,900,NRCell,Huawei
1696582800000,BCN014_01,SERVICE_LATENCY_OVER_AIR_INTERFACE_DEN,141000.0,900,NRCell,Huawei
1696582800000,BCN014_01,SERVICE_LATENCY_OVER_AIR_INTERFACE_NUM,153954.0,900,NRCell,Huawei
1696582800000,BCN014_01,VOICE_TRAFFIC,109.0,900,NRCell,Huawei
1696582800000,BCN014_01,VOLTE_CALL_SETUP_ATT,0.0,900,NRCell,Huawei
1696582800000,BCN014_01,VOLTE_CALL_SETUP_SUCC,0.0,900,NRCell,Huawei
1696582800000,BIL001_01,DCR_DEN,731.0,900,NRCell,Huawei
1696582800000,BIL001_01,DCR_NUM,0.0,900,NRCell,Huawei
1696582800000,BIL001_01,DROP_CALL_VOLTE_DEN,0.0,900,NRCell,Huawei
1696582800000,BIL001_01,DROP_CALL_VOLTE_NUM,0.0,900,NRCell,Huawei
1696582800000,BIL001_01,ERAB_SR_DEN,721.0,900,NRCell,Huawei
1696582800000,BIL001_01,ERAB_SR_NUM,721.0,900,NRCell,Huawei
1696582800000,BIL001_01,INTEGRITY_NGBR_QCI_9,2672582704.0,900,NRCell,Huawei
1696582800000,BIL001_01,INTRA_FREQUENCY_HO_OUT_ATT,9.0,900,NRCell,Huawei
1696582800000,BIL001_01,INTRA_FREQUENCY_HO_OUT_SUCC,9.0,900,NRCell,Huawei
1696582800000,BIL001_01,RRC_SETUP_ATT,500.0,900,NRCell,Huawei
1696582800000,BIL001_01,RRC_SETUP_SUCC,500.0,900,NRCell,Huawei
1696582800000,BIL001_01,S1SIG_Connection_Setup_SR_DEN,500.0,900,NRCell,Huawei
1696582800000,BIL001_01,S1SIG_Connection_Setup_SR_NUM,500.0,900,NRCell,Huawei
1696582800000,BIL001_01,SERVICE_LATENCY_OVER_AIR_INTERFACE_DEN,52029.0,900,NRCell,Huawei
1696582800000,BIL001_01,SERVICE_LATENCY_OVER_AIR_INTERFACE_NUM,58231.0,900,NRCell,Huawei
1696582800000,BIL001_01,VOICE_TRAFFIC,116.0,900,NRCell,Huawei
1696582800000,BIL001_01,VOLTE_CALL_SETUP_ATT,0.0,900,NRCell,Huawei
1696582800000,BIL001_01,VOLTE_CALL_SETUP_SUCC,0.0,900,NRCell,Huawei
1696582800000,MAD033_01,DCR_DEN,509.0,900,NRCell,Huawei
1696582800000,MAD033_01,DCR_NUM,0.0,900,NRCell,Huawei
1696582800000,MAD033_01,DROP_CALL_VOLTE_DEN,0.0,900,NRCell,Huawei
1696582800000,MAD033_01,DROP_CALL_VOLTE_NUM,0.0,900,NRCell,Huawei
1696582800000,MAD033_01,ERAB_SR_DEN,522.0,900,NRCell,Huawei
1696582800000,MAD033_01,ERAB_SR_NUM,522.0,900,NRCell,Huawei
1696582800000,MAD033_01,INTEGRITY_NGBR_QCI_9,535378992.0,900,NRCell,Huawei
1696582800000,MAD033_01,INTRA_FREQUENCY_HO_OUT_ATT,7.0,900,NRCell,Huawei
1696582800000,MAD033_01,INTRA_FREQUENCY_HO_OUT_SUCC,7.0,900,NRCell,Huawei
1696582800000,MAD033_01,RRC_SETUP_ATT,319.0,900,NRCell,Huawei
1696582800000,MAD033_01,RRC_SETUP_SUCC,319.0,900,NRCell,Huawei
1696582800000,MAD033_01,S1SIG_Connection_Setup_SR_DEN,319.0,900,NRCell,Huawei
1696582800000,MAD033_01,S1SIG_Connection_Setup_SR_NUM,319.0,900,NRCell,Huawei
1696582800000,MAD033_01,SERVICE_LATENCY_OVER_AIR_INTERFACE_DEN,14394.0,900,NRCell,Huawei
1696582800000,MAD033_01,SERVICE_LATENCY_OVER_AIR_INTERFACE_NUM,16451.0,900,NRCell,Huawei
1696582800000,MAD033_01,VOICE_TRAFFIC,95.0,900,NRCell,Huawei
1696582800000,MAD033_01,VOLTE_CALL_SETUP_ATT,0.0,900,NRCell,Huawei
1696582800000,MAD033_01,VOLTE_CALL_SETUP_SUCC,0.0,900,NRCell,Huawei
1696582800000,SAL030_01,DCR_DEN,126.0,900,NRCell,Huawei
1696582800000,SAL030_01,DCR_NUM,0.0,900,NRCell,Huawei
1696582800000,SAL030_01,DROP_CALL_VOLTE_DEN,0.0,900,NRCell,Huawei
1696582800000,SAL030_01,DROP_CALL_VOLTE_NUM,0.0,900,NRCell,Huawei
1696582800000,SAL030_01,ERAB_SR_DEN,126.0,900,NRCell,Huawei
1696582800000,SAL030_01,ERAB_SR_NUM,126.0,900,NRCell,Huawei
1696582800000,SAL030_01,INTEGRITY_NGBR_QCI_9,1315177856.0,900,NRCell,Huawei
1696582800000,SAL030_01,INTRA_FREQUENCY_HO_OUT_ATT,2.0,900,NRCell,Huawei
1696582800000,SAL030_01,INTRA_FREQUENCY_HO_OUT_SUCC,2.0,900,NRCell,Huawei
1696582800000,SAL030_01,RRC_SETUP_ATT,72.0,900,NRCell,Huawei
1696582800000,SAL030_01,RRC_SETUP_SUCC,72.0,900,NRCell,Huawei
1696582800000,SAL030_01,S1SIG_Connection_Setup_SR_DEN,72.0,900,NRCell,Huawei
1696582800000,SAL030_01,S1SIG_Connection_Setup_SR_NUM,72.0,900,NRCell,Huawei
1696582800000,SAL030_01,SERVICE_LATENCY_OVER_AIR_INTERFACE_DEN,16237.0,900,NRCell,Huawei
1696582800000,SAL030_01,SERVICE_LATENCY_OVER_AIR_INTERFACE_NUM,31349.0,900,NRCell,Huawei
1696582800000,SAL030_01,VOICE_TRAFFIC,0.0,900,NRCell,Huawei
1696582800000,SAL030_01,VOLTE_CALL_SETUP_ATT,0.0,900,NRCell,Huawei
1696582800000,SAL030_01,VOLTE_CALL_SETUP_SUCC,0.0,900,NRCell,Huawei
1696582800000,SEV001_01,DCR_DEN,1668.0,900,NRCell,Huawei
1696582800000,SEV001_01,DCR_NUM,0.0,900,NRCell,Huawei
1696582800000,SEV001_01,DROP_CALL_VOLTE_DEN,0.0,900,NRCell,Huawei
1696582800000,SEV001_01,DROP_CALL_VOLTE_NUM,0.0,900,NRCell,Huawei
1696582800000,SEV001_01,ERAB_SR_DEN,1658.0,900,NRCell,Huawei
1696582800000,SEV001_01,ERAB_SR_NUM,1658.0,900,NRCell,Huawei
1696582800000,SEV001_01,INTEGRITY_NGBR_QCI_9,2494895376.0,900,NRCell,Huawei
1696582800000,SEV001_01,INTRA_FREQUENCY_HO_OUT_ATT,3.0,900,NRCell,Huawei
1696582800000,SEV001_01,INTRA_FREQUENCY_HO_OUT_SUCC,3.0,900,NRCell,Huawei
1696582800000,SEV001_01,RRC_SETUP_ATT,976.0,900,NRCell,Huawei
1696582800000,SEV001_01,RRC_SETUP_SUCC,976.0,900,NRCell,Huawei
1696582800000,SEV001_01,S1SIG_Connection_Setup_SR_DEN,976.0,900,NRCell,Huawei
1696582800000,SEV001_01,S1SIG_Connection_Setup_SR_NUM,976.0,900,NRCell,Huawei
1696582800000,SEV001_01,SERVICE_LATENCY_OVER_AIR_INTERFACE_DEN,57406.0,900,NRCell,Huawei
1696582800000,SEV001_01,SERVICE_LATENCY_OVER_AIR_INTERFACE_NUM,76056.0,900,NRCell,Huawei
1696582800000,SEV001_01,VOICE_TRAFFIC,0.0,900,NRCell,Huawei
1696582800000,SEV001_01,VOLTE_CALL_SETUP_ATT,0.0,900,NRCell,Huawei
1696582800000,SEV001_01,VOLTE_CALL_SETUP_SUCC,0.0,900,NRCell,Huawei
1696582800000,SNT002_01,DCR_DEN,495.0,900,NRCell,Huawei
1696582800000,SNT002_01,DCR_NUM,0.0,900,NRCell,Huawei
1696582800000,SNT002_01,DROP_CALL_VOLTE_DEN,2.0,900,NRCell,Huawei
1696582800000,SNT002_01,DROP_CALL_VOLTE_NUM,0.0,900,NRCell,Huawei
1696582800000,SNT002_01,ERAB_SR_DEN,488.0,900,NRCell,Huawei
1696582800000,SNT002_01,ERAB_SR_NUM,488.0,900,NRCell,Huawei
1696582800000,SNT002_01,INTEGRITY_NGBR_QCI_9,379031000.0,900,NRCell,Huawei
1696582800000,SNT002_01,INTRA_FREQUENCY_HO_OUT_ATT,3.0,900,NRCell,Huawei
1696582800000,SNT002_01,INTRA_FREQUENCY_HO_OUT_SUCC,3.0,900,NRCell,Huawei
1696582800000,SNT002_01,RRC_SETUP_ATT,315.0,900,NRCell,Huawei
1696582800000,SNT002_01,RRC_SETUP_SUCC,315.0,900,NRCell,Huawei
1696582800000,SNT002_01,S1SIG_Connection_Setup_SR_DEN,315.0,900,NRCell,Huawei
1696582800000,SNT002_01,S1SIG_Connection_Setup_SR_NUM,315.0,900,NRCell,Huawei
1696582800000,SNT002_01,SERVICE_LATENCY_OVER_AIR_INTERFACE_DEN,12645.0,900,NRCell,Huawei
1696582800000,SNT002_01,SERVICE_LATENCY_OVER_AIR_INTERFACE_NUM,14745.0,900,NRCell,Huawei
1696582800000,SNT002_01,VOICE_TRAFFIC,369.0,900,NRCell,Huawei
1696582800000,SNT002_01,VOLTE_CALL_SETUP_ATT,2.0,900,NRCell,Huawei
1696582800000,SNT002_01,VOLTE_CALL_SETUP_SUCC,2.0,900,NRCell,Huawei
1696582800000,TAR015_01,DCR_DEN,2224.0,900,NRCell,Huawei
1696582800000,TAR015_01,DCR_NUM,0.0,900,NRCell,Huawei
1696582800000,TAR015_01,DROP_CALL_VOLTE_DEN,0.0,900,NRCell,Huawei
1696582800000,TAR015_01,DROP_CALL_VOLTE_NUM,0.0,900,NRCell,Huawei
1696582800000,TAR015_01,ERAB_SR_DEN,2216.0,900,NRCell,Huawei
1696582800000,TAR015_01,ERAB_SR_NUM,2216.0,900,NRCell,Huawei
1696582800000,TAR015_01,INTEGRITY_NGBR_QCI_9,2044628376.0,900,NRCell,Huawei
1696582800000,TAR015_01,INTRA_FREQUENCY_HO_OUT_ATT,7.0,900,NRCell,Huawei
1696582800000,TAR015_01,INTRA_FREQUENCY_HO_OUT_SUCC,7.0,900,NRCell,Huawei
1696582800000,TAR015_01,RRC_SETUP_ATT,1238.0,900,NRCell,Huawei
1696582800000,TAR015_01,RRC_SETUP_SUCC,1236.0,900,NRCell,Huawei
1696582800000,TAR015_01,S1SIG_Connection_Setup_SR_DEN,1236.0,900,NRCell,Huawei
1696582800000,TAR015_01,S1SIG_Connection_Setup_SR_NUM,1236.0,900,NRCell,Huawei
1696582800000,TAR015_01,SERVICE_LATENCY_OVER_AIR_INTERFACE_DEN,42436.0,900,NRCell,Huawei
1696582800000,TAR015_01,SERVICE_LATENCY_OVER_AIR_INTERFACE_NUM,54974.0,900,NRCell,Huawei
1696582800000,TAR015_01,VOICE_TRAFFIC,0.0,900,NRCell,Huawei
1696582800000,TAR015_01,VOLTE_CALL_SETUP_ATT,0.0,900,NRCell,Huawei
1696582800000,TAR015_01,VOLTE_CALL_SETUP_SUCC,0.0,900,NRCell,Huawei
1696582800000,TOL034_01,DCR_DEN,36.0,900,NRCell,Huawei
1696582800000,TOL034_01,DCR_NUM,0.0,900,NRCell,Huawei
1696582800000,TOL034_01,DROP_CALL_VOLTE_DEN,0.0,900,NRCell,Huawei
1696582800000,TOL034_01,DROP_CALL_VOLTE_NUM,0.0,900,NRCell,Huawei
1696582800000,TOL034_01,ERAB_SR_DEN,33.0,900,NRCell,Huawei
1696582800000,TOL034_01,ERAB_SR_NUM,33.0,900,NRCell,Huawei
1696582800000,TOL034_01,INTEGRITY_NGBR_QCI_9,7612608.0,900,NRCell,Huawei
1696582800000,TOL034_01,INTRA_FREQUENCY_HO_OUT_ATT,0.0,900,NRCell,Huawei
1696582800000,TOL034_01,INTRA_FREQUENCY_HO_OUT_SUCC,0.0,900,NRCell,Huawei
1696582800000,TOL034_01,RRC_SETUP_ATT,27.0,900,NRCell,Huawei
1696582800000,TOL034_01,RRC_SETUP_SUCC,27.0,900,NRCell,Huawei
1696582800000,TOL034_01,S1SIG_Connection_Setup_SR_DEN,27.0,900,NRCell,Huawei
1696582800000,TOL034_01,S1SIG_Connection_Setup_SR_NUM,27.0,900,NRCell,Huawei
1696582800000,TOL034_01,SERVICE_LATENCY_OVER_AIR_INTERFACE_DEN,2648.0,900,NRCell,Huawei
1696582800000,TOL034_01,SERVICE_LATENCY_OVER_AIR_INTERFACE_NUM,3201.0,900,NRCell,Huawei
1696582800000,TOL034_01,VOICE_TRAFFIC,0.0,900,NRCell,Huawei
1696582800000,TOL034_01,VOLTE_CALL_SETUP_ATT,0.0,900,NRCell,Huawei
1696582800000,TOL034_01,VOLTE_CALL_SETUP_SUCC,0.0,900,NRCell,Huawei
1696582800000,VAL002_01,DCR_DEN,12.0,900,NRCell,Huawei
1696582800000,VAL002_01,DCR_NUM,0.0,900,NRCell,Huawei
1696582800000,VAL002_01,DROP_CALL_VOLTE_DEN,0.0,900,NRCell,Huawei
1696582800000,VAL002_01,DROP_CALL_VOLTE_NUM,0.0,900,NRCell,Huawei
1696582800000,VAL002_01,ERAB_SR_DEN,12.0,900,NRCell,Huawei
1696582800000,VAL002_01,ERAB_SR_NUM,12.0,900,NRCell,Huawei
1696582800000,VAL002_01,INTEGRITY_NGBR_QCI_9,20282864.0,900,NRCell,Huawei
1696582800000,VAL002_01,INTRA_FREQUENCY_HO_OUT_ATT,0.0,900,NRCell,Huawei
1696582800000,VAL002_01,INTRA_FREQUENCY_HO_OUT_SUCC,0.0,900,NRCell,Huawei
1696582800000,VAL002_01,RRC_SETUP_ATT,8.0,900,NRCell,Huawei
1696582800000,VAL002_01,RRC_SETUP_SUCC,8.0,900,NRCell,Huawei
1696582800000,VAL002_01,S1SIG_Connection_Setup_SR_DEN,8.0,900,NRCell,Huawei
1696582800000,VAL002_01,S1SIG_Connection_Setup_SR_NUM,8.0,900,NRCell,Huawei
1696582800000,VAL002_01,SERVICE_LATENCY_OVER_AIR_INTERFACE_DEN,23702.0,900,NRCell,Huawei
1696582800000,VAL002_01,SERVICE_LATENCY_OVER_AIR_INTERFACE_NUM,47893.0,900,NRCell,Huawei
1696582800000,VAL002_01,VOICE_TRAFFIC,1813.0,900,NRCell,Huawei
1696582800000,VAL002_01,VOLTE_CALL_SETUP_ATT,0.0,900,NRCell,Huawei
1696582800000,VAL002_01,VOLTE_CALL_SETUP_SUCC,0.0,900,NRCell,Huawei
