startTime,neId,counterCode,counterValue,granularity,neType,vendorName
1696773600000,BCN014_01,DCR_DEN,1450.0,900,NRCell,Huawei
1696773600000,BCN014_01,DCR_NUM,0.0,900,NRCell,Huawei
1696773600000,BCN014_01,DROP_CALL_VOLTE_DEN,3.0,900,NRCell,Huawei
1696773600000,BCN014_01,DROP_CALL_VOLTE_NUM,0.0,900,NRCell,Huawei
1696773600000,BCN014_01,ERAB_SR_DEN,1413.0,900,NRCell,Huawei
1696773600000,BCN014_01,ERAB_SR_NUM,1413.0,900,NRCell,Huawei
1696773600000,BCN014_01,INTEGRITY_NGBR_QCI_9,9460420736.0,900,NRCell,Huawei
1696773600000,BCN014_01,INTRA_FREQUENCY_HO_OUT_ATT,94.0,900,NRCell,Huawei
1696773600000,BCN014_01,INTRA_FREQUENCY_HO_OUT_SUCC,94.0,900,NRCell,Huawei
1696773600000,BCN014_01,RRC_SETUP_ATT,888.0,900,NRCell,Huawei
1696773600000,BCN014_01,RRC_SETUP_SUCC,887.0,900,NRCell,Huawei
1696773600000,BCN014_01,S1SIG_Connection_Setup_SR_DEN,887.0,900,NRCell,Huawei
1696773600000,BCN014_01,S1SIG_Connection_Setup_SR_NUM,887.0,900,NRCell,Huawei
1696773600000,BCN014_01,SERVICE_LATENCY_OVER_AIR_INTERFACE_DEN,300105.0,900,NRCell,Huawei
1696773600000,BCN014_01,SERVICE_LATENCY_OVER_AIR_INTERFACE_NUM,356636.0,900,NRCell,Huawei
1696773600000,BCN014_01,VOICE_TRAFFIC,9472.0,900,NRCell,Huawei
1696773600000,BCN014_01,VOLTE_CALL_SETUP_ATT,5.0,900,NRCell,Huawei
1696773600000,BCN014_01,VOLTE_CALL_SETUP_SUCC,5.0,900,NRCell,Huawei
1696773600000,BIL001_01,DCR_DEN,1335.0,900,NRCell,Huawei
1696773600000,BIL001_01,DCR_NUM,0.0,900,NRCell,Huawei
1696773600000,BIL001_01,DROP_CALL_VOLTE_DEN,7.0,900,NRCell,Huawei
1696773600000,BIL001_01,DROP_CALL_VOLTE_NUM,0.0,900,NRCell,Huawei
1696773600000,BIL001_01,ERAB_SR_DEN,1354.0,900,NRCell,Huawei
1696773600000,BIL001_01,ERAB_SR_NUM,1354.0,900,NRCell,Huawei
1696773600000,BIL001_01,INTEGRITY_NGBR_QCI_9,3954293104.0,900,NRCell,Huawei
1696773600000,BIL001_01,INTRA_FREQUENCY_HO_OUT_ATT,78.0,900,NRCell,Huawei
1696773600000,BIL001_01,INTRA_FREQUENCY_HO_OUT_SUCC,78.0,900,NRCell,Huawei
1696773600000,BIL001_01,RRC_SETUP_ATT,878.0,900,NRCell,Huawei
1696773600000,BIL001_01,RRC_SETUP_SUCC,869.0,900,NRCell,Huawei
1696773600000,BIL001_01,S1SIG_Connection_Setup_SR_DEN,869.0,900,NRCell,Huawei
1696773600000,BIL001_01,S1SIG_Connection_Setup_SR_NUM,869.0,900,NRCell,Huawei
1696773600000,BIL001_01,SERVICE_LATENCY_OVER_AIR_INTERFACE_DEN,120844.0,900,NRCell,Huawei
1696773600000,BIL001_01,SERVICE_LATENCY_OVER_AIR_INTERFACE_NUM,160156.0,900,NRCell,Huawei
1696773600000,BIL001_01,VOICE_TRAFFIC,3432.0,900,NRCell,Huawei
1696773600000,BIL001_01,VOLTE_CALL_SETUP_ATT,6.0,900,NRCell,Huawei
1696773600000,BIL001_01,VOLTE_CALL_SETUP_SUCC,6.0,900,NRCell,Huawei
1696773600000,MAD033_01,DCR_DEN,978.0,900,NRCell,Huawei
1696773600000,MAD033_01,DCR_NUM,0.0,900,NRCell,Huawei
1696773600000,MAD033_01,DROP_CALL_VOLTE_DEN,2.0,900,NRCell,Huawei
1696773600000,MAD033_01,DROP_CALL_VOLTE_NUM,0.0,900,NRCell,Huawei
1696773600000,MAD033_01,ERAB_SR_DEN,977.0,900,NRCell,Huawei
1696773600000,MAD033_01,ERAB_SR_NUM,977.0,900,NRCell,Huawei
1696773600000,MAD033_01,INTEGRITY_NGBR_QCI_9,1160241384.0,900,NRCell,Huawei
1696773600000,MAD033_01,INTRA_FREQUENCY_HO_OUT_ATT,39.0,900,NRCell,Huawei
1696773600000,MAD033_01,INTRA_FREQUENCY_HO_OUT_SUCC,39.0,900,NRCell,Huawei
1696773600000,MAD033_01,RRC_SETUP_ATT,548.0,900,NRCell,Huawei
1696773600000,MAD033_01,RRC_SETUP_SUCC,547.0,900,NRCell,Huawei
1696773600000,MAD033_01,S1SIG_Connection_Setup_SR_DEN,547.0,900,NRCell,Huawei
1696773600000,MAD033_01,S1SIG_Connection_Setup_SR_NUM,547.0,900,NRCell,Huawei
1696773600000,MAD033_01,SERVICE_LATENCY_OVER_AIR_INTERFACE_DEN,44677.0,900,NRCell,Huawei
1696773600000,MAD033_01,SERVICE_LATENCY_OVER_AIR_INTERFACE_NUM,50175.0,900,NRCell,Huawei
1696773600000,MAD033_01,VOICE_TRAFFIC,1346.0,900,NRCell,Huawei
1696773600000,MAD033_01,VOLTE_CALL_SETUP_ATT,3.0,900,NRCell,Huawei
1696773600000,MAD033_01,VOLTE_CALL_SETUP_SUCC,3.0,900,NRCell,Huawei
1696773600000,SAL030_01,DCR_DEN,174.0,900,NRCell,Huawei
1696773600000,SAL030_01,DCR_NUM,2.0,900,NRCell,Huawei
1696773600000,SAL030_01,DROP_CALL_VOLTE_DEN,1.0,900,NRCell,Huawei
1696773600000,SAL030_01,DROP_CALL_VOLTE_NUM,0.0,900,NRCell,Huawei
1696773600000,SAL030_01,ERAB_SR_DEN,171.0,900,NRCell,Huawei
1696773600000,SAL030_01,ERAB_SR_NUM,171.0,900,NRCell,Huawei
1696773600000,SAL030_01,INTEGRITY_NGBR_QCI_9,735368184.0,900,NRCell,Huawei
1696773600000,SAL030_01,INTRA_FREQUENCY_HO_OUT_ATT,3.0,900,NRCell,Huawei
1696773600000,SAL030_01,INTRA_FREQUENCY_HO_OUT_SUCC,3.0,900,NRCell,Huawei
1696773600000,SAL030_01,RRC_SETUP_ATT,103.0,900,NRCell,Huawei
1696773600000,SAL030_01,RRC_SETUP_SUCC,103.0,900,NRCell,Huawei
1696773600000,SAL030_01,S1SIG_Connection_Setup_SR_DEN,103.0,900,NRCell,Huawei
1696773600000,SAL030_01,S1SIG_Connection_Setup_SR_NUM,103.0,900,NRCell,Huawei
1696773600000,SAL030_01,SERVICE_LATENCY_OVER_AIR_INTERFACE_DEN,22990.0,900,NRCell,Huawei
1696773600000,SAL030_01,SERVICE_LATENCY_OVER_AIR_INTERFACE_NUM,36265.0,900,NRCell,Huawei
1696773600000,SAL030_01,VOICE_TRAFFIC,964.0,900,NRCell,Huawei
1696773600000,SAL030_01,VOLTE_CALL_SETUP_ATT,1.0,900,NRCell,Huawei
1696773600000,SAL030_01,VOLTE_CALL_SETUP_SUCC,1.0,900,NRCell,Huawei
1696773600000,SEV001_01,DCR_DEN,2826.0,900,NRCell,Huawei
1696773600000,SEV001_01,DCR_NUM,1.0,900,NRCell,Huawei
1696773600000,SEV001_01,DROP_CALL_VOLTE_DEN,8.0,900,NRCell,Huawei
1696773600000,SEV001_01,DROP_CALL_VOLTE_NUM,0.0,900,NRCell,Huawei
1696773600000,SEV001_01,ERAB_SR_DEN,2836.0,900,NRCell,Huawei
1696773600000,SEV001_01,ERAB_SR_NUM,2836.0,900,NRCell,Huawei
1696773600000,SEV001_01,INTEGRITY_NGBR_QCI_9,11170410720.0,900,NRCell,Huawei
1696773600000,SEV001_01,INTRA_FREQUENCY_HO_OUT_ATT,68.0,900,NRCell,Huawei
1696773600000,SEV001_01,INTRA_FREQUENCY_HO_OUT_SUCC,68.0,900,NRCell,Huawei
1696773600000,SEV001_01,RRC_SETUP_ATT,1559.0,900,NRCell,Huawei
1696773600000,SEV001_01,RRC_SETUP_SUCC,1559.0,900,NRCell,Huawei
1696773600000,SEV001_01,S1SIG_Connection_Setup_SR_DEN,1559.0,900,NRCell,Huawei
1696773600000,SEV001_01,S1SIG_Connection_Setup_SR_NUM,1559.0,900,NRCell,Huawei
1696773600000,SEV001_01,SERVICE_LATENCY_OVER_AIR_INTERFACE_DEN,232167.0,900,NRCell,Huawei
1696773600000,SEV001_01,SERVICE_LATENCY_OVER_AIR_INTERFACE_NUM,458828.0,900,NRCell,Huawei
1696773600000,SEV001_01,VOICE_TRAFFIC,9977.0,900,NRCell,Huawei
1696773600000,SEV001_01,VOLTE_CALL_SETUP_ATT,12.0,900,NRCell,Huawei
1696773600000,SEV001_01,VOLTE_CALL_SETUP_SUCC,12.0,900,NRCell,Huawei
1696773600000,SNT002_01,DCR_DEN,924.0,900,NRCell,Huawei
1696773600000,SNT002_01,DCR_NUM,0.0,900,NRCell,Huawei
1696773600000,SNT002_01,DROP_CALL_VOLTE_DEN,3.0,900,NRCell,Huawei
1696773600000,SNT002_01,DROP_CALL_VOLTE_NUM,0.0,900,NRCell,Huawei
1696773600000,SNT002_01,ERAB_SR_DEN,935.0,900,NRCell,Huawei
1696773600000,SNT002_01,ERAB_SR_NUM,935.0,900,NRCell,Huawei
1696773600000,SNT002_01,INTEGRITY_NGBR_QCI_9,2857713640.0,900,NRCell,Huawei
1696773600000,SNT002_01,INTRA_FREQUENCY_HO_OUT_ATT,30.0,900,NRCell,Huawei
1696773600000,SNT002_01,INTRA_FREQUENCY_HO_OUT_SUCC,30.0,900,NRCell,Huawei
1696773600000,SNT002_01,RRC_SETUP_ATT,533.0,900,NRCell,Huawei
1696773600000,SNT002_01,RRC_SETUP_SUCC,533.0,900,NRCell,Huawei
1696773600000,SNT002_01,S1SIG_Connection_Setup_SR_DEN,533.0,900,NRCell,Huawei
1696773600000,SNT002_01,S1SIG_Connection_Setup_SR_NUM,533.0,900,NRCell,Huawei
1696773600000,SNT002_01,SERVICE_LATENCY_OVER_AIR_INTERFACE_DEN,97514.0,900,NRCell,Huawei
1696773600000,SNT002_01,SERVICE_LATENCY_OVER_AIR_INTERFACE_NUM,102291.0,900,NRCell,Huawei
1696773600000,SNT002_01,VOICE_TRAFFIC,1643.0,900,NRCell,Huawei
1696773600000,SNT002_01,VOLTE_CALL_SETUP_ATT,4.0,900,NRCell,Huawei
1696773600000,SNT002_01,VOLTE_CALL_SETUP_SUCC,4.0,900,NRCell,Huawei
1696773600000,TAR015_01,DCR_DEN,2875.0,900,NRCell,Huawei
1696773600000,TAR015_01,DCR_NUM,2.0,900,NRCell,Huawei
1696773600000,TAR015_01,DROP_CALL_VOLTE_DEN,12.0,900,NRCell,Huawei
1696773600000,TAR015_01,DROP_CALL_VOLTE_NUM,0.0,900,NRCell,Huawei
1696773600000,TAR015_01,ERAB_SR_DEN,2851.0,900,NRCell,Huawei
1696773600000,TAR015_01,ERAB_SR_NUM,2851.0,900,NRCell,Huawei
1696773600000,TAR015_01,INTEGRITY_NGBR_QCI_9,14556322512.0,900,NRCell,Huawei
1696773600000,TAR015_01,INTRA_FREQUENCY_HO_OUT_ATT,86.0,900,NRCell,Huawei
1696773600000,TAR015_01,INTRA_FREQUENCY_HO_OUT_SUCC,86.0,900,NRCell,Huawei
1696773600000,TAR015_01,RRC_SETUP_ATT,1620.0,900,NRCell,Huawei
1696773600000,TAR015_01,RRC_SETUP_SUCC,1619.0,900,NRCell,Huawei
1696773600000,TAR015_01,S1SIG_Connection_Setup_SR_DEN,1619.0,900,NRCell,Huawei
1696773600000,TAR015_01,S1SIG_Connection_Setup_SR_NUM,1619.0,900,NRCell,Huawei
1696773600000,TAR015_01,SERVICE_LATENCY_OVER_AIR_INTERFACE_DEN,421277.0,900,NRCell,Huawei
1696773600000,TAR015_01,SERVICE_LATENCY_OVER_AIR_INTERFACE_NUM,627266.0,900,NRCell,Huawei
1696773600000,TAR015_01,VOICE_TRAFFIC,32860.0,900,NRCell,Huawei
1696773600000,TAR015_01,VOLTE_CALL_SETUP_ATT,10.0,900,NRCell,Huawei
1696773600000,TAR015_01,VOLTE_CALL_SETUP_SUCC,10.0,900,NRCell,Huawei
1696773600000,TOL034_01,DCR_DEN,71.0,900,NRCell,Huawei
1696773600000,TOL034_01,DCR_NUM,0.0,900,NRCell,Huawei
1696773600000,TOL034_01,DROP_CALL_VOLTE_DEN,0.0,900,NRCell,Huawei
1696773600000,TOL034_01,DROP_CALL_VOLTE_NUM,0.0,900,NRCell,Huawei
1696773600000,TOL034_01,ERAB_SR_DEN,69.0,900,NRCell,Huawei
1696773600000,TOL034_01,ERAB_SR_NUM,69.0,900,NRCell,Huawei
1696773600000,TOL034_01,INTEGRITY_NGBR_QCI_9,166146528.0,900,NRCell,Huawei
1696773600000,TOL034_01,INTRA_FREQUENCY_HO_OUT_ATT,4.0,900,NRCell,Huawei
1696773600000,TOL034_01,INTRA_FREQUENCY_HO_OUT_SUCC,4.0,900,NRCell,Huawei
1696773600000,TOL034_01,RRC_SETUP_ATT,55.0,900,NRCell,Huawei
1696773600000,TOL034_01,RRC_SETUP_SUCC,55.0,900,NRCell,Huawei
1696773600000,TOL034_01,S1SIG_Connection_Setup_SR_DEN,55.0,900,NRCell,Huawei
1696773600000,TOL034_01,S1SIG_Connection_Setup_SR_NUM,55.0,900,NRCell,Huawei
1696773600000,TOL034_01,SERVICE_LATENCY_OVER_AIR_INTERFACE_DEN,16225.0,900,NRCell,Huawei
1696773600000,TOL034_01,SERVICE_LATENCY_OVER_AIR_INTERFACE_NUM,18445.0,900,NRCell,Huawei
1696773600000,TOL034_01,VOICE_TRAFFIC,0.0,900,NRCell,Huawei
1696773600000,TOL034_01,VOLTE_CALL_SETUP_ATT,0.0,900,NRCell,Huawei
1696773600000,TOL034_01,VOLTE_CALL_SETUP_SUCC,0.0,900,NRCell,Huawei
1696773600000,VAL002_01,DCR_DEN,16.0,900,NRCell,Huawei
1696773600000,VAL002_01,DCR_NUM,0.0,900,NRCell,Huawei
1696773600000,VAL002_01,DROP_CALL_VOLTE_DEN,0.0,900,NRCell,Huawei
1696773600000,VAL002_01,DROP_CALL_VOLTE_NUM,0.0,900,NRCell,Huawei
1696773600000,VAL002_01,ERAB_SR_DEN,20.0,900,NRCell,Huawei
1696773600000,VAL002_01,ERAB_SR_NUM,20.0,900,NRCell,Huawei
1696773600000,VAL002_01,INTEGRITY_NGBR_QCI_9,71660520.0,900,NRCell,Huawei
1696773600000,VAL002_01,INTRA_FREQUENCY_HO_OUT_ATT,2.0,900,NRCell,Huawei
1696773600000,VAL002_01,INTRA_FREQUENCY_HO_OUT_SUCC,2.0,900,NRCell,Huawei
1696773600000,VAL002_01,RRC_SETUP_ATT,15.0,900,NRCell,Huawei
1696773600000,VAL002_01,RRC_SETUP_SUCC,15.0,900,NRCell,Huawei
1696773600000,VAL002_01,S1SIG_Connection_Setup_SR_DEN,15.0,900,NRCell,Huawei
1696773600000,VAL002_01,S1SIG_Connection_Setup_SR_NUM,15.0,900,NRCell,Huawei
1696773600000,VAL002_01,SERVICE_LATENCY_OVER_AIR_INTERFACE_DEN,893.0,900,NRCell,Huawei
1696773600000,VAL002_01,SERVICE_LATENCY_OVER_AIR_INTERFACE_NUM,990.0,900,NRCell,Huawei
1696773600000,VAL002_01,VOICE_TRAFFIC,0.0,900,NRCell,Huawei
1696773600000,VAL002_01,VOLTE_CALL_SETUP_ATT,0.0,900,NRCell,Huawei
1696773600000,VAL002_01,VOLTE_CALL_SETUP_SUCC,0.0,900,NRCell,Huawei
