startTime,neId,counterCode,counterValue,granularity,neType,vendorName
1696806000000,BCN014_01,DCR_DEN,2167.0,900,NRCell,Huawei
1696806000000,BCN014_01,DCR_NUM,11.0,900,NRCell,Huawei
1696806000000,BCN014_01,DROP_CALL_VOLTE_DEN,23.0,900,NRCell,Huawei
1696806000000,BCN014_01,DROP_CALL_VOLTE_NUM,1.0,900,NRCell,Huawei
1696806000000,BCN014_01,ERAB_SR_DEN,2117.0,900,NRCell,Huawei
1696806000000,BCN014_01,ERAB_SR_NUM,2117.0,900,NRCell,Huawei
1696806000000,BCN014_01,INTEGRITY_NGBR_QCI_9,14489070832.0,900,NRCell,Huawei
1696806000000,BCN014_01,INTRA_FREQUENCY_HO_OUT_ATT,173.0,900,NRCell,Huawei
1696806000000,BCN014_01,INTRA_FREQUENCY_HO_OUT_SUCC,173.0,900,NRCell,Huawei
1696806000000,BCN014_01,RRC_SETUP_ATT,1338.0,900,NRCell,Huawei
1696806000000,BCN014_01,RRC_SETUP_SUCC,1333.0,900,NRCell,Huawei
1696806000000,BCN014_01,S1SIG_Connection_Setup_SR_DEN,1333.0,900,NRCell,Huawei
1696806000000,BCN014_01,S1SIG_Connection_Setup_SR_NUM,1265.0,900,NRCell,Huawei
1696806000000,BCN014_01,SERVICE_LATENCY_OVER_AIR_INTERFACE_DEN,406912.0,900,NRCell,Huawei
1696806000000,BCN014_01,SERVICE_LATENCY_OVER_AIR_INTERFACE_NUM,671229.0,900,NRCell,Huawei
1696806000000,BCN014_01,VOICE_TRAFFIC,28436.0,900,NRCell,Huawei
1696806000000,BCN014_01,VOLTE_CALL_SETUP_ATT,17.0,900,NRCell,Huawei
1696806000000,BCN014_01,VOLTE_CALL_SETUP_SUCC,17.0,900,NRCell,Huawei
1696806000000,BIL001_01,DCR_DEN,1937.0,900,NRCell,Huawei
1696806000000,BIL001_01,DCR_NUM,6.0,900,NRCell,Huawei
1696806000000,BIL001_01,DROP_CALL_VOLTE_DEN,15.0,900,NRCell,Huawei
1696806000000,BIL001_01,DROP_CALL_VOLTE_NUM,0.0,900,NRCell,Huawei
1696806000000,BIL001_01,ERAB_SR_DEN,1940.0,900,NRCell,Huawei
1696806000000,BIL001_01,ERAB_SR_NUM,1939.0,900,NRCell,Huawei
1696806000000,BIL001_01,INTEGRITY_NGBR_QCI_9,11373788680.0,900,NRCell,Huawei
1696806000000,BIL001_01,INTRA_FREQUENCY_HO_OUT_ATT,193.0,900,NRCell,Huawei
1696806000000,BIL001_01,INTRA_FREQUENCY_HO_OUT_SUCC,189.0,900,NRCell,Huawei
1696806000000,BIL001_01,RRC_SETUP_ATT,1267.0,900,NRCell,Huawei
1696806000000,BIL001_01,RRC_SETUP_SUCC,1263.0,900,NRCell,Huawei
1696806000000,BIL001_01,S1SIG_Connection_Setup_SR_DEN,1263.0,900,NRCell,Huawei
1696806000000,BIL001_01,S1SIG_Connection_Setup_SR_NUM,1193.0,900,NRCell,Huawei
1696806000000,BIL001_01,SERVICE_LATENCY_OVER_AIR_INTERFACE_DEN,228688.0,900,NRCell,Huawei
1696806000000,BIL001_01,SERVICE_LATENCY_OVER_AIR_INTERFACE_NUM,494105.0,900,NRCell,Huawei
1696806000000,BIL001_01,VOICE_TRAFFIC,7574.0,900,NRCell,Huawei
1696806000000,BIL001_01,VOLTE_CALL_SETUP_ATT,14.0,900,NRCell,Huawei
1696806000000,BIL001_01,VOLTE_CALL_SETUP_SUCC,14.0,900,NRCell,Huawei
1696806000000,MAD033_01,DCR_DEN,813.0,900,NRCell,Huawei
1696806000000,MAD033_01,DCR_NUM,1.0,900,NRCell,Huawei
1696806000000,MAD033_01,DROP_CALL_VOLTE_DEN,4.0,900,NRCell,Huawei
1696806000000,MAD033_01,DROP_CALL_VOLTE_NUM,0.0,900,NRCell,Huawei
1696806000000,MAD033_01,ERAB_SR_DEN,851.0,900,NRCell,Huawei
1696806000000,MAD033_01,ERAB_SR_NUM,851.0,900,NRCell,Huawei
1696806000000,MAD033_01,INTEGRITY_NGBR_QCI_9,5187659760.0,900,NRCell,Huawei
1696806000000,MAD033_01,INTRA_FREQUENCY_HO_OUT_ATT,90.0,900,NRCell,Huawei
1696806000000,MAD033_01,INTRA_FREQUENCY_HO_OUT_SUCC,89.0,900,NRCell,Huawei
1696806000000,MAD033_01,RRC_SETUP_ATT,553.0,900,NRCell,Huawei
1696806000000,MAD033_01,RRC_SETUP_SUCC,553.0,900,NRCell,Huawei
1696806000000,MAD033_01,S1SIG_Connection_Setup_SR_DEN,553.0,900,NRCell,Huawei
1696806000000,MAD033_01,S1SIG_Connection_Setup_SR_NUM,529.0,900,NRCell,Huawei
1696806000000,MAD033_01,SERVICE_LATENCY_OVER_AIR_INTERFACE_DEN,122562.0,900,NRCell,Huawei
1696806000000,MAD033_01,SERVICE_LATENCY_OVER_AIR_INTERFACE_NUM,149362.0,900,NRCell,Huawei
1696806000000,MAD033_01,VOICE_TRAFFIC,2495.0,900,NRCell,Huawei
1696806000000,MAD033_01,VOLTE_CALL_SETUP_ATT,5.0,900,NRCell,Huawei
1696806000000,MAD033_01,VOLTE_CALL_SETUP_SUCC,5.0,900,NRCell,Huawei
1696806000000,SAL030_01,DCR_DEN,160.0,900,NRCell,Huawei
1696806000000,SAL030_01,DCR_NUM,0.0,900,NRCell,Huawei
1696806000000,SAL030_01,DROP_CALL_VOLTE_DEN,0.0,900,NRCell,Huawei
1696806000000,SAL030_01,DROP_CALL_VOLTE_NUM,0.0,900,NRCell,Huawei
1696806000000,SAL030_01,ERAB_SR_DEN,156.0,900,NRCell,Huawei
1696806000000,SAL030_01,ERAB_SR_NUM,156.0,900,NRCell,Huawei
1696806000000,SAL030_01,INTEGRITY_NGBR_QCI_9,5542632088.0,900,NRCell,Huawei
1696806000000,SAL030_01,INTRA_FREQUENCY_HO_OUT_ATT,10.0,900,NRCell,Huawei
1696806000000,SAL030_01,INTRA_FREQUENCY_HO_OUT_SUCC,10.0,900,NRCell,Huawei
1696806000000,SAL030_01,RRC_SETUP_ATT,114.0,900,NRCell,Huawei
1696806000000,SAL030_01,RRC_SETUP_SUCC,114.0,900,NRCell,Huawei
1696806000000,SAL030_01,S1SIG_Connection_Setup_SR_DEN,114.0,900,NRCell,Huawei
1696806000000,SAL030_01,S1SIG_Connection_Setup_SR_NUM,108.0,900,NRCell,Huawei
1696806000000,SAL030_01,SERVICE_LATENCY_OVER_AIR_INTERFACE_DEN,158426.0,900,NRCell,Huawei
1696806000000,SAL030_01,SERVICE_LATENCY_OVER_AIR_INTERFACE_NUM,189991.0,900,NRCell,Huawei
1696806000000,SAL030_01,VOICE_TRAFFIC,0.0,900,NRCell,Huawei
1696806000000,SAL030_01,VOLTE_CALL_SETUP_ATT,0.0,900,NRCell,Huawei
1696806000000,SAL030_01,VOLTE_CALL_SETUP_SUCC,0.0,900,NRCell,Huawei
1696806000000,SEV001_01,DCR_DEN,2565.0,900,NRCell,Huawei
1696806000000,SEV001_01,DCR_NUM,4.0,900,NRCell,Huawei
1696806000000,SEV001_01,DROP_CALL_VOLTE_DEN,11.0,900,NRCell,Huawei
1696806000000,SEV001_01,DROP_CALL_VOLTE_NUM,0.0,900,NRCell,Huawei
1696806000000,SEV001_01,ERAB_SR_DEN,2543.0,900,NRCell,Huawei
1696806000000,SEV001_01,ERAB_SR_NUM,2542.0,900,NRCell,Huawei
1696806000000,SEV001_01,INTEGRITY_NGBR_QCI_9,11325579808.0,900,NRCell,Huawei
1696806000000,SEV001_01,INTRA_FREQUENCY_HO_OUT_ATT,119.0,900,NRCell,Huawei
1696806000000,SEV001_01,INTRA_FREQUENCY_HO_OUT_SUCC,118.0,900,NRCell,Huawei
1696806000000,SEV001_01,RRC_SETUP_ATT,1473.0,900,NRCell,Huawei
1696806000000,SEV001_01,RRC_SETUP_SUCC,1471.0,900,NRCell,Huawei
1696806000000,SEV001_01,S1SIG_Connection_Setup_SR_DEN,1471.0,900,NRCell,Huawei
1696806000000,SEV001_01,S1SIG_Connection_Setup_SR_NUM,1403.0,900,NRCell,Huawei
1696806000000,SEV001_01,SERVICE_LATENCY_OVER_AIR_INTERFACE_DEN,302367.0,900,NRCell,Huawei
1696806000000,SEV001_01,SERVICE_LATENCY_OVER_AIR_INTERFACE_NUM,664396.0,900,NRCell,Huawei
1696806000000,SEV001_01,VOICE_TRAFFIC,8796.0,900,NRCell,Huawei
1696806000000,SEV001_01,VOLTE_CALL_SETUP_ATT,10.0,900,NRCell,Huawei
1696806000000,SEV001_01,VOLTE_CALL_SETUP_SUCC,10.0,900,NRCell,Huawei
1696806000000,SNT002_01,DCR_DEN,837.0,900,NRCell,Huawei
1696806000000,SNT002_01,DCR_NUM,0.0,900,NRCell,Huawei
1696806000000,SNT002_01,DROP_CALL_VOLTE_DEN,8.0,900,NRCell,Huawei
1696806000000,SNT002_01,DROP_CALL_VOLTE_NUM,0.0,900,NRCell,Huawei
1696806000000,SNT002_01,ERAB_SR_DEN,852.0,900,NRCell,Huawei
1696806000000,SNT002_01,ERAB_SR_NUM,851.0,900,NRCell,Huawei
1696806000000,SNT002_01,INTEGRITY_NGBR_QCI_9,6716888760.0,900,NRCell,Huawei
1696806000000,SNT002_01,INTRA_FREQUENCY_HO_OUT_ATT,56.0,900,NRCell,Huawei
1696806000000,SNT002_01,INTRA_FREQUENCY_HO_OUT_SUCC,56.0,900,NRCell,Huawei
1696806000000,SNT002_01,RRC_SETUP_ATT,532.0,900,NRCell,Huawei
1696806000000,SNT002_01,RRC_SETUP_SUCC,529.0,900,NRCell,Huawei
1696806000000,SNT002_01,S1SIG_Connection_Setup_SR_DEN,529.0,900,NRCell,Huawei
1696806000000,SNT002_01,S1SIG_Connection_Setup_SR_NUM,507.0,900,NRCell,Huawei
1696806000000,SNT002_01,SERVICE_LATENCY_OVER_AIR_INTERFACE_DEN,118965.0,900,NRCell,Huawei
1696806000000,SNT002_01,SERVICE_LATENCY_OVER_AIR_INTERFACE_NUM,156558.0,900,NRCell,Huawei
1696806000000,SNT002_01,VOICE_TRAFFIC,2562.0,900,NRCell,Huawei
1696806000000,SNT002_01,VOLTE_CALL_SETUP_ATT,10.0,900,NRCell,Huawei
1696806000000,SNT002_01,VOLTE_CALL_SETUP_SUCC,10.0,900,NRCell,Huawei
1696806000000,TAR015_01,DCR_DEN,2721.0,900,NRCell,Huawei
1696806000000,TAR015_01,DCR_NUM,3.0,900,NRCell,Huawei
1696806000000,TAR015_01,DROP_CALL_VOLTE_DEN,12.0,900,NRCell,Huawei
1696806000000,TAR015_01,DROP_CALL_VOLTE_NUM,0.0,900,NRCell,Huawei
1696806000000,TAR015_01,ERAB_SR_DEN,2678.0,900,NRCell,Huawei
1696806000000,TAR015_01,ERAB_SR_NUM,2677.0,900,NRCell,Huawei
1696806000000,TAR015_01,INTEGRITY_NGBR_QCI_9,15126489208.0,900,NRCell,Huawei
1696806000000,TAR015_01,INTRA_FREQUENCY_HO_OUT_ATT,128.0,900,NRCell,Huawei
1696806000000,TAR015_01,INTRA_FREQUENCY_HO_OUT_SUCC,128.0,900,NRCell,Huawei
1696806000000,TAR015_01,RRC_SETUP_ATT,1555.0,900,NRCell,Huawei
1696806000000,TAR015_01,RRC_SETUP_SUCC,1555.0,900,NRCell,Huawei
1696806000000,TAR015_01,S1SIG_Connection_Setup_SR_DEN,1555.0,900,NRCell,Huawei
1696806000000,TAR015_01,S1SIG_Connection_Setup_SR_NUM,1489.0,900,NRCell,Huawei
1696806000000,TAR015_01,SERVICE_LATENCY_OVER_AIR_INTERFACE_DEN,490773.0,900,NRCell,Huawei
1696806000000,TAR015_01,SERVICE_LATENCY_OVER_AIR_INTERFACE_NUM,1056918.0,900,NRCell,Huawei
1696806000000,TAR015_01,VOICE_TRAFFIC,13743.0,900,NRCell,Huawei
1696806000000,TAR015_01,VOLTE_CALL_SETUP_ATT,12.0,900,NRCell,Huawei
1696806000000,TAR015_01,VOLTE_CALL_SETUP_SUCC,12.0,900,NRCell,Huawei
1696806000000,TOL034_01,DCR_DEN,192.0,900,NRCell,Huawei
1696806000000,TOL034_01,DCR_NUM,0.0,900,NRCell,Huawei
1696806000000,TOL034_01,DROP_CALL_VOLTE_DEN,0.0,900,NRCell,Huawei
1696806000000,TOL034_01,DROP_CALL_VOLTE_NUM,0.0,900,NRCell,Huawei
1696806000000,TOL034_01,ERAB_SR_DEN,184.0,900,NRCell,Huawei
1696806000000,TOL034_01,ERAB_SR_NUM,184.0,900,NRCell,Huawei
1696806000000,TOL034_01,INTEGRITY_NGBR_QCI_9,3217190296.0,900,NRCell,Huawei
1696806000000,TOL034_01,INTRA_FREQUENCY_HO_OUT_ATT,20.0,900,NRCell,Huawei
1696806000000,TOL034_01,INTRA_FREQUENCY_HO_OUT_SUCC,20.0,900,NRCell,Huawei
1696806000000,TOL034_01,RRC_SETUP_ATT,146.0,900,NRCell,Huawei
1696806000000,TOL034_01,RRC_SETUP_SUCC,146.0,900,NRCell,Huawei
1696806000000,TOL034_01,S1SIG_Connection_Setup_SR_DEN,146.0,900,NRCell,Huawei
1696806000000,TOL034_01,S1SIG_Connection_Setup_SR_NUM,136.0,900,NRCell,Huawei
1696806000000,TOL034_01,SERVICE_LATENCY_OVER_AIR_INTERFACE_DEN,102300.0,900,NRCell,Huawei
1696806000000,TOL034_01,SERVICE_LATENCY_OVER_AIR_INTERFACE_NUM,115211.0,900,NRCell,Huawei
1696806000000,TOL034_01,VOICE_TRAFFIC,34.0,900,NRCell,Huawei
1696806000000,TOL034_01,VOLTE_CALL_SETUP_ATT,0.0,900,NRCell,Huawei
1696806000000,TOL034_01,VOLTE_CALL_SETUP_SUCC,0.0,900,NRCell,Huawei
1696806000000,VAL002_01,DCR_DEN,53.0,900,NRCell,Huawei
1696806000000,VAL002_01,DCR_NUM,0.0,900,NRCell,Huawei
1696806000000,VAL002_01,DROP_CALL_VOLTE_DEN,0.0,900,NRCell,Huawei
1696806000000,VAL002_01,DROP_CALL_VOLTE_NUM,0.0,900,NRCell,Huawei
1696806000000,VAL002_01,ERAB_SR_DEN,45.0,900,NRCell,Huawei
1696806000000,VAL002_01,ERAB_SR_NUM,45.0,900,NRCell,Huawei
1696806000000,VAL002_01,INTEGRITY_NGBR_QCI_9,83423992.0,900,NRCell,Huawei
1696806000000,VAL002_01,INTRA_FREQUENCY_HO_OUT_ATT,3.0,900,NRCell,Huawei
1696806000000,VAL002_01,INTRA_FREQUENCY_HO_OUT_SUCC,3.0,900,NRCell,Huawei
1696806000000,VAL002_01,RRC_SETUP_ATT,38.0,900,NRCell,Huawei
1696806000000,VAL002_01,RRC_SETUP_SUCC,38.0,900,NRCell,Huawei
1696806000000,VAL002_01,S1SIG_Connection_Setup_SR_DEN,38.0,900,NRCell,Huawei
1696806000000,VAL002_01,S1SIG_Connection_Setup_SR_NUM,35.0,900,NRCell,Huawei
1696806000000,VAL002_01,SERVICE_LATENCY_OVER_AIR_INTERFACE_DEN,2450.0,900,NRCell,Huawei
1696806000000,VAL002_01,SERVICE_LATENCY_OVER_AIR_INTERFACE_NUM,3299.0,900,NRCell,Huawei
1696806000000,VAL002_01,VOICE_TRAFFIC,0.0,900,NRCell,Huawei
1696806000000,VAL002_01,VOLTE_CALL_SETUP_ATT,0.0,900,NRCell,Huawei
1696806000000,VAL002_01,VOLTE_CALL_SETUP_SUCC,0.0,900,NRCell,Huawei
