startTime,neId,counterCode,counterValue,granularity,neType,vendorName
1696855500000,BCN014_01,DCR_DEN,1753.0,900,NRCell,Huawei
1696855500000,BCN014_01,DCR_NUM,0.0,900,NRCell,Huawei
1696855500000,BCN014_01,DROP_CALL_VOLTE_DEN,4.0,900,NRCell,Huawei
1696855500000,BCN014_01,DROP_CALL_VOLTE_NUM,0.0,900,NRCell,Huawei
1696855500000,BCN014_01,ERAB_SR_DEN,1733.0,900,NRCell,Huawei
1696855500000,BCN014_01,ERAB_SR_NUM,1733.0,900,NRCell,Huawei
1696855500000,BCN014_01,INTEGRITY_NGBR_QCI_9,3790938624.0,900,NRCell,Huawei
1696855500000,BCN014_01,INTRA_FREQUENCY_HO_OUT_ATT,178.0,900,NRCell,Huawei
1696855500000,BCN014_01,INTRA_FREQUENCY_HO_OUT_SUCC,178.0,900,NRCell,Huawei
1696855500000,BCN014_01,RRC_SETUP_ATT,1129.0,900,NRCell,Huawei
1696855500000,BCN014_01,RRC_SETUP_SUCC,1129.0,900,NRCell,Huawei
1696855500000,BCN014_01,S1SIG_Connection_Setup_SR_DEN,1129.0,900,NRCell,Huawei
1696855500000,BCN014_01,S1SIG_Connection_Setup_SR_NUM,1129.0,900,NRCell,Huawei
1696855500000,BCN014_01,SERVICE_LATENCY_OVER_AIR_INTERFACE_DEN,155475.0,900,NRCell,Huawei
1696855500000,BCN014_01,SERVICE_LATENCY_OVER_AIR_INTERFACE_NUM,219465.0,900,NRCell,Huawei
1696855500000,BCN014_01,VOICE_TRAFFIC,7878.0,900,NRCell,Huawei
1696855500000,BCN014_01,VOLTE_CALL_SETUP_ATT,3.0,900,NRCell,Huawei
1696855500000,BCN014_01,VOLTE_CALL_SETUP_SUCC,3.0,900,NRCell,Huawei
1696855500000,BIL001_01,DCR_DEN,1679.0,900,NRCell,Huawei
1696855500000,BIL001_01,DCR_NUM,0.0,900,NRCell,Huawei
1696855500000,BIL001_01,DROP_CALL_VOLTE_DEN,3.0,900,NRCell,Huawei
1696855500000,BIL001_01,DROP_CALL_VOLTE_NUM,0.0,900,NRCell,Huawei
1696855500000,BIL001_01,ERAB_SR_DEN,1735.0,900,NRCell,Huawei
1696855500000,BIL001_01,ERAB_SR_NUM,1735.0,900,NRCell,Huawei
1696855500000,BIL001_01,INTEGRITY_NGBR_QCI_9,5354020664.0,900,NRCell,Huawei
1696855500000,BIL001_01,INTRA_FREQUENCY_HO_OUT_ATT,160.0,900,NRCell,Huawei
1696855500000,BIL001_01,INTRA_FREQUENCY_HO_OUT_SUCC,160.0,900,NRCell,Huawei
1696855500000,BIL001_01,RRC_SETUP_ATT,1129.0,900,NRCell,Huawei
1696855500000,BIL001_01,RRC_SETUP_SUCC,1129.0,900,NRCell,Huawei
1696855500000,BIL001_01,S1SIG_Connection_Setup_SR_DEN,1129.0,900,NRCell,Huawei
1696855500000,BIL001_01,S1SIG_Connection_Setup_SR_NUM,1129.0,900,NRCell,Huawei
1696855500000,BIL001_01,SERVICE_LATENCY_OVER_AIR_INTERFACE_DEN,226495.0,900,NRCell,Huawei
1696855500000,BIL001_01,SERVICE_LATENCY_OVER_AIR_INTERFACE_NUM,279575.0,900,NRCell,Huawei
1696855500000,BIL001_01,VOICE_TRAFFIC,4036.0,900,NRCell,Huawei
1696855500000,BIL001_01,VOLTE_CALL_SETUP_ATT,3.0,900,NRCell,Huawei
1696855500000,BIL001_01,VOLTE_CALL_SETUP_SUCC,3.0,900,NRCell,Huawei
1696855500000,MAD033_01,DCR_DEN,1590.0,900,NRCell,Huawei
1696855500000,MAD033_01,DCR_NUM,0.0,900,NRCell,Huawei
1696855500000,MAD033_01,DROP_CALL_VOLTE_DEN,11.0,900,NRCell,Huawei
1696855500000,MAD033_01,DROP_CALL_VOLTE_NUM,0.0,900,NRCell,Huawei
1696855500000,MAD033_01,ERAB_SR_DEN,1566.0,900,NRCell,Huawei
1696855500000,MAD033_01,ERAB_SR_NUM,1566.0,900,NRCell,Huawei
1696855500000,MAD033_01,INTEGRITY_NGBR_QCI_9,4714061560.0,900,NRCell,Huawei
1696855500000,MAD033_01,INTRA_FREQUENCY_HO_OUT_ATT,97.0,900,NRCell,Huawei
1696855500000,MAD033_01,INTRA_FREQUENCY_HO_OUT_SUCC,97.0,900,NRCell,Huawei
1696855500000,MAD033_01,RRC_SETUP_ATT,930.0,900,NRCell,Huawei
1696855500000,MAD033_01,RRC_SETUP_SUCC,930.0,900,NRCell,Huawei
1696855500000,MAD033_01,S1SIG_Connection_Setup_SR_DEN,930.0,900,NRCell,Huawei
1696855500000,MAD033_01,S1SIG_Connection_Setup_SR_NUM,930.0,900,NRCell,Huawei
1696855500000,MAD033_01,SERVICE_LATENCY_OVER_AIR_INTERFACE_DEN,209912.0,900,NRCell,Huawei
1696855500000,MAD033_01,SERVICE_LATENCY_OVER_AIR_INTERFACE_NUM,237485.0,900,NRCell,Huawei
1696855500000,MAD033_01,VOICE_TRAFFIC,4528.0,900,NRCell,Huawei
1696855500000,MAD033_01,VOLTE_CALL_SETUP_ATT,10.0,900,NRCell,Huawei
1696855500000,MAD033_01,VOLTE_CALL_SETUP_SUCC,10.0,900,NRCell,Huawei
1696855500000,SAL030_01,DCR_DEN,110.0,900,NRCell,Huawei
1696855500000,SAL030_01,DCR_NUM,1.0,900,NRCell,Huawei
1696855500000,SAL030_01,DROP_CALL_VOLTE_DEN,1.0,900,NRCell,Huawei
1696855500000,SAL030_01,DROP_CALL_VOLTE_NUM,0.0,900,NRCell,Huawei
1696855500000,SAL030_01,ERAB_SR_DEN,111.0,900,NRCell,Huawei
1696855500000,SAL030_01,ERAB_SR_NUM,111.0,900,NRCell,Huawei
1696855500000,SAL030_01,INTEGRITY_NGBR_QCI_9,1300679088.0,900,NRCell,Huawei
1696855500000,SAL030_01,INTRA_FREQUENCY_HO_OUT_ATT,4.0,900,NRCell,Huawei
1696855500000,SAL030_01,INTRA_FREQUENCY_HO_OUT_SUCC,4.0,900,NRCell,Huawei
1696855500000,SAL030_01,RRC_SETUP_ATT,72.0,900,NRCell,Huawei
1696855500000,SAL030_01,RRC_SETUP_SUCC,72.0,900,NRCell,Huawei
1696855500000,SAL030_01,S1SIG_Connection_Setup_SR_DEN,72.0,900,NRCell,Huawei
1696855500000,SAL030_01,S1SIG_Connection_Setup_SR_NUM,72.0,900,NRCell,Huawei
1696855500000,SAL030_01,SERVICE_LATENCY_OVER_AIR_INTERFACE_DEN,14089.0,900,NRCell,Huawei
1696855500000,SAL030_01,SERVICE_LATENCY_OVER_AIR_INTERFACE_NUM,23146.0,900,NRCell,Huawei
1696855500000,SAL030_01,VOICE_TRAFFIC,373.0,900,NRCell,Huawei
1696855500000,SAL030_01,VOLTE_CALL_SETUP_ATT,0.0,900,NRCell,Huawei
1696855500000,SAL030_01,VOLTE_CALL_SETUP_SUCC,0.0,900,NRCell,Huawei
1696855500000,SEV001_01,DCR_DEN,2638.0,900,NRCell,Huawei
1696855500000,SEV001_01,DCR_NUM,4.0,900,NRCell,Huawei
1696855500000,SEV001_01,DROP_CALL_VOLTE_DEN,6.0,900,NRCell,Huawei
1696855500000,SEV001_01,DROP_CALL_VOLTE_NUM,0.0,900,NRCell,Huawei
1696855500000,SEV001_01,ERAB_SR_DEN,2660.0,900,NRCell,Huawei
1696855500000,SEV001_01,ERAB_SR_NUM,2660.0,900,NRCell,Huawei
1696855500000,SEV001_01,INTEGRITY_NGBR_QCI_9,5455327432.0,900,NRCell,Huawei
1696855500000,SEV001_01,INTRA_FREQUENCY_HO_OUT_ATT,126.0,900,NRCell,Huawei
1696855500000,SEV001_01,INTRA_FREQUENCY_HO_OUT_SUCC,126.0,900,NRCell,Huawei
1696855500000,SEV001_01,RRC_SETUP_ATT,1525.0,900,NRCell,Huawei
1696855500000,SEV001_01,RRC_SETUP_SUCC,1525.0,900,NRCell,Huawei
1696855500000,SEV001_01,S1SIG_Connection_Setup_SR_DEN,1525.0,900,NRCell,Huawei
1696855500000,SEV001_01,S1SIG_Connection_Setup_SR_NUM,1525.0,900,NRCell,Huawei
1696855500000,SEV001_01,SERVICE_LATENCY_OVER_AIR_INTERFACE_DEN,205760.0,900,NRCell,Huawei
1696855500000,SEV001_01,SERVICE_LATENCY_OVER_AIR_INTERFACE_NUM,273856.0,900,NRCell,Huawei
1696855500000,SEV001_01,VOICE_TRAFFIC,5826.0,900,NRCell,Huawei
1696855500000,SEV001_01,VOLTE_CALL_SETUP_ATT,11.0,900,NRCell,Huawei
1696855500000,SEV001_01,VOLTE_CALL_SETUP_SUCC,11.0,900,NRCell,Huawei
1696855500000,SNT002_01,DCR_DEN,1367.0,900,NRCell,Huawei
1696855500000,SNT002_01,DCR_NUM,0.0,900,NRCell,Huawei
1696855500000,SNT002_01,DROP_CALL_VOLTE_DEN,8.0,900,NRCell,Huawei
1696855500000,SNT002_01,DROP_CALL_VOLTE_NUM,0.0,900,NRCell,Huawei
1696855500000,SNT002_01,ERAB_SR_DEN,1349.0,900,NRCell,Huawei
1696855500000,SNT002_01,ERAB_SR_NUM,1349.0,900,NRCell,Huawei
1696855500000,SNT002_01,INTEGRITY_NGBR_QCI_9,4600258800.0,900,NRCell,Huawei
1696855500000,SNT002_01,INTRA_FREQUENCY_HO_OUT_ATT,84.0,900,NRCell,Huawei
1696855500000,SNT002_01,INTRA_FREQUENCY_HO_OUT_SUCC,84.0,900,NRCell,Huawei
1696855500000,SNT002_01,RRC_SETUP_ATT,776.0,900,NRCell,Huawei
1696855500000,SNT002_01,RRC_SETUP_SUCC,774.0,900,NRCell,Huawei
1696855500000,SNT002_01,S1SIG_Connection_Setup_SR_DEN,774.0,900,NRCell,Huawei
1696855500000,SNT002_01,S1SIG_Connection_Setup_SR_NUM,774.0,900,NRCell,Huawei
1696855500000,SNT002_01,SERVICE_LATENCY_OVER_AIR_INTERFACE_DEN,146671.0,900,NRCell,Huawei
1696855500000,SNT002_01,SERVICE_LATENCY_OVER_AIR_INTERFACE_NUM,162419.0,900,NRCell,Huawei
1696855500000,SNT002_01,VOICE_TRAFFIC,1484.0,900,NRCell,Huawei
1696855500000,SNT002_01,VOLTE_CALL_SETUP_ATT,7.0,900,NRCell,Huawei
1696855500000,SNT002_01,VOLTE_CALL_SETUP_SUCC,7.0,900,NRCell,Huawei
1696855500000,TAR015_01,DCR_DEN,2500.0,900,NRCell,Huawei
1696855500000,TAR015_01,DCR_NUM,0.0,900,NRCell,Huawei
1696855500000,TAR015_01,DROP_CALL_VOLTE_DEN,6.0,900,NRCell,Huawei
1696855500000,TAR015_01,DROP_CALL_VOLTE_NUM,0.0,900,NRCell,Huawei
1696855500000,TAR015_01,ERAB_SR_DEN,2456.0,900,NRCell,Huawei
1696855500000,TAR015_01,ERAB_SR_NUM,2453.0,900,NRCell,Huawei
1696855500000,TAR015_01,INTEGRITY_NGBR_QCI_9,10266497008.0,900,NRCell,Huawei
1696855500000,TAR015_01,INTRA_FREQUENCY_HO_OUT_ATT,125.0,900,NRCell,Huawei
1696855500000,TAR015_01,INTRA_FREQUENCY_HO_OUT_SUCC,125.0,900,NRCell,Huawei
1696855500000,TAR015_01,RRC_SETUP_ATT,1421.0,900,NRCell,Huawei
1696855500000,TAR015_01,RRC_SETUP_SUCC,1421.0,900,NRCell,Huawei
1696855500000,TAR015_01,S1SIG_Connection_Setup_SR_DEN,1421.0,900,NRCell,Huawei
1696855500000,TAR015_01,S1SIG_Connection_Setup_SR_NUM,1421.0,900,NRCell,Huawei
1696855500000,TAR015_01,SERVICE_LATENCY_OVER_AIR_INTERFACE_DEN,227387.0,900,NRCell,Huawei
1696855500000,TAR015_01,SERVICE_LATENCY_OVER_AIR_INTERFACE_NUM,322446.0,900,NRCell,Huawei
1696855500000,TAR015_01,VOICE_TRAFFIC,3242.0,900,NRCell,Huawei
1696855500000,TAR015_01,VOLTE_CALL_SETUP_ATT,3.0,900,NRCell,Huawei
1696855500000,TAR015_01,VOLTE_CALL_SETUP_SUCC,3.0,900,NRCell,Huawei
1696855500000,TOL034_01,DCR_DEN,55.0,900,NRCell,Huawei
1696855500000,TOL034_01,DCR_NUM,1.0,900,NRCell,Huawei
1696855500000,TOL034_01,DROP_CALL_VOLTE_DEN,0.0,900,NRCell,Huawei
1696855500000,TOL034_01,DROP_CALL_VOLTE_NUM,0.0,900,NRCell,Huawei
1696855500000,TOL034_01,ERAB_SR_DEN,39.0,900,NRCell,Huawei
1696855500000,TOL034_01,ERAB_SR_NUM,39.0,900,NRCell,Huawei
1696855500000,TOL034_01,INTEGRITY_NGBR_QCI_9,16083368.0,900,NRCell,Huawei
1696855500000,TOL034_01,INTRA_FREQUENCY_HO_OUT_ATT,5.0,900,NRCell,Huawei
1696855500000,TOL034_01,INTRA_FREQUENCY_HO_OUT_SUCC,5.0,900,NRCell,Huawei
1696855500000,TOL034_01,RRC_SETUP_ATT,38.0,900,NRCell,Huawei
1696855500000,TOL034_01,RRC_SETUP_SUCC,38.0,900,NRCell,Huawei
1696855500000,TOL034_01,S1SIG_Connection_Setup_SR_DEN,38.0,900,NRCell,Huawei
1696855500000,TOL034_01,S1SIG_Connection_Setup_SR_NUM,38.0,900,NRCell,Huawei
1696855500000,TOL034_01,SERVICE_LATENCY_OVER_AIR_INTERFACE_DEN,1324.0,900,NRCell,Huawei
1696855500000,TOL034_01,SERVICE_LATENCY_OVER_AIR_INTERFACE_NUM,3011.0,900,NRCell,Huawei
1696855500000,TOL034_01,VOICE_TRAFFIC,0.0,900,NRCell,Huawei
1696855500000,TOL034_01,VOLTE_CALL_SETUP_ATT,0.0,900,NRCell,Huawei
1696855500000,TOL034_01,VOLTE_CALL_SETUP_SUCC,0.0,900,NRCell,Huawei
1696855500000,VAL002_01,DCR_DEN,38.0,900,NRCell,Huawei
1696855500000,VAL002_01,DCR_NUM,0.0,900,NRCell,Huawei
1696855500000,VAL002_01,DROP_CALL_VOLTE_DEN,0.0,900,NRCell,Huawei
1696855500000,VAL002_01,DROP_CALL_VOLTE_NUM,0.0,900,NRCell,Huawei
1696855500000,VAL002_01,ERAB_SR_DEN,40.0,900,NRCell,Huawei
1696855500000,VAL002_01,ERAB_SR_NUM,40.0,900,NRCell,Huawei
1696855500000,VAL002_01,INTEGRITY_NGBR_QCI_9,3874912.0,900,NRCell,Huawei
1696855500000,VAL002_01,INTRA_FREQUENCY_HO_OUT_ATT,1.0,900,NRCell,Huawei
1696855500000,VAL002_01,INTRA_FREQUENCY_HO_OUT_SUCC,1.0,900,NRCell,Huawei
1696855500000,VAL002_01,RRC_SETUP_ATT,34.0,900,NRCell,Huawei
1696855500000,VAL002_01,RRC_SETUP_SUCC,34.0,900,NRCell,Huawei
1696855500000,VAL002_01,S1SIG_Connection_Setup_SR_DEN,34.0,900,NRCell,Huawei
1696855500000,VAL002_01,S1SIG_Connection_Setup_SR_NUM,34.0,900,NRCell,Huawei
1696855500000,VAL002_01,SERVICE_LATENCY_OVER_AIR_INTERFACE_DEN,855.0,900,NRCell,Huawei
1696855500000,VAL002_01,SERVICE_LATENCY_OVER_AIR_INTERFACE_NUM,1026.0,900,NRCell,Huawei
1696855500000,VAL002_01,VOICE_TRAFFIC,0.0,900,NRCell,Huawei
1696855500000,VAL002_01,VOLTE_CALL_SETUP_ATT,0.0,900,NRCell,Huawei
1696855500000,VAL002_01,VOLTE_CALL_SETUP_SUCC,0.0,900,NRCell,Huawei
