startTime,neId,counterCode,counterValue,granularity,neType,vendorName
1696543200000,BCN014_01,DCR_DEN,4094.0,900,NRCell,Huawei
1696543200000,BCN014_01,DCR_NUM,10.0,900,NRCell,Huawei
1696543200000,BCN014_01,DROP_CALL_VOLTE_DEN,39.0,900,NRCell,Huawei
1696543200000,BCN014_01,DROP_CALL_VOLTE_NUM,0.0,900,NRCell,Huawei
1696543200000,BCN014_01,ERAB_SR_DEN,4059.0,900,NRCell,Huawei
1696543200000,BCN014_01,ERAB_SR_NUM,4057.0,900,NRCell,Huawei
1696543200000,BCN014_01,INTEGRITY_NGBR_QCI_9,16386064688.0,900,NRCell,Huawei
1696543200000,BCN014_01,INTRA_FREQUENCY_HO_OUT_ATT,234.0,900,NRCell,Huawei
1696543200000,BCN014_01,INTRA_FREQUENCY_HO_OUT_SUCC,234.0,900,NRCell,Huawei
1696543200000,BCN014_01,RRC_SETUP_ATT,2283.0,900,NRCell,Huawei
1696543200000,BCN014_01,RRC_SETUP_SUCC,2279.0,900,NRCell,Huawei
1696543200000,BCN014_01,S1SIG_Connection_Setup_SR_DEN,2280.0,900,NRCell,Huawei
1696543200000,BCN014_01,S1SIG_Connection_Setup_SR_NUM,2280.0,900,NRCell,Huawei
1696543200000,BCN014_01,SERVICE_LATENCY_OVER_AIR_INTERFACE_DEN,438066.0,900,NRCell,Huawei
1696543200000,BCN014_01,SERVICE_LATENCY_OVER_AIR_INTERFACE_NUM,1740203.0,900,NRCell,Huawei
1696543200000,BCN014_01,VOICE_TRAFFIC,36902.0,900,NRCell,Huawei
1696543200000,BCN014_01,VOLTE_CALL_SETUP_ATT,35.0,900,NRCell,Huawei
1696543200000,BCN014_01,VOLTE_CALL_SETUP_SUCC,35.0,900,NRCell,Huawei
1696543200000,BIL001_01,DCR_DEN,3490.0,900,NRCell,Huawei
1696543200000,BIL001_01,DCR_NUM,3.0,900,NRCell,Huawei
1696543200000,BIL001_01,DROP_CALL_VOLTE_DEN,18.0,900,NRCell,Huawei
1696543200000,BIL001_01,DROP_CALL_VOLTE_NUM,0.0,900,NRCell,Huawei
1696543200000,BIL001_01,ERAB_SR_DEN,3552.0,900,NRCell,Huawei
1696543200000,BIL001_01,ERAB_SR_NUM,3547.0,900,NRCell,Huawei
1696543200000,BIL001_01,INTEGRITY_NGBR_QCI_9,13313539592.0,900,NRCell,Huawei
1696543200000,BIL001_01,INTRA_FREQUENCY_HO_OUT_ATT,189.0,900,NRCell,Huawei
1696543200000,BIL001_01,INTRA_FREQUENCY_HO_OUT_SUCC,189.0,900,NRCell,Huawei
1696543200000,BIL001_01,RRC_SETUP_ATT,2043.0,900,NRCell,Huawei
1696543200000,BIL001_01,RRC_SETUP_SUCC,2022.0,900,NRCell,Huawei
1696543200000,BIL001_01,S1SIG_Connection_Setup_SR_DEN,2021.0,900,NRCell,Huawei
1696543200000,BIL001_01,S1SIG_Connection_Setup_SR_NUM,2021.0,900,NRCell,Huawei
1696543200000,BIL001_01,SERVICE_LATENCY_OVER_AIR_INTERFACE_DEN,456502.0,900,NRCell,Huawei
1696543200000,BIL001_01,SERVICE_LATENCY_OVER_AIR_INTERFACE_NUM,975371.0,900,NRCell,Huawei
1696543200000,BIL001_01,VOICE_TRAFFIC,9052.0,900,NRCell,Huawei
1696543200000,BIL001_01,VOLTE_CALL_SETUP_ATT,21.0,900,NRCell,Huawei
1696543200000,BIL001_01,VOLTE_CALL_SETUP_SUCC,21.0,900,NRCell,Huawei
1696543200000,MAD033_01,DCR_DEN,2017.0,900,NRCell,Huawei
1696543200000,MAD033_01,DCR_NUM,2.0,900,NRCell,Huawei
1696543200000,MAD033_01,DROP_CALL_VOLTE_DEN,27.0,900,NRCell,Huawei
1696543200000,MAD033_01,DROP_CALL_VOLTE_NUM,0.0,900,NRCell,Huawei
1696543200000,MAD033_01,ERAB_SR_DEN,2061.0,900,NRCell,Huawei
1696543200000,MAD033_01,ERAB_SR_NUM,2056.0,900,NRCell,Huawei
1696543200000,MAD033_01,INTEGRITY_NGBR_QCI_9,9242111080.0,900,NRCell,Huawei
1696543200000,MAD033_01,INTRA_FREQUENCY_HO_OUT_ATT,148.0,900,NRCell,Huawei
1696543200000,MAD033_01,INTRA_FREQUENCY_HO_OUT_SUCC,148.0,900,NRCell,Huawei
1696543200000,MAD033_01,RRC_SETUP_ATT,1175.0,900,NRCell,Huawei
1696543200000,MAD033_01,RRC_SETUP_SUCC,1171.0,900,NRCell,Huawei
1696543200000,MAD033_01,S1SIG_Connection_Setup_SR_DEN,1171.0,900,NRCell,Huawei
1696543200000,MAD033_01,S1SIG_Connection_Setup_SR_NUM,1171.0,900,NRCell,Huawei
1696543200000,MAD033_01,SERVICE_LATENCY_OVER_AIR_INTERFACE_DEN,328519.0,900,NRCell,Huawei
1696543200000,MAD033_01,SERVICE_LATENCY_OVER_AIR_INTERFACE_NUM,495418.0,900,NRCell,Huawei
1696543200000,MAD033_01,VOICE_TRAFFIC,31672.0,900,NRCell,Huawei
1696543200000,MAD033_01,VOLTE_CALL_SETUP_ATT,23.0,900,NRCell,Huawei
1696543200000,MAD033_01,VOLTE_CALL_SETUP_SUCC,23.0,900,NRCell,Huawei
1696543200000,SAL030_01,DCR_DEN,207.0,900,NRCell,Huawei
1696543200000,SAL030_01,DCR_NUM,3.0,900,NRCell,Huawei
1696543200000,SAL030_01,DROP_CALL_VOLTE_DEN,0.0,900,NRCell,Huawei
1696543200000,SAL030_01,DROP_CALL_VOLTE_NUM,0.0,900,NRCell,Huawei
1696543200000,SAL030_01,ERAB_SR_DEN,199.0,900,NRCell,Huawei
1696543200000,SAL030_01,ERAB_SR_NUM,199.0,900,NRCell,Huawei
1696543200000,SAL030_01,INTEGRITY_NGBR_QCI_9,4457118064.0,900,NRCell,Huawei
1696543200000,SAL030_01,INTRA_FREQUENCY_HO_OUT_ATT,11.0,900,NRCell,Huawei
1696543200000,SAL030_01,INTRA_FREQUENCY_HO_OUT_SUCC,11.0,900,NRCell,Huawei
1696543200000,SAL030_01,RRC_SETUP_ATT,113.0,900,NRCell,Huawei
1696543200000,SAL030_01,RRC_SETUP_SUCC,113.0,900,NRCell,Huawei
1696543200000,SAL030_01,S1SIG_Connection_Setup_SR_DEN,113.0,900,NRCell,Huawei
1696543200000,SAL030_01,S1SIG_Connection_Setup_SR_NUM,113.0,900,NRCell,Huawei
1696543200000,SAL030_01,SERVICE_LATENCY_OVER_AIR_INTERFACE_DEN,41161.0,900,NRCell,Huawei
1696543200000,SAL030_01,SERVICE_LATENCY_OVER_AIR_INTERFACE_NUM,95374.0,900,NRCell,Huawei
1696543200000,SAL030_01,VOICE_TRAFFIC,120.0,900,NRCell,Huawei
1696543200000,SAL030_01,VOLTE_CALL_SETUP_ATT,1.0,900,NRCell,Huawei
1696543200000,SAL030_01,VOLTE_CALL_SETUP_SUCC,1.0,900,NRCell,Huawei
1696543200000,SEV001_01,DCR_DEN,4216.0,900,NRCell,Huawei
1696543200000,SEV001_01,DCR_NUM,9.0,900,NRCell,Huawei
1696543200000,SEV001_01,DROP_CALL_VOLTE_DEN,28.0,900,NRCell,Huawei
1696543200000,SEV001_01,DROP_CALL_VOLTE_NUM,0.0,900,NRCell,Huawei
1696543200000,SEV001_01,ERAB_SR_DEN,4205.0,900,NRCell,Huawei
1696543200000,SEV001_01,ERAB_SR_NUM,4198.0,900,NRCell,Huawei
1696543200000,SEV001_01,INTEGRITY_NGBR_QCI_9,17259902488.0,900,NRCell,Huawei
1696543200000,SEV001_01,INTRA_FREQUENCY_HO_OUT_ATT,106.0,900,NRCell,Huawei
1696543200000,SEV001_01,INTRA_FREQUENCY_HO_OUT_SUCC,106.0,900,NRCell,Huawei
1696543200000,SEV001_01,RRC_SETUP_ATT,2290.0,900,NRCell,Huawei
1696543200000,SEV001_01,RRC_SETUP_SUCC,2287.0,900,NRCell,Huawei
1696543200000,SEV001_01,S1SIG_Connection_Setup_SR_DEN,2287.0,900,NRCell,Huawei
1696543200000,SEV001_01,S1SIG_Connection_Setup_SR_NUM,2287.0,900,NRCell,Huawei
1696543200000,SEV001_01,SERVICE_LATENCY_OVER_AIR_INTERFACE_DEN,529590.0,900,NRCell,Huawei
1696543200000,SEV001_01,SERVICE_LATENCY_OVER_AIR_INTERFACE_NUM,860717.0,900,NRCell,Huawei
1696543200000,SEV001_01,VOICE_TRAFFIC,32652.0,900,NRCell,Huawei
1696543200000,SEV001_01,VOLTE_CALL_SETUP_ATT,23.0,900,NRCell,Huawei
1696543200000,SEV001_01,VOLTE_CALL_SETUP_SUCC,23.0,900,NRCell,Huawei
1696543200000,SNT002_01,DCR_DEN,1854.0,900,NRCell,Huawei
1696543200000,SNT002_01,DCR_NUM,2.0,900,NRCell,Huawei
1696543200000,SNT002_01,DROP_CALL_VOLTE_DEN,15.0,900,NRCell,Huawei
1696543200000,SNT002_01,DROP_CALL_VOLTE_NUM,0.0,900,NRCell,Huawei
1696543200000,SNT002_01,ERAB_SR_DEN,1889.0,900,NRCell,Huawei
1696543200000,SNT002_01,ERAB_SR_NUM,1884.0,900,NRCell,Huawei
1696543200000,SNT002_01,INTEGRITY_NGBR_QCI_9,9084082848.0,900,NRCell,Huawei
1696543200000,SNT002_01,INTRA_FREQUENCY_HO_OUT_ATT,159.0,900,NRCell,Huawei
1696543200000,SNT002_01,INTRA_FREQUENCY_HO_OUT_SUCC,159.0,900,NRCell,Huawei
1696543200000,SNT002_01,RRC_SETUP_ATT,1115.0,900,NRCell,Huawei
1696543200000,SNT002_01,RRC_SETUP_SUCC,1110.0,900,NRCell,Huawei
1696543200000,SNT002_01,S1SIG_Connection_Setup_SR_DEN,1110.0,900,NRCell,Huawei
1696543200000,SNT002_01,S1SIG_Connection_Setup_SR_NUM,1110.0,900,NRCell,Huawei
1696543200000,SNT002_01,SERVICE_LATENCY_OVER_AIR_INTERFACE_DEN,291710.0,900,NRCell,Huawei
1696543200000,SNT002_01,SERVICE_LATENCY_OVER_AIR_INTERFACE_NUM,472048.0,900,NRCell,Huawei
1696543200000,SNT002_01,VOICE_TRAFFIC,13127.0,900,NRCell,Huawei
1696543200000,SNT002_01,VOLTE_CALL_SETUP_ATT,14.0,900,NRCell,Huawei
1696543200000,SNT002_01,VOLTE_CALL_SETUP_SUCC,14.0,900,NRCell,Huawei
1696543200000,TAR015_01,DCR_DEN,4669.0,900,NRCell,Huawei
1696543200000,TAR015_01,DCR_NUM,8.0,900,NRCell,Huawei
1696543200000,TAR015_01,DROP_CALL_VOLTE_DEN,37.0,900,NRCell,Huawei
1696543200000,TAR015_01,DROP_CALL_VOLTE_NUM,0.0,900,NRCell,Huawei
1696543200000,TAR015_01,ERAB_SR_DEN,4692.0,900,NRCell,Huawei
1696543200000,TAR015_01,ERAB_SR_NUM,4689.0,900,NRCell,Huawei
1696543200000,TAR015_01,INTEGRITY_NGBR_QCI_9,16091593640.0,900,NRCell,Huawei
1696543200000,TAR015_01,INTRA_FREQUENCY_HO_OUT_ATT,164.0,900,NRCell,Huawei
1696543200000,TAR015_01,INTRA_FREQUENCY_HO_OUT_SUCC,164.0,900,NRCell,Huawei
1696543200000,TAR015_01,RRC_SETUP_ATT,2554.0,900,NRCell,Huawei
1696543200000,TAR015_01,RRC_SETUP_SUCC,2551.0,900,NRCell,Huawei
1696543200000,TAR015_01,S1SIG_Connection_Setup_SR_DEN,2551.0,900,NRCell,Huawei
1696543200000,TAR015_01,S1SIG_Connection_Setup_SR_NUM,2551.0,900,NRCell,Huawei
1696543200000,TAR015_01,SERVICE_LATENCY_OVER_AIR_INTERFACE_DEN,442362.0,900,NRCell,Huawei
1696543200000,TAR015_01,SERVICE_LATENCY_OVER_AIR_INTERFACE_NUM,1045601.0,900,NRCell,Huawei
1696543200000,TAR015_01,VOICE_TRAFFIC,18170.0,900,NRCell,Huawei
1696543200000,TAR015_01,VOLTE_CALL_SETUP_ATT,38.0,900,NRCell,Huawei
1696543200000,TAR015_01,VOLTE_CALL_SETUP_SUCC,38.0,900,NRCell,Huawei
1696543200000,TOL034_01,DCR_DEN,249.0,900,NRCell,Huawei
1696543200000,TOL034_01,DCR_NUM,0.0,900,NRCell,Huawei
1696543200000,TOL034_01,DROP_CALL_VOLTE_DEN,3.0,900,NRCell,Huawei
1696543200000,TOL034_01,DROP_CALL_VOLTE_NUM,0.0,900,NRCell,Huawei
1696543200000,TOL034_01,ERAB_SR_DEN,236.0,900,NRCell,Huawei
1696543200000,TOL034_01,ERAB_SR_NUM,235.0,900,NRCell,Huawei
1696543200000,TOL034_01,INTEGRITY_NGBR_QCI_9,4818054760.0,900,NRCell,Huawei
1696543200000,TOL034_01,INTRA_FREQUENCY_HO_OUT_ATT,19.0,900,NRCell,Huawei
1696543200000,TOL034_01,INTRA_FREQUENCY_HO_OUT_SUCC,18.0,900,NRCell,Huawei
1696543200000,TOL034_01,RRC_SETUP_ATT,162.0,900,NRCell,Huawei
1696543200000,TOL034_01,RRC_SETUP_SUCC,161.0,900,NRCell,Huawei
1696543200000,TOL034_01,S1SIG_Connection_Setup_SR_DEN,161.0,900,NRCell,Huawei
1696543200000,TOL034_01,S1SIG_Connection_Setup_SR_NUM,161.0,900,NRCell,Huawei
1696543200000,TOL034_01,SERVICE_LATENCY_OVER_AIR_INTERFACE_DEN,146061.0,900,NRCell,Huawei
1696543200000,TOL034_01,SERVICE_LATENCY_OVER_AIR_INTERFACE_NUM,225691.0,900,NRCell,Huawei
1696543200000,TOL034_01,VOICE_TRAFFIC,4941.0,900,NRCell,Huawei
1696543200000,TOL034_01,VOLTE_CALL_SETUP_ATT,2.0,900,NRCell,Huawei
1696543200000,TOL034_01,VOLTE_CALL_SETUP_SUCC,2.0,900,NRCell,Huawei
1696543200000,VAL002_01,DCR_DEN,102.0,900,NRCell,Huawei
1696543200000,VAL002_01,DCR_NUM,0.0,900,NRCell,Huawei
1696543200000,VAL002_01,DROP_CALL_VOLTE_DEN,4.0,900,NRCell,Huawei
1696543200000,VAL002_01,DROP_CALL_VOLTE_NUM,0.0,900,NRCell,Huawei
1696543200000,VAL002_01,ERAB_SR_DEN,100.0,900,NRCell,Huawei
1696543200000,VAL002_01,ERAB_SR_NUM,99.0,900,NRCell,Huawei
1696543200000,VAL002_01,INTEGRITY_NGBR_QCI_9,1298855704.0,900,NRCell,Huawei
1696543200000,VAL002_01,INTRA_FREQUENCY_HO_OUT_ATT,12.0,900,NRCell,Huawei
1696543200000,VAL002_01,INTRA_FREQUENCY_HO_OUT_SUCC,12.0,900,NRCell,Huawei
1696543200000,VAL002_01,RRC_SETUP_ATT,67.0,900,NRCell,Huawei
1696543200000,VAL002_01,RRC_SETUP_SUCC,67.0,900,NRCell,Huawei
1696543200000,VAL002_01,S1SIG_Connection_Setup_SR_DEN,67.0,900,NRCell,Huawei
1696543200000,VAL002_01,S1SIG_Connection_Setup_SR_NUM,67.0,900,NRCell,Huawei
1696543200000,VAL002_01,SERVICE_LATENCY_OVER_AIR_INTERFACE_DEN,13000.0,900,NRCell,Huawei
1696543200000,VAL002_01,SERVICE_LATENCY_OVER_AIR_INTERFACE_NUM,20939.0,900,NRCell,Huawei
1696543200000,VAL002_01,VOICE_TRAFFIC,130.0,900,NRCell,Huawei
1696543200000,VAL002_01,VOLTE_CALL_SETUP_ATT,2.0,900,NRCell,Huawei
1696543200000,VAL002_01,VOLTE_CALL_SETUP_SUCC,2.0,900,NRCell,Huawei
