startTime,neId,counterCode,counterValue,granularity,neType,vendorName
1696652100000,BCN014_01,DCR_DEN,1683.0,900,NRCell,Huawei
1696652100000,BCN014_01,DCR_NUM,0.0,900,NRCell,Huawei
1696652100000,BCN014_01,DROP_CALL_VOLTE_DEN,10.0,900,NRCell,Huawei
1696652100000,BCN014_01,DROP_CALL_VOLTE_NUM,0.0,900,NRCell,Huawei
1696652100000,BCN014_01,ERAB_SR_DEN,1703.0,900,NRCell,Huawei
1696652100000,BCN014_01,ERAB_SR_NUM,1703.0,900,NRCell,Huawei
1696652100000,BCN014_01,INTEGRITY_NGBR_QCI_9,11013488912.0,900,NRCell,Huawei
1696652100000,BCN014_01,INTRA_FREQUENCY_HO_OUT_ATT,132.0,900,NRCell,Huawei
1696652100000,BCN014_01,INTRA_FREQUENCY_HO_OUT_SUCC,132.0,900,NRCell,Huawei
1696652100000,BCN014_01,RRC_SETUP_ATT,1001.0,900,NRCell,Huawei
1696652100000,BCN014_01,RRC_SETUP_SUCC,999.0,900,NRCell,Huawei
1696652100000,BCN014_01,S1SIG_Connection_Setup_SR_DEN,999.0,900,NRCell,Huawei
1696652100000,BCN014_01,S1SIG_Connection_Setup_SR_NUM,999.0,900,NRCell,Huawei
1696652100000,BCN014_01,SERVICE_LATENCY_OVER_AIR_INTERFACE_DEN,418140.0,900,NRCell,Huawei
1696652100000,BCN014_01,SERVICE_LATENCY_OVER_AIR_INTERFACE_NUM,575380.0,900,NRCell,Huawei
1696652100000,BCN014_01,VOICE_TRAFFIC,11054.0,900,NRCell,Huawei
1696652100000,BCN014_01,VOLTE_CALL_SETUP_ATT,9.0,900,NRCell,Huawei
1696652100000,BCN014_01,VOLTE_CALL_SETUP_SUCC,9.0,900,NRCell,Huawei
1696652100000,BIL001_01,DCR_DEN,1544.0,900,NRCell,Huawei
1696652100000,BIL001_01,DCR_NUM,0.0,900,NRCell,Huawei
1696652100000,BIL001_01,DROP_CALL_VOLTE_DEN,7.0,900,NRCell,Huawei
1696652100000,BIL001_01,DROP_CALL_VOLTE_NUM,0.0,900,NRCell,Huawei
1696652100000,BIL001_01,ERAB_SR_DEN,1564.0,900,NRCell,Huawei
1696652100000,BIL001_01,ERAB_SR_NUM,1564.0,900,NRCell,Huawei
1696652100000,BIL001_01,INTEGRITY_NGBR_QCI_9,10042667560.0,900,NRCell,Huawei
1696652100000,BIL001_01,INTRA_FREQUENCY_HO_OUT_ATT,110.0,900,NRCell,Huawei
1696652100000,BIL001_01,INTRA_FREQUENCY_HO_OUT_SUCC,110.0,900,NRCell,Huawei
1696652100000,BIL001_01,RRC_SETUP_ATT,958.0,900,NRCell,Huawei
1696652100000,BIL001_01,RRC_SETUP_SUCC,956.0,900,NRCell,Huawei
1696652100000,BIL001_01,S1SIG_Connection_Setup_SR_DEN,956.0,900,NRCell,Huawei
1696652100000,BIL001_01,S1SIG_Connection_Setup_SR_NUM,956.0,900,NRCell,Huawei
1696652100000,BIL001_01,SERVICE_LATENCY_OVER_AIR_INTERFACE_DEN,336843.0,900,NRCell,Huawei
1696652100000,BIL001_01,SERVICE_LATENCY_OVER_AIR_INTERFACE_NUM,488175.0,900,NRCell,Huawei
1696652100000,BIL001_01,VOICE_TRAFFIC,29318.0,900,NRCell,Huawei
1696652100000,BIL001_01,VOLTE_CALL_SETUP_ATT,10.0,900,NRCell,Huawei
1696652100000,BIL001_01,VOLTE_CALL_SETUP_SUCC,10.0,900,NRCell,Huawei
1696652100000,MAD033_01,DCR_DEN,732.0,900,NRCell,Huawei
1696652100000,MAD033_01,DCR_NUM,0.0,900,NRCell,Huawei
1696652100000,MAD033_01,DROP_CALL_VOLTE_DEN,8.0,900,NRCell,Huawei
1696652100000,MAD033_01,DROP_CALL_VOLTE_NUM,0.0,900,NRCell,Huawei
1696652100000,MAD033_01,ERAB_SR_DEN,744.0,900,NRCell,Huawei
1696652100000,MAD033_01,ERAB_SR_NUM,744.0,900,NRCell,Huawei
1696652100000,MAD033_01,INTEGRITY_NGBR_QCI_9,3688922152.0,900,NRCell,Huawei
1696652100000,MAD033_01,INTRA_FREQUENCY_HO_OUT_ATT,42.0,900,NRCell,Huawei
1696652100000,MAD033_01,INTRA_FREQUENCY_HO_OUT_SUCC,42.0,900,NRCell,Huawei
1696652100000,MAD033_01,RRC_SETUP_ATT,409.0,900,NRCell,Huawei
1696652100000,MAD033_01,RRC_SETUP_SUCC,409.0,900,NRCell,Huawei
1696652100000,MAD033_01,S1SIG_Connection_Setup_SR_DEN,409.0,900,NRCell,Huawei
1696652100000,MAD033_01,S1SIG_Connection_Setup_SR_NUM,409.0,900,NRCell,Huawei
1696652100000,MAD033_01,SERVICE_LATENCY_OVER_AIR_INTERFACE_DEN,126314.0,900,NRCell,Huawei
1696652100000,MAD033_01,SERVICE_LATENCY_OVER_AIR_INTERFACE_NUM,177479.0,900,NRCell,Huawei
1696652100000,MAD033_01,VOICE_TRAFFIC,4144.0,900,NRCell,Huawei
1696652100000,MAD033_01,VOLTE_CALL_SETUP_ATT,10.0,900,NRCell,Huawei
1696652100000,MAD033_01,VOLTE_CALL_SETUP_SUCC,10.0,900,NRCell,Huawei
1696652100000,SAL030_01,DCR_DEN,102.0,900,NRCell,Huawei
1696652100000,SAL030_01,DCR_NUM,2.0,900,NRCell,Huawei
1696652100000,SAL030_01,DROP_CALL_VOLTE_DEN,1.0,900,NRCell,Huawei
1696652100000,SAL030_01,DROP_CALL_VOLTE_NUM,0.0,900,NRCell,Huawei
1696652100000,SAL030_01,ERAB_SR_DEN,116.0,900,NRCell,Huawei
1696652100000,SAL030_01,ERAB_SR_NUM,115.0,900,NRCell,Huawei
1696652100000,SAL030_01,INTEGRITY_NGBR_QCI_9,2710062648.0,900,NRCell,Huawei
1696652100000,SAL030_01,INTRA_FREQUENCY_HO_OUT_ATT,6.0,900,NRCell,Huawei
1696652100000,SAL030_01,INTRA_FREQUENCY_HO_OUT_SUCC,6.0,900,NRCell,Huawei
1696652100000,SAL030_01,RRC_SETUP_ATT,72.0,900,NRCell,Huawei
1696652100000,SAL030_01,RRC_SETUP_SUCC,72.0,900,NRCell,Huawei
1696652100000,SAL030_01,S1SIG_Connection_Setup_SR_DEN,72.0,900,NRCell,Huawei
1696652100000,SAL030_01,S1SIG_Connection_Setup_SR_NUM,72.0,900,NRCell,Huawei
1696652100000,SAL030_01,SERVICE_LATENCY_OVER_AIR_INTERFACE_DEN,33022.0,900,NRCell,Huawei
1696652100000,SAL030_01,SERVICE_LATENCY_OVER_AIR_INTERFACE_NUM,90201.0,900,NRCell,Huawei
1696652100000,SAL030_01,VOICE_TRAFFIC,273.0,900,NRCell,Huawei
1696652100000,SAL030_01,VOLTE_CALL_SETUP_ATT,2.0,900,NRCell,Huawei
1696652100000,SAL030_01,VOLTE_CALL_SETUP_SUCC,2.0,900,NRCell,Huawei
1696652100000,SEV001_01,DCR_DEN,1716.0,900,NRCell,Huawei
1696652100000,SEV001_01,DCR_NUM,4.0,900,NRCell,Huawei
1696652100000,SEV001_01,DROP_CALL_VOLTE_DEN,10.0,900,NRCell,Huawei
1696652100000,SEV001_01,DROP_CALL_VOLTE_NUM,0.0,900,NRCell,Huawei
1696652100000,SEV001_01,ERAB_SR_DEN,1695.0,900,NRCell,Huawei
1696652100000,SEV001_01,ERAB_SR_NUM,1695.0,900,NRCell,Huawei
1696652100000,SEV001_01,INTEGRITY_NGBR_QCI_9,13824247144.0,900,NRCell,Huawei
1696652100000,SEV001_01,INTRA_FREQUENCY_HO_OUT_ATT,57.0,900,NRCell,Huawei
1696652100000,SEV001_01,INTRA_FREQUENCY_HO_OUT_SUCC,57.0,900,NRCell,Huawei
1696652100000,SEV001_01,RRC_SETUP_ATT,959.0,900,NRCell,Huawei
1696652100000,SEV001_01,RRC_SETUP_SUCC,958.0,900,NRCell,Huawei
1696652100000,SEV001_01,S1SIG_Connection_Setup_SR_DEN,958.0,900,NRCell,Huawei
1696652100000,SEV001_01,S1SIG_Connection_Setup_SR_NUM,958.0,900,NRCell,Huawei
1696652100000,SEV001_01,SERVICE_LATENCY_OVER_AIR_INTERFACE_DEN,436554.0,900,NRCell,Huawei
1696652100000,SEV001_01,SERVICE_LATENCY_OVER_AIR_INTERFACE_NUM,1263338.0,900,NRCell,Huawei
1696652100000,SEV001_01,VOICE_TRAFFIC,17402.0,900,NRCell,Huawei
1696652100000,SEV001_01,VOLTE_CALL_SETUP_ATT,6.0,900,NRCell,Huawei
1696652100000,SEV001_01,VOLTE_CALL_SETUP_SUCC,6.0,900,NRCell,Huawei
1696652100000,SNT002_01,DCR_DEN,725.0,900,NRCell,Huawei
1696652100000,SNT002_01,DCR_NUM,0.0,900,NRCell,Huawei
1696652100000,SNT002_01,DROP_CALL_VOLTE_DEN,14.0,900,NRCell,Huawei
1696652100000,SNT002_01,DROP_CALL_VOLTE_NUM,0.0,900,NRCell,Huawei
1696652100000,SNT002_01,ERAB_SR_DEN,727.0,900,NRCell,Huawei
1696652100000,SNT002_01,ERAB_SR_NUM,727.0,900,NRCell,Huawei
1696652100000,SNT002_01,INTEGRITY_NGBR_QCI_9,6709526560.0,900,NRCell,Huawei
1696652100000,SNT002_01,INTRA_FREQUENCY_HO_OUT_ATT,36.0,900,NRCell,Huawei
1696652100000,SNT002_01,INTRA_FREQUENCY_HO_OUT_SUCC,36.0,900,NRCell,Huawei
1696652100000,SNT002_01,RRC_SETUP_ATT,415.0,900,NRCell,Huawei
1696652100000,SNT002_01,RRC_SETUP_SUCC,415.0,900,NRCell,Huawei
1696652100000,SNT002_01,S1SIG_Connection_Setup_SR_DEN,415.0,900,NRCell,Huawei
1696652100000,SNT002_01,S1SIG_Connection_Setup_SR_NUM,415.0,900,NRCell,Huawei
1696652100000,SNT002_01,SERVICE_LATENCY_OVER_AIR_INTERFACE_DEN,195215.0,900,NRCell,Huawei
1696652100000,SNT002_01,SERVICE_LATENCY_OVER_AIR_INTERFACE_NUM,261179.0,900,NRCell,Huawei
1696652100000,SNT002_01,VOICE_TRAFFIC,2395.0,900,NRCell,Huawei
1696652100000,SNT002_01,VOLTE_CALL_SETUP_ATT,9.0,900,NRCell,Huawei
1696652100000,SNT002_01,VOLTE_CALL_SETUP_SUCC,9.0,900,NRCell,Huawei
1696652100000,TAR015_01,DCR_DEN,2061.0,900,NRCell,Huawei
1696652100000,TAR015_01,DCR_NUM,1.0,900,NRCell,Huawei
1696652100000,TAR015_01,DROP_CALL_VOLTE_DEN,19.0,900,NRCell,Huawei
1696652100000,TAR015_01,DROP_CALL_VOLTE_NUM,0.0,900,NRCell,Huawei
1696652100000,TAR015_01,ERAB_SR_DEN,2021.0,900,NRCell,Huawei
1696652100000,TAR015_01,ERAB_SR_NUM,2021.0,900,NRCell,Huawei
1696652100000,TAR015_01,INTEGRITY_NGBR_QCI_9,11786066080.0,900,NRCell,Huawei
1696652100000,TAR015_01,INTRA_FREQUENCY_HO_OUT_ATT,79.0,900,NRCell,Huawei
1696652100000,TAR015_01,INTRA_FREQUENCY_HO_OUT_SUCC,79.0,900,NRCell,Huawei
1696652100000,TAR015_01,RRC_SETUP_ATT,1171.0,900,NRCell,Huawei
1696652100000,TAR015_01,RRC_SETUP_SUCC,1168.0,900,NRCell,Huawei
1696652100000,TAR015_01,S1SIG_Connection_Setup_SR_DEN,1168.0,900,NRCell,Huawei
1696652100000,TAR015_01,S1SIG_Connection_Setup_SR_NUM,1168.0,900,NRCell,Huawei
1696652100000,TAR015_01,SERVICE_LATENCY_OVER_AIR_INTERFACE_DEN,425420.0,900,NRCell,Huawei
1696652100000,TAR015_01,SERVICE_LATENCY_OVER_AIR_INTERFACE_NUM,837735.0,900,NRCell,Huawei
1696652100000,TAR015_01,VOICE_TRAFFIC,45709.0,900,NRCell,Huawei
1696652100000,TAR015_01,VOLTE_CALL_SETUP_ATT,19.0,900,NRCell,Huawei
1696652100000,TAR015_01,VOLTE_CALL_SETUP_SUCC,19.0,900,NRCell,Huawei
1696652100000,TOL034_01,DCR_DEN,77.0,900,NRCell,Huawei
1696652100000,TOL034_01,DCR_NUM,0.0,900,NRCell,Huawei
1696652100000,TOL034_01,DROP_CALL_VOLTE_DEN,0.0,900,NRCell,Huawei
1696652100000,TOL034_01,DROP_CALL_VOLTE_NUM,0.0,900,NRCell,Huawei
1696652100000,TOL034_01,ERAB_SR_DEN,79.0,900,NRCell,Huawei
1696652100000,TOL034_01,ERAB_SR_NUM,79.0,900,NRCell,Huawei
1696652100000,TOL034_01,INTEGRITY_NGBR_QCI_9,437950136.0,900,NRCell,Huawei
1696652100000,TOL034_01,INTRA_FREQUENCY_HO_OUT_ATT,8.0,900,NRCell,Huawei
1696652100000,TOL034_01,INTRA_FREQUENCY_HO_OUT_SUCC,8.0,900,NRCell,Huawei
1696652100000,TOL034_01,RRC_SETUP_ATT,59.0,900,NRCell,Huawei
1696652100000,TOL034_01,RRC_SETUP_SUCC,57.0,900,NRCell,Huawei
1696652100000,TOL034_01,S1SIG_Connection_Setup_SR_DEN,57.0,900,NRCell,Huawei
1696652100000,TOL034_01,S1SIG_Connection_Setup_SR_NUM,57.0,900,NRCell,Huawei
1696652100000,TOL034_01,SERVICE_LATENCY_OVER_AIR_INTERFACE_DEN,26350.0,900,NRCell,Huawei
1696652100000,TOL034_01,SERVICE_LATENCY_OVER_AIR_INTERFACE_NUM,28065.0,900,NRCell,Huawei
1696652100000,TOL034_01,VOICE_TRAFFIC,0.0,900,NRCell,Huawei
1696652100000,TOL034_01,VOLTE_CALL_SETUP_ATT,0.0,900,NRCell,Huawei
1696652100000,TOL034_01,VOLTE_CALL_SETUP_SUCC,0.0,900,NRCell,Huawei
1696652100000,VAL002_01,DCR_DEN,41.0,900,NRCell,Huawei
1696652100000,VAL002_01,DCR_NUM,0.0,900,NRCell,Huawei
1696652100000,VAL002_01,DROP_CALL_VOLTE_DEN,4.0,900,NRCell,Huawei
1696652100000,VAL002_01,DROP_CALL_VOLTE_NUM,0.0,900,NRCell,Huawei
1696652100000,VAL002_01,ERAB_SR_DEN,47.0,900,NRCell,Huawei
1696652100000,VAL002_01,ERAB_SR_NUM,47.0,900,NRCell,Huawei
1696652100000,VAL002_01,INTEGRITY_NGBR_QCI_9,1011408.0,900,NRCell,Huawei
1696652100000,VAL002_01,INTRA_FREQUENCY_HO_OUT_ATT,2.0,900,NRCell,Huawei
1696652100000,VAL002_01,INTRA_FREQUENCY_HO_OUT_SUCC,2.0,900,NRCell,Huawei
1696652100000,VAL002_01,RRC_SETUP_ATT,25.0,900,NRCell,Huawei
1696652100000,VAL002_01,RRC_SETUP_SUCC,25.0,900,NRCell,Huawei
1696652100000,VAL002_01,S1SIG_Connection_Setup_SR_DEN,25.0,900,NRCell,Huawei
1696652100000,VAL002_01,S1SIG_Connection_Setup_SR_NUM,25.0,900,NRCell,Huawei
1696652100000,VAL002_01,SERVICE_LATENCY_OVER_AIR_INTERFACE_DEN,681.0,900,NRCell,Huawei
1696652100000,VAL002_01,SERVICE_LATENCY_OVER_AIR_INTERFACE_NUM,1229.0,900,NRCell,Huawei
1696652100000,VAL002_01,VOICE_TRAFFIC,149.0,900,NRCell,Huawei
1696652100000,VAL002_01,VOLTE_CALL_SETUP_ATT,4.0,900,NRCell,Huawei
1696652100000,VAL002_01,VOLTE_CALL_SETUP_SUCC,4.0,900,NRCell,Huawei
