startTime,neId,counterCode,counterValue,granularity,neType,vendorName
1696610700000,BCN014_01,DCR_DEN,3666.0,900,NRCell,Huawei
1696610700000,BCN014_01,DCR_NUM,9.0,900,NRCell,Huawei
1696610700000,BCN014_01,DROP_CALL_VOLTE_DEN,46.0,900,NRCell,Huawei
1696610700000,BCN014_01,DROP_CALL_VOLTE_NUM,0.0,900,NRCell,Huawei
1696610700000,BCN014_01,ERAB_SR_DEN,3661.0,900,NRCell,Huawei
1696610700000,BCN014_01,ERAB_SR_NUM,3656.0,900,NRCell,Huawei
1696610700000,BCN014_01,INTEGRITY_NGBR_QCI_9,14428781656.0,900,NRCell,Huawei
1696610700000,BCN014_01,INTRA_FREQUENCY_HO_OUT_ATT,255.0,900,NRCell,Huawei
1696610700000,BCN014_01,INTRA_FREQUENCY_HO_OUT_SUCC,255.0,900,NRCell,Huawei
1696610700000,BCN014_01,RRC_SETUP_ATT,2089.0,900,NRCell,Huawei
1696610700000,BCN014_01,RRC_SETUP_SUCC,2078.0,900,NRCell,Huawei
1696610700000,BCN014_01,S1SIG_Connection_Setup_SR_DEN,2078.0,900,NRCell,Huawei
1696610700000,BCN014_01,S1SIG_Connection_Setup_SR_NUM,2078.0,900,NRCell,Huawei
1696610700000,BCN014_01,SERVICE_LATENCY_OVER_AIR_INTERFACE_DEN,404790.0,900,NRCell,Huawei
1696610700000,BCN014_01,SERVICE_LATENCY_OVER_AIR_INTERFACE_NUM,937305.0,900,NRCell,Huawei
1696610700000,BCN014_01,VOICE_TRAFFIC,40151.0,900,NRCell,Huawei
1696610700000,BCN014_01,VOLTE_CALL_SETUP_ATT,47.0,900,NRCell,Huawei
1696610700000,BCN014_01,VOLTE_CALL_SETUP_SUCC,47.0,900,NRCell,Huawei
1696610700000,BIL001_01,DCR_DEN,3519.0,900,NRCell,Huawei
1696610700000,BIL001_01,DCR_NUM,1.0,900,NRCell,Huawei
1696610700000,BIL001_01,DROP_CALL_VOLTE_DEN,22.0,900,NRCell,Huawei
1696610700000,BIL001_01,DROP_CALL_VOLTE_NUM,0.0,900,NRCell,Huawei
1696610700000,BIL001_01,ERAB_SR_DEN,3550.0,900,NRCell,Huawei
1696610700000,BIL001_01,ERAB_SR_NUM,3547.0,900,NRCell,Huawei
1696610700000,BIL001_01,INTEGRITY_NGBR_QCI_9,14667973080.0,900,NRCell,Huawei
1696610700000,BIL001_01,INTRA_FREQUENCY_HO_OUT_ATT,220.0,900,NRCell,Huawei
1696610700000,BIL001_01,INTRA_FREQUENCY_HO_OUT_SUCC,219.0,900,NRCell,Huawei
1696610700000,BIL001_01,RRC_SETUP_ATT,2110.0,900,NRCell,Huawei
1696610700000,BIL001_01,RRC_SETUP_SUCC,2074.0,900,NRCell,Huawei
1696610700000,BIL001_01,S1SIG_Connection_Setup_SR_DEN,2074.0,900,NRCell,Huawei
1696610700000,BIL001_01,S1SIG_Connection_Setup_SR_NUM,2074.0,900,NRCell,Huawei
1696610700000,BIL001_01,SERVICE_LATENCY_OVER_AIR_INTERFACE_DEN,379529.0,900,NRCell,Huawei
1696610700000,BIL001_01,SERVICE_LATENCY_OVER_AIR_INTERFACE_NUM,703753.0,900,NRCell,Huawei
1696610700000,BIL001_01,VOICE_TRAFFIC,17741.0,900,NRCell,Huawei
1696610700000,BIL001_01,VOLTE_CALL_SETUP_ATT,23.0,900,NRCell,Huawei
1696610700000,BIL001_01,VOLTE_CALL_SETUP_SUCC,23.0,900,NRCell,Huawei
1696610700000,MAD033_01,DCR_DEN,1865.0,900,NRCell,Huawei
1696610700000,MAD033_01,DCR_NUM,0.0,900,NRCell,Huawei
1696610700000,MAD033_01,DROP_CALL_VOLTE_DEN,17.0,900,NRCell,Huawei
1696610700000,MAD033_01,DROP_CALL_VOLTE_NUM,0.0,900,NRCell,Huawei
1696610700000,MAD033_01,ERAB_SR_DEN,1861.0,900,NRCell,Huawei
1696610700000,MAD033_01,ERAB_SR_NUM,1859.0,900,NRCell,Huawei
1696610700000,MAD033_01,INTEGRITY_NGBR_QCI_9,5783003072.0,900,NRCell,Huawei
1696610700000,MAD033_01,INTRA_FREQUENCY_HO_OUT_ATT,112.0,900,NRCell,Huawei
1696610700000,MAD033_01,INTRA_FREQUENCY_HO_OUT_SUCC,111.0,900,NRCell,Huawei
1696610700000,MAD033_01,RRC_SETUP_ATT,1093.0,900,NRCell,Huawei
1696610700000,MAD033_01,RRC_SETUP_SUCC,1091.0,900,NRCell,Huawei
1696610700000,MAD033_01,S1SIG_Connection_Setup_SR_DEN,1091.0,900,NRCell,Huawei
1696610700000,MAD033_01,S1SIG_Connection_Setup_SR_NUM,1090.0,900,NRCell,Huawei
1696610700000,MAD033_01,SERVICE_LATENCY_OVER_AIR_INTERFACE_DEN,165362.0,900,NRCell,Huawei
1696610700000,MAD033_01,SERVICE_LATENCY_OVER_AIR_INTERFACE_NUM,223354.0,900,NRCell,Huawei
1696610700000,MAD033_01,VOICE_TRAFFIC,15522.0,900,NRCell,Huawei
1696610700000,MAD033_01,VOLTE_CALL_SETUP_ATT,12.0,900,NRCell,Huawei
1696610700000,MAD033_01,VOLTE_CALL_SETUP_SUCC,12.0,900,NRCell,Huawei
1696610700000,SAL030_01,DCR_DEN,158.0,900,NRCell,Huawei
1696610700000,SAL030_01,DCR_NUM,2.0,900,NRCell,Huawei
1696610700000,SAL030_01,DROP_CALL_VOLTE_DEN,0.0,900,NRCell,Huawei
1696610700000,SAL030_01,DROP_CALL_VOLTE_NUM,0.0,900,NRCell,Huawei
1696610700000,SAL030_01,ERAB_SR_DEN,149.0,900,NRCell,Huawei
1696610700000,SAL030_01,ERAB_SR_NUM,147.0,900,NRCell,Huawei
1696610700000,SAL030_01,INTEGRITY_NGBR_QCI_9,3417806944.0,900,NRCell,Huawei
1696610700000,SAL030_01,INTRA_FREQUENCY_HO_OUT_ATT,6.0,900,NRCell,Huawei
1696610700000,SAL030_01,INTRA_FREQUENCY_HO_OUT_SUCC,6.0,900,NRCell,Huawei
1696610700000,SAL030_01,RRC_SETUP_ATT,94.0,900,NRCell,Huawei
1696610700000,SAL030_01,RRC_SETUP_SUCC,94.0,900,NRCell,Huawei
1696610700000,SAL030_01,S1SIG_Connection_Setup_SR_DEN,94.0,900,NRCell,Huawei
1696610700000,SAL030_01,S1SIG_Connection_Setup_SR_NUM,94.0,900,NRCell,Huawei
1696610700000,SAL030_01,SERVICE_LATENCY_OVER_AIR_INTERFACE_DEN,48717.0,900,NRCell,Huawei
1696610700000,SAL030_01,SERVICE_LATENCY_OVER_AIR_INTERFACE_NUM,72207.0,900,NRCell,Huawei
1696610700000,SAL030_01,VOICE_TRAFFIC,70.0,900,NRCell,Huawei
1696610700000,SAL030_01,VOLTE_CALL_SETUP_ATT,1.0,900,NRCell,Huawei
1696610700000,SAL030_01,VOLTE_CALL_SETUP_SUCC,1.0,900,NRCell,Huawei
1696610700000,SEV001_01,DCR_DEN,4094.0,900,NRCell,Huawei
1696610700000,SEV001_01,DCR_NUM,3.0,900,NRCell,Huawei
1696610700000,SEV001_01,DROP_CALL_VOLTE_DEN,45.0,900,NRCell,Huawei
1696610700000,SEV001_01,DROP_CALL_VOLTE_NUM,0.0,900,NRCell,Huawei
1696610700000,SEV001_01,ERAB_SR_DEN,4129.0,900,NRCell,Huawei
1696610700000,SEV001_01,ERAB_SR_NUM,4125.0,900,NRCell,Huawei
1696610700000,SEV001_01,INTEGRITY_NGBR_QCI_9,15165957968.0,900,NRCell,Huawei
1696610700000,SEV001_01,INTRA_FREQUENCY_HO_OUT_ATT,106.0,900,NRCell,Huawei
1696610700000,SEV001_01,INTRA_FREQUENCY_HO_OUT_SUCC,106.0,900,NRCell,Huawei
1696610700000,SEV001_01,RRC_SETUP_ATT,2237.0,900,NRCell,Huawei
1696610700000,SEV001_01,RRC_SETUP_SUCC,2232.0,900,NRCell,Huawei
1696610700000,SEV001_01,S1SIG_Connection_Setup_SR_DEN,2232.0,900,NRCell,Huawei
1696610700000,SEV001_01,S1SIG_Connection_Setup_SR_NUM,2232.0,900,NRCell,Huawei
1696610700000,SEV001_01,SERVICE_LATENCY_OVER_AIR_INTERFACE_DEN,695621.0,900,NRCell,Huawei
1696610700000,SEV001_01,SERVICE_LATENCY_OVER_AIR_INTERFACE_NUM,961817.0,900,NRCell,Huawei
1696610700000,SEV001_01,VOICE_TRAFFIC,55319.0,900,NRCell,Huawei
1696610700000,SEV001_01,VOLTE_CALL_SETUP_ATT,51.0,900,NRCell,Huawei
1696610700000,SEV001_01,VOLTE_CALL_SETUP_SUCC,51.0,900,NRCell,Huawei
1696610700000,SNT002_01,DCR_DEN,1574.0,900,NRCell,Huawei
1696610700000,SNT002_01,DCR_NUM,1.0,900,NRCell,Huawei
1696610700000,SNT002_01,DROP_CALL_VOLTE_DEN,10.0,900,NRCell,Huawei
1696610700000,SNT002_01,DROP_CALL_VOLTE_NUM,0.0,900,NRCell,Huawei
1696610700000,SNT002_01,ERAB_SR_DEN,1585.0,900,NRCell,Huawei
1696610700000,SNT002_01,ERAB_SR_NUM,1584.0,900,NRCell,Huawei
1696610700000,SNT002_01,INTEGRITY_NGBR_QCI_9,7133703464.0,900,NRCell,Huawei
1696610700000,SNT002_01,INTRA_FREQUENCY_HO_OUT_ATT,95.0,900,NRCell,Huawei
1696610700000,SNT002_01,INTRA_FREQUENCY_HO_OUT_SUCC,95.0,900,NRCell,Huawei
1696610700000,SNT002_01,RRC_SETUP_ATT,897.0,900,NRCell,Huawei
1696610700000,SNT002_01,RRC_SETUP_SUCC,897.0,900,NRCell,Huawei
1696610700000,SNT002_01,S1SIG_Connection_Setup_SR_DEN,897.0,900,NRCell,Huawei
1696610700000,SNT002_01,S1SIG_Connection_Setup_SR_NUM,897.0,900,NRCell,Huawei
1696610700000,SNT002_01,SERVICE_LATENCY_OVER_AIR_INTERFACE_DEN,188680.0,900,NRCell,Huawei
1696610700000,SNT002_01,SERVICE_LATENCY_OVER_AIR_INTERFACE_NUM,213627.0,900,NRCell,Huawei
1696610700000,SNT002_01,VOICE_TRAFFIC,5025.0,900,NRCell,Huawei
1696610700000,SNT002_01,VOLTE_CALL_SETUP_ATT,13.0,900,NRCell,Huawei
1696610700000,SNT002_01,VOLTE_CALL_SETUP_SUCC,13.0,900,NRCell,Huawei
1696610700000,TAR015_01,DCR_DEN,4625.0,900,NRCell,Huawei
1696610700000,TAR015_01,DCR_NUM,4.0,900,NRCell,Huawei
1696610700000,TAR015_01,DROP_CALL_VOLTE_DEN,50.0,900,NRCell,Huawei
1696610700000,TAR015_01,DROP_CALL_VOLTE_NUM,0.0,900,NRCell,Huawei
1696610700000,TAR015_01,ERAB_SR_DEN,4547.0,900,NRCell,Huawei
1696610700000,TAR015_01,ERAB_SR_NUM,4543.0,900,NRCell,Huawei
1696610700000,TAR015_01,INTEGRITY_NGBR_QCI_9,16207326856.0,900,NRCell,Huawei
1696610700000,TAR015_01,INTRA_FREQUENCY_HO_OUT_ATT,137.0,900,NRCell,Huawei
1696610700000,TAR015_01,INTRA_FREQUENCY_HO_OUT_SUCC,137.0,900,NRCell,Huawei
1696610700000,TAR015_01,RRC_SETUP_ATT,2424.0,900,NRCell,Huawei
1696610700000,TAR015_01,RRC_SETUP_SUCC,2423.0,900,NRCell,Huawei
1696610700000,TAR015_01,S1SIG_Connection_Setup_SR_DEN,2423.0,900,NRCell,Huawei
1696610700000,TAR015_01,S1SIG_Connection_Setup_SR_NUM,2423.0,900,NRCell,Huawei
1696610700000,TAR015_01,SERVICE_LATENCY_OVER_AIR_INTERFACE_DEN,604078.0,900,NRCell,Huawei
1696610700000,TAR015_01,SERVICE_LATENCY_OVER_AIR_INTERFACE_NUM,1032921.0,900,NRCell,Huawei
1696610700000,TAR015_01,VOICE_TRAFFIC,62665.0,900,NRCell,Huawei
1696610700000,TAR015_01,VOLTE_CALL_SETUP_ATT,47.0,900,NRCell,Huawei
1696610700000,TAR015_01,VOLTE_CALL_SETUP_SUCC,47.0,900,NRCell,Huawei
1696610700000,TOL034_01,DCR_DEN,248.0,900,NRCell,Huawei
1696610700000,TOL034_01,DCR_NUM,0.0,900,NRCell,Huawei
1696610700000,TOL034_01,DROP_CALL_VOLTE_DEN,1.0,900,NRCell,Huawei
1696610700000,TOL034_01,DROP_CALL_VOLTE_NUM,0.0,900,NRCell,Huawei
1696610700000,TOL034_01,ERAB_SR_DEN,234.0,900,NRCell,Huawei
1696610700000,TOL034_01,ERAB_SR_NUM,232.0,900,NRCell,Huawei
1696610700000,TOL034_01,INTEGRITY_NGBR_QCI_9,3086344160.0,900,NRCell,Huawei
1696610700000,TOL034_01,INTRA_FREQUENCY_HO_OUT_ATT,25.0,900,NRCell,Huawei
1696610700000,TOL034_01,INTRA_FREQUENCY_HO_OUT_SUCC,25.0,900,NRCell,Huawei
1696610700000,TOL034_01,RRC_SETUP_ATT,162.0,900,NRCell,Huawei
1696610700000,TOL034_01,RRC_SETUP_SUCC,161.0,900,NRCell,Huawei
1696610700000,TOL034_01,S1SIG_Connection_Setup_SR_DEN,161.0,900,NRCell,Huawei
1696610700000,TOL034_01,S1SIG_Connection_Setup_SR_NUM,161.0,900,NRCell,Huawei
1696610700000,TOL034_01,SERVICE_LATENCY_OVER_AIR_INTERFACE_DEN,82411.0,900,NRCell,Huawei
1696610700000,TOL034_01,SERVICE_LATENCY_OVER_AIR_INTERFACE_NUM,116014.0,900,NRCell,Huawei
1696610700000,TOL034_01,VOICE_TRAFFIC,961.0,900,NRCell,Huawei
1696610700000,TOL034_01,VOLTE_CALL_SETUP_ATT,2.0,900,NRCell,Huawei
1696610700000,TOL034_01,VOLTE_CALL_SETUP_SUCC,2.0,900,NRCell,Huawei
1696610700000,VAL002_01,DCR_DEN,33.0,900,NRCell,Huawei
1696610700000,VAL002_01,DCR_NUM,0.0,900,NRCell,Huawei
1696610700000,VAL002_01,DROP_CALL_VOLTE_DEN,0.0,900,NRCell,Huawei
1696610700000,VAL002_01,DROP_CALL_VOLTE_NUM,0.0,900,NRCell,Huawei
1696610700000,VAL002_01,ERAB_SR_DEN,32.0,900,NRCell,Huawei
1696610700000,VAL002_01,ERAB_SR_NUM,32.0,900,NRCell,Huawei
1696610700000,VAL002_01,INTEGRITY_NGBR_QCI_9,110971720.0,900,NRCell,Huawei
1696610700000,VAL002_01,INTRA_FREQUENCY_HO_OUT_ATT,10.0,900,NRCell,Huawei
1696610700000,VAL002_01,INTRA_FREQUENCY_HO_OUT_SUCC,10.0,900,NRCell,Huawei
1696610700000,VAL002_01,RRC_SETUP_ATT,29.0,900,NRCell,Huawei
1696610700000,VAL002_01,RRC_SETUP_SUCC,29.0,900,NRCell,Huawei
1696610700000,VAL002_01,S1SIG_Connection_Setup_SR_DEN,29.0,900,NRCell,Huawei
1696610700000,VAL002_01,S1SIG_Connection_Setup_SR_NUM,29.0,900,NRCell,Huawei
1696610700000,VAL002_01,SERVICE_LATENCY_OVER_AIR_INTERFACE_DEN,5716.0,900,NRCell,Huawei
1696610700000,VAL002_01,SERVICE_LATENCY_OVER_AIR_INTERFACE_NUM,6615.0,900,NRCell,Huawei
1696610700000,VAL002_01,VOICE_TRAFFIC,0.0,900,NRCell,Huawei
1696610700000,VAL002_01,VOLTE_CALL_SETUP_ATT,0.0,900,NRCell,Huawei
1696610700000,VAL002_01,VOLTE_CALL_SETUP_SUCC,0.0,900,NRCell,Huawei
