startTime,neId,counterCode,counterValue,granularity,neType,vendorName
1696869000000,BCN014_01,DCR_DEN,3973.0,900,NRCell,Huawei
1696869000000,BCN014_01,DCR_NUM,4.0,900,NRCell,Huawei
1696869000000,BCN014_01,DROP_CALL_VOLTE_DEN,36.0,900,NRCell,Huawei
1696869000000,BCN014_01,DROP_CALL_VOLTE_NUM,0.0,900,NRCell,Huawei
1696869000000,BCN014_01,ERAB_SR_DEN,3945.0,900,NRCell,Huawei
1696869000000,BCN014_01,ERAB_SR_NUM,3941.0,900,NRCell,Huawei
1696869000000,BCN014_01,INTEGRITY_NGBR_QCI_9,12987897808.0,900,NRCell,Huawei
1696869000000,BCN014_01,INTRA_FREQUENCY_HO_OUT_ATT,217.0,900,NRCell,Huawei
1696869000000,BCN014_01,INTRA_FREQUENCY_HO_OUT_SUCC,217.0,900,NRCell,Huawei
1696869000000,BCN014_01,RRC_SETUP_ATT,2246.0,900,NRCell,Huawei
1696869000000,BCN014_01,RRC_SETUP_SUCC,2231.0,900,NRCell,Huawei
1696869000000,BCN014_01,S1SIG_Connection_Setup_SR_DEN,2231.0,900,NRCell,Huawei
1696869000000,BCN014_01,S1SIG_Connection_Setup_SR_NUM,2231.0,900,NRCell,Huawei
1696869000000,BCN014_01,SERVICE_LATENCY_OVER_AIR_INTERFACE_DEN,386413.0,900,NRCell,Huawei
1696869000000,BCN014_01,SERVICE_LATENCY_OVER_AIR_INTERFACE_NUM,991994.0,900,NRCell,Huawei
1696869000000,BCN014_01,VOICE_TRAFFIC,28087.0,900,NRCell,Huawei
1696869000000,BCN014_01,VOLTE_CALL_SETUP_ATT,42.0,900,NRCell,Huawei
1696869000000,BCN014_01,VOLTE_CALL_SETUP_SUCC,42.0,900,NRCell,Huawei
1696869000000,BIL001_01,DCR_DEN,3892.0,900,NRCell,Huawei
1696869000000,BIL001_01,DCR_NUM,5.0,900,NRCell,Huawei
1696869000000,BIL001_01,DROP_CALL_VOLTE_DEN,29.0,900,NRCell,Huawei
1696869000000,BIL001_01,DROP_CALL_VOLTE_NUM,0.0,900,NRCell,Huawei
1696869000000,BIL001_01,ERAB_SR_DEN,3903.0,900,NRCell,Huawei
1696869000000,BIL001_01,ERAB_SR_NUM,3899.0,900,NRCell,Huawei
1696869000000,BIL001_01,INTEGRITY_NGBR_QCI_9,14465253664.0,900,NRCell,Huawei
1696869000000,BIL001_01,INTRA_FREQUENCY_HO_OUT_ATT,198.0,900,NRCell,Huawei
1696869000000,BIL001_01,INTRA_FREQUENCY_HO_OUT_SUCC,198.0,900,NRCell,Huawei
1696869000000,BIL001_01,RRC_SETUP_ATT,2207.0,900,NRCell,Huawei
1696869000000,BIL001_01,RRC_SETUP_SUCC,2192.0,900,NRCell,Huawei
1696869000000,BIL001_01,S1SIG_Connection_Setup_SR_DEN,2192.0,900,NRCell,Huawei
1696869000000,BIL001_01,S1SIG_Connection_Setup_SR_NUM,2192.0,900,NRCell,Huawei
1696869000000,BIL001_01,SERVICE_LATENCY_OVER_AIR_INTERFACE_DEN,441838.0,900,NRCell,Huawei
1696869000000,BIL001_01,SERVICE_LATENCY_OVER_AIR_INTERFACE_NUM,912056.0,900,NRCell,Huawei
1696869000000,BIL001_01,VOICE_TRAFFIC,29726.0,900,NRCell,Huawei
1696869000000,BIL001_01,VOLTE_CALL_SETUP_ATT,23.0,900,NRCell,Huawei
1696869000000,BIL001_01,VOLTE_CALL_SETUP_SUCC,23.0,900,NRCell,Huawei
1696869000000,MAD033_01,DCR_DEN,2030.0,900,NRCell,Huawei
1696869000000,MAD033_01,DCR_NUM,0.0,900,NRCell,Huawei
1696869000000,MAD033_01,DROP_CALL_VOLTE_DEN,20.0,900,NRCell,Huawei
1696869000000,MAD033_01,DROP_CALL_VOLTE_NUM,0.0,900,NRCell,Huawei
1696869000000,MAD033_01,ERAB_SR_DEN,2032.0,900,NRCell,Huawei
1696869000000,MAD033_01,ERAB_SR_NUM,2031.0,900,NRCell,Huawei
1696869000000,MAD033_01,INTEGRITY_NGBR_QCI_9,6300130776.0,900,NRCell,Huawei
1696869000000,MAD033_01,INTRA_FREQUENCY_HO_OUT_ATT,112.0,900,NRCell,Huawei
1696869000000,MAD033_01,INTRA_FREQUENCY_HO_OUT_SUCC,112.0,900,NRCell,Huawei
1696869000000,MAD033_01,RRC_SETUP_ATT,1105.0,900,NRCell,Huawei
1696869000000,MAD033_01,RRC_SETUP_SUCC,1105.0,900,NRCell,Huawei
1696869000000,MAD033_01,S1SIG_Connection_Setup_SR_DEN,1105.0,900,NRCell,Huawei
1696869000000,MAD033_01,S1SIG_Connection_Setup_SR_NUM,1105.0,900,NRCell,Huawei
1696869000000,MAD033_01,SERVICE_LATENCY_OVER_AIR_INTERFACE_DEN,187176.0,900,NRCell,Huawei
1696869000000,MAD033_01,SERVICE_LATENCY_OVER_AIR_INTERFACE_NUM,222542.0,900,NRCell,Huawei
1696869000000,MAD033_01,VOICE_TRAFFIC,11911.0,900,NRCell,Huawei
1696869000000,MAD033_01,VOLTE_CALL_SETUP_ATT,21.0,900,NRCell,Huawei
1696869000000,MAD033_01,VOLTE_CALL_SETUP_SUCC,21.0,900,NRCell,Huawei
1696869000000,SAL030_01,DCR_DEN,128.0,900,NRCell,Huawei
1696869000000,SAL030_01,DCR_NUM,1.0,900,NRCell,Huawei
1696869000000,SAL030_01,DROP_CALL_VOLTE_DEN,0.0,900,NRCell,Huawei
1696869000000,SAL030_01,DROP_CALL_VOLTE_NUM,0.0,900,NRCell,Huawei
1696869000000,SAL030_01,ERAB_SR_DEN,132.0,900,NRCell,Huawei
1696869000000,SAL030_01,ERAB_SR_NUM,129.0,900,NRCell,Huawei
1696869000000,SAL030_01,INTEGRITY_NGBR_QCI_9,5796609544.0,900,NRCell,Huawei
1696869000000,SAL030_01,INTRA_FREQUENCY_HO_OUT_ATT,11.0,900,NRCell,Huawei
1696869000000,SAL030_01,INTRA_FREQUENCY_HO_OUT_SUCC,11.0,900,NRCell,Huawei
1696869000000,SAL030_01,RRC_SETUP_ATT,87.0,900,NRCell,Huawei
1696869000000,SAL030_01,RRC_SETUP_SUCC,87.0,900,NRCell,Huawei
1696869000000,SAL030_01,S1SIG_Connection_Setup_SR_DEN,87.0,900,NRCell,Huawei
1696869000000,SAL030_01,S1SIG_Connection_Setup_SR_NUM,87.0,900,NRCell,Huawei
1696869000000,SAL030_01,SERVICE_LATENCY_OVER_AIR_INTERFACE_DEN,148750.0,900,NRCell,Huawei
1696869000000,SAL030_01,SERVICE_LATENCY_OVER_AIR_INTERFACE_NUM,195696.0,900,NRCell,Huawei
1696869000000,SAL030_01,VOICE_TRAFFIC,0.0,900,NRCell,Huawei
1696869000000,SAL030_01,VOLTE_CALL_SETUP_ATT,0.0,900,NRCell,Huawei
1696869000000,SAL030_01,VOLTE_CALL_SETUP_SUCC,0.0,900,NRCell,Huawei
1696869000000,SEV001_01,DCR_DEN,4257.0,900,NRCell,Huawei
1696869000000,SEV001_01,DCR_NUM,5.0,900,NRCell,Huawei
1696869000000,SEV001_01,DROP_CALL_VOLTE_DEN,37.0,900,NRCell,Huawei
1696869000000,SEV001_01,DROP_CALL_VOLTE_NUM,0.0,900,NRCell,Huawei
1696869000000,SEV001_01,ERAB_SR_DEN,4258.0,900,NRCell,Huawei
1696869000000,SEV001_01,ERAB_SR_NUM,4257.0,900,NRCell,Huawei
1696869000000,SEV001_01,INTEGRITY_NGBR_QCI_9,17735546928.0,900,NRCell,Huawei
1696869000000,SEV001_01,INTRA_FREQUENCY_HO_OUT_ATT,97.0,900,NRCell,Huawei
1696869000000,SEV001_01,INTRA_FREQUENCY_HO_OUT_SUCC,96.0,900,NRCell,Huawei
1696869000000,SEV001_01,RRC_SETUP_ATT,2290.0,900,NRCell,Huawei
1696869000000,SEV001_01,RRC_SETUP_SUCC,2288.0,900,NRCell,Huawei
1696869000000,SEV001_01,S1SIG_Connection_Setup_SR_DEN,2288.0,900,NRCell,Huawei
1696869000000,SEV001_01,S1SIG_Connection_Setup_SR_NUM,2288.0,900,NRCell,Huawei
1696869000000,SEV001_01,SERVICE_LATENCY_OVER_AIR_INTERFACE_DEN,637586.0,900,NRCell,Huawei
1696869000000,SEV001_01,SERVICE_LATENCY_OVER_AIR_INTERFACE_NUM,1328211.0,900,NRCell,Huawei
1696869000000,SEV001_01,VOICE_TRAFFIC,40758.0,900,NRCell,Huawei
1696869000000,SEV001_01,VOLTE_CALL_SETUP_ATT,37.0,900,NRCell,Huawei
1696869000000,SEV001_01,VOLTE_CALL_SETUP_SUCC,37.0,900,NRCell,Huawei
1696869000000,SNT002_01,DCR_DEN,1877.0,900,NRCell,Huawei
1696869000000,SNT002_01,DCR_NUM,2.0,900,NRCell,Huawei
1696869000000,SNT002_01,DROP_CALL_VOLTE_DEN,32.0,900,NRCell,Huawei
1696869000000,SNT002_01,DROP_CALL_VOLTE_NUM,0.0,900,NRCell,Huawei
1696869000000,SNT002_01,ERAB_SR_DEN,1903.0,900,NRCell,Huawei
1696869000000,SNT002_01,ERAB_SR_NUM,1903.0,900,NRCell,Huawei
1696869000000,SNT002_01,INTEGRITY_NGBR_QCI_9,6608137072.0,900,NRCell,Huawei
1696869000000,SNT002_01,INTRA_FREQUENCY_HO_OUT_ATT,98.0,900,NRCell,Huawei
1696869000000,SNT002_01,INTRA_FREQUENCY_HO_OUT_SUCC,98.0,900,NRCell,Huawei
1696869000000,SNT002_01,RRC_SETUP_ATT,1026.0,900,NRCell,Huawei
1696869000000,SNT002_01,RRC_SETUP_SUCC,1026.0,900,NRCell,Huawei
1696869000000,SNT002_01,S1SIG_Connection_Setup_SR_DEN,1026.0,900,NRCell,Huawei
1696869000000,SNT002_01,S1SIG_Connection_Setup_SR_NUM,1026.0,900,NRCell,Huawei
1696869000000,SNT002_01,SERVICE_LATENCY_OVER_AIR_INTERFACE_DEN,350013.0,900,NRCell,Huawei
1696869000000,SNT002_01,SERVICE_LATENCY_OVER_AIR_INTERFACE_NUM,407050.0,900,NRCell,Huawei
1696869000000,SNT002_01,VOICE_TRAFFIC,37769.0,900,NRCell,Huawei
1696869000000,SNT002_01,VOLTE_CALL_SETUP_ATT,28.0,900,NRCell,Huawei
1696869000000,SNT002_01,VOLTE_CALL_SETUP_SUCC,28.0,900,NRCell,Huawei
1696869000000,TAR015_01,DCR_DEN,4863.0,900,NRCell,Huawei
1696869000000,TAR015_01,DCR_NUM,2.0,900,NRCell,Huawei
1696869000000,TAR015_01,DROP_CALL_VOLTE_DEN,36.0,900,NRCell,Huawei
1696869000000,TAR015_01,DROP_CALL_VOLTE_NUM,0.0,900,NRCell,Huawei
1696869000000,TAR015_01,ERAB_SR_DEN,4888.0,900,NRCell,Huawei
1696869000000,TAR015_01,ERAB_SR_NUM,4883.0,900,NRCell,Huawei
1696869000000,TAR015_01,INTEGRITY_NGBR_QCI_9,19048411048.0,900,NRCell,Huawei
1696869000000,TAR015_01,INTRA_FREQUENCY_HO_OUT_ATT,117.0,900,NRCell,Huawei
1696869000000,TAR015_01,INTRA_FREQUENCY_HO_OUT_SUCC,117.0,900,NRCell,Huawei
1696869000000,TAR015_01,RRC_SETUP_ATT,2580.0,900,NRCell,Huawei
1696869000000,TAR015_01,RRC_SETUP_SUCC,2578.0,900,NRCell,Huawei
1696869000000,TAR015_01,S1SIG_Connection_Setup_SR_DEN,2578.0,900,NRCell,Huawei
1696869000000,TAR015_01,S1SIG_Connection_Setup_SR_NUM,2578.0,900,NRCell,Huawei
1696869000000,TAR015_01,SERVICE_LATENCY_OVER_AIR_INTERFACE_DEN,411893.0,900,NRCell,Huawei
1696869000000,TAR015_01,SERVICE_LATENCY_OVER_AIR_INTERFACE_NUM,2195853.0,900,NRCell,Huawei
1696869000000,TAR015_01,VOICE_TRAFFIC,26490.0,900,NRCell,Huawei
1696869000000,TAR015_01,VOLTE_CALL_SETUP_ATT,41.0,900,NRCell,Huawei
1696869000000,TAR015_01,VOLTE_CALL_SETUP_SUCC,41.0,900,NRCell,Huawei
1696869000000,TOL034_01,DCR_DEN,232.0,900,NRCell,Huawei
1696869000000,TOL034_01,DCR_NUM,0.0,900,NRCell,Huawei
1696869000000,TOL034_01,DROP_CALL_VOLTE_DEN,2.0,900,NRCell,Huawei
1696869000000,TOL034_01,DROP_CALL_VOLTE_NUM,0.0,900,NRCell,Huawei
1696869000000,TOL034_01,ERAB_SR_DEN,213.0,900,NRCell,Huawei
1696869000000,TOL034_01,ERAB_SR_NUM,213.0,900,NRCell,Huawei
1696869000000,TOL034_01,INTEGRITY_NGBR_QCI_9,1312346328.0,900,NRCell,Huawei
1696869000000,TOL034_01,INTRA_FREQUENCY_HO_OUT_ATT,10.0,900,NRCell,Huawei
1696869000000,TOL034_01,INTRA_FREQUENCY_HO_OUT_SUCC,10.0,900,NRCell,Huawei
1696869000000,TOL034_01,RRC_SETUP_ATT,150.0,900,NRCell,Huawei
1696869000000,TOL034_01,RRC_SETUP_SUCC,149.0,900,NRCell,Huawei
1696869000000,TOL034_01,S1SIG_Connection_Setup_SR_DEN,149.0,900,NRCell,Huawei
1696869000000,TOL034_01,S1SIG_Connection_Setup_SR_NUM,149.0,900,NRCell,Huawei
1696869000000,TOL034_01,SERVICE_LATENCY_OVER_AIR_INTERFACE_DEN,23075.0,900,NRCell,Huawei
1696869000000,TOL034_01,SERVICE_LATENCY_OVER_AIR_INTERFACE_NUM,31212.0,900,NRCell,Huawei
1696869000000,TOL034_01,VOICE_TRAFFIC,1278.0,900,NRCell,Huawei
1696869000000,TOL034_01,VOLTE_CALL_SETUP_ATT,3.0,900,NRCell,Huawei
1696869000000,TOL034_01,VOLTE_CALL_SETUP_SUCC,3.0,900,NRCell,Huawei
1696869000000,VAL002_01,DCR_DEN,39.0,900,NRCell,Huawei
1696869000000,VAL002_01,DCR_NUM,0.0,900,NRCell,Huawei
1696869000000,VAL002_01,DROP_CALL_VOLTE_DEN,1.0,900,NRCell,Huawei
1696869000000,VAL002_01,DROP_CALL_VOLTE_NUM,0.0,900,NRCell,Huawei
1696869000000,VAL002_01,ERAB_SR_DEN,51.0,900,NRCell,Huawei
1696869000000,VAL002_01,ERAB_SR_NUM,50.0,900,NRCell,Huawei
1696869000000,VAL002_01,INTEGRITY_NGBR_QCI_9,1278364040.0,900,NRCell,Huawei
1696869000000,VAL002_01,INTRA_FREQUENCY_HO_OUT_ATT,9.0,900,NRCell,Huawei
1696869000000,VAL002_01,INTRA_FREQUENCY_HO_OUT_SUCC,9.0,900,NRCell,Huawei
1696869000000,VAL002_01,RRC_SETUP_ATT,39.0,900,NRCell,Huawei
1696869000000,VAL002_01,RRC_SETUP_SUCC,39.0,900,NRCell,Huawei
1696869000000,VAL002_01,S1SIG_Connection_Setup_SR_DEN,39.0,900,NRCell,Huawei
1696869000000,VAL002_01,S1SIG_Connection_Setup_SR_NUM,39.0,900,NRCell,Huawei
1696869000000,VAL002_01,SERVICE_LATENCY_OVER_AIR_INTERFACE_DEN,29271.0,900,NRCell,Huawei
1696869000000,VAL002_01,SERVICE_LATENCY_OVER_AIR_INTERFACE_NUM,34586.0,900,NRCell,Huawei
1696869000000,VAL002_01,VOICE_TRAFFIC,167.0,900,NRCell,Huawei
1696869000000,VAL002_01,VOLTE_CALL_SETUP_ATT,2.0,900,NRCell,Huawei
1696869000000,VAL002_01,VOLTE_CALL_SETUP_SUCC,1.0,900,NRCell,Huawei
