startTime,neId,counterCode,counterValue,granularity,neType,vendorName
1696707900000,BCN014_01,DCR_DEN,3032.0,900,NRCell,Huawei
1696707900000,BCN014_01,DCR_NUM,2.0,900,NRCell,Huawei
1696707900000,BCN014_01,DROP_CALL_VOLTE_DEN,27.0,900,NRCell,Huawei
1696707900000,BCN014_01,DROP_CALL_VOLTE_NUM,0.0,900,NRCell,Huawei
1696707900000,BCN014_01,ERAB_SR_DEN,2983.0,900,NRCell,Huawei
1696707900000,BCN014_01,ERAB_SR_NUM,2982.0,900,NRCell,Huawei
1696707900000,BCN014_01,INTEGRITY_NGBR_QCI_9,16000101208.0,900,NRCell,Huawei
1696707900000,BCN014_01,INTRA_FREQUENCY_HO_OUT_ATT,239.0,900,NRCell,Huawei
1696707900000,BCN014_01,INTRA_FREQUENCY_HO_OUT_SUCC,239.0,900,NRCell,Huawei
1696707900000,BCN014_01,RRC_SETUP_ATT,1742.0,900,NRCell,Huawei
1696707900000,BCN014_01,RRC_SETUP_SUCC,1740.0,900,NRCell,Huawei
1696707900000,BCN014_01,S1SIG_Connection_Setup_SR_DEN,1740.0,900,NRCell,Huawei
1696707900000,BCN014_01,S1SIG_Connection_Setup_SR_NUM,1740.0,900,NRCell,Huawei
1696707900000,BCN014_01,SERVICE_LATENCY_OVER_AIR_INTERFACE_DEN,324491.0,900,NRCell,Huawei
1696707900000,BCN014_01,SERVICE_LATENCY_OVER_AIR_INTERFACE_NUM,605601.0,900,NRCell,Huawei
1696707900000,BCN014_01,VOICE_TRAFFIC,15003.0,900,NRCell,Huawei
1696707900000,BCN014_01,VOLTE_CALL_SETUP_ATT,32.0,900,NRCell,Huawei
1696707900000,BCN014_01,VOLTE_CALL_SETUP_SUCC,32.0,900,NRCell,Huawei
1696707900000,BIL001_01,DCR_DEN,2774.0,900,NRCell,Huawei
1696707900000,BIL001_01,DCR_NUM,4.0,900,NRCell,Huawei
1696707900000,BIL001_01,DROP_CALL_VOLTE_DEN,18.0,900,NRCell,Huawei
1696707900000,BIL001_01,DROP_CALL_VOLTE_NUM,0.0,900,NRCell,Huawei
1696707900000,BIL001_01,ERAB_SR_DEN,2793.0,900,NRCell,Huawei
1696707900000,BIL001_01,ERAB_SR_NUM,2793.0,900,NRCell,Huawei
1696707900000,BIL001_01,INTEGRITY_NGBR_QCI_9,13773361104.0,900,NRCell,Huawei
1696707900000,BIL001_01,INTRA_FREQUENCY_HO_OUT_ATT,204.0,900,NRCell,Huawei
1696707900000,BIL001_01,INTRA_FREQUENCY_HO_OUT_SUCC,204.0,900,NRCell,Huawei
1696707900000,BIL001_01,RRC_SETUP_ATT,1696.0,900,NRCell,Huawei
1696707900000,BIL001_01,RRC_SETUP_SUCC,1684.0,900,NRCell,Huawei
1696707900000,BIL001_01,S1SIG_Connection_Setup_SR_DEN,1684.0,900,NRCell,Huawei
1696707900000,BIL001_01,S1SIG_Connection_Setup_SR_NUM,1684.0,900,NRCell,Huawei
1696707900000,BIL001_01,SERVICE_LATENCY_OVER_AIR_INTERFACE_DEN,367510.0,900,NRCell,Huawei
1696707900000,BIL001_01,SERVICE_LATENCY_OVER_AIR_INTERFACE_NUM,947645.0,900,NRCell,Huawei
1696707900000,BIL001_01,VOICE_TRAFFIC,32797.0,900,NRCell,Huawei
1696707900000,BIL001_01,VOLTE_CALL_SETUP_ATT,20.0,900,NRCell,Huawei
1696707900000,BIL001_01,VOLTE_CALL_SETUP_SUCC,20.0,900,NRCell,Huawei
1696707900000,MAD033_01,DCR_DEN,1131.0,900,NRCell,Huawei
1696707900000,MAD033_01,DCR_NUM,0.0,900,NRCell,Huawei
1696707900000,MAD033_01,DROP_CALL_VOLTE_DEN,17.0,900,NRCell,Huawei
1696707900000,MAD033_01,DROP_CALL_VOLTE_NUM,0.0,900,NRCell,Huawei
1696707900000,MAD033_01,ERAB_SR_DEN,1158.0,900,NRCell,Huawei
1696707900000,MAD033_01,ERAB_SR_NUM,1155.0,900,NRCell,Huawei
1696707900000,MAD033_01,INTEGRITY_NGBR_QCI_9,3963826424.0,900,NRCell,Huawei
1696707900000,MAD033_01,INTRA_FREQUENCY_HO_OUT_ATT,89.0,900,NRCell,Huawei
1696707900000,MAD033_01,INTRA_FREQUENCY_HO_OUT_SUCC,89.0,900,NRCell,Huawei
1696707900000,MAD033_01,RRC_SETUP_ATT,670.0,900,NRCell,Huawei
1696707900000,MAD033_01,RRC_SETUP_SUCC,670.0,900,NRCell,Huawei
1696707900000,MAD033_01,S1SIG_Connection_Setup_SR_DEN,670.0,900,NRCell,Huawei
1696707900000,MAD033_01,S1SIG_Connection_Setup_SR_NUM,670.0,900,NRCell,Huawei
1696707900000,MAD033_01,SERVICE_LATENCY_OVER_AIR_INTERFACE_DEN,136409.0,900,NRCell,Huawei
1696707900000,MAD033_01,SERVICE_LATENCY_OVER_AIR_INTERFACE_NUM,180135.0,900,NRCell,Huawei
1696707900000,MAD033_01,VOICE_TRAFFIC,13303.0,900,NRCell,Huawei
1696707900000,MAD033_01,VOLTE_CALL_SETUP_ATT,14.0,900,NRCell,Huawei
1696707900000,MAD033_01,VOLTE_CALL_SETUP_SUCC,14.0,900,NRCell,Huawei
1696707900000,SAL030_01,DCR_DEN,236.0,900,NRCell,Huawei
1696707900000,SAL030_01,DCR_NUM,0.0,900,NRCell,Huawei
1696707900000,SAL030_01,DROP_CALL_VOLTE_DEN,6.0,900,NRCell,Huawei
1696707900000,SAL030_01,DROP_CALL_VOLTE_NUM,0.0,900,NRCell,Huawei
1696707900000,SAL030_01,ERAB_SR_DEN,230.0,900,NRCell,Huawei
1696707900000,SAL030_01,ERAB_SR_NUM,230.0,900,NRCell,Huawei
1696707900000,SAL030_01,INTEGRITY_NGBR_QCI_9,1025484400.0,900,NRCell,Huawei
1696707900000,SAL030_01,INTRA_FREQUENCY_HO_OUT_ATT,17.0,900,NRCell,Huawei
1696707900000,SAL030_01,INTRA_FREQUENCY_HO_OUT_SUCC,17.0,900,NRCell,Huawei
1696707900000,SAL030_01,RRC_SETUP_ATT,122.0,900,NRCell,Huawei
1696707900000,SAL030_01,RRC_SETUP_SUCC,122.0,900,NRCell,Huawei
1696707900000,SAL030_01,S1SIG_Connection_Setup_SR_DEN,122.0,900,NRCell,Huawei
1696707900000,SAL030_01,S1SIG_Connection_Setup_SR_NUM,122.0,900,NRCell,Huawei
1696707900000,SAL030_01,SERVICE_LATENCY_OVER_AIR_INTERFACE_DEN,31996.0,900,NRCell,Huawei
1696707900000,SAL030_01,SERVICE_LATENCY_OVER_AIR_INTERFACE_NUM,51123.0,900,NRCell,Huawei
1696707900000,SAL030_01,VOICE_TRAFFIC,1047.0,900,NRCell,Huawei
1696707900000,SAL030_01,VOLTE_CALL_SETUP_ATT,6.0,900,NRCell,Huawei
1696707900000,SAL030_01,VOLTE_CALL_SETUP_SUCC,6.0,900,NRCell,Huawei
1696707900000,SEV001_01,DCR_DEN,3187.0,900,NRCell,Huawei
1696707900000,SEV001_01,DCR_NUM,4.0,900,NRCell,Huawei
1696707900000,SEV001_01,DROP_CALL_VOLTE_DEN,32.0,900,NRCell,Huawei
1696707900000,SEV001_01,DROP_CALL_VOLTE_NUM,0.0,900,NRCell,Huawei
1696707900000,SEV001_01,ERAB_SR_DEN,3182.0,900,NRCell,Huawei
1696707900000,SEV001_01,ERAB_SR_NUM,3181.0,900,NRCell,Huawei
1696707900000,SEV001_01,INTEGRITY_NGBR_QCI_9,14114454688.0,900,NRCell,Huawei
1696707900000,SEV001_01,INTRA_FREQUENCY_HO_OUT_ATT,148.0,900,NRCell,Huawei
1696707900000,SEV001_01,INTRA_FREQUENCY_HO_OUT_SUCC,148.0,900,NRCell,Huawei
1696707900000,SEV001_01,RRC_SETUP_ATT,1745.0,900,NRCell,Huawei
1696707900000,SEV001_01,RRC_SETUP_SUCC,1745.0,900,NRCell,Huawei
1696707900000,SEV001_01,S1SIG_Connection_Setup_SR_DEN,1745.0,900,NRCell,Huawei
1696707900000,SEV001_01,S1SIG_Connection_Setup_SR_NUM,1745.0,900,NRCell,Huawei
1696707900000,SEV001_01,SERVICE_LATENCY_OVER_AIR_INTERFACE_DEN,434727.0,900,NRCell,Huawei
1696707900000,SEV001_01,SERVICE_LATENCY_OVER_AIR_INTERFACE_NUM,1037511.0,900,NRCell,Huawei
1696707900000,SEV001_01,VOICE_TRAFFIC,19477.0,900,NRCell,Huawei
1696707900000,SEV001_01,VOLTE_CALL_SETUP_ATT,29.0,900,NRCell,Huawei
1696707900000,SEV001_01,VOLTE_CALL_SETUP_SUCC,29.0,900,NRCell,Huawei
1696707900000,SNT002_01,DCR_DEN,1145.0,900,NRCell,Huawei
1696707900000,SNT002_01,DCR_NUM,0.0,900,NRCell,Huawei
1696707900000,SNT002_01,DROP_CALL_VOLTE_DEN,23.0,900,NRCell,Huawei
1696707900000,SNT002_01,DROP_CALL_VOLTE_NUM,0.0,900,NRCell,Huawei
1696707900000,SNT002_01,ERAB_SR_DEN,1166.0,900,NRCell,Huawei
1696707900000,SNT002_01,ERAB_SR_NUM,1166.0,900,NRCell,Huawei
1696707900000,SNT002_01,INTEGRITY_NGBR_QCI_9,6929796248.0,900,NRCell,Huawei
1696707900000,SNT002_01,INTRA_FREQUENCY_HO_OUT_ATT,96.0,900,NRCell,Huawei
1696707900000,SNT002_01,INTRA_FREQUENCY_HO_OUT_SUCC,96.0,900,NRCell,Huawei
1696707900000,SNT002_01,RRC_SETUP_ATT,677.0,900,NRCell,Huawei
1696707900000,SNT002_01,RRC_SETUP_SUCC,676.0,900,NRCell,Huawei
1696707900000,SNT002_01,S1SIG_Connection_Setup_SR_DEN,676.0,900,NRCell,Huawei
1696707900000,SNT002_01,S1SIG_Connection_Setup_SR_NUM,676.0,900,NRCell,Huawei
1696707900000,SNT002_01,SERVICE_LATENCY_OVER_AIR_INTERFACE_DEN,176949.0,900,NRCell,Huawei
1696707900000,SNT002_01,SERVICE_LATENCY_OVER_AIR_INTERFACE_NUM,217354.0,900,NRCell,Huawei
1696707900000,SNT002_01,VOICE_TRAFFIC,7314.0,900,NRCell,Huawei
1696707900000,SNT002_01,VOLTE_CALL_SETUP_ATT,23.0,900,NRCell,Huawei
1696707900000,SNT002_01,VOLTE_CALL_SETUP_SUCC,23.0,900,NRCell,Huawei
1696707900000,TAR015_01,DCR_DEN,3841.0,900,NRCell,Huawei
1696707900000,TAR015_01,DCR_NUM,3.0,900,NRCell,Huawei
1696707900000,TAR015_01,DROP_CALL_VOLTE_DEN,27.0,900,NRCell,Huawei
1696707900000,TAR015_01,DROP_CALL_VOLTE_NUM,0.0,900,NRCell,Huawei
1696707900000,TAR015_01,ERAB_SR_DEN,3811.0,900,NRCell,Huawei
1696707900000,TAR015_01,ERAB_SR_NUM,3808.0,900,NRCell,Huawei
1696707900000,TAR015_01,INTEGRITY_NGBR_QCI_9,14193407896.0,900,NRCell,Huawei
1696707900000,TAR015_01,INTRA_FREQUENCY_HO_OUT_ATT,172.0,900,NRCell,Huawei
1696707900000,TAR015_01,INTRA_FREQUENCY_HO_OUT_SUCC,172.0,900,NRCell,Huawei
1696707900000,TAR015_01,RRC_SETUP_ATT,2070.0,900,NRCell,Huawei
1696707900000,TAR015_01,RRC_SETUP_SUCC,2070.0,900,NRCell,Huawei
1696707900000,TAR015_01,S1SIG_Connection_Setup_SR_DEN,2070.0,900,NRCell,Huawei
1696707900000,TAR015_01,S1SIG_Connection_Setup_SR_NUM,2070.0,900,NRCell,Huawei
1696707900000,TAR015_01,SERVICE_LATENCY_OVER_AIR_INTERFACE_DEN,478164.0,900,NRCell,Huawei
1696707900000,TAR015_01,SERVICE_LATENCY_OVER_AIR_INTERFACE_NUM,2476810.0,900,NRCell,Huawei
1696707900000,TAR015_01,VOICE_TRAFFIC,22155.0,900,NRCell,Huawei
1696707900000,TAR015_01,VOLTE_CALL_SETUP_ATT,32.0,900,NRCell,Huawei
1696707900000,TAR015_01,VOLTE_CALL_SETUP_SUCC,32.0,900,NRCell,Huawei
1696707900000,TOL034_01,DCR_DEN,172.0,900,NRCell,Huawei
1696707900000,TOL034_01,DCR_NUM,0.0,900,NRCell,Huawei
1696707900000,TOL034_01,DROP_CALL_VOLTE_DEN,1.0,900,NRCell,Huawei
1696707900000,TOL034_01,DROP_CALL_VOLTE_NUM,0.0,900,NRCell,Huawei
1696707900000,TOL034_01,ERAB_SR_DEN,146.0,900,NRCell,Huawei
1696707900000,TOL034_01,ERAB_SR_NUM,146.0,900,NRCell,Huawei
1696707900000,TOL034_01,INTEGRITY_NGBR_QCI_9,3236466576.0,900,NRCell,Huawei
1696707900000,TOL034_01,INTRA_FREQUENCY_HO_OUT_ATT,21.0,900,NRCell,Huawei
1696707900000,TOL034_01,INTRA_FREQUENCY_HO_OUT_SUCC,21.0,900,NRCell,Huawei
1696707900000,TOL034_01,RRC_SETUP_ATT,105.0,900,NRCell,Huawei
1696707900000,TOL034_01,RRC_SETUP_SUCC,105.0,900,NRCell,Huawei
1696707900000,TOL034_01,S1SIG_Connection_Setup_SR_DEN,105.0,900,NRCell,Huawei
1696707900000,TOL034_01,S1SIG_Connection_Setup_SR_NUM,105.0,900,NRCell,Huawei
1696707900000,TOL034_01,SERVICE_LATENCY_OVER_AIR_INTERFACE_DEN,34514.0,900,NRCell,Huawei
1696707900000,TOL034_01,SERVICE_LATENCY_OVER_AIR_INTERFACE_NUM,120359.0,900,NRCell,Huawei
1696707900000,TOL034_01,VOICE_TRAFFIC,2076.0,900,NRCell,Huawei
1696707900000,TOL034_01,VOLTE_CALL_SETUP_ATT,3.0,900,NRCell,Huawei
1696707900000,TOL034_01,VOLTE_CALL_SETUP_SUCC,3.0,900,NRCell,Huawei
1696707900000,VAL002_01,DCR_DEN,24.0,900,NRCell,Huawei
1696707900000,VAL002_01,DCR_NUM,0.0,900,NRCell,Huawei
1696707900000,VAL002_01,DROP_CALL_VOLTE_DEN,0.0,900,NRCell,Huawei
1696707900000,VAL002_01,DROP_CALL_VOLTE_NUM,0.0,900,NRCell,Huawei
1696707900000,VAL002_01,ERAB_SR_DEN,19.0,900,NRCell,Huawei
1696707900000,VAL002_01,ERAB_SR_NUM,19.0,900,NRCell,Huawei
1696707900000,VAL002_01,INTEGRITY_NGBR_QCI_9,570046496.0,900,NRCell,Huawei
1696707900000,VAL002_01,INTRA_FREQUENCY_HO_OUT_ATT,7.0,900,NRCell,Huawei
1696707900000,VAL002_01,INTRA_FREQUENCY_HO_OUT_SUCC,7.0,900,NRCell,Huawei
1696707900000,VAL002_01,RRC_SETUP_ATT,18.0,900,NRCell,Huawei
1696707900000,VAL002_01,RRC_SETUP_SUCC,18.0,900,NRCell,Huawei
1696707900000,VAL002_01,S1SIG_Connection_Setup_SR_DEN,18.0,900,NRCell,Huawei
1696707900000,VAL002_01,S1SIG_Connection_Setup_SR_NUM,18.0,900,NRCell,Huawei
1696707900000,VAL002_01,SERVICE_LATENCY_OVER_AIR_INTERFACE_DEN,2288.0,900,NRCell,Huawei
1696707900000,VAL002_01,SERVICE_LATENCY_OVER_AIR_INTERFACE_NUM,14500.0,900,NRCell,Huawei
1696707900000,VAL002_01,VOICE_TRAFFIC,0.0,900,NRCell,Huawei
1696707900000,VAL002_01,VOLTE_CALL_SETUP_ATT,0.0,900,NRCell,Huawei
1696707900000,VAL002_01,VOLTE_CALL_SETUP_SUCC,0.0,900,NRCell,Huawei
