startTime,neId,counterCode,counterValue,granularity,neType,vendorName
1696887000000,BCN014_01,DCR_DEN,3688.0,900,NRCell,Huawei
1696887000000,BCN014_01,DCR_NUM,4.0,900,NRCell,Huawei
1696887000000,BCN014_01,DROP_CALL_VOLTE_DEN,31.0,900,NRCell,Huawei
1696887000000,BCN014_01,DROP_CALL_VOLTE_NUM,0.0,900,NRCell,Huawei
1696887000000,BCN014_01,ERAB_SR_DEN,3669.0,900,NRCell,Huawei
1696887000000,BCN014_01,ERAB_SR_NUM,3665.0,900,NRCell,Huawei
1696887000000,BCN014_01,INTEGRITY_NGBR_QCI_9,15011742944.0,900,NRCell,Huawei
1696887000000,BCN014_01,INTRA_FREQUENCY_HO_OUT_ATT,229.0,900,NRCell,Huawei
1696887000000,BCN014_01,INTRA_FREQUENCY_HO_OUT_SUCC,228.0,900,NRCell,Huawei
1696887000000,BCN014_01,RRC_SETUP_ATT,2123.0,900,NRCell,Huawei
1696887000000,BCN014_01,RRC_SETUP_SUCC,2117.0,900,NRCell,Huawei
1696887000000,BCN014_01,S1SIG_Connection_Setup_SR_DEN,2117.0,900,NRCell,Huawei
1696887000000,BCN014_01,S1SIG_Connection_Setup_SR_NUM,2117.0,900,NRCell,Huawei
1696887000000,BCN014_01,SERVICE_LATENCY_OVER_AIR_INTERFACE_DEN,438842.0,900,NRCell,Huawei
1696887000000,BCN014_01,SERVICE_LATENCY_OVER_AIR_INTERFACE_NUM,731634.0,900,NRCell,Huawei
1696887000000,BCN014_01,VOICE_TRAFFIC,24042.0,900,NRCell,Huawei
1696887000000,BCN014_01,VOLTE_CALL_SETUP_ATT,33.0,900,NRCell,Huawei
1696887000000,BCN014_01,VOLTE_CALL_SETUP_SUCC,33.0,900,NRCell,Huawei
1696887000000,BIL001_01,DCR_DEN,3008.0,900,NRCell,Huawei
1696887000000,BIL001_01,DCR_NUM,1.0,900,NRCell,Huawei
1696887000000,BIL001_01,DROP_CALL_VOLTE_DEN,25.0,900,NRCell,Huawei
1696887000000,BIL001_01,DROP_CALL_VOLTE_NUM,0.0,900,NRCell,Huawei
1696887000000,BIL001_01,ERAB_SR_DEN,3031.0,900,NRCell,Huawei
1696887000000,BIL001_01,ERAB_SR_NUM,3029.0,900,NRCell,Huawei
1696887000000,BIL001_01,INTEGRITY_NGBR_QCI_9,14806641568.0,900,NRCell,Huawei
1696887000000,BIL001_01,INTRA_FREQUENCY_HO_OUT_ATT,206.0,900,NRCell,Huawei
1696887000000,BIL001_01,INTRA_FREQUENCY_HO_OUT_SUCC,206.0,900,NRCell,Huawei
1696887000000,BIL001_01,RRC_SETUP_ATT,1816.0,900,NRCell,Huawei
1696887000000,BIL001_01,RRC_SETUP_SUCC,1800.0,900,NRCell,Huawei
1696887000000,BIL001_01,S1SIG_Connection_Setup_SR_DEN,1800.0,900,NRCell,Huawei
1696887000000,BIL001_01,S1SIG_Connection_Setup_SR_NUM,1800.0,900,NRCell,Huawei
1696887000000,BIL001_01,SERVICE_LATENCY_OVER_AIR_INTERFACE_DEN,465960.0,900,NRCell,Huawei
1696887000000,BIL001_01,SERVICE_LATENCY_OVER_AIR_INTERFACE_NUM,806148.0,900,NRCell,Huawei
1696887000000,BIL001_01,VOICE_TRAFFIC,16974.0,900,NRCell,Huawei
1696887000000,BIL001_01,VOLTE_CALL_SETUP_ATT,24.0,900,NRCell,Huawei
1696887000000,BIL001_01,VOLTE_CALL_SETUP_SUCC,24.0,900,NRCell,Huawei
1696887000000,MAD033_01,DCR_DEN,1506.0,900,NRCell,Huawei
1696887000000,MAD033_01,DCR_NUM,0.0,900,NRCell,Huawei
1696887000000,MAD033_01,DROP_CALL_VOLTE_DEN,14.0,900,NRCell,Huawei
1696887000000,MAD033_01,DROP_CALL_VOLTE_NUM,0.0,900,NRCell,Huawei
1696887000000,MAD033_01,ERAB_SR_DEN,1568.0,900,NRCell,Huawei
1696887000000,MAD033_01,ERAB_SR_NUM,1566.0,900,NRCell,Huawei
1696887000000,MAD033_01,INTEGRITY_NGBR_QCI_9,5819595032.0,900,NRCell,Huawei
1696887000000,MAD033_01,INTRA_FREQUENCY_HO_OUT_ATT,106.0,900,NRCell,Huawei
1696887000000,MAD033_01,INTRA_FREQUENCY_HO_OUT_SUCC,106.0,900,NRCell,Huawei
1696887000000,MAD033_01,RRC_SETUP_ATT,880.0,900,NRCell,Huawei
1696887000000,MAD033_01,RRC_SETUP_SUCC,879.0,900,NRCell,Huawei
1696887000000,MAD033_01,S1SIG_Connection_Setup_SR_DEN,879.0,900,NRCell,Huawei
1696887000000,MAD033_01,S1SIG_Connection_Setup_SR_NUM,879.0,900,NRCell,Huawei
1696887000000,MAD033_01,SERVICE_LATENCY_OVER_AIR_INTERFACE_DEN,156832.0,900,NRCell,Huawei
1696887000000,MAD033_01,SERVICE_LATENCY_OVER_AIR_INTERFACE_NUM,244724.0,900,NRCell,Huawei
1696887000000,MAD033_01,VOICE_TRAFFIC,14141.0,900,NRCell,Huawei
1696887000000,MAD033_01,VOLTE_CALL_SETUP_ATT,17.0,900,NRCell,Huawei
1696887000000,MAD033_01,VOLTE_CALL_SETUP_SUCC,17.0,900,NRCell,Huawei
1696887000000,SAL030_01,DCR_DEN,228.0,900,NRCell,Huawei
1696887000000,SAL030_01,DCR_NUM,1.0,900,NRCell,Huawei
1696887000000,SAL030_01,DROP_CALL_VOLTE_DEN,3.0,900,NRCell,Huawei
1696887000000,SAL030_01,DROP_CALL_VOLTE_NUM,0.0,900,NRCell,Huawei
1696887000000,SAL030_01,ERAB_SR_DEN,209.0,900,NRCell,Huawei
1696887000000,SAL030_01,ERAB_SR_NUM,209.0,900,NRCell,Huawei
1696887000000,SAL030_01,INTEGRITY_NGBR_QCI_9,4175477136.0,900,NRCell,Huawei
1696887000000,SAL030_01,INTRA_FREQUENCY_HO_OUT_ATT,9.0,900,NRCell,Huawei
1696887000000,SAL030_01,INTRA_FREQUENCY_HO_OUT_SUCC,9.0,900,NRCell,Huawei
1696887000000,SAL030_01,RRC_SETUP_ATT,115.0,900,NRCell,Huawei
1696887000000,SAL030_01,RRC_SETUP_SUCC,115.0,900,NRCell,Huawei
1696887000000,SAL030_01,S1SIG_Connection_Setup_SR_DEN,115.0,900,NRCell,Huawei
1696887000000,SAL030_01,S1SIG_Connection_Setup_SR_NUM,115.0,900,NRCell,Huawei
1696887000000,SAL030_01,SERVICE_LATENCY_OVER_AIR_INTERFACE_DEN,69544.0,900,NRCell,Huawei
1696887000000,SAL030_01,SERVICE_LATENCY_OVER_AIR_INTERFACE_NUM,104538.0,900,NRCell,Huawei
1696887000000,SAL030_01,VOICE_TRAFFIC,4537.0,900,NRCell,Huawei
1696887000000,SAL030_01,VOLTE_CALL_SETUP_ATT,3.0,900,NRCell,Huawei
1696887000000,SAL030_01,VOLTE_CALL_SETUP_SUCC,3.0,900,NRCell,Huawei
1696887000000,SEV001_01,DCR_DEN,3595.0,900,NRCell,Huawei
1696887000000,SEV001_01,DCR_NUM,3.0,900,NRCell,Huawei
1696887000000,SEV001_01,DROP_CALL_VOLTE_DEN,45.0,900,NRCell,Huawei
1696887000000,SEV001_01,DROP_CALL_VOLTE_NUM,0.0,900,NRCell,Huawei
1696887000000,SEV001_01,ERAB_SR_DEN,3582.0,900,NRCell,Huawei
1696887000000,SEV001_01,ERAB_SR_NUM,3578.0,900,NRCell,Huawei
1696887000000,SEV001_01,INTEGRITY_NGBR_QCI_9,17369145616.0,900,NRCell,Huawei
1696887000000,SEV001_01,INTRA_FREQUENCY_HO_OUT_ATT,101.0,900,NRCell,Huawei
1696887000000,SEV001_01,INTRA_FREQUENCY_HO_OUT_SUCC,101.0,900,NRCell,Huawei
1696887000000,SEV001_01,RRC_SETUP_ATT,1937.0,900,NRCell,Huawei
1696887000000,SEV001_01,RRC_SETUP_SUCC,1936.0,900,NRCell,Huawei
1696887000000,SEV001_01,S1SIG_Connection_Setup_SR_DEN,1936.0,900,NRCell,Huawei
1696887000000,SEV001_01,S1SIG_Connection_Setup_SR_NUM,1936.0,900,NRCell,Huawei
1696887000000,SEV001_01,SERVICE_LATENCY_OVER_AIR_INTERFACE_DEN,484675.0,900,NRCell,Huawei
1696887000000,SEV001_01,SERVICE_LATENCY_OVER_AIR_INTERFACE_NUM,1045594.0,900,NRCell,Huawei
1696887000000,SEV001_01,VOICE_TRAFFIC,19143.0,900,NRCell,Huawei
1696887000000,SEV001_01,VOLTE_CALL_SETUP_ATT,43.0,900,NRCell,Huawei
1696887000000,SEV001_01,VOLTE_CALL_SETUP_SUCC,43.0,900,NRCell,Huawei
1696887000000,SNT002_01,DCR_DEN,1498.0,900,NRCell,Huawei
1696887000000,SNT002_01,DCR_NUM,2.0,900,NRCell,Huawei
1696887000000,SNT002_01,DROP_CALL_VOLTE_DEN,12.0,900,NRCell,Huawei
1696887000000,SNT002_01,DROP_CALL_VOLTE_NUM,0.0,900,NRCell,Huawei
1696887000000,SNT002_01,ERAB_SR_DEN,1529.0,900,NRCell,Huawei
1696887000000,SNT002_01,ERAB_SR_NUM,1529.0,900,NRCell,Huawei
1696887000000,SNT002_01,INTEGRITY_NGBR_QCI_9,5498354360.0,900,NRCell,Huawei
1696887000000,SNT002_01,INTRA_FREQUENCY_HO_OUT_ATT,98.0,900,NRCell,Huawei
1696887000000,SNT002_01,INTRA_FREQUENCY_HO_OUT_SUCC,98.0,900,NRCell,Huawei
1696887000000,SNT002_01,RRC_SETUP_ATT,862.0,900,NRCell,Huawei
1696887000000,SNT002_01,RRC_SETUP_SUCC,861.0,900,NRCell,Huawei
1696887000000,SNT002_01,S1SIG_Connection_Setup_SR_DEN,861.0,900,NRCell,Huawei
1696887000000,SNT002_01,S1SIG_Connection_Setup_SR_NUM,861.0,900,NRCell,Huawei
1696887000000,SNT002_01,SERVICE_LATENCY_OVER_AIR_INTERFACE_DEN,244282.0,900,NRCell,Huawei
1696887000000,SNT002_01,SERVICE_LATENCY_OVER_AIR_INTERFACE_NUM,344219.0,900,NRCell,Huawei
1696887000000,SNT002_01,VOICE_TRAFFIC,18993.0,900,NRCell,Huawei
1696887000000,SNT002_01,VOLTE_CALL_SETUP_ATT,13.0,900,NRCell,Huawei
1696887000000,SNT002_01,VOLTE_CALL_SETUP_SUCC,13.0,900,NRCell,Huawei
1696887000000,TAR015_01,DCR_DEN,3995.0,900,NRCell,Huawei
1696887000000,TAR015_01,DCR_NUM,4.0,900,NRCell,Huawei
1696887000000,TAR015_01,DROP_CALL_VOLTE_DEN,43.0,900,NRCell,Huawei
1696887000000,TAR015_01,DROP_CALL_VOLTE_NUM,0.0,900,NRCell,Huawei
1696887000000,TAR015_01,ERAB_SR_DEN,4005.0,900,NRCell,Huawei
1696887000000,TAR015_01,ERAB_SR_NUM,3998.0,900,NRCell,Huawei
1696887000000,TAR015_01,INTEGRITY_NGBR_QCI_9,14458522568.0,900,NRCell,Huawei
1696887000000,TAR015_01,INTRA_FREQUENCY_HO_OUT_ATT,149.0,900,NRCell,Huawei
1696887000000,TAR015_01,INTRA_FREQUENCY_HO_OUT_SUCC,149.0,900,NRCell,Huawei
1696887000000,TAR015_01,RRC_SETUP_ATT,2152.0,900,NRCell,Huawei
1696887000000,TAR015_01,RRC_SETUP_SUCC,2152.0,900,NRCell,Huawei
1696887000000,TAR015_01,S1SIG_Connection_Setup_SR_DEN,2152.0,900,NRCell,Huawei
1696887000000,TAR015_01,S1SIG_Connection_Setup_SR_NUM,2152.0,900,NRCell,Huawei
1696887000000,TAR015_01,SERVICE_LATENCY_OVER_AIR_INTERFACE_DEN,592701.0,900,NRCell,Huawei
1696887000000,TAR015_01,SERVICE_LATENCY_OVER_AIR_INTERFACE_NUM,1229738.0,900,NRCell,Huawei
1696887000000,TAR015_01,VOICE_TRAFFIC,37845.0,900,NRCell,Huawei
1696887000000,TAR015_01,VOLTE_CALL_SETUP_ATT,43.0,900,NRCell,Huawei
1696887000000,TAR015_01,VOLTE_CALL_SETUP_SUCC,43.0,900,NRCell,Huawei
1696887000000,TOL034_01,DCR_DEN,208.0,900,NRCell,Huawei
1696887000000,TOL034_01,DCR_NUM,0.0,900,NRCell,Huawei
1696887000000,TOL034_01,DROP_CALL_VOLTE_DEN,2.0,900,NRCell,Huawei
1696887000000,TOL034_01,DROP_CALL_VOLTE_NUM,0.0,900,NRCell,Huawei
1696887000000,TOL034_01,ERAB_SR_DEN,202.0,900,NRCell,Huawei
1696887000000,TOL034_01,ERAB_SR_NUM,201.0,900,NRCell,Huawei
1696887000000,TOL034_01,INTEGRITY_NGBR_QCI_9,2258325088.0,900,NRCell,Huawei
1696887000000,TOL034_01,INTRA_FREQUENCY_HO_OUT_ATT,16.0,900,NRCell,Huawei
1696887000000,TOL034_01,INTRA_FREQUENCY_HO_OUT_SUCC,16.0,900,NRCell,Huawei
1696887000000,TOL034_01,RRC_SETUP_ATT,140.0,900,NRCell,Huawei
1696887000000,TOL034_01,RRC_SETUP_SUCC,140.0,900,NRCell,Huawei
1696887000000,TOL034_01,S1SIG_Connection_Setup_SR_DEN,140.0,900,NRCell,Huawei
1696887000000,TOL034_01,S1SIG_Connection_Setup_SR_NUM,140.0,900,NRCell,Huawei
1696887000000,TOL034_01,SERVICE_LATENCY_OVER_AIR_INTERFACE_DEN,25326.0,900,NRCell,Huawei
1696887000000,TOL034_01,SERVICE_LATENCY_OVER_AIR_INTERFACE_NUM,46018.0,900,NRCell,Huawei
1696887000000,TOL034_01,VOICE_TRAFFIC,865.0,900,NRCell,Huawei
1696887000000,TOL034_01,VOLTE_CALL_SETUP_ATT,0.0,900,NRCell,Huawei
1696887000000,TOL034_01,VOLTE_CALL_SETUP_SUCC,0.0,900,NRCell,Huawei
1696887000000,VAL002_01,DCR_DEN,60.0,900,NRCell,Huawei
1696887000000,VAL002_01,DCR_NUM,0.0,900,NRCell,Huawei
1696887000000,VAL002_01,DROP_CALL_VOLTE_DEN,1.0,900,NRCell,Huawei
1696887000000,VAL002_01,DROP_CALL_VOLTE_NUM,0.0,900,NRCell,Huawei
1696887000000,VAL002_01,ERAB_SR_DEN,57.0,900,NRCell,Huawei
1696887000000,VAL002_01,ERAB_SR_NUM,57.0,900,NRCell,Huawei
1696887000000,VAL002_01,INTEGRITY_NGBR_QCI_9,1032405264.0,900,NRCell,Huawei
1696887000000,VAL002_01,INTRA_FREQUENCY_HO_OUT_ATT,3.0,900,NRCell,Huawei
1696887000000,VAL002_01,INTRA_FREQUENCY_HO_OUT_SUCC,3.0,900,NRCell,Huawei
1696887000000,VAL002_01,RRC_SETUP_ATT,42.0,900,NRCell,Huawei
1696887000000,VAL002_01,RRC_SETUP_SUCC,42.0,900,NRCell,Huawei
1696887000000,VAL002_01,S1SIG_Connection_Setup_SR_DEN,42.0,900,NRCell,Huawei
1696887000000,VAL002_01,S1SIG_Connection_Setup_SR_NUM,42.0,900,NRCell,Huawei
1696887000000,VAL002_01,SERVICE_LATENCY_OVER_AIR_INTERFACE_DEN,25527.0,900,NRCell,Huawei
1696887000000,VAL002_01,SERVICE_LATENCY_OVER_AIR_INTERFACE_NUM,34077.0,900,NRCell,Huawei
1696887000000,VAL002_01,VOICE_TRAFFIC,576.0,900,NRCell,Huawei
1696887000000,VAL002_01,VOLTE_CALL_SETUP_ATT,1.0,900,NRCell,Huawei
1696887000000,VAL002_01,VOLTE_CALL_SETUP_SUCC,1.0,900,NRCell,Huawei
