startTime,neId,counterCode,counterValue,granularity,neType,vendorName
1696522500000,BCN014_01,DCR_DEN,4928.0,900,NRCell,Huawei
1696522500000,BCN014_01,DCR_NUM,10.0,900,NRCell,Huawei
1696522500000,BCN014_01,DROP_CALL_VOLTE_DEN,56.0,900,NRCell,Huawei
1696522500000,BCN014_01,DROP_CALL_VOLTE_NUM,0.0,900,NRCell,Huawei
1696522500000,BCN014_01,ERAB_SR_DEN,4864.0,900,NRCell,Huawei
1696522500000,BCN014_01,ERAB_SR_NUM,4864.0,900,NRCell,Huawei
1696522500000,BCN014_01,INTEGRITY_NGBR_QCI_9,12313421352.0,900,NRCell,Huawei
1696522500000,BCN014_01,INTRA_FREQUENCY_HO_OUT_ATT,236.0,900,NRCell,Huawei
1696522500000,BCN014_01,INTRA_FREQUENCY_HO_OUT_SUCC,235.0,900,NRCell,Huawei
1696522500000,BCN014_01,RRC_SETUP_ATT,2641.0,900,NRCell,Huawei
1696522500000,BCN014_01,RRC_SETUP_SUCC,2633.0,900,NRCell,Huawei
1696522500000,BCN014_01,S1SIG_Connection_Setup_SR_DEN,2632.0,900,NRCell,Huawei
1696522500000,BCN014_01,S1SIG_Connection_Setup_SR_NUM,2632.0,900,NRCell,Huawei
1696522500000,BCN014_01,SERVICE_LATENCY_OVER_AIR_INTERFACE_DEN,407131.0,900,NRCell,Huawei
1696522500000,BCN014_01,SERVICE_LATENCY_OVER_AIR_INTERFACE_NUM,750166.0,900,NRCell,Huawei
1696522500000,BCN014_01,VOICE_TRAFFIC,31390.0,900,NRCell,Huawei
1696522500000,BCN014_01,VOLTE_CALL_SETUP_ATT,49.0,900,NRCell,Huawei
1696522500000,BCN014_01,VOLTE_CALL_SETUP_SUCC,49.0,900,NRCell,Huawei
1696522500000,BIL001_01,DCR_DEN,3523.0,900,NRCell,Huawei
1696522500000,BIL001_01,DCR_NUM,3.0,900,NRCell,Huawei
1696522500000,BIL001_01,DROP_CALL_VOLTE_DEN,21.0,900,NRCell,Huawei
1696522500000,BIL001_01,DROP_CALL_VOLTE_NUM,0.0,900,NRCell,Huawei
1696522500000,BIL001_01,ERAB_SR_DEN,3653.0,900,NRCell,Huawei
1696522500000,BIL001_01,ERAB_SR_NUM,3653.0,900,NRCell,Huawei
1696522500000,BIL001_01,INTEGRITY_NGBR_QCI_9,12790922824.0,900,NRCell,Huawei
1696522500000,BIL001_01,INTRA_FREQUENCY_HO_OUT_ATT,172.0,900,NRCell,Huawei
1696522500000,BIL001_01,INTRA_FREQUENCY_HO_OUT_SUCC,172.0,900,NRCell,Huawei
1696522500000,BIL001_01,RRC_SETUP_ATT,2085.0,900,NRCell,Huawei
1696522500000,BIL001_01,RRC_SETUP_SUCC,2074.0,900,NRCell,Huawei
1696522500000,BIL001_01,S1SIG_Connection_Setup_SR_DEN,2074.0,900,NRCell,Huawei
1696522500000,BIL001_01,S1SIG_Connection_Setup_SR_NUM,2074.0,900,NRCell,Huawei
1696522500000,BIL001_01,SERVICE_LATENCY_OVER_AIR_INTERFACE_DEN,424576.0,900,NRCell,Huawei
1696522500000,BIL001_01,SERVICE_LATENCY_OVER_AIR_INTERFACE_NUM,722870.0,900,NRCell,Huawei
1696522500000,BIL001_01,VOICE_TRAFFIC,15858.0,900,NRCell,Huawei
1696522500000,BIL001_01,VOLTE_CALL_SETUP_ATT,22.0,900,NRCell,Huawei
1696522500000,BIL001_01,VOLTE_CALL_SETUP_SUCC,22.0,900,NRCell,Huawei
1696522500000,MAD033_01,DCR_DEN,2256.0,900,NRCell,Huawei
1696522500000,MAD033_01,DCR_NUM,2.0,900,NRCell,Huawei
1696522500000,MAD033_01,DROP_CALL_VOLTE_DEN,17.0,900,NRCell,Huawei
1696522500000,MAD033_01,DROP_CALL_VOLTE_NUM,0.0,900,NRCell,Huawei
1696522500000,MAD033_01,ERAB_SR_DEN,2278.0,900,NRCell,Huawei
1696522500000,MAD033_01,ERAB_SR_NUM,2274.0,900,NRCell,Huawei
1696522500000,MAD033_01,INTEGRITY_NGBR_QCI_9,6001313344.0,900,NRCell,Huawei
1696522500000,MAD033_01,INTRA_FREQUENCY_HO_OUT_ATT,174.0,900,NRCell,Huawei
1696522500000,MAD033_01,INTRA_FREQUENCY_HO_OUT_SUCC,174.0,900,NRCell,Huawei
1696522500000,MAD033_01,RRC_SETUP_ATT,1381.0,900,NRCell,Huawei
1696522500000,MAD033_01,RRC_SETUP_SUCC,1380.0,900,NRCell,Huawei
1696522500000,MAD033_01,S1SIG_Connection_Setup_SR_DEN,1380.0,900,NRCell,Huawei
1696522500000,MAD033_01,S1SIG_Connection_Setup_SR_NUM,1380.0,900,NRCell,Huawei
1696522500000,MAD033_01,SERVICE_LATENCY_OVER_AIR_INTERFACE_DEN,233337.0,900,NRCell,Huawei
1696522500000,MAD033_01,SERVICE_LATENCY_OVER_AIR_INTERFACE_NUM,327078.0,900,NRCell,Huawei
1696522500000,MAD033_01,VOICE_TRAFFIC,31172.0,900,NRCell,Huawei
1696522500000,MAD033_01,VOLTE_CALL_SETUP_ATT,19.0,900,NRCell,Huawei
1696522500000,MAD033_01,VOLTE_CALL_SETUP_SUCC,19.0,900,NRCell,Huawei
1696522500000,SAL030_01,DCR_DEN,498.0,900,NRCell,Huawei
1696522500000,SAL030_01,DCR_NUM,1.0,900,NRCell,Huawei
1696522500000,SAL030_01,DROP_CALL_VOLTE_DEN,3.0,900,NRCell,Huawei
1696522500000,SAL030_01,DROP_CALL_VOLTE_NUM,0.0,900,NRCell,Huawei
1696522500000,SAL030_01,ERAB_SR_DEN,463.0,900,NRCell,Huawei
1696522500000,SAL030_01,ERAB_SR_NUM,461.0,900,NRCell,Huawei
1696522500000,SAL030_01,INTEGRITY_NGBR_QCI_9,3910027320.0,900,NRCell,Huawei
1696522500000,SAL030_01,INTRA_FREQUENCY_HO_OUT_ATT,8.0,900,NRCell,Huawei
1696522500000,SAL030_01,INTRA_FREQUENCY_HO_OUT_SUCC,8.0,900,NRCell,Huawei
1696522500000,SAL030_01,RRC_SETUP_ATT,262.0,900,NRCell,Huawei
1696522500000,SAL030_01,RRC_SETUP_SUCC,261.0,900,NRCell,Huawei
1696522500000,SAL030_01,S1SIG_Connection_Setup_SR_DEN,261.0,900,NRCell,Huawei
1696522500000,SAL030_01,S1SIG_Connection_Setup_SR_NUM,261.0,900,NRCell,Huawei
1696522500000,SAL030_01,SERVICE_LATENCY_OVER_AIR_INTERFACE_DEN,64033.0,900,NRCell,Huawei
1696522500000,SAL030_01,SERVICE_LATENCY_OVER_AIR_INTERFACE_NUM,100615.0,900,NRCell,Huawei
1696522500000,SAL030_01,VOICE_TRAFFIC,3352.0,900,NRCell,Huawei
1696522500000,SAL030_01,VOLTE_CALL_SETUP_ATT,2.0,900,NRCell,Huawei
1696522500000,SAL030_01,VOLTE_CALL_SETUP_SUCC,2.0,900,NRCell,Huawei
1696522500000,SEV001_01,DCR_DEN,5951.0,900,NRCell,Huawei
1696522500000,SEV001_01,DCR_NUM,2.0,900,NRCell,Huawei
1696522500000,SEV001_01,DROP_CALL_VOLTE_DEN,45.0,900,NRCell,Huawei
1696522500000,SEV001_01,DROP_CALL_VOLTE_NUM,0.0,900,NRCell,Huawei
1696522500000,SEV001_01,ERAB_SR_DEN,6015.0,900,NRCell,Huawei
1696522500000,SEV001_01,ERAB_SR_NUM,6014.0,900,NRCell,Huawei
1696522500000,SEV001_01,INTEGRITY_NGBR_QCI_9,19623396104.0,900,NRCell,Huawei
1696522500000,SEV001_01,INTRA_FREQUENCY_HO_OUT_ATT,115.0,900,NRCell,Huawei
1696522500000,SEV001_01,INTRA_FREQUENCY_HO_OUT_SUCC,115.0,900,NRCell,Huawei
1696522500000,SEV001_01,RRC_SETUP_ATT,3208.0,900,NRCell,Huawei
1696522500000,SEV001_01,RRC_SETUP_SUCC,3202.0,900,NRCell,Huawei
1696522500000,SEV001_01,S1SIG_Connection_Setup_SR_DEN,3202.0,900,NRCell,Huawei
1696522500000,SEV001_01,S1SIG_Connection_Setup_SR_NUM,3202.0,900,NRCell,Huawei
1696522500000,SEV001_01,SERVICE_LATENCY_OVER_AIR_INTERFACE_DEN,680099.0,900,NRCell,Huawei
1696522500000,SEV001_01,SERVICE_LATENCY_OVER_AIR_INTERFACE_NUM,1173057.0,900,NRCell,Huawei
1696522500000,SEV001_01,VOICE_TRAFFIC,46206.0,900,NRCell,Huawei
1696522500000,SEV001_01,VOLTE_CALL_SETUP_ATT,54.0,900,NRCell,Huawei
1696522500000,SEV001_01,VOLTE_CALL_SETUP_SUCC,54.0,900,NRCell,Huawei
1696522500000,SNT002_01,DCR_DEN,2541.0,900,NRCell,Huawei
1696522500000,SNT002_01,DCR_NUM,1.0,900,NRCell,Huawei
1696522500000,SNT002_01,DROP_CALL_VOLTE_DEN,19.0,900,NRCell,Huawei
1696522500000,SNT002_01,DROP_CALL_VOLTE_NUM,0.0,900,NRCell,Huawei
1696522500000,SNT002_01,ERAB_SR_DEN,2595.0,900,NRCell,Huawei
1696522500000,SNT002_01,ERAB_SR_NUM,2587.0,900,NRCell,Huawei
1696522500000,SNT002_01,INTEGRITY_NGBR_QCI_9,7932827208.0,900,NRCell,Huawei
1696522500000,SNT002_01,INTRA_FREQUENCY_HO_OUT_ATT,137.0,900,NRCell,Huawei
1696522500000,SNT002_01,INTRA_FREQUENCY_HO_OUT_SUCC,137.0,900,NRCell,Huawei
1696522500000,SNT002_01,RRC_SETUP_ATT,1456.0,900,NRCell,Huawei
1696522500000,SNT002_01,RRC_SETUP_SUCC,1448.0,900,NRCell,Huawei
1696522500000,SNT002_01,S1SIG_Connection_Setup_SR_DEN,1449.0,900,NRCell,Huawei
1696522500000,SNT002_01,S1SIG_Connection_Setup_SR_NUM,1449.0,900,NRCell,Huawei
1696522500000,SNT002_01,SERVICE_LATENCY_OVER_AIR_INTERFACE_DEN,227305.0,900,NRCell,Huawei
1696522500000,SNT002_01,SERVICE_LATENCY_OVER_AIR_INTERFACE_NUM,323345.0,900,NRCell,Huawei
1696522500000,SNT002_01,VOICE_TRAFFIC,12055.0,900,NRCell,Huawei
1696522500000,SNT002_01,VOLTE_CALL_SETUP_ATT,18.0,900,NRCell,Huawei
1696522500000,SNT002_01,VOLTE_CALL_SETUP_SUCC,18.0,900,NRCell,Huawei
1696522500000,TAR015_01,DCR_DEN,4736.0,900,NRCell,Huawei
1696522500000,TAR015_01,DCR_NUM,3.0,900,NRCell,Huawei
1696522500000,TAR015_01,DROP_CALL_VOLTE_DEN,40.0,900,NRCell,Huawei
1696522500000,TAR015_01,DROP_CALL_VOLTE_NUM,0.0,900,NRCell,Huawei
1696522500000,TAR015_01,ERAB_SR_DEN,4692.0,900,NRCell,Huawei
1696522500000,TAR015_01,ERAB_SR_NUM,4690.0,900,NRCell,Huawei
1696522500000,TAR015_01,INTEGRITY_NGBR_QCI_9,12758827096.0,900,NRCell,Huawei
1696522500000,TAR015_01,INTRA_FREQUENCY_HO_OUT_ATT,166.0,900,NRCell,Huawei
1696522500000,TAR015_01,INTRA_FREQUENCY_HO_OUT_SUCC,166.0,900,NRCell,Huawei
1696522500000,TAR015_01,RRC_SETUP_ATT,2525.0,900,NRCell,Huawei
1696522500000,TAR015_01,RRC_SETUP_SUCC,2523.0,900,NRCell,Huawei
1696522500000,TAR015_01,S1SIG_Connection_Setup_SR_DEN,2523.0,900,NRCell,Huawei
1696522500000,TAR015_01,S1SIG_Connection_Setup_SR_NUM,2523.0,900,NRCell,Huawei
1696522500000,TAR015_01,SERVICE_LATENCY_OVER_AIR_INTERFACE_DEN,489723.0,900,NRCell,Huawei
1696522500000,TAR015_01,SERVICE_LATENCY_OVER_AIR_INTERFACE_NUM,1184748.0,900,NRCell,Huawei
1696522500000,TAR015_01,VOICE_TRAFFIC,47770.0,900,NRCell,Huawei
1696522500000,TAR015_01,VOLTE_CALL_SETUP_ATT,36.0,900,NRCell,Huawei
1696522500000,TAR015_01,VOLTE_CALL_SETUP_SUCC,36.0,900,NRCell,Huawei
1696522500000,TOL034_01,DCR_DEN,212.0,900,NRCell,Huawei
1696522500000,TOL034_01,DCR_NUM,2.0,900,NRCell,Huawei
1696522500000,TOL034_01,DROP_CALL_VOLTE_DEN,2.0,900,NRCell,Huawei
1696522500000,TOL034_01,DROP_CALL_VOLTE_NUM,0.0,900,NRCell,Huawei
1696522500000,TOL034_01,ERAB_SR_DEN,200.0,900,NRCell,Huawei
1696522500000,TOL034_01,ERAB_SR_NUM,200.0,900,NRCell,Huawei
1696522500000,TOL034_01,INTEGRITY_NGBR_QCI_9,1065449176.0,900,NRCell,Huawei
1696522500000,TOL034_01,INTRA_FREQUENCY_HO_OUT_ATT,11.0,900,NRCell,Huawei
1696522500000,TOL034_01,INTRA_FREQUENCY_HO_OUT_SUCC,11.0,900,NRCell,Huawei
1696522500000,TOL034_01,RRC_SETUP_ATT,141.0,900,NRCell,Huawei
1696522500000,TOL034_01,RRC_SETUP_SUCC,141.0,900,NRCell,Huawei
1696522500000,TOL034_01,S1SIG_Connection_Setup_SR_DEN,141.0,900,NRCell,Huawei
1696522500000,TOL034_01,S1SIG_Connection_Setup_SR_NUM,141.0,900,NRCell,Huawei
1696522500000,TOL034_01,SERVICE_LATENCY_OVER_AIR_INTERFACE_DEN,58236.0,900,NRCell,Huawei
1696522500000,TOL034_01,SERVICE_LATENCY_OVER_AIR_INTERFACE_NUM,97068.0,900,NRCell,Huawei
1696522500000,TOL034_01,VOICE_TRAFFIC,6271.0,900,NRCell,Huawei
1696522500000,TOL034_01,VOLTE_CALL_SETUP_ATT,4.0,900,NRCell,Huawei
1696522500000,TOL034_01,VOLTE_CALL_SETUP_SUCC,4.0,900,NRCell,Huawei
1696522500000,VAL002_01,DCR_DEN,129.0,900,NRCell,Huawei
1696522500000,VAL002_01,DCR_NUM,3.0,900,NRCell,Huawei
1696522500000,VAL002_01,DROP_CALL_VOLTE_DEN,1.0,900,NRCell,Huawei
1696522500000,VAL002_01,DROP_CALL_VOLTE_NUM,0.0,900,NRCell,Huawei
1696522500000,VAL002_01,ERAB_SR_DEN,122.0,900,NRCell,Huawei
1696522500000,VAL002_01,ERAB_SR_NUM,122.0,900,NRCell,Huawei
1696522500000,VAL002_01,INTEGRITY_NGBR_QCI_9,250363136.0,900,NRCell,Huawei
1696522500000,VAL002_01,INTRA_FREQUENCY_HO_OUT_ATT,9.0,900,NRCell,Huawei
1696522500000,VAL002_01,INTRA_FREQUENCY_HO_OUT_SUCC,9.0,900,NRCell,Huawei
1696522500000,VAL002_01,RRC_SETUP_ATT,75.0,900,NRCell,Huawei
1696522500000,VAL002_01,RRC_SETUP_SUCC,75.0,900,NRCell,Huawei
1696522500000,VAL002_01,S1SIG_Connection_Setup_SR_DEN,75.0,900,NRCell,Huawei
1696522500000,VAL002_01,S1SIG_Connection_Setup_SR_NUM,75.0,900,NRCell,Huawei
1696522500000,VAL002_01,SERVICE_LATENCY_OVER_AIR_INTERFACE_DEN,9089.0,900,NRCell,Huawei
1696522500000,VAL002_01,SERVICE_LATENCY_OVER_AIR_INTERFACE_NUM,11410.0,900,NRCell,Huawei
1696522500000,VAL002_01,VOICE_TRAFFIC,38.0,900,NRCell,Huawei
1696522500000,VAL002_01,VOLTE_CALL_SETUP_ATT,0.0,900,NRCell,Huawei
1696522500000,VAL002_01,VOLTE_CALL_SETUP_SUCC,0.0,900,NRCell,Huawei
