startTime,neId,counterCode,counterValue,granularity,neType,vendorName
1696896000000,BCN014_01,DCR_DEN,3867.0,900,NRCell,Huawei
1696896000000,BCN014_01,DCR_NUM,4.0,900,NRCell,Huawei
1696896000000,BCN014_01,DROP_CALL_VOLTE_DEN,52.0,900,NRCell,Huawei
1696896000000,BCN014_01,DROP_CALL_VOLTE_NUM,0.0,900,NRCell,Huawei
1696896000000,BCN014_01,ERAB_SR_DEN,3867.0,900,NRCell,Huawei
1696896000000,BCN014_01,ERAB_SR_NUM,3864.0,900,NRCell,Huawei
1696896000000,BCN014_01,INTEGRITY_NGBR_QCI_9,14586377944.0,900,NRCell,Huawei
1696896000000,BCN014_01,INTRA_FREQUENCY_HO_OUT_ATT,262.0,900,NRCell,Huawei
1696896000000,BCN014_01,INTRA_FREQUENCY_HO_OUT_SUCC,262.0,900,NRCell,Huawei
1696896000000,BCN014_01,RRC_SETUP_ATT,2178.0,900,NRCell,Huawei
1696896000000,BCN014_01,RRC_SETUP_SUCC,2163.0,900,NRCell,Huawei
1696896000000,BCN014_01,S1SIG_Connection_Setup_SR_DEN,2163.0,900,NRCell,Huawei
1696896000000,BCN014_01,S1SIG_Connection_Setup_SR_NUM,2163.0,900,NRCell,Huawei
1696896000000,BCN014_01,SERVICE_LATENCY_OVER_AIR_INTERFACE_DEN,536599.0,900,NRCell,Huawei
1696896000000,BCN014_01,SERVICE_LATENCY_OVER_AIR_INTERFACE_NUM,2234721.0,900,NRCell,Huawei
1696896000000,BCN014_01,VOICE_TRAFFIC,45904.0,900,NRCell,Huawei
1696896000000,BCN014_01,VOLTE_CALL_SETUP_ATT,57.0,900,NRCell,Huawei
1696896000000,BCN014_01,VOLTE_CALL_SETUP_SUCC,57.0,900,NRCell,Huawei
1696896000000,BIL001_01,DCR_DEN,3177.0,900,NRCell,Huawei
1696896000000,BIL001_01,DCR_NUM,2.0,900,NRCell,Huawei
1696896000000,BIL001_01,DROP_CALL_VOLTE_DEN,29.0,900,NRCell,Huawei
1696896000000,BIL001_01,DROP_CALL_VOLTE_NUM,0.0,900,NRCell,Huawei
1696896000000,BIL001_01,ERAB_SR_DEN,3212.0,900,NRCell,Huawei
1696896000000,BIL001_01,ERAB_SR_NUM,3206.0,900,NRCell,Huawei
1696896000000,BIL001_01,INTEGRITY_NGBR_QCI_9,10866179984.0,900,NRCell,Huawei
1696896000000,BIL001_01,INTRA_FREQUENCY_HO_OUT_ATT,206.0,900,NRCell,Huawei
1696896000000,BIL001_01,INTRA_FREQUENCY_HO_OUT_SUCC,206.0,900,NRCell,Huawei
1696896000000,BIL001_01,RRC_SETUP_ATT,1892.0,900,NRCell,Huawei
1696896000000,BIL001_01,RRC_SETUP_SUCC,1855.0,900,NRCell,Huawei
1696896000000,BIL001_01,S1SIG_Connection_Setup_SR_DEN,1854.0,900,NRCell,Huawei
1696896000000,BIL001_01,S1SIG_Connection_Setup_SR_NUM,1854.0,900,NRCell,Huawei
1696896000000,BIL001_01,SERVICE_LATENCY_OVER_AIR_INTERFACE_DEN,416582.0,900,NRCell,Huawei
1696896000000,BIL001_01,SERVICE_LATENCY_OVER_AIR_INTERFACE_NUM,732206.0,900,NRCell,Huawei
1696896000000,BIL001_01,VOICE_TRAFFIC,32242.0,900,NRCell,Huawei
1696896000000,BIL001_01,VOLTE_CALL_SETUP_ATT,35.0,900,NRCell,Huawei
1696896000000,BIL001_01,VOLTE_CALL_SETUP_SUCC,35.0,900,NRCell,Huawei
1696896000000,MAD033_01,DCR_DEN,1321.0,900,NRCell,Huawei
1696896000000,MAD033_01,DCR_NUM,4.0,900,NRCell,Huawei
1696896000000,MAD033_01,DROP_CALL_VOLTE_DEN,12.0,900,NRCell,Huawei
1696896000000,MAD033_01,DROP_CALL_VOLTE_NUM,0.0,900,NRCell,Huawei
1696896000000,MAD033_01,ERAB_SR_DEN,1329.0,900,NRCell,Huawei
1696896000000,MAD033_01,ERAB_SR_NUM,1329.0,900,NRCell,Huawei
1696896000000,MAD033_01,INTEGRITY_NGBR_QCI_9,5608744488.0,900,NRCell,Huawei
1696896000000,MAD033_01,INTRA_FREQUENCY_HO_OUT_ATT,116.0,900,NRCell,Huawei
1696896000000,MAD033_01,INTRA_FREQUENCY_HO_OUT_SUCC,116.0,900,NRCell,Huawei
1696896000000,MAD033_01,RRC_SETUP_ATT,751.0,900,NRCell,Huawei
1696896000000,MAD033_01,RRC_SETUP_SUCC,749.0,900,NRCell,Huawei
1696896000000,MAD033_01,S1SIG_Connection_Setup_SR_DEN,749.0,900,NRCell,Huawei
1696896000000,MAD033_01,S1SIG_Connection_Setup_SR_NUM,749.0,900,NRCell,Huawei
1696896000000,MAD033_01,SERVICE_LATENCY_OVER_AIR_INTERFACE_DEN,162191.0,900,NRCell,Huawei
1696896000000,MAD033_01,SERVICE_LATENCY_OVER_AIR_INTERFACE_NUM,229403.0,900,NRCell,Huawei
1696896000000,MAD033_01,VOICE_TRAFFIC,17467.0,900,NRCell,Huawei
1696896000000,MAD033_01,VOLTE_CALL_SETUP_ATT,12.0,900,NRCell,Huawei
1696896000000,MAD033_01,VOLTE_CALL_SETUP_SUCC,12.0,900,NRCell,Huawei
1696896000000,SAL030_01,DCR_DEN,196.0,900,NRCell,Huawei
1696896000000,SAL030_01,DCR_NUM,3.0,900,NRCell,Huawei
1696896000000,SAL030_01,DROP_CALL_VOLTE_DEN,3.0,900,NRCell,Huawei
1696896000000,SAL030_01,DROP_CALL_VOLTE_NUM,0.0,900,NRCell,Huawei
1696896000000,SAL030_01,ERAB_SR_DEN,195.0,900,NRCell,Huawei
1696896000000,SAL030_01,ERAB_SR_NUM,195.0,900,NRCell,Huawei
1696896000000,SAL030_01,INTEGRITY_NGBR_QCI_9,1487149696.0,900,NRCell,Huawei
1696896000000,SAL030_01,INTRA_FREQUENCY_HO_OUT_ATT,8.0,900,NRCell,Huawei
1696896000000,SAL030_01,INTRA_FREQUENCY_HO_OUT_SUCC,8.0,900,NRCell,Huawei
1696896000000,SAL030_01,RRC_SETUP_ATT,119.0,900,NRCell,Huawei
1696896000000,SAL030_01,RRC_SETUP_SUCC,119.0,900,NRCell,Huawei
1696896000000,SAL030_01,S1SIG_Connection_Setup_SR_DEN,119.0,900,NRCell,Huawei
1696896000000,SAL030_01,S1SIG_Connection_Setup_SR_NUM,119.0,900,NRCell,Huawei
1696896000000,SAL030_01,SERVICE_LATENCY_OVER_AIR_INTERFACE_DEN,63689.0,900,NRCell,Huawei
1696896000000,SAL030_01,SERVICE_LATENCY_OVER_AIR_INTERFACE_NUM,151698.0,900,NRCell,Huawei
1696896000000,SAL030_01,VOICE_TRAFFIC,4710.0,900,NRCell,Huawei
1696896000000,SAL030_01,VOLTE_CALL_SETUP_ATT,2.0,900,NRCell,Huawei
1696896000000,SAL030_01,VOLTE_CALL_SETUP_SUCC,2.0,900,NRCell,Huawei
1696896000000,SEV001_01,DCR_DEN,3263.0,900,NRCell,Huawei
1696896000000,SEV001_01,DCR_NUM,8.0,900,NRCell,Huawei
1696896000000,SEV001_01,DROP_CALL_VOLTE_DEN,23.0,900,NRCell,Huawei
1696896000000,SEV001_01,DROP_CALL_VOLTE_NUM,0.0,900,NRCell,Huawei
1696896000000,SEV001_01,ERAB_SR_DEN,3223.0,900,NRCell,Huawei
1696896000000,SEV001_01,ERAB_SR_NUM,3220.0,900,NRCell,Huawei
1696896000000,SEV001_01,INTEGRITY_NGBR_QCI_9,15577076392.0,900,NRCell,Huawei
1696896000000,SEV001_01,INTRA_FREQUENCY_HO_OUT_ATT,101.0,900,NRCell,Huawei
1696896000000,SEV001_01,INTRA_FREQUENCY_HO_OUT_SUCC,101.0,900,NRCell,Huawei
1696896000000,SEV001_01,RRC_SETUP_ATT,1802.0,900,NRCell,Huawei
1696896000000,SEV001_01,RRC_SETUP_SUCC,1793.0,900,NRCell,Huawei
1696896000000,SEV001_01,S1SIG_Connection_Setup_SR_DEN,1793.0,900,NRCell,Huawei
1696896000000,SEV001_01,S1SIG_Connection_Setup_SR_NUM,1793.0,900,NRCell,Huawei
1696896000000,SEV001_01,SERVICE_LATENCY_OVER_AIR_INTERFACE_DEN,461763.0,900,NRCell,Huawei
1696896000000,SEV001_01,SERVICE_LATENCY_OVER_AIR_INTERFACE_NUM,1861754.0,900,NRCell,Huawei
1696896000000,SEV001_01,VOICE_TRAFFIC,19852.0,900,NRCell,Huawei
1696896000000,SEV001_01,VOLTE_CALL_SETUP_ATT,17.0,900,NRCell,Huawei
1696896000000,SEV001_01,VOLTE_CALL_SETUP_SUCC,17.0,900,NRCell,Huawei
1696896000000,SNT002_01,DCR_DEN,1413.0,900,NRCell,Huawei
1696896000000,SNT002_01,DCR_NUM,1.0,900,NRCell,Huawei
1696896000000,SNT002_01,DROP_CALL_VOLTE_DEN,19.0,900,NRCell,Huawei
1696896000000,SNT002_01,DROP_CALL_VOLTE_NUM,0.0,900,NRCell,Huawei
1696896000000,SNT002_01,ERAB_SR_DEN,1458.0,900,NRCell,Huawei
1696896000000,SNT002_01,ERAB_SR_NUM,1458.0,900,NRCell,Huawei
1696896000000,SNT002_01,INTEGRITY_NGBR_QCI_9,8622750888.0,900,NRCell,Huawei
1696896000000,SNT002_01,INTRA_FREQUENCY_HO_OUT_ATT,92.0,900,NRCell,Huawei
1696896000000,SNT002_01,INTRA_FREQUENCY_HO_OUT_SUCC,91.0,900,NRCell,Huawei
1696896000000,SNT002_01,RRC_SETUP_ATT,787.0,900,NRCell,Huawei
1696896000000,SNT002_01,RRC_SETUP_SUCC,787.0,900,NRCell,Huawei
1696896000000,SNT002_01,S1SIG_Connection_Setup_SR_DEN,788.0,900,NRCell,Huawei
1696896000000,SNT002_01,S1SIG_Connection_Setup_SR_NUM,788.0,900,NRCell,Huawei
1696896000000,SNT002_01,SERVICE_LATENCY_OVER_AIR_INTERFACE_DEN,216499.0,900,NRCell,Huawei
1696896000000,SNT002_01,SERVICE_LATENCY_OVER_AIR_INTERFACE_NUM,308447.0,900,NRCell,Huawei
1696896000000,SNT002_01,VOICE_TRAFFIC,19844.0,900,NRCell,Huawei
1696896000000,SNT002_01,VOLTE_CALL_SETUP_ATT,17.0,900,NRCell,Huawei
1696896000000,SNT002_01,VOLTE_CALL_SETUP_SUCC,17.0,900,NRCell,Huawei
1696896000000,TAR015_01,DCR_DEN,3840.0,900,NRCell,Huawei
1696896000000,TAR015_01,DCR_NUM,15.0,900,NRCell,Huawei
1696896000000,TAR015_01,DROP_CALL_VOLTE_DEN,21.0,900,NRCell,Huawei
1696896000000,TAR015_01,DROP_CALL_VOLTE_NUM,1.0,900,NRCell,Huawei
1696896000000,TAR015_01,ERAB_SR_DEN,3803.0,900,NRCell,Huawei
1696896000000,TAR015_01,ERAB_SR_NUM,3800.0,900,NRCell,Huawei
1696896000000,TAR015_01,INTEGRITY_NGBR_QCI_9,15388471264.0,900,NRCell,Huawei
1696896000000,TAR015_01,INTRA_FREQUENCY_HO_OUT_ATT,118.0,900,NRCell,Huawei
1696896000000,TAR015_01,INTRA_FREQUENCY_HO_OUT_SUCC,117.0,900,NRCell,Huawei
1696896000000,TAR015_01,RRC_SETUP_ATT,2071.0,900,NRCell,Huawei
1696896000000,TAR015_01,RRC_SETUP_SUCC,2070.0,900,NRCell,Huawei
1696896000000,TAR015_01,S1SIG_Connection_Setup_SR_DEN,2070.0,900,NRCell,Huawei
1696896000000,TAR015_01,S1SIG_Connection_Setup_SR_NUM,2068.0,900,NRCell,Huawei
1696896000000,TAR015_01,SERVICE_LATENCY_OVER_AIR_INTERFACE_DEN,632027.0,900,NRCell,Huawei
1696896000000,TAR015_01,SERVICE_LATENCY_OVER_AIR_INTERFACE_NUM,1922763.0,900,NRCell,Huawei
1696896000000,TAR015_01,VOICE_TRAFFIC,40735.0,900,NRCell,Huawei
1696896000000,TAR015_01,VOLTE_CALL_SETUP_ATT,25.0,900,NRCell,Huawei
1696896000000,TAR015_01,VOLTE_CALL_SETUP_SUCC,25.0,900,NRCell,Huawei
1696896000000,TOL034_01,DCR_DEN,294.0,900,NRCell,Huawei
1696896000000,TOL034_01,DCR_NUM,0.0,900,NRCell,Huawei
1696896000000,TOL034_01,DROP_CALL_VOLTE_DEN,0.0,900,NRCell,Huawei
1696896000000,TOL034_01,DROP_CALL_VOLTE_NUM,0.0,900,NRCell,Huawei
1696896000000,TOL034_01,ERAB_SR_DEN,291.0,900,NRCell,Huawei
1696896000000,TOL034_01,ERAB_SR_NUM,291.0,900,NRCell,Huawei
1696896000000,TOL034_01,INTEGRITY_NGBR_QCI_9,3896726512.0,900,NRCell,Huawei
1696896000000,TOL034_01,INTRA_FREQUENCY_HO_OUT_ATT,22.0,900,NRCell,Huawei
1696896000000,TOL034_01,INTRA_FREQUENCY_HO_OUT_SUCC,22.0,900,NRCell,Huawei
1696896000000,TOL034_01,RRC_SETUP_ATT,172.0,900,NRCell,Huawei
1696896000000,TOL034_01,RRC_SETUP_SUCC,172.0,900,NRCell,Huawei
1696896000000,TOL034_01,S1SIG_Connection_Setup_SR_DEN,172.0,900,NRCell,Huawei
1696896000000,TOL034_01,S1SIG_Connection_Setup_SR_NUM,172.0,900,NRCell,Huawei
1696896000000,TOL034_01,SERVICE_LATENCY_OVER_AIR_INTERFACE_DEN,54206.0,900,NRCell,Huawei
1696896000000,TOL034_01,SERVICE_LATENCY_OVER_AIR_INTERFACE_NUM,85688.0,900,NRCell,Huawei
1696896000000,TOL034_01,VOICE_TRAFFIC,0.0,900,NRCell,Huawei
1696896000000,TOL034_01,VOLTE_CALL_SETUP_ATT,0.0,900,NRCell,Huawei
1696896000000,TOL034_01,VOLTE_CALL_SETUP_SUCC,0.0,900,NRCell,Huawei
1696896000000,VAL002_01,DCR_DEN,40.0,900,NRCell,Huawei
1696896000000,VAL002_01,DCR_NUM,0.0,900,NRCell,Huawei
1696896000000,VAL002_01,DROP_CALL_VOLTE_DEN,0.0,900,NRCell,Huawei
1696896000000,VAL002_01,DROP_CALL_VOLTE_NUM,0.0,900,NRCell,Huawei
1696896000000,VAL002_01,ERAB_SR_DEN,36.0,900,NRCell,Huawei
1696896000000,VAL002_01,ERAB_SR_NUM,36.0,900,NRCell,Huawei
1696896000000,VAL002_01,INTEGRITY_NGBR_QCI_9,126075392.0,900,NRCell,Huawei
1696896000000,VAL002_01,INTRA_FREQUENCY_HO_OUT_ATT,4.0,900,NRCell,Huawei
1696896000000,VAL002_01,INTRA_FREQUENCY_HO_OUT_SUCC,4.0,900,NRCell,Huawei
1696896000000,VAL002_01,RRC_SETUP_ATT,29.0,900,NRCell,Huawei
1696896000000,VAL002_01,RRC_SETUP_SUCC,29.0,900,NRCell,Huawei
1696896000000,VAL002_01,S1SIG_Connection_Setup_SR_DEN,29.0,900,NRCell,Huawei
1696896000000,VAL002_01,S1SIG_Connection_Setup_SR_NUM,29.0,900,NRCell,Huawei
1696896000000,VAL002_01,SERVICE_LATENCY_OVER_AIR_INTERFACE_DEN,1000.0,900,NRCell,Huawei
1696896000000,VAL002_01,SERVICE_LATENCY_OVER_AIR_INTERFACE_NUM,1342.0,900,NRCell,Huawei
1696896000000,VAL002_01,VOICE_TRAFFIC,0.0,900,NRCell,Huawei
1696896000000,VAL002_01,VOLTE_CALL_SETUP_ATT,0.0,900,NRCell,Huawei
1696896000000,VAL002_01,VOLTE_CALL_SETUP_SUCC,0.0,900,NRCell,Huawei
