startTime,neId,counterCode,counterValue,granularity,neType,vendorName
1696482900000,BCN014_01,DCR_DEN,981.0,900,NRCell,Huawei
1696482900000,BCN014_01,DCR_NUM,3.0,900,NRCell,Huawei
1696482900000,BCN014_01,DROP_CALL_VOLTE_DEN,7.0,900,NRCell,Huawei
1696482900000,BCN014_01,DROP_CALL_VOLTE_NUM,0.0,900,NRCell,Huawei
1696482900000,BCN014_01,ERAB_SR_DEN,982.0,900,NRCell,Huawei
1696482900000,BCN014_01,ERAB_SR_NUM,982.0,900,NRCell,Huawei
1696482900000,BCN014_01,INTEGRITY_NGBR_QCI_9,11560941904.0,900,NRCell,Huawei
1696482900000,BCN014_01,INTRA_FREQUENCY_HO_OUT_ATT,27.0,900,NRCell,Huawei
1696482900000,BCN014_01,INTRA_FREQUENCY_HO_OUT_SUCC,27.0,900,NRCell,Huawei
1696482900000,BCN014_01,RRC_SETUP_ATT,579.0,900,NRCell,Huawei
1696482900000,BCN014_01,RRC_SETUP_SUCC,579.0,900,NRCell,Huawei
1696482900000,BCN014_01,S1SIG_Connection_Setup_SR_DEN,579.0,900,NRCell,Huawei
1696482900000,BCN014_01,S1SIG_Connection_Setup_SR_NUM,579.0,900,NRCell,Huawei
1696482900000,BCN014_01,SERVICE_LATENCY_OVER_AIR_INTERFACE_DEN,465887.0,900,NRCell,Huawei
1696482900000,BCN014_01,SERVICE_LATENCY_OVER_AIR_INTERFACE_NUM,618504.0,900,NRCell,Huawei
1696482900000,BCN014_01,VOICE_TRAFFIC,2412.0,900,NRCell,Huawei
1696482900000,BCN014_01,VOLTE_CALL_SETUP_ATT,7.0,900,NRCell,Huawei
1696482900000,BCN014_01,VOLTE_CALL_SETUP_SUCC,7.0,900,NRCell,Huawei
1696482900000,BIL001_01,DCR_DEN,935.0,900,NRCell,Huawei
1696482900000,BIL001_01,DCR_NUM,1.0,900,NRCell,Huawei
1696482900000,BIL001_01,DROP_CALL_VOLTE_DEN,2.0,900,NRCell,Huawei
1696482900000,BIL001_01,DROP_CALL_VOLTE_NUM,0.0,900,NRCell,Huawei
1696482900000,BIL001_01,ERAB_SR_DEN,929.0,900,NRCell,Huawei
1696482900000,BIL001_01,ERAB_SR_NUM,929.0,900,NRCell,Huawei
1696482900000,BIL001_01,INTEGRITY_NGBR_QCI_9,8179874640.0,900,NRCell,Huawei
1696482900000,BIL001_01,INTRA_FREQUENCY_HO_OUT_ATT,19.0,900,NRCell,Huawei
1696482900000,BIL001_01,INTRA_FREQUENCY_HO_OUT_SUCC,19.0,900,NRCell,Huawei
1696482900000,BIL001_01,RRC_SETUP_ATT,584.0,900,NRCell,Huawei
1696482900000,BIL001_01,RRC_SETUP_SUCC,583.0,900,NRCell,Huawei
1696482900000,BIL001_01,S1SIG_Connection_Setup_SR_DEN,583.0,900,NRCell,Huawei
1696482900000,BIL001_01,S1SIG_Connection_Setup_SR_NUM,583.0,900,NRCell,Huawei
1696482900000,BIL001_01,SERVICE_LATENCY_OVER_AIR_INTERFACE_DEN,302692.0,900,NRCell,Huawei
1696482900000,BIL001_01,SERVICE_LATENCY_OVER_AIR_INTERFACE_NUM,345593.0,900,NRCell,Huawei
1696482900000,BIL001_01,VOICE_TRAFFIC,747.0,900,NRCell,Huawei
1696482900000,BIL001_01,VOLTE_CALL_SETUP_ATT,2.0,900,NRCell,Huawei
1696482900000,BIL001_01,VOLTE_CALL_SETUP_SUCC,2.0,900,NRCell,Huawei
1696482900000,MAD033_01,DCR_DEN,890.0,900,NRCell,Huawei
1696482900000,MAD033_01,DCR_NUM,0.0,900,NRCell,Huawei
1696482900000,MAD033_01,DROP_CALL_VOLTE_DEN,2.0,900,NRCell,Huawei
1696482900000,MAD033_01,DROP_CALL_VOLTE_NUM,0.0,900,NRCell,Huawei
1696482900000,MAD033_01,ERAB_SR_DEN,869.0,900,NRCell,Huawei
1696482900000,MAD033_01,ERAB_SR_NUM,869.0,900,NRCell,Huawei
1696482900000,MAD033_01,INTEGRITY_NGBR_QCI_9,4057844400.0,900,NRCell,Huawei
1696482900000,MAD033_01,INTRA_FREQUENCY_HO_OUT_ATT,22.0,900,NRCell,Huawei
1696482900000,MAD033_01,INTRA_FREQUENCY_HO_OUT_SUCC,22.0,900,NRCell,Huawei
1696482900000,MAD033_01,RRC_SETUP_ATT,535.0,900,NRCell,Huawei
1696482900000,MAD033_01,RRC_SETUP_SUCC,534.0,900,NRCell,Huawei
1696482900000,MAD033_01,S1SIG_Connection_Setup_SR_DEN,534.0,900,NRCell,Huawei
1696482900000,MAD033_01,S1SIG_Connection_Setup_SR_NUM,534.0,900,NRCell,Huawei
1696482900000,MAD033_01,SERVICE_LATENCY_OVER_AIR_INTERFACE_DEN,82338.0,900,NRCell,Huawei
1696482900000,MAD033_01,SERVICE_LATENCY_OVER_AIR_INTERFACE_NUM,89846.0,900,NRCell,Huawei
1696482900000,MAD033_01,VOICE_TRAFFIC,4373.0,900,NRCell,Huawei
1696482900000,MAD033_01,VOLTE_CALL_SETUP_ATT,3.0,900,NRCell,Huawei
1696482900000,MAD033_01,VOLTE_CALL_SETUP_SUCC,3.0,900,NRCell,Huawei
1696482900000,SAL030_01,DCR_DEN,168.0,900,NRCell,Huawei
1696482900000,SAL030_01,DCR_NUM,0.0,900,NRCell,Huawei
1696482900000,SAL030_01,DROP_CALL_VOLTE_DEN,0.0,900,NRCell,Huawei
1696482900000,SAL030_01,DROP_CALL_VOLTE_NUM,0.0,900,NRCell,Huawei
1696482900000,SAL030_01,ERAB_SR_DEN,159.0,900,NRCell,Huawei
1696482900000,SAL030_01,ERAB_SR_NUM,159.0,900,NRCell,Huawei
1696482900000,SAL030_01,INTEGRITY_NGBR_QCI_9,2259744696.0,900,NRCell,Huawei
1696482900000,SAL030_01,INTRA_FREQUENCY_HO_OUT_ATT,1.0,900,NRCell,Huawei
1696482900000,SAL030_01,INTRA_FREQUENCY_HO_OUT_SUCC,1.0,900,NRCell,Huawei
1696482900000,SAL030_01,RRC_SETUP_ATT,110.0,900,NRCell,Huawei
1696482900000,SAL030_01,RRC_SETUP_SUCC,110.0,900,NRCell,Huawei
1696482900000,SAL030_01,S1SIG_Connection_Setup_SR_DEN,110.0,900,NRCell,Huawei
1696482900000,SAL030_01,S1SIG_Connection_Setup_SR_NUM,110.0,900,NRCell,Huawei
1696482900000,SAL030_01,SERVICE_LATENCY_OVER_AIR_INTERFACE_DEN,36228.0,900,NRCell,Huawei
1696482900000,SAL030_01,SERVICE_LATENCY_OVER_AIR_INTERFACE_NUM,58030.0,900,NRCell,Huawei
1696482900000,SAL030_01,VOICE_TRAFFIC,0.0,900,NRCell,Huawei
1696482900000,SAL030_01,VOLTE_CALL_SETUP_ATT,0.0,900,NRCell,Huawei
1696482900000,SAL030_01,VOLTE_CALL_SETUP_SUCC,0.0,900,NRCell,Huawei
1696482900000,SEV001_01,DCR_DEN,2412.0,900,NRCell,Huawei
1696482900000,SEV001_01,DCR_NUM,1.0,900,NRCell,Huawei
1696482900000,SEV001_01,DROP_CALL_VOLTE_DEN,4.0,900,NRCell,Huawei
1696482900000,SEV001_01,DROP_CALL_VOLTE_NUM,0.0,900,NRCell,Huawei
1696482900000,SEV001_01,ERAB_SR_DEN,2406.0,900,NRCell,Huawei
1696482900000,SEV001_01,ERAB_SR_NUM,2403.0,900,NRCell,Huawei
1696482900000,SEV001_01,INTEGRITY_NGBR_QCI_9,18358985200.0,900,NRCell,Huawei
1696482900000,SEV001_01,INTRA_FREQUENCY_HO_OUT_ATT,23.0,900,NRCell,Huawei
1696482900000,SEV001_01,INTRA_FREQUENCY_HO_OUT_SUCC,23.0,900,NRCell,Huawei
1696482900000,SEV001_01,RRC_SETUP_ATT,1357.0,900,NRCell,Huawei
1696482900000,SEV001_01,RRC_SETUP_SUCC,1353.0,900,NRCell,Huawei
1696482900000,SEV001_01,S1SIG_Connection_Setup_SR_DEN,1353.0,900,NRCell,Huawei
1696482900000,SEV001_01,S1SIG_Connection_Setup_SR_NUM,1353.0,900,NRCell,Huawei
1696482900000,SEV001_01,SERVICE_LATENCY_OVER_AIR_INTERFACE_DEN,303639.0,900,NRCell,Huawei
1696482900000,SEV001_01,SERVICE_LATENCY_OVER_AIR_INTERFACE_NUM,653675.0,900,NRCell,Huawei
1696482900000,SEV001_01,VOICE_TRAFFIC,8389.0,900,NRCell,Huawei
1696482900000,SEV001_01,VOLTE_CALL_SETUP_ATT,4.0,900,NRCell,Huawei
1696482900000,SEV001_01,VOLTE_CALL_SETUP_SUCC,4.0,900,NRCell,Huawei
1696482900000,SNT002_01,DCR_DEN,911.0,900,NRCell,Huawei
1696482900000,SNT002_01,DCR_NUM,0.0,900,NRCell,Huawei
1696482900000,SNT002_01,DROP_CALL_VOLTE_DEN,2.0,900,NRCell,Huawei
1696482900000,SNT002_01,DROP_CALL_VOLTE_NUM,0.0,900,NRCell,Huawei
1696482900000,SNT002_01,ERAB_SR_DEN,927.0,900,NRCell,Huawei
1696482900000,SNT002_01,ERAB_SR_NUM,927.0,900,NRCell,Huawei
1696482900000,SNT002_01,INTEGRITY_NGBR_QCI_9,2854520952.0,900,NRCell,Huawei
1696482900000,SNT002_01,INTRA_FREQUENCY_HO_OUT_ATT,16.0,900,NRCell,Huawei
1696482900000,SNT002_01,INTRA_FREQUENCY_HO_OUT_SUCC,16.0,900,NRCell,Huawei
1696482900000,SNT002_01,RRC_SETUP_ATT,559.0,900,NRCell,Huawei
1696482900000,SNT002_01,RRC_SETUP_SUCC,559.0,900,NRCell,Huawei
1696482900000,SNT002_01,S1SIG_Connection_Setup_SR_DEN,559.0,900,NRCell,Huawei
1696482900000,SNT002_01,S1SIG_Connection_Setup_SR_NUM,559.0,900,NRCell,Huawei
1696482900000,SNT002_01,SERVICE_LATENCY_OVER_AIR_INTERFACE_DEN,96907.0,900,NRCell,Huawei
1696482900000,SNT002_01,SERVICE_LATENCY_OVER_AIR_INTERFACE_NUM,105395.0,900,NRCell,Huawei
1696482900000,SNT002_01,VOICE_TRAFFIC,21.0,900,NRCell,Huawei
1696482900000,SNT002_01,VOLTE_CALL_SETUP_ATT,3.0,900,NRCell,Huawei
1696482900000,SNT002_01,VOLTE_CALL_SETUP_SUCC,3.0,900,NRCell,Huawei
1696482900000,TAR015_01,DCR_DEN,2607.0,900,NRCell,Huawei
1696482900000,TAR015_01,DCR_NUM,1.0,900,NRCell,Huawei
1696482900000,TAR015_01,DROP_CALL_VOLTE_DEN,8.0,900,NRCell,Huawei
1696482900000,TAR015_01,DROP_CALL_VOLTE_NUM,0.0,900,NRCell,Huawei
1696482900000,TAR015_01,ERAB_SR_DEN,2637.0,900,NRCell,Huawei
1696482900000,TAR015_01,ERAB_SR_NUM,2635.0,900,NRCell,Huawei
1696482900000,TAR015_01,INTEGRITY_NGBR_QCI_9,17895091152.0,900,NRCell,Huawei
1696482900000,TAR015_01,INTRA_FREQUENCY_HO_OUT_ATT,39.0,900,NRCell,Huawei
1696482900000,TAR015_01,INTRA_FREQUENCY_HO_OUT_SUCC,39.0,900,NRCell,Huawei
1696482900000,TAR015_01,RRC_SETUP_ATT,1469.0,900,NRCell,Huawei
1696482900000,TAR015_01,RRC_SETUP_SUCC,1464.0,900,NRCell,Huawei
1696482900000,TAR015_01,S1SIG_Connection_Setup_SR_DEN,1464.0,900,NRCell,Huawei
1696482900000,TAR015_01,S1SIG_Connection_Setup_SR_NUM,1464.0,900,NRCell,Huawei
1696482900000,TAR015_01,SERVICE_LATENCY_OVER_AIR_INTERFACE_DEN,402536.0,900,NRCell,Huawei
1696482900000,TAR015_01,SERVICE_LATENCY_OVER_AIR_INTERFACE_NUM,856653.0,900,NRCell,Huawei
1696482900000,TAR015_01,VOICE_TRAFFIC,15476.0,900,NRCell,Huawei
1696482900000,TAR015_01,VOLTE_CALL_SETUP_ATT,9.0,900,NRCell,Huawei
1696482900000,TAR015_01,VOLTE_CALL_SETUP_SUCC,9.0,900,NRCell,Huawei
1696482900000,TOL034_01,DCR_DEN,20.0,900,NRCell,Huawei
1696482900000,TOL034_01,DCR_NUM,0.0,900,NRCell,Huawei
1696482900000,TOL034_01,DROP_CALL_VOLTE_DEN,0.0,900,NRCell,Huawei
1696482900000,TOL034_01,DROP_CALL_VOLTE_NUM,0.0,900,NRCell,Huawei
1696482900000,TOL034_01,ERAB_SR_DEN,21.0,900,NRCell,Huawei
1696482900000,TOL034_01,ERAB_SR_NUM,21.0,900,NRCell,Huawei
1696482900000,TOL034_01,INTEGRITY_NGBR_QCI_9,2469390352.0,900,NRCell,Huawei
1696482900000,TOL034_01,INTRA_FREQUENCY_HO_OUT_ATT,1.0,900,NRCell,Huawei
1696482900000,TOL034_01,INTRA_FREQUENCY_HO_OUT_SUCC,1.0,900,NRCell,Huawei
1696482900000,TOL034_01,RRC_SETUP_ATT,20.0,900,NRCell,Huawei
1696482900000,TOL034_01,RRC_SETUP_SUCC,20.0,900,NRCell,Huawei
1696482900000,TOL034_01,S1SIG_Connection_Setup_SR_DEN,20.0,900,NRCell,Huawei
1696482900000,TOL034_01,S1SIG_Connection_Setup_SR_NUM,20.0,900,NRCell,Huawei
1696482900000,TOL034_01,SERVICE_LATENCY_OVER_AIR_INTERFACE_DEN,74764.0,900,NRCell,Huawei
1696482900000,TOL034_01,SERVICE_LATENCY_OVER_AIR_INTERFACE_NUM,109512.0,900,NRCell,Huawei
1696482900000,TOL034_01,VOICE_TRAFFIC,0.0,900,NRCell,Huawei
1696482900000,TOL034_01,VOLTE_CALL_SETUP_ATT,0.0,900,NRCell,Huawei
1696482900000,TOL034_01,VOLTE_CALL_SETUP_SUCC,0.0,900,NRCell,Huawei
1696482900000,VAL002_01,DCR_DEN,18.0,900,NRCell,Huawei
1696482900000,VAL002_01,DCR_NUM,0.0,900,NRCell,Huawei
1696482900000,VAL002_01,DROP_CALL_VOLTE_DEN,0.0,900,NRCell,Huawei
1696482900000,VAL002_01,DROP_CALL_VOLTE_NUM,0.0,900,NRCell,Huawei
1696482900000,VAL002_01,ERAB_SR_DEN,18.0,900,NRCell,Huawei
1696482900000,VAL002_01,ERAB_SR_NUM,18.0,900,NRCell,Huawei
1696482900000,VAL002_01,INTEGRITY_NGBR_QCI_9,269124064.0,900,NRCell,Huawei
1696482900000,VAL002_01,INTRA_FREQUENCY_HO_OUT_ATT,1.0,900,NRCell,Huawei
1696482900000,VAL002_01,INTRA_FREQUENCY_HO_OUT_SUCC,1.0,900,NRCell,Huawei
1696482900000,VAL002_01,RRC_SETUP_ATT,9.0,900,NRCell,Huawei
1696482900000,VAL002_01,RRC_SETUP_SUCC,9.0,900,NRCell,Huawei
1696482900000,VAL002_01,S1SIG_Connection_Setup_SR_DEN,9.0,900,NRCell,Huawei
1696482900000,VAL002_01,S1SIG_Connection_Setup_SR_NUM,9.0,900,NRCell,Huawei
1696482900000,VAL002_01,SERVICE_LATENCY_OVER_AIR_INTERFACE_DEN,5195.0,900,NRCell,Huawei
1696482900000,VAL002_01,SERVICE_LATENCY_OVER_AIR_INTERFACE_NUM,13547.0,900,NRCell,Huawei
1696482900000,VAL002_01,VOICE_TRAFFIC,0.0,900,NRCell,Huawei
1696482900000,VAL002_01,VOLTE_CALL_SETUP_ATT,0.0,900,NRCell,Huawei
1696482900000,VAL002_01,VOLTE_CALL_SETUP_SUCC,0.0,900,NRCell,Huawei
