startTime,neId,counterCode,counterValue,granularity,neType,vendorName
1696499100000,BCN014_01,DCR_DEN,1175.0,900,NRCell,Huawei
1696499100000,BCN014_01,DCR_NUM,0.0,900,NRCell,Huawei
1696499100000,BCN014_01,DROP_CALL_VOLTE_DEN,0.0,900,NRCell,Huawei
1696499100000,BCN014_01,DROP_CALL_VOLTE_NUM,0.0,900,NRCell,Huawei
1696499100000,BCN014_01,ERAB_SR_DEN,1176.0,900,NRCell,Huawei
1696499100000,BCN014_01,ERAB_SR_NUM,1176.0,900,NRCell,Huawei
1696499100000,BCN014_01,INTEGRITY_NGBR_QCI_9,2488427784.0,900,NRCell,Huawei
1696499100000,BCN014_01,INTRA_FREQUENCY_HO_OUT_ATT,4.0,900,NRCell,Huawei
1696499100000,BCN014_01,INTRA_FREQUENCY_HO_OUT_SUCC,4.0,900,NRCell,Huawei
1696499100000,BCN014_01,RRC_SETUP_ATT,592.0,900,NRCell,Huawei
1696499100000,BCN014_01,RRC_SETUP_SUCC,592.0,900,NRCell,Huawei
1696499100000,BCN014_01,S1SIG_Connection_Setup_SR_DEN,592.0,900,NRCell,Huawei
1696499100000,BCN014_01,S1SIG_Connection_Setup_SR_NUM,592.0,900,NRCell,Huawei
1696499100000,BCN014_01,SERVICE_LATENCY_OVER_AIR_INTERFACE_DEN,103481.0,900,NRCell,Huawei
1696499100000,BCN014_01,SERVICE_LATENCY_OVER_AIR_INTERFACE_NUM,110337.0,900,NRCell,Huawei
1696499100000,BCN014_01,VOICE_TRAFFIC,0.0,900,NRCell,Huawei
1696499100000,BCN014_01,VOLTE_CALL_SETUP_ATT,0.0,900,NRCell,Huawei
1696499100000,BCN014_01,VOLTE_CALL_SETUP_SUCC,0.0,900,NRCell,Huawei
1696499100000,BIL001_01,DCR_DEN,1135.0,900,NRCell,Huawei
1696499100000,BIL001_01,DCR_NUM,0.0,900,NRCell,Huawei
1696499100000,BIL001_01,DROP_CALL_VOLTE_DEN,0.0,900,NRCell,Huawei
1696499100000,BIL001_01,DROP_CALL_VOLTE_NUM,0.0,900,NRCell,Huawei
1696499100000,BIL001_01,ERAB_SR_DEN,1130.0,900,NRCell,Huawei
1696499100000,BIL001_01,ERAB_SR_NUM,1130.0,900,NRCell,Huawei
1696499100000,BIL001_01,INTEGRITY_NGBR_QCI_9,3951857240.0,900,NRCell,Huawei
1696499100000,BIL001_01,INTRA_FREQUENCY_HO_OUT_ATT,2.0,900,NRCell,Huawei
1696499100000,BIL001_01,INTRA_FREQUENCY_HO_OUT_SUCC,2.0,900,NRCell,Huawei
1696499100000,BIL001_01,RRC_SETUP_ATT,576.0,900,NRCell,Huawei
1696499100000,BIL001_01,RRC_SETUP_SUCC,576.0,900,NRCell,Huawei
1696499100000,BIL001_01,S1SIG_Connection_Setup_SR_DEN,576.0,900,NRCell,Huawei
1696499100000,BIL001_01,S1SIG_Connection_Setup_SR_NUM,576.0,900,NRCell,Huawei
1696499100000,BIL001_01,SERVICE_LATENCY_OVER_AIR_INTERFACE_DEN,61889.0,900,NRCell,Huawei
1696499100000,BIL001_01,SERVICE_LATENCY_OVER_AIR_INTERFACE_NUM,69957.0,900,NRCell,Huawei
1696499100000,BIL001_01,VOICE_TRAFFIC,0.0,900,NRCell,Huawei
1696499100000,BIL001_01,VOLTE_CALL_SETUP_ATT,0.0,900,NRCell,Huawei
1696499100000,BIL001_01,VOLTE_CALL_SETUP_SUCC,0.0,900,NRCell,Huawei
1696499100000,MAD033_01,DCR_DEN,755.0,900,NRCell,Huawei
1696499100000,MAD033_01,DCR_NUM,0.0,900,NRCell,Huawei
1696499100000,MAD033_01,DROP_CALL_VOLTE_DEN,1.0,900,NRCell,Huawei
1696499100000,MAD033_01,DROP_CALL_VOLTE_NUM,0.0,900,NRCell,Huawei
1696499100000,MAD033_01,ERAB_SR_DEN,759.0,900,NRCell,Huawei
1696499100000,MAD033_01,ERAB_SR_NUM,759.0,900,NRCell,Huawei
1696499100000,MAD033_01,INTEGRITY_NGBR_QCI_9,864181472.0,900,NRCell,Huawei
1696499100000,MAD033_01,INTRA_FREQUENCY_HO_OUT_ATT,3.0,900,NRCell,Huawei
1696499100000,MAD033_01,INTRA_FREQUENCY_HO_OUT_SUCC,3.0,900,NRCell,Huawei
1696499100000,MAD033_01,RRC_SETUP_ATT,474.0,900,NRCell,Huawei
1696499100000,MAD033_01,RRC_SETUP_SUCC,474.0,900,NRCell,Huawei
1696499100000,MAD033_01,S1SIG_Connection_Setup_SR_DEN,474.0,900,NRCell,Huawei
1696499100000,MAD033_01,S1SIG_Connection_Setup_SR_NUM,474.0,900,NRCell,Huawei
1696499100000,MAD033_01,SERVICE_LATENCY_OVER_AIR_INTERFACE_DEN,38483.0,900,NRCell,Huawei
1696499100000,MAD033_01,SERVICE_LATENCY_OVER_AIR_INTERFACE_NUM,39405.0,900,NRCell,Huawei
1696499100000,MAD033_01,VOICE_TRAFFIC,0.0,900,NRCell,Huawei
1696499100000,MAD033_01,VOLTE_CALL_SETUP_ATT,1.0,900,NRCell,Huawei
1696499100000,MAD033_01,VOLTE_CALL_SETUP_SUCC,1.0,900,NRCell,Huawei
1696499100000,SAL030_01,DCR_DEN,236.0,900,NRCell,Huawei
1696499100000,SAL030_01,DCR_NUM,0.0,900,NRCell,Huawei
1696499100000,SAL030_01,DROP_CALL_VOLTE_DEN,0.0,900,NRCell,Huawei
1696499100000,SAL030_01,DROP_CALL_VOLTE_NUM,0.0,900,NRCell,Huawei
1696499100000,SAL030_01,ERAB_SR_DEN,233.0,900,NRCell,Huawei
1696499100000,SAL030_01,ERAB_SR_NUM,233.0,900,NRCell,Huawei
1696499100000,SAL030_01,INTEGRITY_NGBR_QCI_9,7439840.0,900,NRCell,Huawei
1696499100000,SAL030_01,INTRA_FREQUENCY_HO_OUT_ATT,1.0,900,NRCell,Huawei
1696499100000,SAL030_01,INTRA_FREQUENCY_HO_OUT_SUCC,1.0,900,NRCell,Huawei
1696499100000,SAL030_01,RRC_SETUP_ATT,128.0,900,NRCell,Huawei
1696499100000,SAL030_01,RRC_SETUP_SUCC,128.0,900,NRCell,Huawei
1696499100000,SAL030_01,S1SIG_Connection_Setup_SR_DEN,128.0,900,NRCell,Huawei
1696499100000,SAL030_01,S1SIG_Connection_Setup_SR_NUM,128.0,900,NRCell,Huawei
1696499100000,SAL030_01,SERVICE_LATENCY_OVER_AIR_INTERFACE_DEN,1566.0,900,NRCell,Huawei
1696499100000,SAL030_01,SERVICE_LATENCY_OVER_AIR_INTERFACE_NUM,2883.0,900,NRCell,Huawei
1696499100000,SAL030_01,VOICE_TRAFFIC,0.0,900,NRCell,Huawei
1696499100000,SAL030_01,VOLTE_CALL_SETUP_ATT,0.0,900,NRCell,Huawei
1696499100000,SAL030_01,VOLTE_CALL_SETUP_SUCC,0.0,900,NRCell,Huawei
1696499100000,SEV001_01,DCR_DEN,2490.0,900,NRCell,Huawei
1696499100000,SEV001_01,DCR_NUM,0.0,900,NRCell,Huawei
1696499100000,SEV001_01,DROP_CALL_VOLTE_DEN,1.0,900,NRCell,Huawei
1696499100000,SEV001_01,DROP_CALL_VOLTE_NUM,0.0,900,NRCell,Huawei
1696499100000,SEV001_01,ERAB_SR_DEN,2486.0,900,NRCell,Huawei
1696499100000,SEV001_01,ERAB_SR_NUM,2486.0,900,NRCell,Huawei
1696499100000,SEV001_01,INTEGRITY_NGBR_QCI_9,1334083344.0,900,NRCell,Huawei
1696499100000,SEV001_01,INTRA_FREQUENCY_HO_OUT_ATT,8.0,900,NRCell,Huawei
1696499100000,SEV001_01,INTRA_FREQUENCY_HO_OUT_SUCC,8.0,900,NRCell,Huawei
1696499100000,SEV001_01,RRC_SETUP_ATT,1398.0,900,NRCell,Huawei
1696499100000,SEV001_01,RRC_SETUP_SUCC,1398.0,900,NRCell,Huawei
1696499100000,SEV001_01,S1SIG_Connection_Setup_SR_DEN,1398.0,900,NRCell,Huawei
1696499100000,SEV001_01,S1SIG_Connection_Setup_SR_NUM,1398.0,900,NRCell,Huawei
1696499100000,SEV001_01,SERVICE_LATENCY_OVER_AIR_INTERFACE_DEN,74923.0,900,NRCell,Huawei
1696499100000,SEV001_01,SERVICE_LATENCY_OVER_AIR_INTERFACE_NUM,132606.0,900,NRCell,Huawei
1696499100000,SEV001_01,VOICE_TRAFFIC,62.0,900,NRCell,Huawei
1696499100000,SEV001_01,VOLTE_CALL_SETUP_ATT,0.0,900,NRCell,Huawei
1696499100000,SEV001_01,VOLTE_CALL_SETUP_SUCC,0.0,900,NRCell,Huawei
1696499100000,SNT002_01,DCR_DEN,771.0,900,NRCell,Huawei
1696499100000,SNT002_01,DCR_NUM,0.0,900,NRCell,Huawei
1696499100000,SNT002_01,DROP_CALL_VOLTE_DEN,6.0,900,NRCell,Huawei
1696499100000,SNT002_01,DROP_CALL_VOLTE_NUM,0.0,900,NRCell,Huawei
1696499100000,SNT002_01,ERAB_SR_DEN,771.0,900,NRCell,Huawei
1696499100000,SNT002_01,ERAB_SR_NUM,771.0,900,NRCell,Huawei
1696499100000,SNT002_01,INTEGRITY_NGBR_QCI_9,407778544.0,900,NRCell,Huawei
1696499100000,SNT002_01,INTRA_FREQUENCY_HO_OUT_ATT,1.0,900,NRCell,Huawei
1696499100000,SNT002_01,INTRA_FREQUENCY_HO_OUT_SUCC,1.0,900,NRCell,Huawei
1696499100000,SNT002_01,RRC_SETUP_ATT,462.0,900,NRCell,Huawei
1696499100000,SNT002_01,RRC_SETUP_SUCC,462.0,900,NRCell,Huawei
1696499100000,SNT002_01,S1SIG_Connection_Setup_SR_DEN,462.0,900,NRCell,Huawei
1696499100000,SNT002_01,S1SIG_Connection_Setup_SR_NUM,462.0,900,NRCell,Huawei
1696499100000,SNT002_01,SERVICE_LATENCY_OVER_AIR_INTERFACE_DEN,29085.0,900,NRCell,Huawei
1696499100000,SNT002_01,SERVICE_LATENCY_OVER_AIR_INTERFACE_NUM,29507.0,900,NRCell,Huawei
1696499100000,SNT002_01,VOICE_TRAFFIC,760.0,900,NRCell,Huawei
1696499100000,SNT002_01,VOLTE_CALL_SETUP_ATT,6.0,900,NRCell,Huawei
1696499100000,SNT002_01,VOLTE_CALL_SETUP_SUCC,6.0,900,NRCell,Huawei
1696499100000,TAR015_01,DCR_DEN,2206.0,900,NRCell,Huawei
1696499100000,TAR015_01,DCR_NUM,0.0,900,NRCell,Huawei
1696499100000,TAR015_01,DROP_CALL_VOLTE_DEN,0.0,900,NRCell,Huawei
1696499100000,TAR015_01,DROP_CALL_VOLTE_NUM,0.0,900,NRCell,Huawei
1696499100000,TAR015_01,ERAB_SR_DEN,2201.0,900,NRCell,Huawei
1696499100000,TAR015_01,ERAB_SR_NUM,2201.0,900,NRCell,Huawei
1696499100000,TAR015_01,INTEGRITY_NGBR_QCI_9,2821492224.0,900,NRCell,Huawei
1696499100000,TAR015_01,INTRA_FREQUENCY_HO_OUT_ATT,5.0,900,NRCell,Huawei
1696499100000,TAR015_01,INTRA_FREQUENCY_HO_OUT_SUCC,5.0,900,NRCell,Huawei
1696499100000,TAR015_01,RRC_SETUP_ATT,1249.0,900,NRCell,Huawei
1696499100000,TAR015_01,RRC_SETUP_SUCC,1249.0,900,NRCell,Huawei
1696499100000,TAR015_01,S1SIG_Connection_Setup_SR_DEN,1249.0,900,NRCell,Huawei
1696499100000,TAR015_01,S1SIG_Connection_Setup_SR_NUM,1249.0,900,NRCell,Huawei
1696499100000,TAR015_01,SERVICE_LATENCY_OVER_AIR_INTERFACE_DEN,96029.0,900,NRCell,Huawei
1696499100000,TAR015_01,SERVICE_LATENCY_OVER_AIR_INTERFACE_NUM,103466.0,900,NRCell,Huawei
1696499100000,TAR015_01,VOICE_TRAFFIC,0.0,900,NRCell,Huawei
1696499100000,TAR015_01,VOLTE_CALL_SETUP_ATT,0.0,900,NRCell,Huawei
1696499100000,TAR015_01,VOLTE_CALL_SETUP_SUCC,0.0,900,NRCell,Huawei
1696499100000,TOL034_01,DCR_DEN,53.0,900,NRCell,Huawei
1696499100000,TOL034_01,DCR_NUM,0.0,900,NRCell,Huawei
1696499100000,TOL034_01,DROP_CALL_VOLTE_DEN,0.0,900,NRCell,Huawei
1696499100000,TOL034_01,DROP_CALL_VOLTE_NUM,0.0,900,NRCell,Huawei
1696499100000,TOL034_01,ERAB_SR_DEN,49.0,900,NRCell,Huawei
1696499100000,TOL034_01,ERAB_SR_NUM,49.0,900,NRCell,Huawei
1696499100000,TOL034_01,INTEGRITY_NGBR_QCI_9,6190424.0,900,NRCell,Huawei
1696499100000,TOL034_01,INTRA_FREQUENCY_HO_OUT_ATT,0.0,900,NRCell,Huawei
1696499100000,TOL034_01,INTRA_FREQUENCY_HO_OUT_SUCC,0.0,900,NRCell,Huawei
1696499100000,TOL034_01,RRC_SETUP_ATT,29.0,900,NRCell,Huawei
1696499100000,TOL034_01,RRC_SETUP_SUCC,29.0,900,NRCell,Huawei
1696499100000,TOL034_01,S1SIG_Connection_Setup_SR_DEN,29.0,900,NRCell,Huawei
1696499100000,TOL034_01,S1SIG_Connection_Setup_SR_NUM,29.0,900,NRCell,Huawei
1696499100000,TOL034_01,SERVICE_LATENCY_OVER_AIR_INTERFACE_DEN,780.0,900,NRCell,Huawei
1696499100000,TOL034_01,SERVICE_LATENCY_OVER_AIR_INTERFACE_NUM,1721.0,900,NRCell,Huawei
1696499100000,TOL034_01,VOICE_TRAFFIC,0.0,900,NRCell,Huawei
1696499100000,TOL034_01,VOLTE_CALL_SETUP_ATT,0.0,900,NRCell,Huawei
1696499100000,TOL034_01,VOLTE_CALL_SETUP_SUCC,0.0,900,NRCell,Huawei
1696499100000,VAL002_01,DCR_DEN,0.0,900,NRCell,Huawei
1696499100000,VAL002_01,DCR_NUM,0.0,900,NRCell,Huawei
1696499100000,VAL002_01,DROP_CALL_VOLTE_DEN,0.0,900,NRCell,Huawei
1696499100000,VAL002_01,DROP_CALL_VOLTE_NUM,0.0,900,NRCell,Huawei
1696499100000,VAL002_01,ERAB_SR_DEN,0.0,900,NRCell,Huawei
1696499100000,VAL002_01,ERAB_SR_NUM,0.0,900,NRCell,Huawei
1696499100000,VAL002_01,INTEGRITY_NGBR_QCI_9,0.0,900,NRCell,Huawei
1696499100000,VAL002_01,INTRA_FREQUENCY_HO_OUT_ATT,0.0,900,NRCell,Huawei
1696499100000,VAL002_01,INTRA_FREQUENCY_HO_OUT_SUCC,0.0,900,NRCell,Huawei
1696499100000,VAL002_01,RRC_SETUP_ATT,0.0,900,NRCell,Huawei
1696499100000,VAL002_01,RRC_SETUP_SUCC,0.0,900,NRCell,Huawei
1696499100000,VAL002_01,S1SIG_Connection_Setup_SR_DEN,0.0,900,NRCell,Huawei
1696499100000,VAL002_01,S1SIG_Connection_Setup_SR_NUM,0.0,900,NRCell,Huawei
1696499100000,VAL002_01,SERVICE_LATENCY_OVER_AIR_INTERFACE_DEN,0.0,900,NRCell,Huawei
1696499100000,VAL002_01,SERVICE_LATENCY_OVER_AIR_INTERFACE_NUM,0.0,900,NRCell,Huawei
1696499100000,VAL002_01,VOICE_TRAFFIC,0.0,900,NRCell,Huawei
1696499100000,VAL002_01,VOLTE_CALL_SETUP_ATT,0.0,900,NRCell,Huawei
1696499100000,VAL002_01,VOLTE_CALL_SETUP_SUCC,0.0,900,NRCell,Huawei
