startTime,neId,counterCode,counterValue,granularity,neType,vendorName
1696802400000,BCN014_01,DCR_DEN,2062.0,900,NRCell,Huawei
1696802400000,BCN014_01,DCR_NUM,6.0,900,NRCell,Huawei
1696802400000,BCN014_01,DROP_CALL_VOLTE_DEN,13.0,900,NRCell,Huawei
1696802400000,BCN014_01,DROP_CALL_VOLTE_NUM,0.0,900,NRCell,Huawei
1696802400000,BCN014_01,ERAB_SR_DEN,2069.0,900,NRCell,Huawei
1696802400000,BCN014_01,ERAB_SR_NUM,2068.0,900,NRCell,Huawei
1696802400000,BCN014_01,INTEGRITY_NGBR_QCI_9,8279913520.0,900,NRCell,Huawei
1696802400000,BCN014_01,INTRA_FREQUENCY_HO_OUT_ATT,189.0,900,NRCell,Huawei
1696802400000,BCN014_01,INTRA_FREQUENCY_HO_OUT_SUCC,189.0,900,NRCell,Huawei
1696802400000,BCN014_01,RRC_SETUP_ATT,1256.0,900,NRCell,Huawei
1696802400000,BCN014_01,RRC_SETUP_SUCC,1252.0,900,NRCell,Huawei
1696802400000,BCN014_01,S1SIG_Connection_Setup_SR_DEN,1252.0,900,NRCell,Huawei
1696802400000,BCN014_01,S1SIG_Connection_Setup_SR_NUM,1250.0,900,NRCell,Huawei
1696802400000,BCN014_01,SERVICE_LATENCY_OVER_AIR_INTERFACE_DEN,207752.0,900,NRCell,Huawei
1696802400000,BCN014_01,SERVICE_LATENCY_OVER_AIR_INTERFACE_NUM,419184.0,900,NRCell,Huawei
1696802400000,BCN014_01,VOICE_TRAFFIC,6115.0,900,NRCell,Huawei
1696802400000,BCN014_01,VOLTE_CALL_SETUP_ATT,10.0,900,NRCell,Huawei
1696802400000,BCN014_01,VOLTE_CALL_SETUP_SUCC,10.0,900,NRCell,Huawei
1696802400000,BIL001_01,DCR_DEN,2224.0,900,NRCell,Huawei
1696802400000,BIL001_01,DCR_NUM,4.0,900,NRCell,Huawei
1696802400000,BIL001_01,DROP_CALL_VOLTE_DEN,13.0,900,NRCell,Huawei
1696802400000,BIL001_01,DROP_CALL_VOLTE_NUM,0.0,900,NRCell,Huawei
1696802400000,BIL001_01,ERAB_SR_DEN,2200.0,900,NRCell,Huawei
1696802400000,BIL001_01,ERAB_SR_NUM,2200.0,900,NRCell,Huawei
1696802400000,BIL001_01,INTEGRITY_NGBR_QCI_9,14225916264.0,900,NRCell,Huawei
1696802400000,BIL001_01,INTRA_FREQUENCY_HO_OUT_ATT,161.0,900,NRCell,Huawei
1696802400000,BIL001_01,INTRA_FREQUENCY_HO_OUT_SUCC,160.0,900,NRCell,Huawei
1696802400000,BIL001_01,RRC_SETUP_ATT,1320.0,900,NRCell,Huawei
1696802400000,BIL001_01,RRC_SETUP_SUCC,1320.0,900,NRCell,Huawei
1696802400000,BIL001_01,S1SIG_Connection_Setup_SR_DEN,1320.0,900,NRCell,Huawei
1696802400000,BIL001_01,S1SIG_Connection_Setup_SR_NUM,1319.0,900,NRCell,Huawei
1696802400000,BIL001_01,SERVICE_LATENCY_OVER_AIR_INTERFACE_DEN,406835.0,900,NRCell,Huawei
1696802400000,BIL001_01,SERVICE_LATENCY_OVER_AIR_INTERFACE_NUM,679134.0,900,NRCell,Huawei
1696802400000,BIL001_01,VOICE_TRAFFIC,12764.0,900,NRCell,Huawei
1696802400000,BIL001_01,VOLTE_CALL_SETUP_ATT,19.0,900,NRCell,Huawei
1696802400000,BIL001_01,VOLTE_CALL_SETUP_SUCC,19.0,900,NRCell,Huawei
1696802400000,MAD033_01,DCR_DEN,865.0,900,NRCell,Huawei
1696802400000,MAD033_01,DCR_NUM,3.0,900,NRCell,Huawei
1696802400000,MAD033_01,DROP_CALL_VOLTE_DEN,10.0,900,NRCell,Huawei
1696802400000,MAD033_01,DROP_CALL_VOLTE_NUM,0.0,900,NRCell,Huawei
1696802400000,MAD033_01,ERAB_SR_DEN,884.0,900,NRCell,Huawei
1696802400000,MAD033_01,ERAB_SR_NUM,884.0,900,NRCell,Huawei
1696802400000,MAD033_01,INTEGRITY_NGBR_QCI_9,5442839184.0,900,NRCell,Huawei
1696802400000,MAD033_01,INTRA_FREQUENCY_HO_OUT_ATT,77.0,900,NRCell,Huawei
1696802400000,MAD033_01,INTRA_FREQUENCY_HO_OUT_SUCC,77.0,900,NRCell,Huawei
1696802400000,MAD033_01,RRC_SETUP_ATT,512.0,900,NRCell,Huawei
1696802400000,MAD033_01,RRC_SETUP_SUCC,512.0,900,NRCell,Huawei
1696802400000,MAD033_01,S1SIG_Connection_Setup_SR_DEN,512.0,900,NRCell,Huawei
1696802400000,MAD033_01,S1SIG_Connection_Setup_SR_NUM,512.0,900,NRCell,Huawei
1696802400000,MAD033_01,SERVICE_LATENCY_OVER_AIR_INTERFACE_DEN,125842.0,900,NRCell,Huawei
1696802400000,MAD033_01,SERVICE_LATENCY_OVER_AIR_INTERFACE_NUM,231942.0,900,NRCell,Huawei
1696802400000,MAD033_01,VOICE_TRAFFIC,21925.0,900,NRCell,Huawei
1696802400000,MAD033_01,VOLTE_CALL_SETUP_ATT,11.0,900,NRCell,Huawei
1696802400000,MAD033_01,VOLTE_CALL_SETUP_SUCC,11.0,900,NRCell,Huawei
1696802400000,SAL030_01,DCR_DEN,186.0,900,NRCell,Huawei
1696802400000,SAL030_01,DCR_NUM,0.0,900,NRCell,Huawei
1696802400000,SAL030_01,DROP_CALL_VOLTE_DEN,2.0,900,NRCell,Huawei
1696802400000,SAL030_01,DROP_CALL_VOLTE_NUM,0.0,900,NRCell,Huawei
1696802400000,SAL030_01,ERAB_SR_DEN,183.0,900,NRCell,Huawei
1696802400000,SAL030_01,ERAB_SR_NUM,182.0,900,NRCell,Huawei
1696802400000,SAL030_01,INTEGRITY_NGBR_QCI_9,1627333856.0,900,NRCell,Huawei
1696802400000,SAL030_01,INTRA_FREQUENCY_HO_OUT_ATT,14.0,900,NRCell,Huawei
1696802400000,SAL030_01,INTRA_FREQUENCY_HO_OUT_SUCC,14.0,900,NRCell,Huawei
1696802400000,SAL030_01,RRC_SETUP_ATT,108.0,900,NRCell,Huawei
1696802400000,SAL030_01,RRC_SETUP_SUCC,108.0,900,NRCell,Huawei
1696802400000,SAL030_01,S1SIG_Connection_Setup_SR_DEN,108.0,900,NRCell,Huawei
1696802400000,SAL030_01,S1SIG_Connection_Setup_SR_NUM,108.0,900,NRCell,Huawei
1696802400000,SAL030_01,SERVICE_LATENCY_OVER_AIR_INTERFACE_DEN,31183.0,900,NRCell,Huawei
1696802400000,SAL030_01,SERVICE_LATENCY_OVER_AIR_INTERFACE_NUM,59001.0,900,NRCell,Huawei
1696802400000,SAL030_01,VOICE_TRAFFIC,2631.0,900,NRCell,Huawei
1696802400000,SAL030_01,VOLTE_CALL_SETUP_ATT,1.0,900,NRCell,Huawei
1696802400000,SAL030_01,VOLTE_CALL_SETUP_SUCC,1.0,900,NRCell,Huawei
1696802400000,SEV001_01,DCR_DEN,2385.0,900,NRCell,Huawei
1696802400000,SEV001_01,DCR_NUM,3.0,900,NRCell,Huawei
1696802400000,SEV001_01,DROP_CALL_VOLTE_DEN,11.0,900,NRCell,Huawei
1696802400000,SEV001_01,DROP_CALL_VOLTE_NUM,0.0,900,NRCell,Huawei
1696802400000,SEV001_01,ERAB_SR_DEN,2400.0,900,NRCell,Huawei
1696802400000,SEV001_01,ERAB_SR_NUM,2400.0,900,NRCell,Huawei
1696802400000,SEV001_01,INTEGRITY_NGBR_QCI_9,9864868584.0,900,NRCell,Huawei
1696802400000,SEV001_01,INTRA_FREQUENCY_HO_OUT_ATT,84.0,900,NRCell,Huawei
1696802400000,SEV001_01,INTRA_FREQUENCY_HO_OUT_SUCC,84.0,900,NRCell,Huawei
1696802400000,SEV001_01,RRC_SETUP_ATT,1349.0,900,NRCell,Huawei
1696802400000,SEV001_01,RRC_SETUP_SUCC,1346.0,900,NRCell,Huawei
1696802400000,SEV001_01,S1SIG_Connection_Setup_SR_DEN,1346.0,900,NRCell,Huawei
1696802400000,SEV001_01,S1SIG_Connection_Setup_SR_NUM,1345.0,900,NRCell,Huawei
1696802400000,SEV001_01,SERVICE_LATENCY_OVER_AIR_INTERFACE_DEN,358070.0,900,NRCell,Huawei
1696802400000,SEV001_01,SERVICE_LATENCY_OVER_AIR_INTERFACE_NUM,1005972.0,900,NRCell,Huawei
1696802400000,SEV001_01,VOICE_TRAFFIC,27854.0,900,NRCell,Huawei
1696802400000,SEV001_01,VOLTE_CALL_SETUP_ATT,13.0,900,NRCell,Huawei
1696802400000,SEV001_01,VOLTE_CALL_SETUP_SUCC,13.0,900,NRCell,Huawei
1696802400000,SNT002_01,DCR_DEN,868.0,900,NRCell,Huawei
1696802400000,SNT002_01,DCR_NUM,0.0,900,NRCell,Huawei
1696802400000,SNT002_01,DROP_CALL_VOLTE_DEN,12.0,900,NRCell,Huawei
1696802400000,SNT002_01,DROP_CALL_VOLTE_NUM,0.0,900,NRCell,Huawei
1696802400000,SNT002_01,ERAB_SR_DEN,886.0,900,NRCell,Huawei
1696802400000,SNT002_01,ERAB_SR_NUM,886.0,900,NRCell,Huawei
1696802400000,SNT002_01,INTEGRITY_NGBR_QCI_9,2924377848.0,900,NRCell,Huawei
1696802400000,SNT002_01,INTRA_FREQUENCY_HO_OUT_ATT,72.0,900,NRCell,Huawei
1696802400000,SNT002_01,INTRA_FREQUENCY_HO_OUT_SUCC,72.0,900,NRCell,Huawei
1696802400000,SNT002_01,RRC_SETUP_ATT,532.0,900,NRCell,Huawei
1696802400000,SNT002_01,RRC_SETUP_SUCC,531.0,900,NRCell,Huawei
1696802400000,SNT002_01,S1SIG_Connection_Setup_SR_DEN,531.0,900,NRCell,Huawei
1696802400000,SNT002_01,S1SIG_Connection_Setup_SR_NUM,530.0,900,NRCell,Huawei
1696802400000,SNT002_01,SERVICE_LATENCY_OVER_AIR_INTERFACE_DEN,92136.0,900,NRCell,Huawei
1696802400000,SNT002_01,SERVICE_LATENCY_OVER_AIR_INTERFACE_NUM,110390.0,900,NRCell,Huawei
1696802400000,SNT002_01,VOICE_TRAFFIC,10487.0,900,NRCell,Huawei
1696802400000,SNT002_01,VOLTE_CALL_SETUP_ATT,17.0,900,NRCell,Huawei
1696802400000,SNT002_01,VOLTE_CALL_SETUP_SUCC,17.0,900,NRCell,Huawei
1696802400000,TAR015_01,DCR_DEN,2963.0,900,NRCell,Huawei
1696802400000,TAR015_01,DCR_NUM,10.0,900,NRCell,Huawei
1696802400000,TAR015_01,DROP_CALL_VOLTE_DEN,29.0,900,NRCell,Huawei
1696802400000,TAR015_01,DROP_CALL_VOLTE_NUM,0.0,900,NRCell,Huawei
1696802400000,TAR015_01,ERAB_SR_DEN,2933.0,900,NRCell,Huawei
1696802400000,TAR015_01,ERAB_SR_NUM,2933.0,900,NRCell,Huawei
1696802400000,TAR015_01,INTEGRITY_NGBR_QCI_9,14466608984.0,900,NRCell,Huawei
1696802400000,TAR015_01,INTRA_FREQUENCY_HO_OUT_ATT,104.0,900,NRCell,Huawei
1696802400000,TAR015_01,INTRA_FREQUENCY_HO_OUT_SUCC,104.0,900,NRCell,Huawei
1696802400000,TAR015_01,RRC_SETUP_ATT,1655.0,900,NRCell,Huawei
1696802400000,TAR015_01,RRC_SETUP_SUCC,1655.0,900,NRCell,Huawei
1696802400000,TAR015_01,S1SIG_Connection_Setup_SR_DEN,1655.0,900,NRCell,Huawei
1696802400000,TAR015_01,S1SIG_Connection_Setup_SR_NUM,1655.0,900,NRCell,Huawei
1696802400000,TAR015_01,SERVICE_LATENCY_OVER_AIR_INTERFACE_DEN,632593.0,900,NRCell,Huawei
1696802400000,TAR015_01,SERVICE_LATENCY_OVER_AIR_INTERFACE_NUM,2187168.0,900,NRCell,Huawei
1696802400000,TAR015_01,VOICE_TRAFFIC,42750.0,900,NRCell,Huawei
1696802400000,TAR015_01,VOLTE_CALL_SETUP_ATT,20.0,900,NRCell,Huawei
1696802400000,TAR015_01,VOLTE_CALL_SETUP_SUCC,20.0,900,NRCell,Huawei
1696802400000,TOL034_01,DCR_DEN,164.0,900,NRCell,Huawei
1696802400000,TOL034_01,DCR_NUM,0.0,900,NRCell,Huawei
1696802400000,TOL034_01,DROP_CALL_VOLTE_DEN,1.0,900,NRCell,Huawei
1696802400000,TOL034_01,DROP_CALL_VOLTE_NUM,0.0,900,NRCell,Huawei
1696802400000,TOL034_01,ERAB_SR_DEN,177.0,900,NRCell,Huawei
1696802400000,TOL034_01,ERAB_SR_NUM,177.0,900,NRCell,Huawei
1696802400000,TOL034_01,INTEGRITY_NGBR_QCI_9,2795844248.0,900,NRCell,Huawei
1696802400000,TOL034_01,INTRA_FREQUENCY_HO_OUT_ATT,22.0,900,NRCell,Huawei
1696802400000,TOL034_01,INTRA_FREQUENCY_HO_OUT_SUCC,22.0,900,NRCell,Huawei
1696802400000,TOL034_01,RRC_SETUP_ATT,133.0,900,NRCell,Huawei
1696802400000,TOL034_01,RRC_SETUP_SUCC,132.0,900,NRCell,Huawei
1696802400000,TOL034_01,S1SIG_Connection_Setup_SR_DEN,132.0,900,NRCell,Huawei
1696802400000,TOL034_01,S1SIG_Connection_Setup_SR_NUM,132.0,900,NRCell,Huawei
1696802400000,TOL034_01,SERVICE_LATENCY_OVER_AIR_INTERFACE_DEN,101065.0,900,NRCell,Huawei
1696802400000,TOL034_01,SERVICE_LATENCY_OVER_AIR_INTERFACE_NUM,126131.0,900,NRCell,Huawei
1696802400000,TOL034_01,VOICE_TRAFFIC,2165.0,900,NRCell,Huawei
1696802400000,TOL034_01,VOLTE_CALL_SETUP_ATT,0.0,900,NRCell,Huawei
1696802400000,TOL034_01,VOLTE_CALL_SETUP_SUCC,0.0,900,NRCell,Huawei
1696802400000,VAL002_01,DCR_DEN,53.0,900,NRCell,Huawei
1696802400000,VAL002_01,DCR_NUM,0.0,900,NRCell,Huawei
1696802400000,VAL002_01,DROP_CALL_VOLTE_DEN,0.0,900,NRCell,Huawei
1696802400000,VAL002_01,DROP_CALL_VOLTE_NUM,0.0,900,NRCell,Huawei
1696802400000,VAL002_01,ERAB_SR_DEN,60.0,900,NRCell,Huawei
1696802400000,VAL002_01,ERAB_SR_NUM,60.0,900,NRCell,Huawei
1696802400000,VAL002_01,INTEGRITY_NGBR_QCI_9,132437328.0,900,NRCell,Huawei
1696802400000,VAL002_01,INTRA_FREQUENCY_HO_OUT_ATT,5.0,900,NRCell,Huawei
1696802400000,VAL002_01,INTRA_FREQUENCY_HO_OUT_SUCC,5.0,900,NRCell,Huawei
1696802400000,VAL002_01,RRC_SETUP_ATT,44.0,900,NRCell,Huawei
1696802400000,VAL002_01,RRC_SETUP_SUCC,43.0,900,NRCell,Huawei
1696802400000,VAL002_01,S1SIG_Connection_Setup_SR_DEN,43.0,900,NRCell,Huawei
1696802400000,VAL002_01,S1SIG_Connection_Setup_SR_NUM,43.0,900,NRCell,Huawei
1696802400000,VAL002_01,SERVICE_LATENCY_OVER_AIR_INTERFACE_DEN,1301.0,900,NRCell,Huawei
1696802400000,VAL002_01,SERVICE_LATENCY_OVER_AIR_INTERFACE_NUM,1924.0,900,NRCell,Huawei
1696802400000,VAL002_01,VOICE_TRAFFIC,0.0,900,NRCell,Huawei
1696802400000,VAL002_01,VOLTE_CALL_SETUP_ATT,0.0,900,NRCell,Huawei
1696802400000,VAL002_01,VOLTE_CALL_SETUP_SUCC,0.0,900,NRCell,Huawei
