startTime,neId,counterCode,counterValue,granularity,neType,vendorName
1696797000000,BCN014_01,DCR_DEN,2478.0,900,NRCell,Huawei
1696797000000,BCN014_01,DCR_NUM,1.0,900,NRCell,Huawei
1696797000000,BCN014_01,DROP_CALL_VOLTE_DEN,18.0,900,NRCell,Huawei
1696797000000,BCN014_01,DROP_CALL_VOLTE_NUM,0.0,900,NRCell,Huawei
1696797000000,BCN014_01,ERAB_SR_DEN,2507.0,900,NRCell,Huawei
1696797000000,BCN014_01,ERAB_SR_NUM,2507.0,900,NRCell,Huawei
1696797000000,BCN014_01,INTEGRITY_NGBR_QCI_9,9507364592.0,900,NRCell,Huawei
1696797000000,BCN014_01,INTRA_FREQUENCY_HO_OUT_ATT,253.0,900,NRCell,Huawei
1696797000000,BCN014_01,INTRA_FREQUENCY_HO_OUT_SUCC,253.0,900,NRCell,Huawei
1696797000000,BCN014_01,RRC_SETUP_ATT,1495.0,900,NRCell,Huawei
1696797000000,BCN014_01,RRC_SETUP_SUCC,1490.0,900,NRCell,Huawei
1696797000000,BCN014_01,S1SIG_Connection_Setup_SR_DEN,1490.0,900,NRCell,Huawei
1696797000000,BCN014_01,S1SIG_Connection_Setup_SR_NUM,1490.0,900,NRCell,Huawei
1696797000000,BCN014_01,SERVICE_LATENCY_OVER_AIR_INTERFACE_DEN,287930.0,900,NRCell,Huawei
1696797000000,BCN014_01,SERVICE_LATENCY_OVER_AIR_INTERFACE_NUM,477736.0,900,NRCell,Huawei
1696797000000,BCN014_01,VOICE_TRAFFIC,18568.0,900,NRCell,Huawei
1696797000000,BCN014_01,VOLTE_CALL_SETUP_ATT,17.0,900,NRCell,Huawei
1696797000000,BCN014_01,VOLTE_CALL_SETUP_SUCC,17.0,900,NRCell,Huawei
1696797000000,BIL001_01,DCR_DEN,2063.0,900,NRCell,Huawei
1696797000000,BIL001_01,DCR_NUM,4.0,900,NRCell,Huawei
1696797000000,BIL001_01,DROP_CALL_VOLTE_DEN,15.0,900,NRCell,Huawei
1696797000000,BIL001_01,DROP_CALL_VOLTE_NUM,0.0,900,NRCell,Huawei
1696797000000,BIL001_01,ERAB_SR_DEN,2056.0,900,NRCell,Huawei
1696797000000,BIL001_01,ERAB_SR_NUM,2054.0,900,NRCell,Huawei
1696797000000,BIL001_01,INTEGRITY_NGBR_QCI_9,14039810592.0,900,NRCell,Huawei
1696797000000,BIL001_01,INTRA_FREQUENCY_HO_OUT_ATT,209.0,900,NRCell,Huawei
1696797000000,BIL001_01,INTRA_FREQUENCY_HO_OUT_SUCC,209.0,900,NRCell,Huawei
1696797000000,BIL001_01,RRC_SETUP_ATT,1341.0,900,NRCell,Huawei
1696797000000,BIL001_01,RRC_SETUP_SUCC,1327.0,900,NRCell,Huawei
1696797000000,BIL001_01,S1SIG_Connection_Setup_SR_DEN,1327.0,900,NRCell,Huawei
1696797000000,BIL001_01,S1SIG_Connection_Setup_SR_NUM,1324.0,900,NRCell,Huawei
1696797000000,BIL001_01,SERVICE_LATENCY_OVER_AIR_INTERFACE_DEN,379196.0,900,NRCell,Huawei
1696797000000,BIL001_01,SERVICE_LATENCY_OVER_AIR_INTERFACE_NUM,553007.0,900,NRCell,Huawei
1696797000000,BIL001_01,VOICE_TRAFFIC,11304.0,900,NRCell,Huawei
1696797000000,BIL001_01,VOLTE_CALL_SETUP_ATT,15.0,900,NRCell,Huawei
1696797000000,BIL001_01,VOLTE_CALL_SETUP_SUCC,15.0,900,NRCell,Huawei
1696797000000,MAD033_01,DCR_DEN,1073.0,900,NRCell,Huawei
1696797000000,MAD033_01,DCR_NUM,0.0,900,NRCell,Huawei
1696797000000,MAD033_01,DROP_CALL_VOLTE_DEN,19.0,900,NRCell,Huawei
1696797000000,MAD033_01,DROP_CALL_VOLTE_NUM,0.0,900,NRCell,Huawei
1696797000000,MAD033_01,ERAB_SR_DEN,1121.0,900,NRCell,Huawei
1696797000000,MAD033_01,ERAB_SR_NUM,1121.0,900,NRCell,Huawei
1696797000000,MAD033_01,INTEGRITY_NGBR_QCI_9,4929632608.0,900,NRCell,Huawei
1696797000000,MAD033_01,INTRA_FREQUENCY_HO_OUT_ATT,135.0,900,NRCell,Huawei
1696797000000,MAD033_01,INTRA_FREQUENCY_HO_OUT_SUCC,135.0,900,NRCell,Huawei
1696797000000,MAD033_01,RRC_SETUP_ATT,678.0,900,NRCell,Huawei
1696797000000,MAD033_01,RRC_SETUP_SUCC,677.0,900,NRCell,Huawei
1696797000000,MAD033_01,S1SIG_Connection_Setup_SR_DEN,677.0,900,NRCell,Huawei
1696797000000,MAD033_01,S1SIG_Connection_Setup_SR_NUM,677.0,900,NRCell,Huawei
1696797000000,MAD033_01,SERVICE_LATENCY_OVER_AIR_INTERFACE_DEN,190953.0,900,NRCell,Huawei
1696797000000,MAD033_01,SERVICE_LATENCY_OVER_AIR_INTERFACE_NUM,259229.0,900,NRCell,Huawei
1696797000000,MAD033_01,VOICE_TRAFFIC,21490.0,900,NRCell,Huawei
1696797000000,MAD033_01,VOLTE_CALL_SETUP_ATT,20.0,900,NRCell,Huawei
1696797000000,MAD033_01,VOLTE_CALL_SETUP_SUCC,20.0,900,NRCell,Huawei
1696797000000,SAL030_01,DCR_DEN,245.0,900,NRCell,Huawei
1696797000000,SAL030_01,DCR_NUM,0.0,900,NRCell,Huawei
1696797000000,SAL030_01,DROP_CALL_VOLTE_DEN,3.0,900,NRCell,Huawei
1696797000000,SAL030_01,DROP_CALL_VOLTE_NUM,0.0,900,NRCell,Huawei
1696797000000,SAL030_01,ERAB_SR_DEN,244.0,900,NRCell,Huawei
1696797000000,SAL030_01,ERAB_SR_NUM,244.0,900,NRCell,Huawei
1696797000000,SAL030_01,INTEGRITY_NGBR_QCI_9,2085332768.0,900,NRCell,Huawei
1696797000000,SAL030_01,INTRA_FREQUENCY_HO_OUT_ATT,19.0,900,NRCell,Huawei
1696797000000,SAL030_01,INTRA_FREQUENCY_HO_OUT_SUCC,19.0,900,NRCell,Huawei
1696797000000,SAL030_01,RRC_SETUP_ATT,134.0,900,NRCell,Huawei
1696797000000,SAL030_01,RRC_SETUP_SUCC,134.0,900,NRCell,Huawei
1696797000000,SAL030_01,S1SIG_Connection_Setup_SR_DEN,134.0,900,NRCell,Huawei
1696797000000,SAL030_01,S1SIG_Connection_Setup_SR_NUM,134.0,900,NRCell,Huawei
1696797000000,SAL030_01,SERVICE_LATENCY_OVER_AIR_INTERFACE_DEN,44692.0,900,NRCell,Huawei
1696797000000,SAL030_01,SERVICE_LATENCY_OVER_AIR_INTERFACE_NUM,128034.0,900,NRCell,Huawei
1696797000000,SAL030_01,VOICE_TRAFFIC,3183.0,900,NRCell,Huawei
1696797000000,SAL030_01,VOLTE_CALL_SETUP_ATT,2.0,900,NRCell,Huawei
1696797000000,SAL030_01,VOLTE_CALL_SETUP_SUCC,2.0,900,NRCell,Huawei
1696797000000,SEV001_01,DCR_DEN,2850.0,900,NRCell,Huawei
1696797000000,SEV001_01,DCR_NUM,2.0,900,NRCell,Huawei
1696797000000,SEV001_01,DROP_CALL_VOLTE_DEN,23.0,900,NRCell,Huawei
1696797000000,SEV001_01,DROP_CALL_VOLTE_NUM,0.0,900,NRCell,Huawei
1696797000000,SEV001_01,ERAB_SR_DEN,2876.0,900,NRCell,Huawei
1696797000000,SEV001_01,ERAB_SR_NUM,2875.0,900,NRCell,Huawei
1696797000000,SEV001_01,INTEGRITY_NGBR_QCI_9,14591851280.0,900,NRCell,Huawei
1696797000000,SEV001_01,INTRA_FREQUENCY_HO_OUT_ATT,107.0,900,NRCell,Huawei
1696797000000,SEV001_01,INTRA_FREQUENCY_HO_OUT_SUCC,107.0,900,NRCell,Huawei
1696797000000,SEV001_01,RRC_SETUP_ATT,1616.0,900,NRCell,Huawei
1696797000000,SEV001_01,RRC_SETUP_SUCC,1614.0,900,NRCell,Huawei
1696797000000,SEV001_01,S1SIG_Connection_Setup_SR_DEN,1614.0,900,NRCell,Huawei
1696797000000,SEV001_01,S1SIG_Connection_Setup_SR_NUM,1614.0,900,NRCell,Huawei
1696797000000,SEV001_01,SERVICE_LATENCY_OVER_AIR_INTERFACE_DEN,574992.0,900,NRCell,Huawei
1696797000000,SEV001_01,SERVICE_LATENCY_OVER_AIR_INTERFACE_NUM,1527197.0,900,NRCell,Huawei
1696797000000,SEV001_01,VOICE_TRAFFIC,43493.0,900,NRCell,Huawei
1696797000000,SEV001_01,VOLTE_CALL_SETUP_ATT,20.0,900,NRCell,Huawei
1696797000000,SEV001_01,VOLTE_CALL_SETUP_SUCC,20.0,900,NRCell,Huawei
1696797000000,SNT002_01,DCR_DEN,964.0,900,NRCell,Huawei
1696797000000,SNT002_01,DCR_NUM,0.0,900,NRCell,Huawei
1696797000000,SNT002_01,DROP_CALL_VOLTE_DEN,9.0,900,NRCell,Huawei
1696797000000,SNT002_01,DROP_CALL_VOLTE_NUM,0.0,900,NRCell,Huawei
1696797000000,SNT002_01,ERAB_SR_DEN,988.0,900,NRCell,Huawei
1696797000000,SNT002_01,ERAB_SR_NUM,988.0,900,NRCell,Huawei
1696797000000,SNT002_01,INTEGRITY_NGBR_QCI_9,3011787200.0,900,NRCell,Huawei
1696797000000,SNT002_01,INTRA_FREQUENCY_HO_OUT_ATT,96.0,900,NRCell,Huawei
1696797000000,SNT002_01,INTRA_FREQUENCY_HO_OUT_SUCC,96.0,900,NRCell,Huawei
1696797000000,SNT002_01,RRC_SETUP_ATT,587.0,900,NRCell,Huawei
1696797000000,SNT002_01,RRC_SETUP_SUCC,587.0,900,NRCell,Huawei
1696797000000,SNT002_01,S1SIG_Connection_Setup_SR_DEN,587.0,900,NRCell,Huawei
1696797000000,SNT002_01,S1SIG_Connection_Setup_SR_NUM,587.0,900,NRCell,Huawei
1696797000000,SNT002_01,SERVICE_LATENCY_OVER_AIR_INTERFACE_DEN,90004.0,900,NRCell,Huawei
1696797000000,SNT002_01,SERVICE_LATENCY_OVER_AIR_INTERFACE_NUM,114074.0,900,NRCell,Huawei
1696797000000,SNT002_01,VOICE_TRAFFIC,5165.0,900,NRCell,Huawei
1696797000000,SNT002_01,VOLTE_CALL_SETUP_ATT,8.0,900,NRCell,Huawei
1696797000000,SNT002_01,VOLTE_CALL_SETUP_SUCC,8.0,900,NRCell,Huawei
1696797000000,TAR015_01,DCR_DEN,3166.0,900,NRCell,Huawei
1696797000000,TAR015_01,DCR_NUM,5.0,900,NRCell,Huawei
1696797000000,TAR015_01,DROP_CALL_VOLTE_DEN,23.0,900,NRCell,Huawei
1696797000000,TAR015_01,DROP_CALL_VOLTE_NUM,0.0,900,NRCell,Huawei
1696797000000,TAR015_01,ERAB_SR_DEN,3122.0,900,NRCell,Huawei
1696797000000,TAR015_01,ERAB_SR_NUM,3117.0,900,NRCell,Huawei
1696797000000,TAR015_01,INTEGRITY_NGBR_QCI_9,16153868352.0,900,NRCell,Huawei
1696797000000,TAR015_01,INTRA_FREQUENCY_HO_OUT_ATT,170.0,900,NRCell,Huawei
1696797000000,TAR015_01,INTRA_FREQUENCY_HO_OUT_SUCC,169.0,900,NRCell,Huawei
1696797000000,TAR015_01,RRC_SETUP_ATT,1762.0,900,NRCell,Huawei
1696797000000,TAR015_01,RRC_SETUP_SUCC,1762.0,900,NRCell,Huawei
1696797000000,TAR015_01,S1SIG_Connection_Setup_SR_DEN,1762.0,900,NRCell,Huawei
1696797000000,TAR015_01,S1SIG_Connection_Setup_SR_NUM,1762.0,900,NRCell,Huawei
1696797000000,TAR015_01,SERVICE_LATENCY_OVER_AIR_INTERFACE_DEN,641845.0,900,NRCell,Huawei
1696797000000,TAR015_01,SERVICE_LATENCY_OVER_AIR_INTERFACE_NUM,4361959.0,900,NRCell,Huawei
1696797000000,TAR015_01,VOICE_TRAFFIC,30516.0,900,NRCell,Huawei
1696797000000,TAR015_01,VOLTE_CALL_SETUP_ATT,15.0,900,NRCell,Huawei
1696797000000,TAR015_01,VOLTE_CALL_SETUP_SUCC,15.0,900,NRCell,Huawei
1696797000000,TOL034_01,DCR_DEN,275.0,900,NRCell,Huawei
1696797000000,TOL034_01,DCR_NUM,1.0,900,NRCell,Huawei
1696797000000,TOL034_01,DROP_CALL_VOLTE_DEN,0.0,900,NRCell,Huawei
1696797000000,TOL034_01,DROP_CALL_VOLTE_NUM,0.0,900,NRCell,Huawei
1696797000000,TOL034_01,ERAB_SR_DEN,284.0,900,NRCell,Huawei
1696797000000,TOL034_01,ERAB_SR_NUM,284.0,900,NRCell,Huawei
1696797000000,TOL034_01,INTEGRITY_NGBR_QCI_9,1681213816.0,900,NRCell,Huawei
1696797000000,TOL034_01,INTRA_FREQUENCY_HO_OUT_ATT,20.0,900,NRCell,Huawei
1696797000000,TOL034_01,INTRA_FREQUENCY_HO_OUT_SUCC,20.0,900,NRCell,Huawei
1696797000000,TOL034_01,RRC_SETUP_ATT,224.0,900,NRCell,Huawei
1696797000000,TOL034_01,RRC_SETUP_SUCC,224.0,900,NRCell,Huawei
1696797000000,TOL034_01,S1SIG_Connection_Setup_SR_DEN,224.0,900,NRCell,Huawei
1696797000000,TOL034_01,S1SIG_Connection_Setup_SR_NUM,222.0,900,NRCell,Huawei
1696797000000,TOL034_01,SERVICE_LATENCY_OVER_AIR_INTERFACE_DEN,22332.0,900,NRCell,Huawei
1696797000000,TOL034_01,SERVICE_LATENCY_OVER_AIR_INTERFACE_NUM,46972.0,900,NRCell,Huawei
1696797000000,TOL034_01,VOICE_TRAFFIC,31.0,900,NRCell,Huawei
1696797000000,TOL034_01,VOLTE_CALL_SETUP_ATT,0.0,900,NRCell,Huawei
1696797000000,TOL034_01,VOLTE_CALL_SETUP_SUCC,0.0,900,NRCell,Huawei
1696797000000,VAL002_01,DCR_DEN,35.0,900,NRCell,Huawei
1696797000000,VAL002_01,DCR_NUM,0.0,900,NRCell,Huawei
1696797000000,VAL002_01,DROP_CALL_VOLTE_DEN,0.0,900,NRCell,Huawei
1696797000000,VAL002_01,DROP_CALL_VOLTE_NUM,0.0,900,NRCell,Huawei
1696797000000,VAL002_01,ERAB_SR_DEN,32.0,900,NRCell,Huawei
1696797000000,VAL002_01,ERAB_SR_NUM,32.0,900,NRCell,Huawei
1696797000000,VAL002_01,INTEGRITY_NGBR_QCI_9,514839096.0,900,NRCell,Huawei
1696797000000,VAL002_01,INTRA_FREQUENCY_HO_OUT_ATT,5.0,900,NRCell,Huawei
1696797000000,VAL002_01,INTRA_FREQUENCY_HO_OUT_SUCC,5.0,900,NRCell,Huawei
1696797000000,VAL002_01,RRC_SETUP_ATT,28.0,900,NRCell,Huawei
1696797000000,VAL002_01,RRC_SETUP_SUCC,28.0,900,NRCell,Huawei
1696797000000,VAL002_01,S1SIG_Connection_Setup_SR_DEN,28.0,900,NRCell,Huawei
1696797000000,VAL002_01,S1SIG_Connection_Setup_SR_NUM,28.0,900,NRCell,Huawei
1696797000000,VAL002_01,SERVICE_LATENCY_OVER_AIR_INTERFACE_DEN,17972.0,900,NRCell,Huawei
1696797000000,VAL002_01,SERVICE_LATENCY_OVER_AIR_INTERFACE_NUM,21391.0,900,NRCell,Huawei
1696797000000,VAL002_01,VOICE_TRAFFIC,0.0,900,NRCell,Huawei
1696797000000,VAL002_01,VOLTE_CALL_SETUP_ATT,0.0,900,NRCell,Huawei
1696797000000,VAL002_01,VOLTE_CALL_SETUP_SUCC,0.0,900,NRCell,Huawei
