startTime,neId,counterCode,counterValue,granularity,neType,vendorName
1696745700000,BCN014_01,DCR_DEN,1959.0,900,NRCell,Huawei
1696745700000,BCN014_01,DCR_NUM,6.0,900,NRCell,Huawei
1696745700000,BCN014_01,DROP_CALL_VOLTE_DEN,1.0,900,NRCell,Huawei
1696745700000,BCN014_01,DROP_CALL_VOLTE_NUM,0.0,900,NRCell,Huawei
1696745700000,BCN014_01,ERAB_SR_DEN,1970.0,900,NRCell,Huawei
1696745700000,BCN014_01,ERAB_SR_NUM,1968.0,900,NRCell,Huawei
1696745700000,BCN014_01,INTEGRITY_NGBR_QCI_9,14897270472.0,900,NRCell,Huawei
1696745700000,BCN014_01,INTRA_FREQUENCY_HO_OUT_ATT,83.0,900,NRCell,Huawei
1696745700000,BCN014_01,INTRA_FREQUENCY_HO_OUT_SUCC,83.0,900,NRCell,Huawei
1696745700000,BCN014_01,RRC_SETUP_ATT,1158.0,900,NRCell,Huawei
1696745700000,BCN014_01,RRC_SETUP_SUCC,1139.0,900,NRCell,Huawei
1696745700000,BCN014_01,S1SIG_Connection_Setup_SR_DEN,1139.0,900,NRCell,Huawei
1696745700000,BCN014_01,S1SIG_Connection_Setup_SR_NUM,1139.0,900,NRCell,Huawei
1696745700000,BCN014_01,SERVICE_LATENCY_OVER_AIR_INTERFACE_DEN,368267.0,900,NRCell,Huawei
1696745700000,BCN014_01,SERVICE_LATENCY_OVER_AIR_INTERFACE_NUM,522490.0,900,NRCell,Huawei
1696745700000,BCN014_01,VOICE_TRAFFIC,665.0,900,NRCell,Huawei
1696745700000,BCN014_01,VOLTE_CALL_SETUP_ATT,2.0,900,NRCell,Huawei
1696745700000,BCN014_01,VOLTE_CALL_SETUP_SUCC,2.0,900,NRCell,Huawei
1696745700000,BIL001_01,DCR_DEN,1532.0,900,NRCell,Huawei
1696745700000,BIL001_01,DCR_NUM,0.0,900,NRCell,Huawei
1696745700000,BIL001_01,DROP_CALL_VOLTE_DEN,1.0,900,NRCell,Huawei
1696745700000,BIL001_01,DROP_CALL_VOLTE_NUM,0.0,900,NRCell,Huawei
1696745700000,BIL001_01,ERAB_SR_DEN,1551.0,900,NRCell,Huawei
1696745700000,BIL001_01,ERAB_SR_NUM,1543.0,900,NRCell,Huawei
1696745700000,BIL001_01,INTEGRITY_NGBR_QCI_9,9329901912.0,900,NRCell,Huawei
1696745700000,BIL001_01,INTRA_FREQUENCY_HO_OUT_ATT,56.0,900,NRCell,Huawei
1696745700000,BIL001_01,INTRA_FREQUENCY_HO_OUT_SUCC,56.0,900,NRCell,Huawei
1696745700000,BIL001_01,RRC_SETUP_ATT,940.0,900,NRCell,Huawei
1696745700000,BIL001_01,RRC_SETUP_SUCC,936.0,900,NRCell,Huawei
1696745700000,BIL001_01,S1SIG_Connection_Setup_SR_DEN,936.0,900,NRCell,Huawei
1696745700000,BIL001_01,S1SIG_Connection_Setup_SR_NUM,936.0,900,NRCell,Huawei
1696745700000,BIL001_01,SERVICE_LATENCY_OVER_AIR_INTERFACE_DEN,138897.0,900,NRCell,Huawei
1696745700000,BIL001_01,SERVICE_LATENCY_OVER_AIR_INTERFACE_NUM,190204.0,900,NRCell,Huawei
1696745700000,BIL001_01,VOICE_TRAFFIC,306.0,900,NRCell,Huawei
1696745700000,BIL001_01,VOLTE_CALL_SETUP_ATT,1.0,900,NRCell,Huawei
1696745700000,BIL001_01,VOLTE_CALL_SETUP_SUCC,1.0,900,NRCell,Huawei
1696745700000,MAD033_01,DCR_DEN,563.0,900,NRCell,Huawei
1696745700000,MAD033_01,DCR_NUM,0.0,900,NRCell,Huawei
1696745700000,MAD033_01,DROP_CALL_VOLTE_DEN,0.0,900,NRCell,Huawei
1696745700000,MAD033_01,DROP_CALL_VOLTE_NUM,0.0,900,NRCell,Huawei
1696745700000,MAD033_01,ERAB_SR_DEN,551.0,900,NRCell,Huawei
1696745700000,MAD033_01,ERAB_SR_NUM,551.0,900,NRCell,Huawei
1696745700000,MAD033_01,INTEGRITY_NGBR_QCI_9,4495643832.0,900,NRCell,Huawei
1696745700000,MAD033_01,INTRA_FREQUENCY_HO_OUT_ATT,16.0,900,NRCell,Huawei
1696745700000,MAD033_01,INTRA_FREQUENCY_HO_OUT_SUCC,16.0,900,NRCell,Huawei
1696745700000,MAD033_01,RRC_SETUP_ATT,322.0,900,NRCell,Huawei
1696745700000,MAD033_01,RRC_SETUP_SUCC,322.0,900,NRCell,Huawei
1696745700000,MAD033_01,S1SIG_Connection_Setup_SR_DEN,322.0,900,NRCell,Huawei
1696745700000,MAD033_01,S1SIG_Connection_Setup_SR_NUM,322.0,900,NRCell,Huawei
1696745700000,MAD033_01,SERVICE_LATENCY_OVER_AIR_INTERFACE_DEN,87079.0,900,NRCell,Huawei
1696745700000,MAD033_01,SERVICE_LATENCY_OVER_AIR_INTERFACE_NUM,94652.0,900,NRCell,Huawei
1696745700000,MAD033_01,VOICE_TRAFFIC,0.0,900,NRCell,Huawei
1696745700000,MAD033_01,VOLTE_CALL_SETUP_ATT,0.0,900,NRCell,Huawei
1696745700000,MAD033_01,VOLTE_CALL_SETUP_SUCC,0.0,900,NRCell,Huawei
1696745700000,SAL030_01,DCR_DEN,161.0,900,NRCell,Huawei
1696745700000,SAL030_01,DCR_NUM,0.0,900,NRCell,Huawei
1696745700000,SAL030_01,DROP_CALL_VOLTE_DEN,0.0,900,NRCell,Huawei
1696745700000,SAL030_01,DROP_CALL_VOLTE_NUM,0.0,900,NRCell,Huawei
1696745700000,SAL030_01,ERAB_SR_DEN,151.0,900,NRCell,Huawei
1696745700000,SAL030_01,ERAB_SR_NUM,151.0,900,NRCell,Huawei
1696745700000,SAL030_01,INTEGRITY_NGBR_QCI_9,2452968600.0,900,NRCell,Huawei
1696745700000,SAL030_01,INTRA_FREQUENCY_HO_OUT_ATT,5.0,900,NRCell,Huawei
1696745700000,SAL030_01,INTRA_FREQUENCY_HO_OUT_SUCC,5.0,900,NRCell,Huawei
1696745700000,SAL030_01,RRC_SETUP_ATT,83.0,900,NRCell,Huawei
1696745700000,SAL030_01,RRC_SETUP_SUCC,83.0,900,NRCell,Huawei
1696745700000,SAL030_01,S1SIG_Connection_Setup_SR_DEN,83.0,900,NRCell,Huawei
1696745700000,SAL030_01,S1SIG_Connection_Setup_SR_NUM,83.0,900,NRCell,Huawei
1696745700000,SAL030_01,SERVICE_LATENCY_OVER_AIR_INTERFACE_DEN,56055.0,900,NRCell,Huawei
1696745700000,SAL030_01,SERVICE_LATENCY_OVER_AIR_INTERFACE_NUM,114641.0,900,NRCell,Huawei
1696745700000,SAL030_01,VOICE_TRAFFIC,1665.0,900,NRCell,Huawei
1696745700000,SAL030_01,VOLTE_CALL_SETUP_ATT,0.0,900,NRCell,Huawei
1696745700000,SAL030_01,VOLTE_CALL_SETUP_SUCC,0.0,900,NRCell,Huawei
1696745700000,SEV001_01,DCR_DEN,2060.0,900,NRCell,Huawei
1696745700000,SEV001_01,DCR_NUM,0.0,900,NRCell,Huawei
1696745700000,SEV001_01,DROP_CALL_VOLTE_DEN,6.0,900,NRCell,Huawei
1696745700000,SEV001_01,DROP_CALL_VOLTE_NUM,0.0,900,NRCell,Huawei
1696745700000,SEV001_01,ERAB_SR_DEN,2060.0,900,NRCell,Huawei
1696745700000,SEV001_01,ERAB_SR_NUM,2059.0,900,NRCell,Huawei
1696745700000,SEV001_01,INTEGRITY_NGBR_QCI_9,12908640808.0,900,NRCell,Huawei
1696745700000,SEV001_01,INTRA_FREQUENCY_HO_OUT_ATT,47.0,900,NRCell,Huawei
1696745700000,SEV001_01,INTRA_FREQUENCY_HO_OUT_SUCC,47.0,900,NRCell,Huawei
1696745700000,SEV001_01,RRC_SETUP_ATT,1185.0,900,NRCell,Huawei
1696745700000,SEV001_01,RRC_SETUP_SUCC,1185.0,900,NRCell,Huawei
1696745700000,SEV001_01,S1SIG_Connection_Setup_SR_DEN,1185.0,900,NRCell,Huawei
1696745700000,SEV001_01,S1SIG_Connection_Setup_SR_NUM,1185.0,900,NRCell,Huawei
1696745700000,SEV001_01,SERVICE_LATENCY_OVER_AIR_INTERFACE_DEN,330416.0,900,NRCell,Huawei
1696745700000,SEV001_01,SERVICE_LATENCY_OVER_AIR_INTERFACE_NUM,465704.0,900,NRCell,Huawei
1696745700000,SEV001_01,VOICE_TRAFFIC,19323.0,900,NRCell,Huawei
1696745700000,SEV001_01,VOLTE_CALL_SETUP_ATT,2.0,900,NRCell,Huawei
1696745700000,SEV001_01,VOLTE_CALL_SETUP_SUCC,2.0,900,NRCell,Huawei
1696745700000,SNT002_01,DCR_DEN,563.0,900,NRCell,Huawei
1696745700000,SNT002_01,DCR_NUM,0.0,900,NRCell,Huawei
1696745700000,SNT002_01,DROP_CALL_VOLTE_DEN,0.0,900,NRCell,Huawei
1696745700000,SNT002_01,DROP_CALL_VOLTE_NUM,0.0,900,NRCell,Huawei
1696745700000,SNT002_01,ERAB_SR_DEN,561.0,900,NRCell,Huawei
1696745700000,SNT002_01,ERAB_SR_NUM,561.0,900,NRCell,Huawei
1696745700000,SNT002_01,INTEGRITY_NGBR_QCI_9,4964846216.0,900,NRCell,Huawei
1696745700000,SNT002_01,INTRA_FREQUENCY_HO_OUT_ATT,16.0,900,NRCell,Huawei
1696745700000,SNT002_01,INTRA_FREQUENCY_HO_OUT_SUCC,16.0,900,NRCell,Huawei
1696745700000,SNT002_01,RRC_SETUP_ATT,335.0,900,NRCell,Huawei
1696745700000,SNT002_01,RRC_SETUP_SUCC,335.0,900,NRCell,Huawei
1696745700000,SNT002_01,S1SIG_Connection_Setup_SR_DEN,335.0,900,NRCell,Huawei
1696745700000,SNT002_01,S1SIG_Connection_Setup_SR_NUM,335.0,900,NRCell,Huawei
1696745700000,SNT002_01,SERVICE_LATENCY_OVER_AIR_INTERFACE_DEN,47903.0,900,NRCell,Huawei
1696745700000,SNT002_01,SERVICE_LATENCY_OVER_AIR_INTERFACE_NUM,52992.0,900,NRCell,Huawei
1696745700000,SNT002_01,VOICE_TRAFFIC,0.0,900,NRCell,Huawei
1696745700000,SNT002_01,VOLTE_CALL_SETUP_ATT,0.0,900,NRCell,Huawei
1696745700000,SNT002_01,VOLTE_CALL_SETUP_SUCC,0.0,900,NRCell,Huawei
1696745700000,TAR015_01,DCR_DEN,2689.0,900,NRCell,Huawei
1696745700000,TAR015_01,DCR_NUM,0.0,900,NRCell,Huawei
1696745700000,TAR015_01,DROP_CALL_VOLTE_DEN,4.0,900,NRCell,Huawei
1696745700000,TAR015_01,DROP_CALL_VOLTE_NUM,0.0,900,NRCell,Huawei
1696745700000,TAR015_01,ERAB_SR_DEN,2642.0,900,NRCell,Huawei
1696745700000,TAR015_01,ERAB_SR_NUM,2642.0,900,NRCell,Huawei
1696745700000,TAR015_01,INTEGRITY_NGBR_QCI_9,10857380104.0,900,NRCell,Huawei
1696745700000,TAR015_01,INTRA_FREQUENCY_HO_OUT_ATT,41.0,900,NRCell,Huawei
1696745700000,TAR015_01,INTRA_FREQUENCY_HO_OUT_SUCC,41.0,900,NRCell,Huawei
1696745700000,TAR015_01,RRC_SETUP_ATT,1526.0,900,NRCell,Huawei
1696745700000,TAR015_01,RRC_SETUP_SUCC,1525.0,900,NRCell,Huawei
1696745700000,TAR015_01,S1SIG_Connection_Setup_SR_DEN,1525.0,900,NRCell,Huawei
1696745700000,TAR015_01,S1SIG_Connection_Setup_SR_NUM,1525.0,900,NRCell,Huawei
1696745700000,TAR015_01,SERVICE_LATENCY_OVER_AIR_INTERFACE_DEN,236783.0,900,NRCell,Huawei
1696745700000,TAR015_01,SERVICE_LATENCY_OVER_AIR_INTERFACE_NUM,384583.0,900,NRCell,Huawei
1696745700000,TAR015_01,VOICE_TRAFFIC,9458.0,900,NRCell,Huawei
1696745700000,TAR015_01,VOLTE_CALL_SETUP_ATT,2.0,900,NRCell,Huawei
1696745700000,TAR015_01,VOLTE_CALL_SETUP_SUCC,2.0,900,NRCell,Huawei
1696745700000,TOL034_01,DCR_DEN,111.0,900,NRCell,Huawei
1696745700000,TOL034_01,DCR_NUM,1.0,900,NRCell,Huawei
1696745700000,TOL034_01,DROP_CALL_VOLTE_DEN,1.0,900,NRCell,Huawei
1696745700000,TOL034_01,DROP_CALL_VOLTE_NUM,0.0,900,NRCell,Huawei
1696745700000,TOL034_01,ERAB_SR_DEN,110.0,900,NRCell,Huawei
1696745700000,TOL034_01,ERAB_SR_NUM,110.0,900,NRCell,Huawei
1696745700000,TOL034_01,INTEGRITY_NGBR_QCI_9,1657609608.0,900,NRCell,Huawei
1696745700000,TOL034_01,INTRA_FREQUENCY_HO_OUT_ATT,4.0,900,NRCell,Huawei
1696745700000,TOL034_01,INTRA_FREQUENCY_HO_OUT_SUCC,4.0,900,NRCell,Huawei
1696745700000,TOL034_01,RRC_SETUP_ATT,76.0,900,NRCell,Huawei
1696745700000,TOL034_01,RRC_SETUP_SUCC,76.0,900,NRCell,Huawei
1696745700000,TOL034_01,S1SIG_Connection_Setup_SR_DEN,76.0,900,NRCell,Huawei
1696745700000,TOL034_01,S1SIG_Connection_Setup_SR_NUM,76.0,900,NRCell,Huawei
1696745700000,TOL034_01,SERVICE_LATENCY_OVER_AIR_INTERFACE_DEN,19298.0,900,NRCell,Huawei
1696745700000,TOL034_01,SERVICE_LATENCY_OVER_AIR_INTERFACE_NUM,47273.0,900,NRCell,Huawei
1696745700000,TOL034_01,VOICE_TRAFFIC,477.0,900,NRCell,Huawei
1696745700000,TOL034_01,VOLTE_CALL_SETUP_ATT,1.0,900,NRCell,Huawei
1696745700000,TOL034_01,VOLTE_CALL_SETUP_SUCC,1.0,900,NRCell,Huawei
1696745700000,VAL002_01,DCR_DEN,23.0,900,NRCell,Huawei
1696745700000,VAL002_01,DCR_NUM,0.0,900,NRCell,Huawei
1696745700000,VAL002_01,DROP_CALL_VOLTE_DEN,1.0,900,NRCell,Huawei
1696745700000,VAL002_01,DROP_CALL_VOLTE_NUM,0.0,900,NRCell,Huawei
1696745700000,VAL002_01,ERAB_SR_DEN,11.0,900,NRCell,Huawei
1696745700000,VAL002_01,ERAB_SR_NUM,11.0,900,NRCell,Huawei
1696745700000,VAL002_01,INTEGRITY_NGBR_QCI_9,560787680.0,900,NRCell,Huawei
1696745700000,VAL002_01,INTRA_FREQUENCY_HO_OUT_ATT,0.0,900,NRCell,Huawei
1696745700000,VAL002_01,INTRA_FREQUENCY_HO_OUT_SUCC,0.0,900,NRCell,Huawei
1696745700000,VAL002_01,RRC_SETUP_ATT,11.0,900,NRCell,Huawei
1696745700000,VAL002_01,RRC_SETUP_SUCC,10.0,900,NRCell,Huawei
1696745700000,VAL002_01,S1SIG_Connection_Setup_SR_DEN,10.0,900,NRCell,Huawei
1696745700000,VAL002_01,S1SIG_Connection_Setup_SR_NUM,10.0,900,NRCell,Huawei
1696745700000,VAL002_01,SERVICE_LATENCY_OVER_AIR_INTERFACE_DEN,5174.0,900,NRCell,Huawei
1696745700000,VAL002_01,SERVICE_LATENCY_OVER_AIR_INTERFACE_NUM,14481.0,900,NRCell,Huawei
1696745700000,VAL002_01,VOICE_TRAFFIC,840.0,900,NRCell,Huawei
1696745700000,VAL002_01,VOLTE_CALL_SETUP_ATT,0.0,900,NRCell,Huawei
1696745700000,VAL002_01,VOLTE_CALL_SETUP_SUCC,0.0,900,NRCell,Huawei
