startTime,neId,counterCode,counterValue,granularity,neType,vendorName
1696853700000,BCN014_01,DCR_DEN,1118.0,900,NRCell,Huawei
1696853700000,BCN014_01,DCR_NUM,0.0,900,NRCell,Huawei
1696853700000,BCN014_01,DROP_CALL_VOLTE_DEN,0.0,900,NRCell,Huawei
1696853700000,BCN014_01,DROP_CALL_VOLTE_NUM,0.0,900,NRCell,Huawei
1696853700000,BCN014_01,ERAB_SR_DEN,1100.0,900,NRCell,Huawei
1696853700000,BCN014_01,ERAB_SR_NUM,1100.0,900,NRCell,Huawei
1696853700000,BCN014_01,INTEGRITY_NGBR_QCI_9,4035456840.0,900,NRCell,Huawei
1696853700000,BCN014_01,INTRA_FREQUENCY_HO_OUT_ATT,76.0,900,NRCell,Huawei
1696853700000,BCN014_01,INTRA_FREQUENCY_HO_OUT_SUCC,76.0,900,NRCell,Huawei
1696853700000,BCN014_01,RRC_SETUP_ATT,730.0,900,NRCell,Huawei
1696853700000,BCN014_01,RRC_SETUP_SUCC,730.0,900,NRCell,Huawei
1696853700000,BCN014_01,S1SIG_Connection_Setup_SR_DEN,730.0,900,NRCell,Huawei
1696853700000,BCN014_01,S1SIG_Connection_Setup_SR_NUM,730.0,900,NRCell,Huawei
1696853700000,BCN014_01,SERVICE_LATENCY_OVER_AIR_INTERFACE_DEN,89951.0,900,NRCell,Huawei
1696853700000,BCN014_01,SERVICE_LATENCY_OVER_AIR_INTERFACE_NUM,128943.0,900,NRCell,Huawei
1696853700000,BCN014_01,VOICE_TRAFFIC,3028.0,900,NRCell,Huawei
1696853700000,BCN014_01,VOLTE_CALL_SETUP_ATT,1.0,900,NRCell,Huawei
1696853700000,BCN014_01,VOLTE_CALL_SETUP_SUCC,1.0,900,NRCell,Huawei
1696853700000,BIL001_01,DCR_DEN,1171.0,900,NRCell,Huawei
1696853700000,BIL001_01,DCR_NUM,0.0,900,NRCell,Huawei
1696853700000,BIL001_01,DROP_CALL_VOLTE_DEN,1.0,900,NRCell,Huawei
1696853700000,BIL001_01,DROP_CALL_VOLTE_NUM,0.0,900,NRCell,Huawei
1696853700000,BIL001_01,ERAB_SR_DEN,1175.0,900,NRCell,Huawei
1696853700000,BIL001_01,ERAB_SR_NUM,1175.0,900,NRCell,Huawei
1696853700000,BIL001_01,INTEGRITY_NGBR_QCI_9,3516845448.0,900,NRCell,Huawei
1696853700000,BIL001_01,INTRA_FREQUENCY_HO_OUT_ATT,60.0,900,NRCell,Huawei
1696853700000,BIL001_01,INTRA_FREQUENCY_HO_OUT_SUCC,60.0,900,NRCell,Huawei
1696853700000,BIL001_01,RRC_SETUP_ATT,776.0,900,NRCell,Huawei
1696853700000,BIL001_01,RRC_SETUP_SUCC,776.0,900,NRCell,Huawei
1696853700000,BIL001_01,S1SIG_Connection_Setup_SR_DEN,776.0,900,NRCell,Huawei
1696853700000,BIL001_01,S1SIG_Connection_Setup_SR_NUM,776.0,900,NRCell,Huawei
1696853700000,BIL001_01,SERVICE_LATENCY_OVER_AIR_INTERFACE_DEN,146039.0,900,NRCell,Huawei
1696853700000,BIL001_01,SERVICE_LATENCY_OVER_AIR_INTERFACE_NUM,176351.0,900,NRCell,Huawei
1696853700000,BIL001_01,VOICE_TRAFFIC,2392.0,900,NRCell,Huawei
1696853700000,BIL001_01,VOLTE_CALL_SETUP_ATT,2.0,900,NRCell,Huawei
1696853700000,BIL001_01,VOLTE_CALL_SETUP_SUCC,2.0,900,NRCell,Huawei
1696853700000,MAD033_01,DCR_DEN,831.0,900,NRCell,Huawei
1696853700000,MAD033_01,DCR_NUM,0.0,900,NRCell,Huawei
1696853700000,MAD033_01,DROP_CALL_VOLTE_DEN,2.0,900,NRCell,Huawei
1696853700000,MAD033_01,DROP_CALL_VOLTE_NUM,0.0,900,NRCell,Huawei
1696853700000,MAD033_01,ERAB_SR_DEN,838.0,900,NRCell,Huawei
1696853700000,MAD033_01,ERAB_SR_NUM,838.0,900,NRCell,Huawei
1696853700000,MAD033_01,INTEGRITY_NGBR_QCI_9,1671713472.0,900,NRCell,Huawei
1696853700000,MAD033_01,INTRA_FREQUENCY_HO_OUT_ATT,18.0,900,NRCell,Huawei
1696853700000,MAD033_01,INTRA_FREQUENCY_HO_OUT_SUCC,18.0,900,NRCell,Huawei
1696853700000,MAD033_01,RRC_SETUP_ATT,506.0,900,NRCell,Huawei
1696853700000,MAD033_01,RRC_SETUP_SUCC,506.0,900,NRCell,Huawei
1696853700000,MAD033_01,S1SIG_Connection_Setup_SR_DEN,506.0,900,NRCell,Huawei
1696853700000,MAD033_01,S1SIG_Connection_Setup_SR_NUM,506.0,900,NRCell,Huawei
1696853700000,MAD033_01,SERVICE_LATENCY_OVER_AIR_INTERFACE_DEN,77610.0,900,NRCell,Huawei
1696853700000,MAD033_01,SERVICE_LATENCY_OVER_AIR_INTERFACE_NUM,80556.0,900,NRCell,Huawei
1696853700000,MAD033_01,VOICE_TRAFFIC,1174.0,900,NRCell,Huawei
1696853700000,MAD033_01,VOLTE_CALL_SETUP_ATT,3.0,900,NRCell,Huawei
1696853700000,MAD033_01,VOLTE_CALL_SETUP_SUCC,3.0,900,NRCell,Huawei
1696853700000,SAL030_01,DCR_DEN,99.0,900,NRCell,Huawei
1696853700000,SAL030_01,DCR_NUM,0.0,900,NRCell,Huawei
1696853700000,SAL030_01,DROP_CALL_VOLTE_DEN,0.0,900,NRCell,Huawei
1696853700000,SAL030_01,DROP_CALL_VOLTE_NUM,0.0,900,NRCell,Huawei
1696853700000,SAL030_01,ERAB_SR_DEN,96.0,900,NRCell,Huawei
1696853700000,SAL030_01,ERAB_SR_NUM,96.0,900,NRCell,Huawei
1696853700000,SAL030_01,INTEGRITY_NGBR_QCI_9,17251720.0,900,NRCell,Huawei
1696853700000,SAL030_01,INTRA_FREQUENCY_HO_OUT_ATT,5.0,900,NRCell,Huawei
1696853700000,SAL030_01,INTRA_FREQUENCY_HO_OUT_SUCC,5.0,900,NRCell,Huawei
1696853700000,SAL030_01,RRC_SETUP_ATT,57.0,900,NRCell,Huawei
1696853700000,SAL030_01,RRC_SETUP_SUCC,57.0,900,NRCell,Huawei
1696853700000,SAL030_01,S1SIG_Connection_Setup_SR_DEN,57.0,900,NRCell,Huawei
1696853700000,SAL030_01,S1SIG_Connection_Setup_SR_NUM,57.0,900,NRCell,Huawei
1696853700000,SAL030_01,SERVICE_LATENCY_OVER_AIR_INTERFACE_DEN,5743.0,900,NRCell,Huawei
1696853700000,SAL030_01,SERVICE_LATENCY_OVER_AIR_INTERFACE_NUM,7324.0,900,NRCell,Huawei
1696853700000,SAL030_01,VOICE_TRAFFIC,151.0,900,NRCell,Huawei
1696853700000,SAL030_01,VOLTE_CALL_SETUP_ATT,0.0,900,NRCell,Huawei
1696853700000,SAL030_01,VOLTE_CALL_SETUP_SUCC,0.0,900,NRCell,Huawei
1696853700000,SEV001_01,DCR_DEN,2073.0,900,NRCell,Huawei
1696853700000,SEV001_01,DCR_NUM,2.0,900,NRCell,Huawei
1696853700000,SEV001_01,DROP_CALL_VOLTE_DEN,5.0,900,NRCell,Huawei
1696853700000,SEV001_01,DROP_CALL_VOLTE_NUM,0.0,900,NRCell,Huawei
1696853700000,SEV001_01,ERAB_SR_DEN,2105.0,900,NRCell,Huawei
1696853700000,SEV001_01,ERAB_SR_NUM,2104.0,900,NRCell,Huawei
1696853700000,SEV001_01,INTEGRITY_NGBR_QCI_9,3204163328.0,900,NRCell,Huawei
1696853700000,SEV001_01,INTRA_FREQUENCY_HO_OUT_ATT,73.0,900,NRCell,Huawei
1696853700000,SEV001_01,INTRA_FREQUENCY_HO_OUT_SUCC,73.0,900,NRCell,Huawei
1696853700000,SEV001_01,RRC_SETUP_ATT,1257.0,900,NRCell,Huawei
1696853700000,SEV001_01,RRC_SETUP_SUCC,1255.0,900,NRCell,Huawei
1696853700000,SEV001_01,S1SIG_Connection_Setup_SR_DEN,1255.0,900,NRCell,Huawei
1696853700000,SEV001_01,S1SIG_Connection_Setup_SR_NUM,1255.0,900,NRCell,Huawei
1696853700000,SEV001_01,SERVICE_LATENCY_OVER_AIR_INTERFACE_DEN,165274.0,900,NRCell,Huawei
1696853700000,SEV001_01,SERVICE_LATENCY_OVER_AIR_INTERFACE_NUM,243956.0,900,NRCell,Huawei
1696853700000,SEV001_01,VOICE_TRAFFIC,5451.0,900,NRCell,Huawei
1696853700000,SEV001_01,VOLTE_CALL_SETUP_ATT,6.0,900,NRCell,Huawei
1696853700000,SEV001_01,VOLTE_CALL_SETUP_SUCC,6.0,900,NRCell,Huawei
1696853700000,SNT002_01,DCR_DEN,837.0,900,NRCell,Huawei
1696853700000,SNT002_01,DCR_NUM,0.0,900,NRCell,Huawei
1696853700000,SNT002_01,DROP_CALL_VOLTE_DEN,1.0,900,NRCell,Huawei
1696853700000,SNT002_01,DROP_CALL_VOLTE_NUM,0.0,900,NRCell,Huawei
1696853700000,SNT002_01,ERAB_SR_DEN,841.0,900,NRCell,Huawei
1696853700000,SNT002_01,ERAB_SR_NUM,841.0,900,NRCell,Huawei
1696853700000,SNT002_01,INTEGRITY_NGBR_QCI_9,846589584.0,900,NRCell,Huawei
1696853700000,SNT002_01,INTRA_FREQUENCY_HO_OUT_ATT,24.0,900,NRCell,Huawei
1696853700000,SNT002_01,INTRA_FREQUENCY_HO_OUT_SUCC,24.0,900,NRCell,Huawei
1696853700000,SNT002_01,RRC_SETUP_ATT,485.0,900,NRCell,Huawei
1696853700000,SNT002_01,RRC_SETUP_SUCC,485.0,900,NRCell,Huawei
1696853700000,SNT002_01,S1SIG_Connection_Setup_SR_DEN,485.0,900,NRCell,Huawei
1696853700000,SNT002_01,S1SIG_Connection_Setup_SR_NUM,485.0,900,NRCell,Huawei
1696853700000,SNT002_01,SERVICE_LATENCY_OVER_AIR_INTERFACE_DEN,19899.0,900,NRCell,Huawei
1696853700000,SNT002_01,SERVICE_LATENCY_OVER_AIR_INTERFACE_NUM,24087.0,900,NRCell,Huawei
1696853700000,SNT002_01,VOICE_TRAFFIC,151.0,900,NRCell,Huawei
1696853700000,SNT002_01,VOLTE_CALL_SETUP_ATT,2.0,900,NRCell,Huawei
1696853700000,SNT002_01,VOLTE_CALL_SETUP_SUCC,2.0,900,NRCell,Huawei
1696853700000,TAR015_01,DCR_DEN,2449.0,900,NRCell,Huawei
1696853700000,TAR015_01,DCR_NUM,0.0,900,NRCell,Huawei
1696853700000,TAR015_01,DROP_CALL_VOLTE_DEN,4.0,900,NRCell,Huawei
1696853700000,TAR015_01,DROP_CALL_VOLTE_NUM,0.0,900,NRCell,Huawei
1696853700000,TAR015_01,ERAB_SR_DEN,2450.0,900,NRCell,Huawei
1696853700000,TAR015_01,ERAB_SR_NUM,2450.0,900,NRCell,Huawei
1696853700000,TAR015_01,INTEGRITY_NGBR_QCI_9,7814492568.0,900,NRCell,Huawei
1696853700000,TAR015_01,INTRA_FREQUENCY_HO_OUT_ATT,83.0,900,NRCell,Huawei
1696853700000,TAR015_01,INTRA_FREQUENCY_HO_OUT_SUCC,83.0,900,NRCell,Huawei
1696853700000,TAR015_01,RRC_SETUP_ATT,1440.0,900,NRCell,Huawei
1696853700000,TAR015_01,RRC_SETUP_SUCC,1439.0,900,NRCell,Huawei
1696853700000,TAR015_01,S1SIG_Connection_Setup_SR_DEN,1439.0,900,NRCell,Huawei
1696853700000,TAR015_01,S1SIG_Connection_Setup_SR_NUM,1439.0,900,NRCell,Huawei
1696853700000,TAR015_01,SERVICE_LATENCY_OVER_AIR_INTERFACE_DEN,184670.0,900,NRCell,Huawei
1696853700000,TAR015_01,SERVICE_LATENCY_OVER_AIR_INTERFACE_NUM,224493.0,900,NRCell,Huawei
1696853700000,TAR015_01,VOICE_TRAFFIC,2787.0,900,NRCell,Huawei
1696853700000,TAR015_01,VOLTE_CALL_SETUP_ATT,6.0,900,NRCell,Huawei
1696853700000,TAR015_01,VOLTE_CALL_SETUP_SUCC,6.0,900,NRCell,Huawei
1696853700000,TOL034_01,DCR_DEN,27.0,900,NRCell,Huawei
1696853700000,TOL034_01,DCR_NUM,0.0,900,NRCell,Huawei
1696853700000,TOL034_01,DROP_CALL_VOLTE_DEN,0.0,900,NRCell,Huawei
1696853700000,TOL034_01,DROP_CALL_VOLTE_NUM,0.0,900,NRCell,Huawei
1696853700000,TOL034_01,ERAB_SR_DEN,30.0,900,NRCell,Huawei
1696853700000,TOL034_01,ERAB_SR_NUM,28.0,900,NRCell,Huawei
1696853700000,TOL034_01,INTEGRITY_NGBR_QCI_9,35939672.0,900,NRCell,Huawei
1696853700000,TOL034_01,INTRA_FREQUENCY_HO_OUT_ATT,4.0,900,NRCell,Huawei
1696853700000,TOL034_01,INTRA_FREQUENCY_HO_OUT_SUCC,4.0,900,NRCell,Huawei
1696853700000,TOL034_01,RRC_SETUP_ATT,33.0,900,NRCell,Huawei
1696853700000,TOL034_01,RRC_SETUP_SUCC,33.0,900,NRCell,Huawei
1696853700000,TOL034_01,S1SIG_Connection_Setup_SR_DEN,33.0,900,NRCell,Huawei
1696853700000,TOL034_01,S1SIG_Connection_Setup_SR_NUM,33.0,900,NRCell,Huawei
1696853700000,TOL034_01,SERVICE_LATENCY_OVER_AIR_INTERFACE_DEN,1386.0,900,NRCell,Huawei
1696853700000,TOL034_01,SERVICE_LATENCY_OVER_AIR_INTERFACE_NUM,1544.0,900,NRCell,Huawei
1696853700000,TOL034_01,VOICE_TRAFFIC,0.0,900,NRCell,Huawei
1696853700000,TOL034_01,VOLTE_CALL_SETUP_ATT,0.0,900,NRCell,Huawei
1696853700000,TOL034_01,VOLTE_CALL_SETUP_SUCC,0.0,900,NRCell,Huawei
1696853700000,VAL002_01,DCR_DEN,19.0,900,NRCell,Huawei
1696853700000,VAL002_01,DCR_NUM,0.0,900,NRCell,Huawei
1696853700000,VAL002_01,DROP_CALL_VOLTE_DEN,0.0,900,NRCell,Huawei
1696853700000,VAL002_01,DROP_CALL_VOLTE_NUM,0.0,900,NRCell,Huawei
1696853700000,VAL002_01,ERAB_SR_DEN,16.0,900,NRCell,Huawei
1696853700000,VAL002_01,ERAB_SR_NUM,16.0,900,NRCell,Huawei
1696853700000,VAL002_01,INTEGRITY_NGBR_QCI_9,19633672.0,900,NRCell,Huawei
1696853700000,VAL002_01,INTRA_FREQUENCY_HO_OUT_ATT,1.0,900,NRCell,Huawei
1696853700000,VAL002_01,INTRA_FREQUENCY_HO_OUT_SUCC,1.0,900,NRCell,Huawei
1696853700000,VAL002_01,RRC_SETUP_ATT,13.0,900,NRCell,Huawei
1696853700000,VAL002_01,RRC_SETUP_SUCC,13.0,900,NRCell,Huawei
1696853700000,VAL002_01,S1SIG_Connection_Setup_SR_DEN,13.0,900,NRCell,Huawei
1696853700000,VAL002_01,S1SIG_Connection_Setup_SR_NUM,13.0,900,NRCell,Huawei
1696853700000,VAL002_01,SERVICE_LATENCY_OVER_AIR_INTERFACE_DEN,1677.0,900,NRCell,Huawei
1696853700000,VAL002_01,SERVICE_LATENCY_OVER_AIR_INTERFACE_NUM,2489.0,900,NRCell,Huawei
1696853700000,VAL002_01,VOICE_TRAFFIC,0.0,900,NRCell,Huawei
1696853700000,VAL002_01,VOLTE_CALL_SETUP_ATT,0.0,900,NRCell,Huawei
1696853700000,VAL002_01,VOLTE_CALL_SETUP_SUCC,0.0,900,NRCell,Huawei
