startTime,neId,counterCode,counterValue,granularity,neType,vendorName
1696580100000,BCN014_01,DCR_DEN,914.0,900,NRCell,Huawei
1696580100000,BCN014_01,DCR_NUM,0.0,900,NRCell,Huawei
1696580100000,BCN014_01,DROP_CALL_VOLTE_DEN,0.0,900,NRCell,Huawei
1696580100000,BCN014_01,DROP_CALL_VOLTE_NUM,0.0,900,NRCell,Huawei
1696580100000,BCN014_01,ERAB_SR_DEN,908.0,900,NRCell,Huawei
1696580100000,BCN014_01,ERAB_SR_NUM,908.0,900,NRCell,Huawei
1696580100000,BCN014_01,INTEGRITY_NGBR_QCI_9,3502910216.0,900,NRCell,Huawei
1696580100000,BCN014_01,INTRA_FREQUENCY_HO_OUT_ATT,14.0,900,NRCell,Huawei
1696580100000,BCN014_01,INTRA_FREQUENCY_HO_OUT_SUCC,14.0,900,NRCell,Huawei
1696580100000,BCN014_01,RRC_SETUP_ATT,583.0,900,NRCell,Huawei
1696580100000,BCN014_01,RRC_SETUP_SUCC,582.0,900,NRCell,Huawei
1696580100000,BCN014_01,S1SIG_Connection_Setup_SR_DEN,582.0,900,NRCell,Huawei
1696580100000,BCN014_01,S1SIG_Connection_Setup_SR_NUM,582.0,900,NRCell,Huawei
1696580100000,BCN014_01,SERVICE_LATENCY_OVER_AIR_INTERFACE_DEN,280468.0,900,NRCell,Huawei
1696580100000,BCN014_01,SERVICE_LATENCY_OVER_AIR_INTERFACE_NUM,302425.0,900,NRCell,Huawei
1696580100000,BCN014_01,VOICE_TRAFFIC,0.0,900,NRCell,Huawei
1696580100000,BCN014_01,VOLTE_CALL_SETUP_ATT,0.0,900,NRCell,Huawei
1696580100000,BCN014_01,VOLTE_CALL_SETUP_SUCC,0.0,900,NRCell,Huawei
1696580100000,BIL001_01,DCR_DEN,743.0,900,NRCell,Huawei
1696580100000,BIL001_01,DCR_NUM,0.0,900,NRCell,Huawei
1696580100000,BIL001_01,DROP_CALL_VOLTE_DEN,0.0,900,NRCell,Huawei
1696580100000,BIL001_01,DROP_CALL_VOLTE_NUM,0.0,900,NRCell,Huawei
1696580100000,BIL001_01,ERAB_SR_DEN,740.0,900,NRCell,Huawei
1696580100000,BIL001_01,ERAB_SR_NUM,740.0,900,NRCell,Huawei
1696580100000,BIL001_01,INTEGRITY_NGBR_QCI_9,2110461616.0,900,NRCell,Huawei
1696580100000,BIL001_01,INTRA_FREQUENCY_HO_OUT_ATT,10.0,900,NRCell,Huawei
1696580100000,BIL001_01,INTRA_FREQUENCY_HO_OUT_SUCC,10.0,900,NRCell,Huawei
1696580100000,BIL001_01,RRC_SETUP_ATT,513.0,900,NRCell,Huawei
1696580100000,BIL001_01,RRC_SETUP_SUCC,513.0,900,NRCell,Huawei
1696580100000,BIL001_01,S1SIG_Connection_Setup_SR_DEN,513.0,900,NRCell,Huawei
1696580100000,BIL001_01,S1SIG_Connection_Setup_SR_NUM,513.0,900,NRCell,Huawei
1696580100000,BIL001_01,SERVICE_LATENCY_OVER_AIR_INTERFACE_DEN,50169.0,900,NRCell,Huawei
1696580100000,BIL001_01,SERVICE_LATENCY_OVER_AIR_INTERFACE_NUM,62855.0,900,NRCell,Huawei
1696580100000,BIL001_01,VOICE_TRAFFIC,0.0,900,NRCell,Huawei
1696580100000,BIL001_01,VOLTE_CALL_SETUP_ATT,0.0,900,NRCell,Huawei
1696580100000,BIL001_01,VOLTE_CALL_SETUP_SUCC,0.0,900,NRCell,Huawei
1696580100000,MAD033_01,DCR_DEN,502.0,900,NRCell,Huawei
1696580100000,MAD033_01,DCR_NUM,0.0,900,NRCell,Huawei
1696580100000,MAD033_01,DROP_CALL_VOLTE_DEN,0.0,900,NRCell,Huawei
1696580100000,MAD033_01,DROP_CALL_VOLTE_NUM,0.0,900,NRCell,Huawei
1696580100000,MAD033_01,ERAB_SR_DEN,498.0,900,NRCell,Huawei
1696580100000,MAD033_01,ERAB_SR_NUM,498.0,900,NRCell,Huawei
1696580100000,MAD033_01,INTEGRITY_NGBR_QCI_9,1712946472.0,900,NRCell,Huawei
1696580100000,MAD033_01,INTRA_FREQUENCY_HO_OUT_ATT,6.0,900,NRCell,Huawei
1696580100000,MAD033_01,INTRA_FREQUENCY_HO_OUT_SUCC,6.0,900,NRCell,Huawei
1696580100000,MAD033_01,RRC_SETUP_ATT,295.0,900,NRCell,Huawei
1696580100000,MAD033_01,RRC_SETUP_SUCC,295.0,900,NRCell,Huawei
1696580100000,MAD033_01,S1SIG_Connection_Setup_SR_DEN,295.0,900,NRCell,Huawei
1696580100000,MAD033_01,S1SIG_Connection_Setup_SR_NUM,295.0,900,NRCell,Huawei
1696580100000,MAD033_01,SERVICE_LATENCY_OVER_AIR_INTERFACE_DEN,22781.0,900,NRCell,Huawei
1696580100000,MAD033_01,SERVICE_LATENCY_OVER_AIR_INTERFACE_NUM,27796.0,900,NRCell,Huawei
1696580100000,MAD033_01,VOICE_TRAFFIC,0.0,900,NRCell,Huawei
1696580100000,MAD033_01,VOLTE_CALL_SETUP_ATT,0.0,900,NRCell,Huawei
1696580100000,MAD033_01,VOLTE_CALL_SETUP_SUCC,0.0,900,NRCell,Huawei
1696580100000,SAL030_01,DCR_DEN,164.0,900,NRCell,Huawei
1696580100000,SAL030_01,DCR_NUM,0.0,900,NRCell,Huawei
1696580100000,SAL030_01,DROP_CALL_VOLTE_DEN,0.0,900,NRCell,Huawei
1696580100000,SAL030_01,DROP_CALL_VOLTE_NUM,0.0,900,NRCell,Huawei
1696580100000,SAL030_01,ERAB_SR_DEN,166.0,900,NRCell,Huawei
1696580100000,SAL030_01,ERAB_SR_NUM,166.0,900,NRCell,Huawei
1696580100000,SAL030_01,INTEGRITY_NGBR_QCI_9,510438912.0,900,NRCell,Huawei
1696580100000,SAL030_01,INTRA_FREQUENCY_HO_OUT_ATT,2.0,900,NRCell,Huawei
1696580100000,SAL030_01,INTRA_FREQUENCY_HO_OUT_SUCC,2.0,900,NRCell,Huawei
1696580100000,SAL030_01,RRC_SETUP_ATT,91.0,900,NRCell,Huawei
1696580100000,SAL030_01,RRC_SETUP_SUCC,91.0,900,NRCell,Huawei
1696580100000,SAL030_01,S1SIG_Connection_Setup_SR_DEN,91.0,900,NRCell,Huawei
1696580100000,SAL030_01,S1SIG_Connection_Setup_SR_NUM,91.0,900,NRCell,Huawei
1696580100000,SAL030_01,SERVICE_LATENCY_OVER_AIR_INTERFACE_DEN,7547.0,900,NRCell,Huawei
1696580100000,SAL030_01,SERVICE_LATENCY_OVER_AIR_INTERFACE_NUM,8529.0,900,NRCell,Huawei
1696580100000,SAL030_01,VOICE_TRAFFIC,672.0,900,NRCell,Huawei
1696580100000,SAL030_01,VOLTE_CALL_SETUP_ATT,0.0,900,NRCell,Huawei
1696580100000,SAL030_01,VOLTE_CALL_SETUP_SUCC,0.0,900,NRCell,Huawei
1696580100000,SEV001_01,DCR_DEN,1748.0,900,NRCell,Huawei
1696580100000,SEV001_01,DCR_NUM,0.0,900,NRCell,Huawei
1696580100000,SEV001_01,DROP_CALL_VOLTE_DEN,0.0,900,NRCell,Huawei
1696580100000,SEV001_01,DROP_CALL_VOLTE_NUM,0.0,900,NRCell,Huawei
1696580100000,SEV001_01,ERAB_SR_DEN,1740.0,900,NRCell,Huawei
1696580100000,SEV001_01,ERAB_SR_NUM,1740.0,900,NRCell,Huawei
1696580100000,SEV001_01,INTEGRITY_NGBR_QCI_9,6107425848.0,900,NRCell,Huawei
1696580100000,SEV001_01,INTRA_FREQUENCY_HO_OUT_ATT,6.0,900,NRCell,Huawei
1696580100000,SEV001_01,INTRA_FREQUENCY_HO_OUT_SUCC,6.0,900,NRCell,Huawei
1696580100000,SEV001_01,RRC_SETUP_ATT,1015.0,900,NRCell,Huawei
1696580100000,SEV001_01,RRC_SETUP_SUCC,1014.0,900,NRCell,Huawei
1696580100000,SEV001_01,S1SIG_Connection_Setup_SR_DEN,1014.0,900,NRCell,Huawei
1696580100000,SEV001_01,S1SIG_Connection_Setup_SR_NUM,1014.0,900,NRCell,Huawei
1696580100000,SEV001_01,SERVICE_LATENCY_OVER_AIR_INTERFACE_DEN,102081.0,900,NRCell,Huawei
1696580100000,SEV001_01,SERVICE_LATENCY_OVER_AIR_INTERFACE_NUM,121914.0,900,NRCell,Huawei
1696580100000,SEV001_01,VOICE_TRAFFIC,0.0,900,NRCell,Huawei
1696580100000,SEV001_01,VOLTE_CALL_SETUP_ATT,0.0,900,NRCell,Huawei
1696580100000,SEV001_01,VOLTE_CALL_SETUP_SUCC,0.0,900,NRCell,Huawei
1696580100000,SNT002_01,DCR_DEN,491.0,900,NRCell,Huawei
1696580100000,SNT002_01,DCR_NUM,0.0,900,NRCell,Huawei
1696580100000,SNT002_01,DROP_CALL_VOLTE_DEN,0.0,900,NRCell,Huawei
1696580100000,SNT002_01,DROP_CALL_VOLTE_NUM,0.0,900,NRCell,Huawei
1696580100000,SNT002_01,ERAB_SR_DEN,495.0,900,NRCell,Huawei
1696580100000,SNT002_01,ERAB_SR_NUM,495.0,900,NRCell,Huawei
1696580100000,SNT002_01,INTEGRITY_NGBR_QCI_9,1855227864.0,900,NRCell,Huawei
1696580100000,SNT002_01,INTRA_FREQUENCY_HO_OUT_ATT,4.0,900,NRCell,Huawei
1696580100000,SNT002_01,INTRA_FREQUENCY_HO_OUT_SUCC,4.0,900,NRCell,Huawei
1696580100000,SNT002_01,RRC_SETUP_ATT,312.0,900,NRCell,Huawei
1696580100000,SNT002_01,RRC_SETUP_SUCC,312.0,900,NRCell,Huawei
1696580100000,SNT002_01,S1SIG_Connection_Setup_SR_DEN,312.0,900,NRCell,Huawei
1696580100000,SNT002_01,S1SIG_Connection_Setup_SR_NUM,312.0,900,NRCell,Huawei
1696580100000,SNT002_01,SERVICE_LATENCY_OVER_AIR_INTERFACE_DEN,52264.0,900,NRCell,Huawei
1696580100000,SNT002_01,SERVICE_LATENCY_OVER_AIR_INTERFACE_NUM,54670.0,900,NRCell,Huawei
1696580100000,SNT002_01,VOICE_TRAFFIC,0.0,900,NRCell,Huawei
1696580100000,SNT002_01,VOLTE_CALL_SETUP_ATT,0.0,900,NRCell,Huawei
1696580100000,SNT002_01,VOLTE_CALL_SETUP_SUCC,0.0,900,NRCell,Huawei
1696580100000,TAR015_01,DCR_DEN,2399.0,900,NRCell,Huawei
1696580100000,TAR015_01,DCR_NUM,0.0,900,NRCell,Huawei
1696580100000,TAR015_01,DROP_CALL_VOLTE_DEN,3.0,900,NRCell,Huawei
1696580100000,TAR015_01,DROP_CALL_VOLTE_NUM,0.0,900,NRCell,Huawei
1696580100000,TAR015_01,ERAB_SR_DEN,2392.0,900,NRCell,Huawei
1696580100000,TAR015_01,ERAB_SR_NUM,2392.0,900,NRCell,Huawei
1696580100000,TAR015_01,INTEGRITY_NGBR_QCI_9,4187086176.0,900,NRCell,Huawei
1696580100000,TAR015_01,INTRA_FREQUENCY_HO_OUT_ATT,13.0,900,NRCell,Huawei
1696580100000,TAR015_01,INTRA_FREQUENCY_HO_OUT_SUCC,13.0,900,NRCell,Huawei
1696580100000,TAR015_01,RRC_SETUP_ATT,1309.0,900,NRCell,Huawei
1696580100000,TAR015_01,RRC_SETUP_SUCC,1309.0,900,NRCell,Huawei
1696580100000,TAR015_01,S1SIG_Connection_Setup_SR_DEN,1309.0,900,NRCell,Huawei
1696580100000,TAR015_01,S1SIG_Connection_Setup_SR_NUM,1309.0,900,NRCell,Huawei
1696580100000,TAR015_01,SERVICE_LATENCY_OVER_AIR_INTERFACE_DEN,79203.0,900,NRCell,Huawei
1696580100000,TAR015_01,SERVICE_LATENCY_OVER_AIR_INTERFACE_NUM,89959.0,900,NRCell,Huawei
1696580100000,TAR015_01,VOICE_TRAFFIC,481.0,900,NRCell,Huawei
1696580100000,TAR015_01,VOLTE_CALL_SETUP_ATT,3.0,900,NRCell,Huawei
1696580100000,TAR015_01,VOLTE_CALL_SETUP_SUCC,3.0,900,NRCell,Huawei
1696580100000,TOL034_01,DCR_DEN,38.0,900,NRCell,Huawei
1696580100000,TOL034_01,DCR_NUM,0.0,900,NRCell,Huawei
1696580100000,TOL034_01,DROP_CALL_VOLTE_DEN,0.0,900,NRCell,Huawei
1696580100000,TOL034_01,DROP_CALL_VOLTE_NUM,0.0,900,NRCell,Huawei
1696580100000,TOL034_01,ERAB_SR_DEN,39.0,900,NRCell,Huawei
1696580100000,TOL034_01,ERAB_SR_NUM,39.0,900,NRCell,Huawei
1696580100000,TOL034_01,INTEGRITY_NGBR_QCI_9,38974640.0,900,NRCell,Huawei
1696580100000,TOL034_01,INTRA_FREQUENCY_HO_OUT_ATT,3.0,900,NRCell,Huawei
1696580100000,TOL034_01,INTRA_FREQUENCY_HO_OUT_SUCC,3.0,900,NRCell,Huawei
1696580100000,TOL034_01,RRC_SETUP_ATT,34.0,900,NRCell,Huawei
1696580100000,TOL034_01,RRC_SETUP_SUCC,34.0,900,NRCell,Huawei
1696580100000,TOL034_01,S1SIG_Connection_Setup_SR_DEN,34.0,900,NRCell,Huawei
1696580100000,TOL034_01,S1SIG_Connection_Setup_SR_NUM,34.0,900,NRCell,Huawei
1696580100000,TOL034_01,SERVICE_LATENCY_OVER_AIR_INTERFACE_DEN,30286.0,900,NRCell,Huawei
1696580100000,TOL034_01,SERVICE_LATENCY_OVER_AIR_INTERFACE_NUM,32906.0,900,NRCell,Huawei
1696580100000,TOL034_01,VOICE_TRAFFIC,4837.0,900,NRCell,Huawei
1696580100000,TOL034_01,VOLTE_CALL_SETUP_ATT,0.0,900,NRCell,Huawei
1696580100000,TOL034_01,VOLTE_CALL_SETUP_SUCC,0.0,900,NRCell,Huawei
1696580100000,VAL002_01,DCR_DEN,63.0,900,NRCell,Huawei
1696580100000,VAL002_01,DCR_NUM,0.0,900,NRCell,Huawei
1696580100000,VAL002_01,DROP_CALL_VOLTE_DEN,0.0,900,NRCell,Huawei
1696580100000,VAL002_01,DROP_CALL_VOLTE_NUM,0.0,900,NRCell,Huawei
1696580100000,VAL002_01,ERAB_SR_DEN,65.0,900,NRCell,Huawei
1696580100000,VAL002_01,ERAB_SR_NUM,65.0,900,NRCell,Huawei
1696580100000,VAL002_01,INTEGRITY_NGBR_QCI_9,24337616.0,900,NRCell,Huawei
1696580100000,VAL002_01,INTRA_FREQUENCY_HO_OUT_ATT,2.0,900,NRCell,Huawei
1696580100000,VAL002_01,INTRA_FREQUENCY_HO_OUT_SUCC,2.0,900,NRCell,Huawei
1696580100000,VAL002_01,RRC_SETUP_ATT,34.0,900,NRCell,Huawei
1696580100000,VAL002_01,RRC_SETUP_SUCC,34.0,900,NRCell,Huawei
1696580100000,VAL002_01,S1SIG_Connection_Setup_SR_DEN,34.0,900,NRCell,Huawei
1696580100000,VAL002_01,S1SIG_Connection_Setup_SR_NUM,34.0,900,NRCell,Huawei
1696580100000,VAL002_01,SERVICE_LATENCY_OVER_AIR_INTERFACE_DEN,1075.0,900,NRCell,Huawei
1696580100000,VAL002_01,SERVICE_LATENCY_OVER_AIR_INTERFACE_NUM,1861.0,900,NRCell,Huawei
1696580100000,VAL002_01,VOICE_TRAFFIC,0.0,900,NRCell,Huawei
1696580100000,VAL002_01,VOLTE_CALL_SETUP_ATT,0.0,900,NRCell,Huawei
1696580100000,VAL002_01,VOLTE_CALL_SETUP_SUCC,0.0,900,NRCell,Huawei
