startTime,neId,counterCode,counterValue,granularity,neType,vendorName
1696897800000,BCN014_01,DCR_DEN,3498.0,900,NRCell,Huawei
1696897800000,BCN014_01,DCR_NUM,3.0,900,NRCell,Huawei
1696897800000,BCN014_01,DROP_CALL_VOLTE_DEN,32.0,900,NRCell,Huawei
1696897800000,BCN014_01,DROP_CALL_VOLTE_NUM,0.0,900,NRCell,Huawei
1696897800000,BCN014_01,ERAB_SR_DEN,3495.0,900,NRCell,Huawei
1696897800000,BCN014_01,ERAB_SR_NUM,3493.0,900,NRCell,Huawei
1696897800000,BCN014_01,INTEGRITY_NGBR_QCI_9,17392973216.0,900,NRCell,Huawei
1696897800000,BCN014_01,INTRA_FREQUENCY_HO_OUT_ATT,239.0,900,NRCell,Huawei
1696897800000,BCN014_01,INTRA_FREQUENCY_HO_OUT_SUCC,239.0,900,NRCell,Huawei
1696897800000,BCN014_01,RRC_SETUP_ATT,1974.0,900,NRCell,Huawei
1696897800000,BCN014_01,RRC_SETUP_SUCC,1965.0,900,NRCell,Huawei
1696897800000,BCN014_01,S1SIG_Connection_Setup_SR_DEN,1965.0,900,NRCell,Huawei
1696897800000,BCN014_01,S1SIG_Connection_Setup_SR_NUM,1963.0,900,NRCell,Huawei
1696897800000,BCN014_01,SERVICE_LATENCY_OVER_AIR_INTERFACE_DEN,552032.0,900,NRCell,Huawei
1696897800000,BCN014_01,SERVICE_LATENCY_OVER_AIR_INTERFACE_NUM,1676839.0,900,NRCell,Huawei
1696897800000,BCN014_01,VOICE_TRAFFIC,52092.0,900,NRCell,Huawei
1696897800000,BCN014_01,VOLTE_CALL_SETUP_ATT,35.0,900,NRCell,Huawei
1696897800000,BCN014_01,VOLTE_CALL_SETUP_SUCC,35.0,900,NRCell,Huawei
1696897800000,BIL001_01,DCR_DEN,2865.0,900,NRCell,Huawei
1696897800000,BIL001_01,DCR_NUM,5.0,900,NRCell,Huawei
1696897800000,BIL001_01,DROP_CALL_VOLTE_DEN,32.0,900,NRCell,Huawei
1696897800000,BIL001_01,DROP_CALL_VOLTE_NUM,0.0,900,NRCell,Huawei
1696897800000,BIL001_01,ERAB_SR_DEN,2851.0,900,NRCell,Huawei
1696897800000,BIL001_01,ERAB_SR_NUM,2847.0,900,NRCell,Huawei
1696897800000,BIL001_01,INTEGRITY_NGBR_QCI_9,15082778064.0,900,NRCell,Huawei
1696897800000,BIL001_01,INTRA_FREQUENCY_HO_OUT_ATT,203.0,900,NRCell,Huawei
1696897800000,BIL001_01,INTRA_FREQUENCY_HO_OUT_SUCC,203.0,900,NRCell,Huawei
1696897800000,BIL001_01,RRC_SETUP_ATT,1686.0,900,NRCell,Huawei
1696897800000,BIL001_01,RRC_SETUP_SUCC,1670.0,900,NRCell,Huawei
1696897800000,BIL001_01,S1SIG_Connection_Setup_SR_DEN,1670.0,900,NRCell,Huawei
1696897800000,BIL001_01,S1SIG_Connection_Setup_SR_NUM,1669.0,900,NRCell,Huawei
1696897800000,BIL001_01,SERVICE_LATENCY_OVER_AIR_INTERFACE_DEN,500521.0,900,NRCell,Huawei
1696897800000,BIL001_01,SERVICE_LATENCY_OVER_AIR_INTERFACE_NUM,962722.0,900,NRCell,Huawei
1696897800000,BIL001_01,VOICE_TRAFFIC,27287.0,900,NRCell,Huawei
1696897800000,BIL001_01,VOLTE_CALL_SETUP_ATT,26.0,900,NRCell,Huawei
1696897800000,BIL001_01,VOLTE_CALL_SETUP_SUCC,26.0,900,NRCell,Huawei
1696897800000,MAD033_01,DCR_DEN,1095.0,900,NRCell,Huawei
1696897800000,MAD033_01,DCR_NUM,3.0,900,NRCell,Huawei
1696897800000,MAD033_01,DROP_CALL_VOLTE_DEN,10.0,900,NRCell,Huawei
1696897800000,MAD033_01,DROP_CALL_VOLTE_NUM,0.0,900,NRCell,Huawei
1696897800000,MAD033_01,ERAB_SR_DEN,1094.0,900,NRCell,Huawei
1696897800000,MAD033_01,ERAB_SR_NUM,1094.0,900,NRCell,Huawei
1696897800000,MAD033_01,INTEGRITY_NGBR_QCI_9,5088718368.0,900,NRCell,Huawei
1696897800000,MAD033_01,INTRA_FREQUENCY_HO_OUT_ATT,108.0,900,NRCell,Huawei
1696897800000,MAD033_01,INTRA_FREQUENCY_HO_OUT_SUCC,108.0,900,NRCell,Huawei
1696897800000,MAD033_01,RRC_SETUP_ATT,637.0,900,NRCell,Huawei
1696897800000,MAD033_01,RRC_SETUP_SUCC,636.0,900,NRCell,Huawei
1696897800000,MAD033_01,S1SIG_Connection_Setup_SR_DEN,636.0,900,NRCell,Huawei
1696897800000,MAD033_01,S1SIG_Connection_Setup_SR_NUM,636.0,900,NRCell,Huawei
1696897800000,MAD033_01,SERVICE_LATENCY_OVER_AIR_INTERFACE_DEN,101030.0,900,NRCell,Huawei
1696897800000,MAD033_01,SERVICE_LATENCY_OVER_AIR_INTERFACE_NUM,153713.0,900,NRCell,Huawei
1696897800000,MAD033_01,VOICE_TRAFFIC,5325.0,900,NRCell,Huawei
1696897800000,MAD033_01,VOLTE_CALL_SETUP_ATT,11.0,900,NRCell,Huawei
1696897800000,MAD033_01,VOLTE_CALL_SETUP_SUCC,11.0,900,NRCell,Huawei
1696897800000,SAL030_01,DCR_DEN,229.0,900,NRCell,Huawei
1696897800000,SAL030_01,DCR_NUM,0.0,900,NRCell,Huawei
1696897800000,SAL030_01,DROP_CALL_VOLTE_DEN,0.0,900,NRCell,Huawei
1696897800000,SAL030_01,DROP_CALL_VOLTE_NUM,0.0,900,NRCell,Huawei
1696897800000,SAL030_01,ERAB_SR_DEN,200.0,900,NRCell,Huawei
1696897800000,SAL030_01,ERAB_SR_NUM,200.0,900,NRCell,Huawei
1696897800000,SAL030_01,INTEGRITY_NGBR_QCI_9,1841068968.0,900,NRCell,Huawei
1696897800000,SAL030_01,INTRA_FREQUENCY_HO_OUT_ATT,3.0,900,NRCell,Huawei
1696897800000,SAL030_01,INTRA_FREQUENCY_HO_OUT_SUCC,3.0,900,NRCell,Huawei
1696897800000,SAL030_01,RRC_SETUP_ATT,124.0,900,NRCell,Huawei
1696897800000,SAL030_01,RRC_SETUP_SUCC,122.0,900,NRCell,Huawei
1696897800000,SAL030_01,S1SIG_Connection_Setup_SR_DEN,122.0,900,NRCell,Huawei
1696897800000,SAL030_01,S1SIG_Connection_Setup_SR_NUM,122.0,900,NRCell,Huawei
1696897800000,SAL030_01,SERVICE_LATENCY_OVER_AIR_INTERFACE_DEN,35910.0,900,NRCell,Huawei
1696897800000,SAL030_01,SERVICE_LATENCY_OVER_AIR_INTERFACE_NUM,57890.0,900,NRCell,Huawei
1696897800000,SAL030_01,VOICE_TRAFFIC,1281.0,900,NRCell,Huawei
1696897800000,SAL030_01,VOLTE_CALL_SETUP_ATT,1.0,900,NRCell,Huawei
1696897800000,SAL030_01,VOLTE_CALL_SETUP_SUCC,1.0,900,NRCell,Huawei
1696897800000,SEV001_01,DCR_DEN,3070.0,900,NRCell,Huawei
1696897800000,SEV001_01,DCR_NUM,9.0,900,NRCell,Huawei
1696897800000,SEV001_01,DROP_CALL_VOLTE_DEN,37.0,900,NRCell,Huawei
1696897800000,SEV001_01,DROP_CALL_VOLTE_NUM,0.0,900,NRCell,Huawei
1696897800000,SEV001_01,ERAB_SR_DEN,3102.0,900,NRCell,Huawei
1696897800000,SEV001_01,ERAB_SR_NUM,3094.0,900,NRCell,Huawei
1696897800000,SEV001_01,INTEGRITY_NGBR_QCI_9,14503818632.0,900,NRCell,Huawei
1696897800000,SEV001_01,INTRA_FREQUENCY_HO_OUT_ATT,103.0,900,NRCell,Huawei
1696897800000,SEV001_01,INTRA_FREQUENCY_HO_OUT_SUCC,103.0,900,NRCell,Huawei
1696897800000,SEV001_01,RRC_SETUP_ATT,1736.0,900,NRCell,Huawei
1696897800000,SEV001_01,RRC_SETUP_SUCC,1734.0,900,NRCell,Huawei
1696897800000,SEV001_01,S1SIG_Connection_Setup_SR_DEN,1734.0,900,NRCell,Huawei
1696897800000,SEV001_01,S1SIG_Connection_Setup_SR_NUM,1734.0,900,NRCell,Huawei
1696897800000,SEV001_01,SERVICE_LATENCY_OVER_AIR_INTERFACE_DEN,509407.0,900,NRCell,Huawei
1696897800000,SEV001_01,SERVICE_LATENCY_OVER_AIR_INTERFACE_NUM,2038319.0,900,NRCell,Huawei
1696897800000,SEV001_01,VOICE_TRAFFIC,40256.0,900,NRCell,Huawei
1696897800000,SEV001_01,VOLTE_CALL_SETUP_ATT,39.0,900,NRCell,Huawei
1696897800000,SEV001_01,VOLTE_CALL_SETUP_SUCC,39.0,900,NRCell,Huawei
1696897800000,SNT002_01,DCR_DEN,1071.0,900,NRCell,Huawei
1696897800000,SNT002_01,DCR_NUM,1.0,900,NRCell,Huawei
1696897800000,SNT002_01,DROP_CALL_VOLTE_DEN,15.0,900,NRCell,Huawei
1696897800000,SNT002_01,DROP_CALL_VOLTE_NUM,0.0,900,NRCell,Huawei
1696897800000,SNT002_01,ERAB_SR_DEN,1124.0,900,NRCell,Huawei
1696897800000,SNT002_01,ERAB_SR_NUM,1123.0,900,NRCell,Huawei
1696897800000,SNT002_01,INTEGRITY_NGBR_QCI_9,4427463424.0,900,NRCell,Huawei
1696897800000,SNT002_01,INTRA_FREQUENCY_HO_OUT_ATT,92.0,900,NRCell,Huawei
1696897800000,SNT002_01,INTRA_FREQUENCY_HO_OUT_SUCC,92.0,900,NRCell,Huawei
1696897800000,SNT002_01,RRC_SETUP_ATT,631.0,900,NRCell,Huawei
1696897800000,SNT002_01,RRC_SETUP_SUCC,631.0,900,NRCell,Huawei
1696897800000,SNT002_01,S1SIG_Connection_Setup_SR_DEN,631.0,900,NRCell,Huawei
1696897800000,SNT002_01,S1SIG_Connection_Setup_SR_NUM,631.0,900,NRCell,Huawei
1696897800000,SNT002_01,SERVICE_LATENCY_OVER_AIR_INTERFACE_DEN,182621.0,900,NRCell,Huawei
1696897800000,SNT002_01,SERVICE_LATENCY_OVER_AIR_INTERFACE_NUM,227563.0,900,NRCell,Huawei
1696897800000,SNT002_01,VOICE_TRAFFIC,15989.0,900,NRCell,Huawei
1696897800000,SNT002_01,VOLTE_CALL_SETUP_ATT,15.0,900,NRCell,Huawei
1696897800000,SNT002_01,VOLTE_CALL_SETUP_SUCC,15.0,900,NRCell,Huawei
1696897800000,TAR015_01,DCR_DEN,3564.0,900,NRCell,Huawei
1696897800000,TAR015_01,DCR_NUM,17.0,900,NRCell,Huawei
1696897800000,TAR015_01,DROP_CALL_VOLTE_DEN,31.0,900,NRCell,Huawei
1696897800000,TAR015_01,DROP_CALL_VOLTE_NUM,2.0,900,NRCell,Huawei
1696897800000,TAR015_01,ERAB_SR_DEN,3534.0,900,NRCell,Huawei
1696897800000,TAR015_01,ERAB_SR_NUM,3529.0,900,NRCell,Huawei
1696897800000,TAR015_01,INTEGRITY_NGBR_QCI_9,18178034872.0,900,NRCell,Huawei
1696897800000,TAR015_01,INTRA_FREQUENCY_HO_OUT_ATT,125.0,900,NRCell,Huawei
1696897800000,TAR015_01,INTRA_FREQUENCY_HO_OUT_SUCC,125.0,900,NRCell,Huawei
1696897800000,TAR015_01,RRC_SETUP_ATT,1901.0,900,NRCell,Huawei
1696897800000,TAR015_01,RRC_SETUP_SUCC,1899.0,900,NRCell,Huawei
1696897800000,TAR015_01,S1SIG_Connection_Setup_SR_DEN,1899.0,900,NRCell,Huawei
1696897800000,TAR015_01,S1SIG_Connection_Setup_SR_NUM,1899.0,900,NRCell,Huawei
1696897800000,TAR015_01,SERVICE_LATENCY_OVER_AIR_INTERFACE_DEN,523246.0,900,NRCell,Huawei
1696897800000,TAR015_01,SERVICE_LATENCY_OVER_AIR_INTERFACE_NUM,3939295.0,900,NRCell,Huawei
1696897800000,TAR015_01,VOICE_TRAFFIC,32783.0,900,NRCell,Huawei
1696897800000,TAR015_01,VOLTE_CALL_SETUP_ATT,30.0,900,NRCell,Huawei
1696897800000,TAR015_01,VOLTE_CALL_SETUP_SUCC,27.0,900,NRCell,Huawei
1696897800000,TOL034_01,DCR_DEN,137.0,900,NRCell,Huawei
1696897800000,TOL034_01,DCR_NUM,0.0,900,NRCell,Huawei
1696897800000,TOL034_01,DROP_CALL_VOLTE_DEN,0.0,900,NRCell,Huawei
1696897800000,TOL034_01,DROP_CALL_VOLTE_NUM,0.0,900,NRCell,Huawei
1696897800000,TOL034_01,ERAB_SR_DEN,129.0,900,NRCell,Huawei
1696897800000,TOL034_01,ERAB_SR_NUM,129.0,900,NRCell,Huawei
1696897800000,TOL034_01,INTEGRITY_NGBR_QCI_9,2308856000.0,900,NRCell,Huawei
1696897800000,TOL034_01,INTRA_FREQUENCY_HO_OUT_ATT,16.0,900,NRCell,Huawei
1696897800000,TOL034_01,INTRA_FREQUENCY_HO_OUT_SUCC,16.0,900,NRCell,Huawei
1696897800000,TOL034_01,RRC_SETUP_ATT,96.0,900,NRCell,Huawei
1696897800000,TOL034_01,RRC_SETUP_SUCC,96.0,900,NRCell,Huawei
1696897800000,TOL034_01,S1SIG_Connection_Setup_SR_DEN,96.0,900,NRCell,Huawei
1696897800000,TOL034_01,S1SIG_Connection_Setup_SR_NUM,96.0,900,NRCell,Huawei
1696897800000,TOL034_01,SERVICE_LATENCY_OVER_AIR_INTERFACE_DEN,41175.0,900,NRCell,Huawei
1696897800000,TOL034_01,SERVICE_LATENCY_OVER_AIR_INTERFACE_NUM,78226.0,900,NRCell,Huawei
1696897800000,TOL034_01,VOICE_TRAFFIC,597.0,900,NRCell,Huawei
1696897800000,TOL034_01,VOLTE_CALL_SETUP_ATT,0.0,900,NRCell,Huawei
1696897800000,TOL034_01,VOLTE_CALL_SETUP_SUCC,0.0,900,NRCell,Huawei
1696897800000,VAL002_01,DCR_DEN,30.0,900,NRCell,Huawei
1696897800000,VAL002_01,DCR_NUM,0.0,900,NRCell,Huawei
1696897800000,VAL002_01,DROP_CALL_VOLTE_DEN,0.0,900,NRCell,Huawei
1696897800000,VAL002_01,DROP_CALL_VOLTE_NUM,0.0,900,NRCell,Huawei
1696897800000,VAL002_01,ERAB_SR_DEN,34.0,900,NRCell,Huawei
1696897800000,VAL002_01,ERAB_SR_NUM,34.0,900,NRCell,Huawei
1696897800000,VAL002_01,INTEGRITY_NGBR_QCI_9,177486152.0,900,NRCell,Huawei
1696897800000,VAL002_01,INTRA_FREQUENCY_HO_OUT_ATT,5.0,900,NRCell,Huawei
1696897800000,VAL002_01,INTRA_FREQUENCY_HO_OUT_SUCC,5.0,900,NRCell,Huawei
1696897800000,VAL002_01,RRC_SETUP_ATT,29.0,900,NRCell,Huawei
1696897800000,VAL002_01,RRC_SETUP_SUCC,29.0,900,NRCell,Huawei
1696897800000,VAL002_01,S1SIG_Connection_Setup_SR_DEN,29.0,900,NRCell,Huawei
1696897800000,VAL002_01,S1SIG_Connection_Setup_SR_NUM,29.0,900,NRCell,Huawei
1696897800000,VAL002_01,SERVICE_LATENCY_OVER_AIR_INTERFACE_DEN,719.0,900,NRCell,Huawei
1696897800000,VAL002_01,SERVICE_LATENCY_OVER_AIR_INTERFACE_NUM,1136.0,900,NRCell,Huawei
1696897800000,VAL002_01,VOICE_TRAFFIC,0.0,900,NRCell,Huawei
1696897800000,VAL002_01,VOLTE_CALL_SETUP_ATT,0.0,900,NRCell,Huawei
1696897800000,VAL002_01,VOLTE_CALL_SETUP_SUCC,0.0,900,NRCell,Huawei
