startTime,neId,counterCode,counterValue,granularity,neType,vendorName
1696599900000,BCN014_01,DCR_DEN,2901.0,900,NRCell,Huawei
1696599900000,BCN014_01,DCR_NUM,2.0,900,NRCell,Huawei
1696599900000,BCN014_01,DROP_CALL_VOLTE_DEN,21.0,900,NRCell,Huawei
1696599900000,BCN014_01,DROP_CALL_VOLTE_NUM,0.0,900,NRCell,Huawei
1696599900000,BCN014_01,ERAB_SR_DEN,2846.0,900,NRCell,Huawei
1696599900000,BCN014_01,ERAB_SR_NUM,2841.0,900,NRCell,Huawei
1696599900000,BCN014_01,INTEGRITY_NGBR_QCI_9,12609312304.0,900,NRCell,Huawei
1696599900000,BCN014_01,INTRA_FREQUENCY_HO_OUT_ATT,215.0,900,NRCell,Huawei
1696599900000,BCN014_01,INTRA_FREQUENCY_HO_OUT_SUCC,215.0,900,NRCell,Huawei
1696599900000,BCN014_01,RRC_SETUP_ATT,1715.0,900,NRCell,Huawei
1696599900000,BCN014_01,RRC_SETUP_SUCC,1713.0,900,NRCell,Huawei
1696599900000,BCN014_01,S1SIG_Connection_Setup_SR_DEN,1713.0,900,NRCell,Huawei
1696599900000,BCN014_01,S1SIG_Connection_Setup_SR_NUM,1713.0,900,NRCell,Huawei
1696599900000,BCN014_01,SERVICE_LATENCY_OVER_AIR_INTERFACE_DEN,248696.0,900,NRCell,Huawei
1696599900000,BCN014_01,SERVICE_LATENCY_OVER_AIR_INTERFACE_NUM,353705.0,900,NRCell,Huawei
1696599900000,BCN014_01,VOICE_TRAFFIC,14651.0,900,NRCell,Huawei
1696599900000,BCN014_01,VOLTE_CALL_SETUP_ATT,18.0,900,NRCell,Huawei
1696599900000,BCN014_01,VOLTE_CALL_SETUP_SUCC,18.0,900,NRCell,Huawei
1696599900000,BIL001_01,DCR_DEN,2833.0,900,NRCell,Huawei
1696599900000,BIL001_01,DCR_NUM,1.0,900,NRCell,Huawei
1696599900000,BIL001_01,DROP_CALL_VOLTE_DEN,14.0,900,NRCell,Huawei
1696599900000,BIL001_01,DROP_CALL_VOLTE_NUM,0.0,900,NRCell,Huawei
1696599900000,BIL001_01,ERAB_SR_DEN,2842.0,900,NRCell,Huawei
1696599900000,BIL001_01,ERAB_SR_NUM,2841.0,900,NRCell,Huawei
1696599900000,BIL001_01,INTEGRITY_NGBR_QCI_9,11020509968.0,900,NRCell,Huawei
1696599900000,BIL001_01,INTRA_FREQUENCY_HO_OUT_ATT,181.0,900,NRCell,Huawei
1696599900000,BIL001_01,INTRA_FREQUENCY_HO_OUT_SUCC,181.0,900,NRCell,Huawei
1696599900000,BIL001_01,RRC_SETUP_ATT,1738.0,900,NRCell,Huawei
1696599900000,BIL001_01,RRC_SETUP_SUCC,1732.0,900,NRCell,Huawei
1696599900000,BIL001_01,S1SIG_Connection_Setup_SR_DEN,1732.0,900,NRCell,Huawei
1696599900000,BIL001_01,S1SIG_Connection_Setup_SR_NUM,1729.0,900,NRCell,Huawei
1696599900000,BIL001_01,SERVICE_LATENCY_OVER_AIR_INTERFACE_DEN,261535.0,900,NRCell,Huawei
1696599900000,BIL001_01,SERVICE_LATENCY_OVER_AIR_INTERFACE_NUM,392104.0,900,NRCell,Huawei
1696599900000,BIL001_01,VOICE_TRAFFIC,15088.0,900,NRCell,Huawei
1696599900000,BIL001_01,VOLTE_CALL_SETUP_ATT,14.0,900,NRCell,Huawei
1696599900000,BIL001_01,VOLTE_CALL_SETUP_SUCC,14.0,900,NRCell,Huawei
1696599900000,MAD033_01,DCR_DEN,2447.0,900,NRCell,Huawei
1696599900000,MAD033_01,DCR_NUM,0.0,900,NRCell,Huawei
1696599900000,MAD033_01,DROP_CALL_VOLTE_DEN,19.0,900,NRCell,Huawei
1696599900000,MAD033_01,DROP_CALL_VOLTE_NUM,0.0,900,NRCell,Huawei
1696599900000,MAD033_01,ERAB_SR_DEN,2470.0,900,NRCell,Huawei
1696599900000,MAD033_01,ERAB_SR_NUM,2470.0,900,NRCell,Huawei
1696599900000,MAD033_01,INTEGRITY_NGBR_QCI_9,6095683968.0,900,NRCell,Huawei
1696599900000,MAD033_01,INTRA_FREQUENCY_HO_OUT_ATT,167.0,900,NRCell,Huawei
1696599900000,MAD033_01,INTRA_FREQUENCY_HO_OUT_SUCC,166.0,900,NRCell,Huawei
1696599900000,MAD033_01,RRC_SETUP_ATT,1397.0,900,NRCell,Huawei
1696599900000,MAD033_01,RRC_SETUP_SUCC,1397.0,900,NRCell,Huawei
1696599900000,MAD033_01,S1SIG_Connection_Setup_SR_DEN,1397.0,900,NRCell,Huawei
1696599900000,MAD033_01,S1SIG_Connection_Setup_SR_NUM,1397.0,900,NRCell,Huawei
1696599900000,MAD033_01,SERVICE_LATENCY_OVER_AIR_INTERFACE_DEN,155457.0,900,NRCell,Huawei
1696599900000,MAD033_01,SERVICE_LATENCY_OVER_AIR_INTERFACE_NUM,197901.0,900,NRCell,Huawei
1696599900000,MAD033_01,VOICE_TRAFFIC,11845.0,900,NRCell,Huawei
1696599900000,MAD033_01,VOLTE_CALL_SETUP_ATT,24.0,900,NRCell,Huawei
1696599900000,MAD033_01,VOLTE_CALL_SETUP_SUCC,24.0,900,NRCell,Huawei
1696599900000,SAL030_01,DCR_DEN,200.0,900,NRCell,Huawei
1696599900000,SAL030_01,DCR_NUM,1.0,900,NRCell,Huawei
1696599900000,SAL030_01,DROP_CALL_VOLTE_DEN,0.0,900,NRCell,Huawei
1696599900000,SAL030_01,DROP_CALL_VOLTE_NUM,0.0,900,NRCell,Huawei
1696599900000,SAL030_01,ERAB_SR_DEN,188.0,900,NRCell,Huawei
1696599900000,SAL030_01,ERAB_SR_NUM,186.0,900,NRCell,Huawei
1696599900000,SAL030_01,INTEGRITY_NGBR_QCI_9,1449173352.0,900,NRCell,Huawei
1696599900000,SAL030_01,INTRA_FREQUENCY_HO_OUT_ATT,10.0,900,NRCell,Huawei
1696599900000,SAL030_01,INTRA_FREQUENCY_HO_OUT_SUCC,9.0,900,NRCell,Huawei
1696599900000,SAL030_01,RRC_SETUP_ATT,110.0,900,NRCell,Huawei
1696599900000,SAL030_01,RRC_SETUP_SUCC,110.0,900,NRCell,Huawei
1696599900000,SAL030_01,S1SIG_Connection_Setup_SR_DEN,110.0,900,NRCell,Huawei
1696599900000,SAL030_01,S1SIG_Connection_Setup_SR_NUM,110.0,900,NRCell,Huawei
1696599900000,SAL030_01,SERVICE_LATENCY_OVER_AIR_INTERFACE_DEN,38732.0,900,NRCell,Huawei
1696599900000,SAL030_01,SERVICE_LATENCY_OVER_AIR_INTERFACE_NUM,47673.0,900,NRCell,Huawei
1696599900000,SAL030_01,VOICE_TRAFFIC,440.0,900,NRCell,Huawei
1696599900000,SAL030_01,VOLTE_CALL_SETUP_ATT,0.0,900,NRCell,Huawei
1696599900000,SAL030_01,VOLTE_CALL_SETUP_SUCC,0.0,900,NRCell,Huawei
1696599900000,SEV001_01,DCR_DEN,2618.0,900,NRCell,Huawei
1696599900000,SEV001_01,DCR_NUM,0.0,900,NRCell,Huawei
1696599900000,SEV001_01,DROP_CALL_VOLTE_DEN,4.0,900,NRCell,Huawei
1696599900000,SEV001_01,DROP_CALL_VOLTE_NUM,0.0,900,NRCell,Huawei
1696599900000,SEV001_01,ERAB_SR_DEN,2638.0,900,NRCell,Huawei
1696599900000,SEV001_01,ERAB_SR_NUM,2637.0,900,NRCell,Huawei
1696599900000,SEV001_01,INTEGRITY_NGBR_QCI_9,9339255240.0,900,NRCell,Huawei
1696599900000,SEV001_01,INTRA_FREQUENCY_HO_OUT_ATT,121.0,900,NRCell,Huawei
1696599900000,SEV001_01,INTRA_FREQUENCY_HO_OUT_SUCC,121.0,900,NRCell,Huawei
1696599900000,SEV001_01,RRC_SETUP_ATT,1501.0,900,NRCell,Huawei
1696599900000,SEV001_01,RRC_SETUP_SUCC,1500.0,900,NRCell,Huawei
1696599900000,SEV001_01,S1SIG_Connection_Setup_SR_DEN,1500.0,900,NRCell,Huawei
1696599900000,SEV001_01,S1SIG_Connection_Setup_SR_NUM,1500.0,900,NRCell,Huawei
1696599900000,SEV001_01,SERVICE_LATENCY_OVER_AIR_INTERFACE_DEN,277409.0,900,NRCell,Huawei
1696599900000,SEV001_01,SERVICE_LATENCY_OVER_AIR_INTERFACE_NUM,393371.0,900,NRCell,Huawei
1696599900000,SEV001_01,VOICE_TRAFFIC,4146.0,900,NRCell,Huawei
1696599900000,SEV001_01,VOLTE_CALL_SETUP_ATT,6.0,900,NRCell,Huawei
1696599900000,SEV001_01,VOLTE_CALL_SETUP_SUCC,6.0,900,NRCell,Huawei
1696599900000,SNT002_01,DCR_DEN,2239.0,900,NRCell,Huawei
1696599900000,SNT002_01,DCR_NUM,0.0,900,NRCell,Huawei
1696599900000,SNT002_01,DROP_CALL_VOLTE_DEN,12.0,900,NRCell,Huawei
1696599900000,SNT002_01,DROP_CALL_VOLTE_NUM,0.0,900,NRCell,Huawei
1696599900000,SNT002_01,ERAB_SR_DEN,2285.0,900,NRCell,Huawei
1696599900000,SNT002_01,ERAB_SR_NUM,2284.0,900,NRCell,Huawei
1696599900000,SNT002_01,INTEGRITY_NGBR_QCI_9,3759973016.0,900,NRCell,Huawei
1696599900000,SNT002_01,INTRA_FREQUENCY_HO_OUT_ATT,128.0,900,NRCell,Huawei
1696599900000,SNT002_01,INTRA_FREQUENCY_HO_OUT_SUCC,128.0,900,NRCell,Huawei
1696599900000,SNT002_01,RRC_SETUP_ATT,1257.0,900,NRCell,Huawei
1696599900000,SNT002_01,RRC_SETUP_SUCC,1257.0,900,NRCell,Huawei
1696599900000,SNT002_01,S1SIG_Connection_Setup_SR_DEN,1257.0,900,NRCell,Huawei
1696599900000,SNT002_01,S1SIG_Connection_Setup_SR_NUM,1257.0,900,NRCell,Huawei
1696599900000,SNT002_01,SERVICE_LATENCY_OVER_AIR_INTERFACE_DEN,110192.0,900,NRCell,Huawei
1696599900000,SNT002_01,SERVICE_LATENCY_OVER_AIR_INTERFACE_NUM,148572.0,900,NRCell,Huawei
1696599900000,SNT002_01,VOICE_TRAFFIC,9970.0,900,NRCell,Huawei
1696599900000,SNT002_01,VOLTE_CALL_SETUP_ATT,15.0,900,NRCell,Huawei
1696599900000,SNT002_01,VOLTE_CALL_SETUP_SUCC,15.0,900,NRCell,Huawei
1696599900000,TAR015_01,DCR_DEN,2923.0,900,NRCell,Huawei
1696599900000,TAR015_01,DCR_NUM,2.0,900,NRCell,Huawei
1696599900000,TAR015_01,DROP_CALL_VOLTE_DEN,15.0,900,NRCell,Huawei
1696599900000,TAR015_01,DROP_CALL_VOLTE_NUM,0.0,900,NRCell,Huawei
1696599900000,TAR015_01,ERAB_SR_DEN,2854.0,900,NRCell,Huawei
1696599900000,TAR015_01,ERAB_SR_NUM,2846.0,900,NRCell,Huawei
1696599900000,TAR015_01,INTEGRITY_NGBR_QCI_9,11503474272.0,900,NRCell,Huawei
1696599900000,TAR015_01,INTRA_FREQUENCY_HO_OUT_ATT,137.0,900,NRCell,Huawei
1696599900000,TAR015_01,INTRA_FREQUENCY_HO_OUT_SUCC,137.0,900,NRCell,Huawei
1696599900000,TAR015_01,RRC_SETUP_ATT,1601.0,900,NRCell,Huawei
1696599900000,TAR015_01,RRC_SETUP_SUCC,1596.0,900,NRCell,Huawei
1696599900000,TAR015_01,S1SIG_Connection_Setup_SR_DEN,1596.0,900,NRCell,Huawei
1696599900000,TAR015_01,S1SIG_Connection_Setup_SR_NUM,1596.0,900,NRCell,Huawei
1696599900000,TAR015_01,SERVICE_LATENCY_OVER_AIR_INTERFACE_DEN,231504.0,900,NRCell,Huawei
1696599900000,TAR015_01,SERVICE_LATENCY_OVER_AIR_INTERFACE_NUM,334688.0,900,NRCell,Huawei
1696599900000,TAR015_01,VOICE_TRAFFIC,6264.0,900,NRCell,Huawei
1696599900000,TAR015_01,VOLTE_CALL_SETUP_ATT,17.0,900,NRCell,Huawei
1696599900000,TAR015_01,VOLTE_CALL_SETUP_SUCC,17.0,900,NRCell,Huawei
1696599900000,TOL034_01,DCR_DEN,69.0,900,NRCell,Huawei
1696599900000,TOL034_01,DCR_NUM,0.0,900,NRCell,Huawei
1696599900000,TOL034_01,DROP_CALL_VOLTE_DEN,0.0,900,NRCell,Huawei
1696599900000,TOL034_01,DROP_CALL_VOLTE_NUM,0.0,900,NRCell,Huawei
1696599900000,TOL034_01,ERAB_SR_DEN,73.0,900,NRCell,Huawei
1696599900000,TOL034_01,ERAB_SR_NUM,73.0,900,NRCell,Huawei
1696599900000,TOL034_01,INTEGRITY_NGBR_QCI_9,1715322664.0,900,NRCell,Huawei
1696599900000,TOL034_01,INTRA_FREQUENCY_HO_OUT_ATT,9.0,900,NRCell,Huawei
1696599900000,TOL034_01,INTRA_FREQUENCY_HO_OUT_SUCC,9.0,900,NRCell,Huawei
1696599900000,TOL034_01,RRC_SETUP_ATT,59.0,900,NRCell,Huawei
1696599900000,TOL034_01,RRC_SETUP_SUCC,59.0,900,NRCell,Huawei
1696599900000,TOL034_01,S1SIG_Connection_Setup_SR_DEN,59.0,900,NRCell,Huawei
1696599900000,TOL034_01,S1SIG_Connection_Setup_SR_NUM,59.0,900,NRCell,Huawei
1696599900000,TOL034_01,SERVICE_LATENCY_OVER_AIR_INTERFACE_DEN,38056.0,900,NRCell,Huawei
1696599900000,TOL034_01,SERVICE_LATENCY_OVER_AIR_INTERFACE_NUM,56827.0,900,NRCell,Huawei
1696599900000,TOL034_01,VOICE_TRAFFIC,2398.0,900,NRCell,Huawei
1696599900000,TOL034_01,VOLTE_CALL_SETUP_ATT,0.0,900,NRCell,Huawei
1696599900000,TOL034_01,VOLTE_CALL_SETUP_SUCC,0.0,900,NRCell,Huawei
1696599900000,VAL002_01,DCR_DEN,92.0,900,NRCell,Huawei
1696599900000,VAL002_01,DCR_NUM,0.0,900,NRCell,Huawei
1696599900000,VAL002_01,DROP_CALL_VOLTE_DEN,0.0,900,NRCell,Huawei
1696599900000,VAL002_01,DROP_CALL_VOLTE_NUM,0.0,900,NRCell,Huawei
1696599900000,VAL002_01,ERAB_SR_DEN,89.0,900,NRCell,Huawei
1696599900000,VAL002_01,ERAB_SR_NUM,89.0,900,NRCell,Huawei
1696599900000,VAL002_01,INTEGRITY_NGBR_QCI_9,14928400.0,900,NRCell,Huawei
1696599900000,VAL002_01,INTRA_FREQUENCY_HO_OUT_ATT,4.0,900,NRCell,Huawei
1696599900000,VAL002_01,INTRA_FREQUENCY_HO_OUT_SUCC,4.0,900,NRCell,Huawei
1696599900000,VAL002_01,RRC_SETUP_ATT,62.0,900,NRCell,Huawei
1696599900000,VAL002_01,RRC_SETUP_SUCC,62.0,900,NRCell,Huawei
1696599900000,VAL002_01,S1SIG_Connection_Setup_SR_DEN,62.0,900,NRCell,Huawei
1696599900000,VAL002_01,S1SIG_Connection_Setup_SR_NUM,62.0,900,NRCell,Huawei
1696599900000,VAL002_01,SERVICE_LATENCY_OVER_AIR_INTERFACE_DEN,1195.0,900,NRCell,Huawei
1696599900000,VAL002_01,SERVICE_LATENCY_OVER_AIR_INTERFACE_NUM,1906.0,900,NRCell,Huawei
1696599900000,VAL002_01,VOICE_TRAFFIC,0.0,900,NRCell,Huawei
1696599900000,VAL002_01,VOLTE_CALL_SETUP_ATT,0.0,900,NRCell,Huawei
1696599900000,VAL002_01,VOLTE_CALL_SETUP_SUCC,0.0,900,NRCell,Huawei
