startTime,neId,counterCode,counterValue,granularity,neType,vendorName
1696693500000,BCN014_01,DCR_DEN,2555.0,900,NRCell,Huawei
1696693500000,BCN014_01,DCR_NUM,2.0,900,NRCell,Huawei
1696693500000,BCN014_01,DROP_CALL_VOLTE_DEN,21.0,900,NRCell,Huawei
1696693500000,BCN014_01,DROP_CALL_VOLTE_NUM,0.0,900,NRCell,Huawei
1696693500000,BCN014_01,ERAB_SR_DEN,2554.0,900,NRCell,Huawei
1696693500000,BCN014_01,ERAB_SR_NUM,2553.0,900,NRCell,Huawei
1696693500000,BCN014_01,INTEGRITY_NGBR_QCI_9,11996417376.0,900,NRCell,Huawei
1696693500000,BCN014_01,INTRA_FREQUENCY_HO_OUT_ATT,221.0,900,NRCell,Huawei
1696693500000,BCN014_01,INTRA_FREQUENCY_HO_OUT_SUCC,221.0,900,NRCell,Huawei
1696693500000,BCN014_01,RRC_SETUP_ATT,1501.0,900,NRCell,Huawei
1696693500000,BCN014_01,RRC_SETUP_SUCC,1500.0,900,NRCell,Huawei
1696693500000,BCN014_01,S1SIG_Connection_Setup_SR_DEN,1500.0,900,NRCell,Huawei
1696693500000,BCN014_01,S1SIG_Connection_Setup_SR_NUM,1500.0,900,NRCell,Huawei
1696693500000,BCN014_01,SERVICE_LATENCY_OVER_AIR_INTERFACE_DEN,389828.0,900,NRCell,Huawei
1696693500000,BCN014_01,SERVICE_LATENCY_OVER_AIR_INTERFACE_NUM,532743.0,900,NRCell,Huawei
1696693500000,BCN014_01,VOICE_TRAFFIC,27778.0,900,NRCell,Huawei
1696693500000,BCN014_01,VOLTE_CALL_SETUP_ATT,25.0,900,NRCell,Huawei
1696693500000,BCN014_01,VOLTE_CALL_SETUP_SUCC,25.0,900,NRCell,Huawei
1696693500000,BIL001_01,DCR_DEN,2266.0,900,NRCell,Huawei
1696693500000,BIL001_01,DCR_NUM,3.0,900,NRCell,Huawei
1696693500000,BIL001_01,DROP_CALL_VOLTE_DEN,22.0,900,NRCell,Huawei
1696693500000,BIL001_01,DROP_CALL_VOLTE_NUM,0.0,900,NRCell,Huawei
1696693500000,BIL001_01,ERAB_SR_DEN,2274.0,900,NRCell,Huawei
1696693500000,BIL001_01,ERAB_SR_NUM,2273.0,900,NRCell,Huawei
1696693500000,BIL001_01,INTEGRITY_NGBR_QCI_9,13652759224.0,900,NRCell,Huawei
1696693500000,BIL001_01,INTRA_FREQUENCY_HO_OUT_ATT,208.0,900,NRCell,Huawei
1696693500000,BIL001_01,INTRA_FREQUENCY_HO_OUT_SUCC,208.0,900,NRCell,Huawei
1696693500000,BIL001_01,RRC_SETUP_ATT,1361.0,900,NRCell,Huawei
1696693500000,BIL001_01,RRC_SETUP_SUCC,1361.0,900,NRCell,Huawei
1696693500000,BIL001_01,S1SIG_Connection_Setup_SR_DEN,1361.0,900,NRCell,Huawei
1696693500000,BIL001_01,S1SIG_Connection_Setup_SR_NUM,1361.0,900,NRCell,Huawei
1696693500000,BIL001_01,SERVICE_LATENCY_OVER_AIR_INTERFACE_DEN,240707.0,900,NRCell,Huawei
1696693500000,BIL001_01,SERVICE_LATENCY_OVER_AIR_INTERFACE_NUM,371258.0,900,NRCell,Huawei
1696693500000,BIL001_01,VOICE_TRAFFIC,20918.0,900,NRCell,Huawei
1696693500000,BIL001_01,VOLTE_CALL_SETUP_ATT,24.0,900,NRCell,Huawei
1696693500000,BIL001_01,VOLTE_CALL_SETUP_SUCC,23.0,900,NRCell,Huawei
1696693500000,MAD033_01,DCR_DEN,1575.0,900,NRCell,Huawei
1696693500000,MAD033_01,DCR_NUM,2.0,900,NRCell,Huawei
1696693500000,MAD033_01,DROP_CALL_VOLTE_DEN,14.0,900,NRCell,Huawei
1696693500000,MAD033_01,DROP_CALL_VOLTE_NUM,0.0,900,NRCell,Huawei
1696693500000,MAD033_01,ERAB_SR_DEN,1575.0,900,NRCell,Huawei
1696693500000,MAD033_01,ERAB_SR_NUM,1573.0,900,NRCell,Huawei
1696693500000,MAD033_01,INTEGRITY_NGBR_QCI_9,7018138184.0,900,NRCell,Huawei
1696693500000,MAD033_01,INTRA_FREQUENCY_HO_OUT_ATT,106.0,900,NRCell,Huawei
1696693500000,MAD033_01,INTRA_FREQUENCY_HO_OUT_SUCC,106.0,900,NRCell,Huawei
1696693500000,MAD033_01,RRC_SETUP_ATT,881.0,900,NRCell,Huawei
1696693500000,MAD033_01,RRC_SETUP_SUCC,881.0,900,NRCell,Huawei
1696693500000,MAD033_01,S1SIG_Connection_Setup_SR_DEN,881.0,900,NRCell,Huawei
1696693500000,MAD033_01,S1SIG_Connection_Setup_SR_NUM,881.0,900,NRCell,Huawei
1696693500000,MAD033_01,SERVICE_LATENCY_OVER_AIR_INTERFACE_DEN,108127.0,900,NRCell,Huawei
1696693500000,MAD033_01,SERVICE_LATENCY_OVER_AIR_INTERFACE_NUM,132751.0,900,NRCell,Huawei
1696693500000,MAD033_01,VOICE_TRAFFIC,2653.0,900,NRCell,Huawei
1696693500000,MAD033_01,VOLTE_CALL_SETUP_ATT,15.0,900,NRCell,Huawei
1696693500000,MAD033_01,VOLTE_CALL_SETUP_SUCC,15.0,900,NRCell,Huawei
1696693500000,SAL030_01,DCR_DEN,228.0,900,NRCell,Huawei
1696693500000,SAL030_01,DCR_NUM,0.0,900,NRCell,Huawei
1696693500000,SAL030_01,DROP_CALL_VOLTE_DEN,4.0,900,NRCell,Huawei
1696693500000,SAL030_01,DROP_CALL_VOLTE_NUM,0.0,900,NRCell,Huawei
1696693500000,SAL030_01,ERAB_SR_DEN,190.0,900,NRCell,Huawei
1696693500000,SAL030_01,ERAB_SR_NUM,190.0,900,NRCell,Huawei
1696693500000,SAL030_01,INTEGRITY_NGBR_QCI_9,1828694056.0,900,NRCell,Huawei
1696693500000,SAL030_01,INTRA_FREQUENCY_HO_OUT_ATT,14.0,900,NRCell,Huawei
1696693500000,SAL030_01,INTRA_FREQUENCY_HO_OUT_SUCC,14.0,900,NRCell,Huawei
1696693500000,SAL030_01,RRC_SETUP_ATT,111.0,900,NRCell,Huawei
1696693500000,SAL030_01,RRC_SETUP_SUCC,111.0,900,NRCell,Huawei
1696693500000,SAL030_01,S1SIG_Connection_Setup_SR_DEN,111.0,900,NRCell,Huawei
1696693500000,SAL030_01,S1SIG_Connection_Setup_SR_NUM,111.0,900,NRCell,Huawei
1696693500000,SAL030_01,SERVICE_LATENCY_OVER_AIR_INTERFACE_DEN,30484.0,900,NRCell,Huawei
1696693500000,SAL030_01,SERVICE_LATENCY_OVER_AIR_INTERFACE_NUM,46541.0,900,NRCell,Huawei
1696693500000,SAL030_01,VOICE_TRAFFIC,708.0,900,NRCell,Huawei
1696693500000,SAL030_01,VOLTE_CALL_SETUP_ATT,2.0,900,NRCell,Huawei
1696693500000,SAL030_01,VOLTE_CALL_SETUP_SUCC,2.0,900,NRCell,Huawei
1696693500000,SEV001_01,DCR_DEN,2947.0,900,NRCell,Huawei
1696693500000,SEV001_01,DCR_NUM,1.0,900,NRCell,Huawei
1696693500000,SEV001_01,DROP_CALL_VOLTE_DEN,21.0,900,NRCell,Huawei
1696693500000,SEV001_01,DROP_CALL_VOLTE_NUM,0.0,900,NRCell,Huawei
1696693500000,SEV001_01,ERAB_SR_DEN,2947.0,900,NRCell,Huawei
1696693500000,SEV001_01,ERAB_SR_NUM,2943.0,900,NRCell,Huawei
1696693500000,SEV001_01,INTEGRITY_NGBR_QCI_9,14210573280.0,900,NRCell,Huawei
1696693500000,SEV001_01,INTRA_FREQUENCY_HO_OUT_ATT,160.0,900,NRCell,Huawei
1696693500000,SEV001_01,INTRA_FREQUENCY_HO_OUT_SUCC,160.0,900,NRCell,Huawei
1696693500000,SEV001_01,RRC_SETUP_ATT,1605.0,900,NRCell,Huawei
1696693500000,SEV001_01,RRC_SETUP_SUCC,1604.0,900,NRCell,Huawei
1696693500000,SEV001_01,S1SIG_Connection_Setup_SR_DEN,1604.0,900,NRCell,Huawei
1696693500000,SEV001_01,S1SIG_Connection_Setup_SR_NUM,1604.0,900,NRCell,Huawei
1696693500000,SEV001_01,SERVICE_LATENCY_OVER_AIR_INTERFACE_DEN,401293.0,900,NRCell,Huawei
1696693500000,SEV001_01,SERVICE_LATENCY_OVER_AIR_INTERFACE_NUM,760165.0,900,NRCell,Huawei
1696693500000,SEV001_01,VOICE_TRAFFIC,20537.0,900,NRCell,Huawei
1696693500000,SEV001_01,VOLTE_CALL_SETUP_ATT,22.0,900,NRCell,Huawei
1696693500000,SEV001_01,VOLTE_CALL_SETUP_SUCC,22.0,900,NRCell,Huawei
1696693500000,SNT002_01,DCR_DEN,1433.0,900,NRCell,Huawei
1696693500000,SNT002_01,DCR_NUM,0.0,900,NRCell,Huawei
1696693500000,SNT002_01,DROP_CALL_VOLTE_DEN,9.0,900,NRCell,Huawei
1696693500000,SNT002_01,DROP_CALL_VOLTE_NUM,0.0,900,NRCell,Huawei
1696693500000,SNT002_01,ERAB_SR_DEN,1452.0,900,NRCell,Huawei
1696693500000,SNT002_01,ERAB_SR_NUM,1452.0,900,NRCell,Huawei
1696693500000,SNT002_01,INTEGRITY_NGBR_QCI_9,5519088856.0,900,NRCell,Huawei
1696693500000,SNT002_01,INTRA_FREQUENCY_HO_OUT_ATT,62.0,900,NRCell,Huawei
1696693500000,SNT002_01,INTRA_FREQUENCY_HO_OUT_SUCC,62.0,900,NRCell,Huawei
1696693500000,SNT002_01,RRC_SETUP_ATT,834.0,900,NRCell,Huawei
1696693500000,SNT002_01,RRC_SETUP_SUCC,834.0,900,NRCell,Huawei
1696693500000,SNT002_01,S1SIG_Connection_Setup_SR_DEN,834.0,900,NRCell,Huawei
1696693500000,SNT002_01,S1SIG_Connection_Setup_SR_NUM,834.0,900,NRCell,Huawei
1696693500000,SNT002_01,SERVICE_LATENCY_OVER_AIR_INTERFACE_DEN,140345.0,900,NRCell,Huawei
1696693500000,SNT002_01,SERVICE_LATENCY_OVER_AIR_INTERFACE_NUM,168298.0,900,NRCell,Huawei
1696693500000,SNT002_01,VOICE_TRAFFIC,13472.0,900,NRCell,Huawei
1696693500000,SNT002_01,VOLTE_CALL_SETUP_ATT,10.0,900,NRCell,Huawei
1696693500000,SNT002_01,VOLTE_CALL_SETUP_SUCC,10.0,900,NRCell,Huawei
1696693500000,TAR015_01,DCR_DEN,3403.0,900,NRCell,Huawei
1696693500000,TAR015_01,DCR_NUM,8.0,900,NRCell,Huawei
1696693500000,TAR015_01,DROP_CALL_VOLTE_DEN,38.0,900,NRCell,Huawei
1696693500000,TAR015_01,DROP_CALL_VOLTE_NUM,0.0,900,NRCell,Huawei
1696693500000,TAR015_01,ERAB_SR_DEN,3305.0,900,NRCell,Huawei
1696693500000,TAR015_01,ERAB_SR_NUM,3301.0,900,NRCell,Huawei
1696693500000,TAR015_01,INTEGRITY_NGBR_QCI_9,14692876160.0,900,NRCell,Huawei
1696693500000,TAR015_01,INTRA_FREQUENCY_HO_OUT_ATT,174.0,900,NRCell,Huawei
1696693500000,TAR015_01,INTRA_FREQUENCY_HO_OUT_SUCC,174.0,900,NRCell,Huawei
1696693500000,TAR015_01,RRC_SETUP_ATT,1796.0,900,NRCell,Huawei
1696693500000,TAR015_01,RRC_SETUP_SUCC,1796.0,900,NRCell,Huawei
1696693500000,TAR015_01,S1SIG_Connection_Setup_SR_DEN,1796.0,900,NRCell,Huawei
1696693500000,TAR015_01,S1SIG_Connection_Setup_SR_NUM,1796.0,900,NRCell,Huawei
1696693500000,TAR015_01,SERVICE_LATENCY_OVER_AIR_INTERFACE_DEN,534028.0,900,NRCell,Huawei
1696693500000,TAR015_01,SERVICE_LATENCY_OVER_AIR_INTERFACE_NUM,1272483.0,900,NRCell,Huawei
1696693500000,TAR015_01,VOICE_TRAFFIC,46468.0,900,NRCell,Huawei
1696693500000,TAR015_01,VOLTE_CALL_SETUP_ATT,35.0,900,NRCell,Huawei
1696693500000,TAR015_01,VOLTE_CALL_SETUP_SUCC,35.0,900,NRCell,Huawei
1696693500000,TOL034_01,DCR_DEN,179.0,900,NRCell,Huawei
1696693500000,TOL034_01,DCR_NUM,0.0,900,NRCell,Huawei
1696693500000,TOL034_01,DROP_CALL_VOLTE_DEN,1.0,900,NRCell,Huawei
1696693500000,TOL034_01,DROP_CALL_VOLTE_NUM,0.0,900,NRCell,Huawei
1696693500000,TOL034_01,ERAB_SR_DEN,175.0,900,NRCell,Huawei
1696693500000,TOL034_01,ERAB_SR_NUM,175.0,900,NRCell,Huawei
1696693500000,TOL034_01,INTEGRITY_NGBR_QCI_9,1911915696.0,900,NRCell,Huawei
1696693500000,TOL034_01,INTRA_FREQUENCY_HO_OUT_ATT,11.0,900,NRCell,Huawei
1696693500000,TOL034_01,INTRA_FREQUENCY_HO_OUT_SUCC,11.0,900,NRCell,Huawei
1696693500000,TOL034_01,RRC_SETUP_ATT,110.0,900,NRCell,Huawei
1696693500000,TOL034_01,RRC_SETUP_SUCC,110.0,900,NRCell,Huawei
1696693500000,TOL034_01,S1SIG_Connection_Setup_SR_DEN,110.0,900,NRCell,Huawei
1696693500000,TOL034_01,S1SIG_Connection_Setup_SR_NUM,110.0,900,NRCell,Huawei
1696693500000,TOL034_01,SERVICE_LATENCY_OVER_AIR_INTERFACE_DEN,46439.0,900,NRCell,Huawei
1696693500000,TOL034_01,SERVICE_LATENCY_OVER_AIR_INTERFACE_NUM,57428.0,900,NRCell,Huawei
1696693500000,TOL034_01,VOICE_TRAFFIC,1622.0,900,NRCell,Huawei
1696693500000,TOL034_01,VOLTE_CALL_SETUP_ATT,2.0,900,NRCell,Huawei
1696693500000,TOL034_01,VOLTE_CALL_SETUP_SUCC,2.0,900,NRCell,Huawei
1696693500000,VAL002_01,DCR_DEN,21.0,900,NRCell,Huawei
1696693500000,VAL002_01,DCR_NUM,0.0,900,NRCell,Huawei
1696693500000,VAL002_01,DROP_CALL_VOLTE_DEN,0.0,900,NRCell,Huawei
1696693500000,VAL002_01,DROP_CALL_VOLTE_NUM,0.0,900,NRCell,Huawei
1696693500000,VAL002_01,ERAB_SR_DEN,21.0,900,NRCell,Huawei
1696693500000,VAL002_01,ERAB_SR_NUM,21.0,900,NRCell,Huawei
1696693500000,VAL002_01,INTEGRITY_NGBR_QCI_9,118351480.0,900,NRCell,Huawei
1696693500000,VAL002_01,INTRA_FREQUENCY_HO_OUT_ATT,1.0,900,NRCell,Huawei
1696693500000,VAL002_01,INTRA_FREQUENCY_HO_OUT_SUCC,1.0,900,NRCell,Huawei
1696693500000,VAL002_01,RRC_SETUP_ATT,25.0,900,NRCell,Huawei
1696693500000,VAL002_01,RRC_SETUP_SUCC,25.0,900,NRCell,Huawei
1696693500000,VAL002_01,S1SIG_Connection_Setup_SR_DEN,25.0,900,NRCell,Huawei
1696693500000,VAL002_01,S1SIG_Connection_Setup_SR_NUM,25.0,900,NRCell,Huawei
1696693500000,VAL002_01,SERVICE_LATENCY_OVER_AIR_INTERFACE_DEN,1392.0,900,NRCell,Huawei
1696693500000,VAL002_01,SERVICE_LATENCY_OVER_AIR_INTERFACE_NUM,2327.0,900,NRCell,Huawei
1696693500000,VAL002_01,VOICE_TRAFFIC,0.0,900,NRCell,Huawei
1696693500000,VAL002_01,VOLTE_CALL_SETUP_ATT,0.0,900,NRCell,Huawei
1696693500000,VAL002_01,VOLTE_CALL_SETUP_SUCC,0.0,900,NRCell,Huawei
