startTime,neId,counterCode,counterValue,granularity,neType,vendorName
1696671900000,BCN014_01,DCR_DEN,790.0,900,NRCell,Huawei
1696671900000,BCN014_01,DCR_NUM,0.0,900,NRCell,Huawei
1696671900000,BCN014_01,DROP_CALL_VOLTE_DEN,0.0,900,NRCell,Huawei
1696671900000,BCN014_01,DROP_CALL_VOLTE_NUM,0.0,900,NRCell,Huawei
1696671900000,BCN014_01,ERAB_SR_DEN,785.0,900,NRCell,Huawei
1696671900000,BCN014_01,ERAB_SR_NUM,785.0,900,NRCell,Huawei
1696671900000,BCN014_01,INTEGRITY_NGBR_QCI_9,1807457184.0,900,NRCell,Huawei
1696671900000,BCN014_01,INTRA_FREQUENCY_HO_OUT_ATT,20.0,900,NRCell,Huawei
1696671900000,BCN014_01,INTRA_FREQUENCY_HO_OUT_SUCC,20.0,900,NRCell,Huawei
1696671900000,BCN014_01,RRC_SETUP_ATT,540.0,900,NRCell,Huawei
1696671900000,BCN014_01,RRC_SETUP_SUCC,540.0,900,NRCell,Huawei
1696671900000,BCN014_01,S1SIG_Connection_Setup_SR_DEN,540.0,900,NRCell,Huawei
1696671900000,BCN014_01,S1SIG_Connection_Setup_SR_NUM,540.0,900,NRCell,Huawei
1696671900000,BCN014_01,SERVICE_LATENCY_OVER_AIR_INTERFACE_DEN,43735.0,900,NRCell,Huawei
1696671900000,BCN014_01,SERVICE_LATENCY_OVER_AIR_INTERFACE_NUM,65296.0,900,NRCell,Huawei
1696671900000,BCN014_01,VOICE_TRAFFIC,0.0,900,NRCell,Huawei
1696671900000,BCN014_01,VOLTE_CALL_SETUP_ATT,0.0,900,NRCell,Huawei
1696671900000,BCN014_01,VOLTE_CALL_SETUP_SUCC,0.0,900,NRCell,Huawei
1696671900000,BIL001_01,DCR_DEN,1026.0,900,NRCell,Huawei
1696671900000,BIL001_01,DCR_NUM,0.0,900,NRCell,Huawei
1696671900000,BIL001_01,DROP_CALL_VOLTE_DEN,0.0,900,NRCell,Huawei
1696671900000,BIL001_01,DROP_CALL_VOLTE_NUM,0.0,900,NRCell,Huawei
1696671900000,BIL001_01,ERAB_SR_DEN,1037.0,900,NRCell,Huawei
1696671900000,BIL001_01,ERAB_SR_NUM,1035.0,900,NRCell,Huawei
1696671900000,BIL001_01,INTEGRITY_NGBR_QCI_9,3211337680.0,900,NRCell,Huawei
1696671900000,BIL001_01,INTRA_FREQUENCY_HO_OUT_ATT,19.0,900,NRCell,Huawei
1696671900000,BIL001_01,INTRA_FREQUENCY_HO_OUT_SUCC,19.0,900,NRCell,Huawei
1696671900000,BIL001_01,RRC_SETUP_ATT,675.0,900,NRCell,Huawei
1696671900000,BIL001_01,RRC_SETUP_SUCC,675.0,900,NRCell,Huawei
1696671900000,BIL001_01,S1SIG_Connection_Setup_SR_DEN,675.0,900,NRCell,Huawei
1696671900000,BIL001_01,S1SIG_Connection_Setup_SR_NUM,675.0,900,NRCell,Huawei
1696671900000,BIL001_01,SERVICE_LATENCY_OVER_AIR_INTERFACE_DEN,209536.0,900,NRCell,Huawei
1696671900000,BIL001_01,SERVICE_LATENCY_OVER_AIR_INTERFACE_NUM,234610.0,900,NRCell,Huawei
1696671900000,BIL001_01,VOICE_TRAFFIC,0.0,900,NRCell,Huawei
1696671900000,BIL001_01,VOLTE_CALL_SETUP_ATT,0.0,900,NRCell,Huawei
1696671900000,BIL001_01,VOLTE_CALL_SETUP_SUCC,0.0,900,NRCell,Huawei
1696671900000,MAD033_01,DCR_DEN,656.0,900,NRCell,Huawei
1696671900000,MAD033_01,DCR_NUM,0.0,900,NRCell,Huawei
1696671900000,MAD033_01,DROP_CALL_VOLTE_DEN,0.0,900,NRCell,Huawei
1696671900000,MAD033_01,DROP_CALL_VOLTE_NUM,0.0,900,NRCell,Huawei
1696671900000,MAD033_01,ERAB_SR_DEN,653.0,900,NRCell,Huawei
1696671900000,MAD033_01,ERAB_SR_NUM,653.0,900,NRCell,Huawei
1696671900000,MAD033_01,INTEGRITY_NGBR_QCI_9,311744216.0,900,NRCell,Huawei
1696671900000,MAD033_01,INTRA_FREQUENCY_HO_OUT_ATT,9.0,900,NRCell,Huawei
1696671900000,MAD033_01,INTRA_FREQUENCY_HO_OUT_SUCC,9.0,900,NRCell,Huawei
1696671900000,MAD033_01,RRC_SETUP_ATT,364.0,900,NRCell,Huawei
1696671900000,MAD033_01,RRC_SETUP_SUCC,364.0,900,NRCell,Huawei
1696671900000,MAD033_01,S1SIG_Connection_Setup_SR_DEN,364.0,900,NRCell,Huawei
1696671900000,MAD033_01,S1SIG_Connection_Setup_SR_NUM,364.0,900,NRCell,Huawei
1696671900000,MAD033_01,SERVICE_LATENCY_OVER_AIR_INTERFACE_DEN,11066.0,900,NRCell,Huawei
1696671900000,MAD033_01,SERVICE_LATENCY_OVER_AIR_INTERFACE_NUM,12215.0,900,NRCell,Huawei
1696671900000,MAD033_01,VOICE_TRAFFIC,0.0,900,NRCell,Huawei
1696671900000,MAD033_01,VOLTE_CALL_SETUP_ATT,0.0,900,NRCell,Huawei
1696671900000,MAD033_01,VOLTE_CALL_SETUP_SUCC,0.0,900,NRCell,Huawei
1696671900000,SAL030_01,DCR_DEN,109.0,900,NRCell,Huawei
1696671900000,SAL030_01,DCR_NUM,0.0,900,NRCell,Huawei
1696671900000,SAL030_01,DROP_CALL_VOLTE_DEN,0.0,900,NRCell,Huawei
1696671900000,SAL030_01,DROP_CALL_VOLTE_NUM,0.0,900,NRCell,Huawei
1696671900000,SAL030_01,ERAB_SR_DEN,108.0,900,NRCell,Huawei
1696671900000,SAL030_01,ERAB_SR_NUM,108.0,900,NRCell,Huawei
1696671900000,SAL030_01,INTEGRITY_NGBR_QCI_9,474335168.0,900,NRCell,Huawei
1696671900000,SAL030_01,INTRA_FREQUENCY_HO_OUT_ATT,0.0,900,NRCell,Huawei
1696671900000,SAL030_01,INTRA_FREQUENCY_HO_OUT_SUCC,0.0,900,NRCell,Huawei
1696671900000,SAL030_01,RRC_SETUP_ATT,76.0,900,NRCell,Huawei
1696671900000,SAL030_01,RRC_SETUP_SUCC,76.0,900,NRCell,Huawei
1696671900000,SAL030_01,S1SIG_Connection_Setup_SR_DEN,76.0,900,NRCell,Huawei
1696671900000,SAL030_01,S1SIG_Connection_Setup_SR_NUM,76.0,900,NRCell,Huawei
1696671900000,SAL030_01,SERVICE_LATENCY_OVER_AIR_INTERFACE_DEN,13541.0,900,NRCell,Huawei
1696671900000,SAL030_01,SERVICE_LATENCY_OVER_AIR_INTERFACE_NUM,16831.0,900,NRCell,Huawei
1696671900000,SAL030_01,VOICE_TRAFFIC,0.0,900,NRCell,Huawei
1696671900000,SAL030_01,VOLTE_CALL_SETUP_ATT,0.0,900,NRCell,Huawei
1696671900000,SAL030_01,VOLTE_CALL_SETUP_SUCC,0.0,900,NRCell,Huawei
1696671900000,SEV001_01,DCR_DEN,1687.0,900,NRCell,Huawei
1696671900000,SEV001_01,DCR_NUM,0.0,900,NRCell,Huawei
1696671900000,SEV001_01,DROP_CALL_VOLTE_DEN,0.0,900,NRCell,Huawei
1696671900000,SEV001_01,DROP_CALL_VOLTE_NUM,0.0,900,NRCell,Huawei
1696671900000,SEV001_01,ERAB_SR_DEN,1692.0,900,NRCell,Huawei
1696671900000,SEV001_01,ERAB_SR_NUM,1692.0,900,NRCell,Huawei
1696671900000,SEV001_01,INTEGRITY_NGBR_QCI_9,2986373048.0,900,NRCell,Huawei
1696671900000,SEV001_01,INTRA_FREQUENCY_HO_OUT_ATT,9.0,900,NRCell,Huawei
1696671900000,SEV001_01,INTRA_FREQUENCY_HO_OUT_SUCC,9.0,900,NRCell,Huawei
1696671900000,SEV001_01,RRC_SETUP_ATT,961.0,900,NRCell,Huawei
1696671900000,SEV001_01,RRC_SETUP_SUCC,961.0,900,NRCell,Huawei
1696671900000,SEV001_01,S1SIG_Connection_Setup_SR_DEN,961.0,900,NRCell,Huawei
1696671900000,SEV001_01,S1SIG_Connection_Setup_SR_NUM,961.0,900,NRCell,Huawei
1696671900000,SEV001_01,SERVICE_LATENCY_OVER_AIR_INTERFACE_DEN,89662.0,900,NRCell,Huawei
1696671900000,SEV001_01,SERVICE_LATENCY_OVER_AIR_INTERFACE_NUM,104277.0,900,NRCell,Huawei
1696671900000,SEV001_01,VOICE_TRAFFIC,0.0,900,NRCell,Huawei
1696671900000,SEV001_01,VOLTE_CALL_SETUP_ATT,0.0,900,NRCell,Huawei
1696671900000,SEV001_01,VOLTE_CALL_SETUP_SUCC,0.0,900,NRCell,Huawei
1696671900000,SNT002_01,DCR_DEN,763.0,900,NRCell,Huawei
1696671900000,SNT002_01,DCR_NUM,0.0,900,NRCell,Huawei
1696671900000,SNT002_01,DROP_CALL_VOLTE_DEN,1.0,900,NRCell,Huawei
1696671900000,SNT002_01,DROP_CALL_VOLTE_NUM,0.0,900,NRCell,Huawei
1696671900000,SNT002_01,ERAB_SR_DEN,758.0,900,NRCell,Huawei
1696671900000,SNT002_01,ERAB_SR_NUM,758.0,900,NRCell,Huawei
1696671900000,SNT002_01,INTEGRITY_NGBR_QCI_9,1395145720.0,900,NRCell,Huawei
1696671900000,SNT002_01,INTRA_FREQUENCY_HO_OUT_ATT,3.0,900,NRCell,Huawei
1696671900000,SNT002_01,INTRA_FREQUENCY_HO_OUT_SUCC,3.0,900,NRCell,Huawei
1696671900000,SNT002_01,RRC_SETUP_ATT,444.0,900,NRCell,Huawei
1696671900000,SNT002_01,RRC_SETUP_SUCC,444.0,900,NRCell,Huawei
1696671900000,SNT002_01,S1SIG_Connection_Setup_SR_DEN,444.0,900,NRCell,Huawei
1696671900000,SNT002_01,S1SIG_Connection_Setup_SR_NUM,444.0,900,NRCell,Huawei
1696671900000,SNT002_01,SERVICE_LATENCY_OVER_AIR_INTERFACE_DEN,18349.0,900,NRCell,Huawei
1696671900000,SNT002_01,SERVICE_LATENCY_OVER_AIR_INTERFACE_NUM,25180.0,900,NRCell,Huawei
1696671900000,SNT002_01,VOICE_TRAFFIC,81.0,900,NRCell,Huawei
1696671900000,SNT002_01,VOLTE_CALL_SETUP_ATT,0.0,900,NRCell,Huawei
1696671900000,SNT002_01,VOLTE_CALL_SETUP_SUCC,0.0,900,NRCell,Huawei
1696671900000,TAR015_01,DCR_DEN,2294.0,900,NRCell,Huawei
1696671900000,TAR015_01,DCR_NUM,1.0,900,NRCell,Huawei
1696671900000,TAR015_01,DROP_CALL_VOLTE_DEN,2.0,900,NRCell,Huawei
1696671900000,TAR015_01,DROP_CALL_VOLTE_NUM,0.0,900,NRCell,Huawei
1696671900000,TAR015_01,ERAB_SR_DEN,2276.0,900,NRCell,Huawei
1696671900000,TAR015_01,ERAB_SR_NUM,2276.0,900,NRCell,Huawei
1696671900000,TAR015_01,INTEGRITY_NGBR_QCI_9,1108574024.0,900,NRCell,Huawei
1696671900000,TAR015_01,INTRA_FREQUENCY_HO_OUT_ATT,10.0,900,NRCell,Huawei
1696671900000,TAR015_01,INTRA_FREQUENCY_HO_OUT_SUCC,10.0,900,NRCell,Huawei
1696671900000,TAR015_01,RRC_SETUP_ATT,1333.0,900,NRCell,Huawei
1696671900000,TAR015_01,RRC_SETUP_SUCC,1333.0,900,NRCell,Huawei
1696671900000,TAR015_01,S1SIG_Connection_Setup_SR_DEN,1333.0,900,NRCell,Huawei
1696671900000,TAR015_01,S1SIG_Connection_Setup_SR_NUM,1333.0,900,NRCell,Huawei
1696671900000,TAR015_01,SERVICE_LATENCY_OVER_AIR_INTERFACE_DEN,53289.0,900,NRCell,Huawei
1696671900000,TAR015_01,SERVICE_LATENCY_OVER_AIR_INTERFACE_NUM,75782.0,900,NRCell,Huawei
1696671900000,TAR015_01,VOICE_TRAFFIC,1451.0,900,NRCell,Huawei
1696671900000,TAR015_01,VOLTE_CALL_SETUP_ATT,1.0,900,NRCell,Huawei
1696671900000,TAR015_01,VOLTE_CALL_SETUP_SUCC,1.0,900,NRCell,Huawei
1696671900000,TOL034_01,DCR_DEN,19.0,900,NRCell,Huawei
1696671900000,TOL034_01,DCR_NUM,0.0,900,NRCell,Huawei
1696671900000,TOL034_01,DROP_CALL_VOLTE_DEN,0.0,900,NRCell,Huawei
1696671900000,TOL034_01,DROP_CALL_VOLTE_NUM,0.0,900,NRCell,Huawei
1696671900000,TOL034_01,ERAB_SR_DEN,16.0,900,NRCell,Huawei
1696671900000,TOL034_01,ERAB_SR_NUM,16.0,900,NRCell,Huawei
1696671900000,TOL034_01,INTEGRITY_NGBR_QCI_9,1023016.0,900,NRCell,Huawei
1696671900000,TOL034_01,INTRA_FREQUENCY_HO_OUT_ATT,0.0,900,NRCell,Huawei
1696671900000,TOL034_01,INTRA_FREQUENCY_HO_OUT_SUCC,0.0,900,NRCell,Huawei
1696671900000,TOL034_01,RRC_SETUP_ATT,12.0,900,NRCell,Huawei
1696671900000,TOL034_01,RRC_SETUP_SUCC,11.0,900,NRCell,Huawei
1696671900000,TOL034_01,S1SIG_Connection_Setup_SR_DEN,11.0,900,NRCell,Huawei
1696671900000,TOL034_01,S1SIG_Connection_Setup_SR_NUM,11.0,900,NRCell,Huawei
1696671900000,TOL034_01,SERVICE_LATENCY_OVER_AIR_INTERFACE_DEN,97.0,900,NRCell,Huawei
1696671900000,TOL034_01,SERVICE_LATENCY_OVER_AIR_INTERFACE_NUM,246.0,900,NRCell,Huawei
1696671900000,TOL034_01,VOICE_TRAFFIC,0.0,900,NRCell,Huawei
1696671900000,TOL034_01,VOLTE_CALL_SETUP_ATT,0.0,900,NRCell,Huawei
1696671900000,TOL034_01,VOLTE_CALL_SETUP_SUCC,0.0,900,NRCell,Huawei
1696671900000,VAL002_01,DCR_DEN,12.0,900,NRCell,Huawei
1696671900000,VAL002_01,DCR_NUM,0.0,900,NRCell,Huawei
1696671900000,VAL002_01,DROP_CALL_VOLTE_DEN,0.0,900,NRCell,Huawei
1696671900000,VAL002_01,DROP_CALL_VOLTE_NUM,0.0,900,NRCell,Huawei
1696671900000,VAL002_01,ERAB_SR_DEN,12.0,900,NRCell,Huawei
1696671900000,VAL002_01,ERAB_SR_NUM,12.0,900,NRCell,Huawei
1696671900000,VAL002_01,INTEGRITY_NGBR_QCI_9,1364032.0,900,NRCell,Huawei
1696671900000,VAL002_01,INTRA_FREQUENCY_HO_OUT_ATT,1.0,900,NRCell,Huawei
1696671900000,VAL002_01,INTRA_FREQUENCY_HO_OUT_SUCC,1.0,900,NRCell,Huawei
1696671900000,VAL002_01,RRC_SETUP_ATT,14.0,900,NRCell,Huawei
1696671900000,VAL002_01,RRC_SETUP_SUCC,14.0,900,NRCell,Huawei
1696671900000,VAL002_01,S1SIG_Connection_Setup_SR_DEN,14.0,900,NRCell,Huawei
1696671900000,VAL002_01,S1SIG_Connection_Setup_SR_NUM,14.0,900,NRCell,Huawei
1696671900000,VAL002_01,SERVICE_LATENCY_OVER_AIR_INTERFACE_DEN,2011.0,900,NRCell,Huawei
1696671900000,VAL002_01,SERVICE_LATENCY_OVER_AIR_INTERFACE_NUM,2079.0,900,NRCell,Huawei
1696671900000,VAL002_01,VOICE_TRAFFIC,0.0,900,NRCell,Huawei
1696671900000,VAL002_01,VOLTE_CALL_SETUP_ATT,0.0,900,NRCell,Huawei
1696671900000,VAL002_01,VOLTE_CALL_SETUP_SUCC,0.0,900,NRCell,Huawei
