startTime,neId,counterCode,counterValue,granularity,neType,vendorName
1696560300000,BCN014_01,DCR_DEN,1941.0,900,NRCell,Huawei
1696560300000,BCN014_01,DCR_NUM,0.0,900,NRCell,Huawei
1696560300000,BCN014_01,DROP_CALL_VOLTE_DEN,12.0,900,NRCell,Huawei
1696560300000,BCN014_01,DROP_CALL_VOLTE_NUM,0.0,900,NRCell,Huawei
1696560300000,BCN014_01,ERAB_SR_DEN,1948.0,900,NRCell,Huawei
1696560300000,BCN014_01,ERAB_SR_NUM,1948.0,900,NRCell,Huawei
1696560300000,BCN014_01,INTEGRITY_NGBR_QCI_9,14906672368.0,900,NRCell,Huawei
1696560300000,BCN014_01,INTRA_FREQUENCY_HO_OUT_ATT,151.0,900,NRCell,Huawei
1696560300000,BCN014_01,INTRA_FREQUENCY_HO_OUT_SUCC,150.0,900,NRCell,Huawei
1696560300000,BCN014_01,RRC_SETUP_ATT,1107.0,900,NRCell,Huawei
1696560300000,BCN014_01,RRC_SETUP_SUCC,1105.0,900,NRCell,Huawei
1696560300000,BCN014_01,S1SIG_Connection_Setup_SR_DEN,1105.0,900,NRCell,Huawei
1696560300000,BCN014_01,S1SIG_Connection_Setup_SR_NUM,1105.0,900,NRCell,Huawei
1696560300000,BCN014_01,SERVICE_LATENCY_OVER_AIR_INTERFACE_DEN,333402.0,900,NRCell,Huawei
1696560300000,BCN014_01,SERVICE_LATENCY_OVER_AIR_INTERFACE_NUM,580411.0,900,NRCell,Huawei
1696560300000,BCN014_01,VOICE_TRAFFIC,19003.0,900,NRCell,Huawei
1696560300000,BCN014_01,VOLTE_CALL_SETUP_ATT,12.0,900,NRCell,Huawei
1696560300000,BCN014_01,VOLTE_CALL_SETUP_SUCC,12.0,900,NRCell,Huawei
1696560300000,BIL001_01,DCR_DEN,1622.0,900,NRCell,Huawei
1696560300000,BIL001_01,DCR_NUM,0.0,900,NRCell,Huawei
1696560300000,BIL001_01,DROP_CALL_VOLTE_DEN,12.0,900,NRCell,Huawei
1696560300000,BIL001_01,DROP_CALL_VOLTE_NUM,0.0,900,NRCell,Huawei
1696560300000,BIL001_01,ERAB_SR_DEN,1628.0,900,NRCell,Huawei
1696560300000,BIL001_01,ERAB_SR_NUM,1628.0,900,NRCell,Huawei
1696560300000,BIL001_01,INTEGRITY_NGBR_QCI_9,14740630784.0,900,NRCell,Huawei
1696560300000,BIL001_01,INTRA_FREQUENCY_HO_OUT_ATT,98.0,900,NRCell,Huawei
1696560300000,BIL001_01,INTRA_FREQUENCY_HO_OUT_SUCC,98.0,900,NRCell,Huawei
1696560300000,BIL001_01,RRC_SETUP_ATT,971.0,900,NRCell,Huawei
1696560300000,BIL001_01,RRC_SETUP_SUCC,966.0,900,NRCell,Huawei
1696560300000,BIL001_01,S1SIG_Connection_Setup_SR_DEN,966.0,900,NRCell,Huawei
1696560300000,BIL001_01,S1SIG_Connection_Setup_SR_NUM,966.0,900,NRCell,Huawei
1696560300000,BIL001_01,SERVICE_LATENCY_OVER_AIR_INTERFACE_DEN,492676.0,900,NRCell,Huawei
1696560300000,BIL001_01,SERVICE_LATENCY_OVER_AIR_INTERFACE_NUM,788684.0,900,NRCell,Huawei
1696560300000,BIL001_01,VOICE_TRAFFIC,23810.0,900,NRCell,Huawei
1696560300000,BIL001_01,VOLTE_CALL_SETUP_ATT,12.0,900,NRCell,Huawei
1696560300000,BIL001_01,VOLTE_CALL_SETUP_SUCC,12.0,900,NRCell,Huawei
1696560300000,MAD033_01,DCR_DEN,981.0,900,NRCell,Huawei
1696560300000,MAD033_01,DCR_NUM,0.0,900,NRCell,Huawei
1696560300000,MAD033_01,DROP_CALL_VOLTE_DEN,7.0,900,NRCell,Huawei
1696560300000,MAD033_01,DROP_CALL_VOLTE_NUM,0.0,900,NRCell,Huawei
1696560300000,MAD033_01,ERAB_SR_DEN,986.0,900,NRCell,Huawei
1696560300000,MAD033_01,ERAB_SR_NUM,986.0,900,NRCell,Huawei
1696560300000,MAD033_01,INTEGRITY_NGBR_QCI_9,6436589496.0,900,NRCell,Huawei
1696560300000,MAD033_01,INTRA_FREQUENCY_HO_OUT_ATT,100.0,900,NRCell,Huawei
1696560300000,MAD033_01,INTRA_FREQUENCY_HO_OUT_SUCC,100.0,900,NRCell,Huawei
1696560300000,MAD033_01,RRC_SETUP_ATT,599.0,900,NRCell,Huawei
1696560300000,MAD033_01,RRC_SETUP_SUCC,598.0,900,NRCell,Huawei
1696560300000,MAD033_01,S1SIG_Connection_Setup_SR_DEN,598.0,900,NRCell,Huawei
1696560300000,MAD033_01,S1SIG_Connection_Setup_SR_NUM,598.0,900,NRCell,Huawei
1696560300000,MAD033_01,SERVICE_LATENCY_OVER_AIR_INTERFACE_DEN,252640.0,900,NRCell,Huawei
1696560300000,MAD033_01,SERVICE_LATENCY_OVER_AIR_INTERFACE_NUM,323721.0,900,NRCell,Huawei
1696560300000,MAD033_01,VOICE_TRAFFIC,24917.0,900,NRCell,Huawei
1696560300000,MAD033_01,VOLTE_CALL_SETUP_ATT,8.0,900,NRCell,Huawei
1696560300000,MAD033_01,VOLTE_CALL_SETUP_SUCC,8.0,900,NRCell,Huawei
1696560300000,SAL030_01,DCR_DEN,162.0,900,NRCell,Huawei
1696560300000,SAL030_01,DCR_NUM,3.0,900,NRCell,Huawei
1696560300000,SAL030_01,DROP_CALL_VOLTE_DEN,0.0,900,NRCell,Huawei
1696560300000,SAL030_01,DROP_CALL_VOLTE_NUM,0.0,900,NRCell,Huawei
1696560300000,SAL030_01,ERAB_SR_DEN,164.0,900,NRCell,Huawei
1696560300000,SAL030_01,ERAB_SR_NUM,162.0,900,NRCell,Huawei
1696560300000,SAL030_01,INTEGRITY_NGBR_QCI_9,2588314184.0,900,NRCell,Huawei
1696560300000,SAL030_01,INTRA_FREQUENCY_HO_OUT_ATT,8.0,900,NRCell,Huawei
1696560300000,SAL030_01,INTRA_FREQUENCY_HO_OUT_SUCC,8.0,900,NRCell,Huawei
1696560300000,SAL030_01,RRC_SETUP_ATT,101.0,900,NRCell,Huawei
1696560300000,SAL030_01,RRC_SETUP_SUCC,101.0,900,NRCell,Huawei
1696560300000,SAL030_01,S1SIG_Connection_Setup_SR_DEN,101.0,900,NRCell,Huawei
1696560300000,SAL030_01,S1SIG_Connection_Setup_SR_NUM,101.0,900,NRCell,Huawei
1696560300000,SAL030_01,SERVICE_LATENCY_OVER_AIR_INTERFACE_DEN,23935.0,900,NRCell,Huawei
1696560300000,SAL030_01,SERVICE_LATENCY_OVER_AIR_INTERFACE_NUM,74538.0,900,NRCell,Huawei
1696560300000,SAL030_01,VOICE_TRAFFIC,0.0,900,NRCell,Huawei
1696560300000,SAL030_01,VOLTE_CALL_SETUP_ATT,0.0,900,NRCell,Huawei
1696560300000,SAL030_01,VOLTE_CALL_SETUP_SUCC,0.0,900,NRCell,Huawei
1696560300000,SEV001_01,DCR_DEN,2626.0,900,NRCell,Huawei
1696560300000,SEV001_01,DCR_NUM,9.0,900,NRCell,Huawei
1696560300000,SEV001_01,DROP_CALL_VOLTE_DEN,20.0,900,NRCell,Huawei
1696560300000,SEV001_01,DROP_CALL_VOLTE_NUM,0.0,900,NRCell,Huawei
1696560300000,SEV001_01,ERAB_SR_DEN,2696.0,900,NRCell,Huawei
1696560300000,SEV001_01,ERAB_SR_NUM,2688.0,900,NRCell,Huawei
1696560300000,SEV001_01,INTEGRITY_NGBR_QCI_9,19922014272.0,900,NRCell,Huawei
1696560300000,SEV001_01,INTRA_FREQUENCY_HO_OUT_ATT,91.0,900,NRCell,Huawei
1696560300000,SEV001_01,INTRA_FREQUENCY_HO_OUT_SUCC,91.0,900,NRCell,Huawei
1696560300000,SEV001_01,RRC_SETUP_ATT,1500.0,900,NRCell,Huawei
1696560300000,SEV001_01,RRC_SETUP_SUCC,1494.0,900,NRCell,Huawei
1696560300000,SEV001_01,S1SIG_Connection_Setup_SR_DEN,1494.0,900,NRCell,Huawei
1696560300000,SEV001_01,S1SIG_Connection_Setup_SR_NUM,1494.0,900,NRCell,Huawei
1696560300000,SEV001_01,SERVICE_LATENCY_OVER_AIR_INTERFACE_DEN,500152.0,900,NRCell,Huawei
1696560300000,SEV001_01,SERVICE_LATENCY_OVER_AIR_INTERFACE_NUM,4096683.0,900,NRCell,Huawei
1696560300000,SEV001_01,VOICE_TRAFFIC,29603.0,900,NRCell,Huawei
1696560300000,SEV001_01,VOLTE_CALL_SETUP_ATT,26.0,900,NRCell,Huawei
1696560300000,SEV001_01,VOLTE_CALL_SETUP_SUCC,26.0,900,NRCell,Huawei
1696560300000,SNT002_01,DCR_DEN,901.0,900,NRCell,Huawei
1696560300000,SNT002_01,DCR_NUM,0.0,900,NRCell,Huawei
1696560300000,SNT002_01,DROP_CALL_VOLTE_DEN,12.0,900,NRCell,Huawei
1696560300000,SNT002_01,DROP_CALL_VOLTE_NUM,0.0,900,NRCell,Huawei
1696560300000,SNT002_01,ERAB_SR_DEN,909.0,900,NRCell,Huawei
1696560300000,SNT002_01,ERAB_SR_NUM,907.0,900,NRCell,Huawei
1696560300000,SNT002_01,INTEGRITY_NGBR_QCI_9,9476651480.0,900,NRCell,Huawei
1696560300000,SNT002_01,INTRA_FREQUENCY_HO_OUT_ATT,64.0,900,NRCell,Huawei
1696560300000,SNT002_01,INTRA_FREQUENCY_HO_OUT_SUCC,64.0,900,NRCell,Huawei
1696560300000,SNT002_01,RRC_SETUP_ATT,572.0,900,NRCell,Huawei
1696560300000,SNT002_01,RRC_SETUP_SUCC,568.0,900,NRCell,Huawei
1696560300000,SNT002_01,S1SIG_Connection_Setup_SR_DEN,568.0,900,NRCell,Huawei
1696560300000,SNT002_01,S1SIG_Connection_Setup_SR_NUM,568.0,900,NRCell,Huawei
1696560300000,SNT002_01,SERVICE_LATENCY_OVER_AIR_INTERFACE_DEN,208868.0,900,NRCell,Huawei
1696560300000,SNT002_01,SERVICE_LATENCY_OVER_AIR_INTERFACE_NUM,261988.0,900,NRCell,Huawei
1696560300000,SNT002_01,VOICE_TRAFFIC,9409.0,900,NRCell,Huawei
1696560300000,SNT002_01,VOLTE_CALL_SETUP_ATT,13.0,900,NRCell,Huawei
1696560300000,SNT002_01,VOLTE_CALL_SETUP_SUCC,13.0,900,NRCell,Huawei
1696560300000,TAR015_01,DCR_DEN,3398.0,900,NRCell,Huawei
1696560300000,TAR015_01,DCR_NUM,4.0,900,NRCell,Huawei
1696560300000,TAR015_01,DROP_CALL_VOLTE_DEN,24.0,900,NRCell,Huawei
1696560300000,TAR015_01,DROP_CALL_VOLTE_NUM,0.0,900,NRCell,Huawei
1696560300000,TAR015_01,ERAB_SR_DEN,3359.0,900,NRCell,Huawei
1696560300000,TAR015_01,ERAB_SR_NUM,3358.0,900,NRCell,Huawei
1696560300000,TAR015_01,INTEGRITY_NGBR_QCI_9,15847634552.0,900,NRCell,Huawei
1696560300000,TAR015_01,INTRA_FREQUENCY_HO_OUT_ATT,121.0,900,NRCell,Huawei
1696560300000,TAR015_01,INTRA_FREQUENCY_HO_OUT_SUCC,120.0,900,NRCell,Huawei
1696560300000,TAR015_01,RRC_SETUP_ATT,1860.0,900,NRCell,Huawei
1696560300000,TAR015_01,RRC_SETUP_SUCC,1860.0,900,NRCell,Huawei
1696560300000,TAR015_01,S1SIG_Connection_Setup_SR_DEN,1860.0,900,NRCell,Huawei
1696560300000,TAR015_01,S1SIG_Connection_Setup_SR_NUM,1860.0,900,NRCell,Huawei
1696560300000,TAR015_01,SERVICE_LATENCY_OVER_AIR_INTERFACE_DEN,486366.0,900,NRCell,Huawei
1696560300000,TAR015_01,SERVICE_LATENCY_OVER_AIR_INTERFACE_NUM,2611796.0,900,NRCell,Huawei
1696560300000,TAR015_01,VOICE_TRAFFIC,29828.0,900,NRCell,Huawei
1696560300000,TAR015_01,VOLTE_CALL_SETUP_ATT,21.0,900,NRCell,Huawei
1696560300000,TAR015_01,VOLTE_CALL_SETUP_SUCC,21.0,900,NRCell,Huawei
1696560300000,TOL034_01,DCR_DEN,79.0,900,NRCell,Huawei
1696560300000,TOL034_01,DCR_NUM,0.0,900,NRCell,Huawei
1696560300000,TOL034_01,DROP_CALL_VOLTE_DEN,0.0,900,NRCell,Huawei
1696560300000,TOL034_01,DROP_CALL_VOLTE_NUM,0.0,900,NRCell,Huawei
1696560300000,TOL034_01,ERAB_SR_DEN,77.0,900,NRCell,Huawei
1696560300000,TOL034_01,ERAB_SR_NUM,77.0,900,NRCell,Huawei
1696560300000,TOL034_01,INTEGRITY_NGBR_QCI_9,3836490688.0,900,NRCell,Huawei
1696560300000,TOL034_01,INTRA_FREQUENCY_HO_OUT_ATT,5.0,900,NRCell,Huawei
1696560300000,TOL034_01,INTRA_FREQUENCY_HO_OUT_SUCC,5.0,900,NRCell,Huawei
1696560300000,TOL034_01,RRC_SETUP_ATT,63.0,900,NRCell,Huawei
1696560300000,TOL034_01,RRC_SETUP_SUCC,63.0,900,NRCell,Huawei
1696560300000,TOL034_01,S1SIG_Connection_Setup_SR_DEN,63.0,900,NRCell,Huawei
1696560300000,TOL034_01,S1SIG_Connection_Setup_SR_NUM,63.0,900,NRCell,Huawei
1696560300000,TOL034_01,SERVICE_LATENCY_OVER_AIR_INTERFACE_DEN,100849.0,900,NRCell,Huawei
1696560300000,TOL034_01,SERVICE_LATENCY_OVER_AIR_INTERFACE_NUM,159444.0,900,NRCell,Huawei
1696560300000,TOL034_01,VOICE_TRAFFIC,905.0,900,NRCell,Huawei
1696560300000,TOL034_01,VOLTE_CALL_SETUP_ATT,0.0,900,NRCell,Huawei
1696560300000,TOL034_01,VOLTE_CALL_SETUP_SUCC,0.0,900,NRCell,Huawei
1696560300000,VAL002_01,DCR_DEN,54.0,900,NRCell,Huawei
1696560300000,VAL002_01,DCR_NUM,0.0,900,NRCell,Huawei
1696560300000,VAL002_01,DROP_CALL_VOLTE_DEN,0.0,900,NRCell,Huawei
1696560300000,VAL002_01,DROP_CALL_VOLTE_NUM,0.0,900,NRCell,Huawei
1696560300000,VAL002_01,ERAB_SR_DEN,50.0,900,NRCell,Huawei
1696560300000,VAL002_01,ERAB_SR_NUM,50.0,900,NRCell,Huawei
1696560300000,VAL002_01,INTEGRITY_NGBR_QCI_9,405948104.0,900,NRCell,Huawei
1696560300000,VAL002_01,INTRA_FREQUENCY_HO_OUT_ATT,6.0,900,NRCell,Huawei
1696560300000,VAL002_01,INTRA_FREQUENCY_HO_OUT_SUCC,6.0,900,NRCell,Huawei
1696560300000,VAL002_01,RRC_SETUP_ATT,34.0,900,NRCell,Huawei
1696560300000,VAL002_01,RRC_SETUP_SUCC,34.0,900,NRCell,Huawei
1696560300000,VAL002_01,S1SIG_Connection_Setup_SR_DEN,34.0,900,NRCell,Huawei
1696560300000,VAL002_01,S1SIG_Connection_Setup_SR_NUM,34.0,900,NRCell,Huawei
1696560300000,VAL002_01,SERVICE_LATENCY_OVER_AIR_INTERFACE_DEN,1952.0,900,NRCell,Huawei
1696560300000,VAL002_01,SERVICE_LATENCY_OVER_AIR_INTERFACE_NUM,3676.0,900,NRCell,Huawei
1696560300000,VAL002_01,VOICE_TRAFFIC,0.0,900,NRCell,Huawei
1696560300000,VAL002_01,VOLTE_CALL_SETUP_ATT,0.0,900,NRCell,Huawei
1696560300000,VAL002_01,VOLTE_CALL_SETUP_SUCC,0.0,900,NRCell,Huawei
