startTime,neId,counterCode,counterValue,granularity,neType,vendorName
1696833900000,BCN014_01,DCR_DEN,851.0,900,NRCell,Huawei
1696833900000,BCN014_01,DCR_NUM,0.0,900,NRCell,Huawei
1696833900000,BCN014_01,DROP_CALL_VOLTE_DEN,2.0,900,NRCell,Huawei
1696833900000,BCN014_01,DROP_CALL_VOLTE_NUM,0.0,900,NRCell,Huawei
1696833900000,BCN014_01,ERAB_SR_DEN,857.0,900,NRCell,Huawei
1696833900000,BCN014_01,ERAB_SR_NUM,857.0,900,NRCell,Huawei
1696833900000,BCN014_01,INTEGRITY_NGBR_QCI_9,8567004784.0,900,NRCell,Huawei
1696833900000,BCN014_01,INTRA_FREQUENCY_HO_OUT_ATT,15.0,900,NRCell,Huawei
1696833900000,BCN014_01,INTRA_FREQUENCY_HO_OUT_SUCC,15.0,900,NRCell,Huawei
1696833900000,BCN014_01,RRC_SETUP_ATT,551.0,900,NRCell,Huawei
1696833900000,BCN014_01,RRC_SETUP_SUCC,551.0,900,NRCell,Huawei
1696833900000,BCN014_01,S1SIG_Connection_Setup_SR_DEN,551.0,900,NRCell,Huawei
1696833900000,BCN014_01,S1SIG_Connection_Setup_SR_NUM,551.0,900,NRCell,Huawei
1696833900000,BCN014_01,SERVICE_LATENCY_OVER_AIR_INTERFACE_DEN,161097.0,900,NRCell,Huawei
1696833900000,BCN014_01,SERVICE_LATENCY_OVER_AIR_INTERFACE_NUM,183061.0,900,NRCell,Huawei
1696833900000,BCN014_01,VOICE_TRAFFIC,0.0,900,NRCell,Huawei
1696833900000,BCN014_01,VOLTE_CALL_SETUP_ATT,2.0,900,NRCell,Huawei
1696833900000,BCN014_01,VOLTE_CALL_SETUP_SUCC,2.0,900,NRCell,Huawei
1696833900000,BIL001_01,DCR_DEN,1038.0,900,NRCell,Huawei
1696833900000,BIL001_01,DCR_NUM,0.0,900,NRCell,Huawei
1696833900000,BIL001_01,DROP_CALL_VOLTE_DEN,1.0,900,NRCell,Huawei
1696833900000,BIL001_01,DROP_CALL_VOLTE_NUM,0.0,900,NRCell,Huawei
1696833900000,BIL001_01,ERAB_SR_DEN,1035.0,900,NRCell,Huawei
1696833900000,BIL001_01,ERAB_SR_NUM,1035.0,900,NRCell,Huawei
1696833900000,BIL001_01,INTEGRITY_NGBR_QCI_9,4240430808.0,900,NRCell,Huawei
1696833900000,BIL001_01,INTRA_FREQUENCY_HO_OUT_ATT,12.0,900,NRCell,Huawei
1696833900000,BIL001_01,INTRA_FREQUENCY_HO_OUT_SUCC,12.0,900,NRCell,Huawei
1696833900000,BIL001_01,RRC_SETUP_ATT,664.0,900,NRCell,Huawei
1696833900000,BIL001_01,RRC_SETUP_SUCC,663.0,900,NRCell,Huawei
1696833900000,BIL001_01,S1SIG_Connection_Setup_SR_DEN,663.0,900,NRCell,Huawei
1696833900000,BIL001_01,S1SIG_Connection_Setup_SR_NUM,663.0,900,NRCell,Huawei
1696833900000,BIL001_01,SERVICE_LATENCY_OVER_AIR_INTERFACE_DEN,151809.0,900,NRCell,Huawei
1696833900000,BIL001_01,SERVICE_LATENCY_OVER_AIR_INTERFACE_NUM,198524.0,900,NRCell,Huawei
1696833900000,BIL001_01,VOICE_TRAFFIC,620.0,900,NRCell,Huawei
1696833900000,BIL001_01,VOLTE_CALL_SETUP_ATT,0.0,900,NRCell,Huawei
1696833900000,BIL001_01,VOLTE_CALL_SETUP_SUCC,0.0,900,NRCell,Huawei
1696833900000,MAD033_01,DCR_DEN,438.0,900,NRCell,Huawei
1696833900000,MAD033_01,DCR_NUM,0.0,900,NRCell,Huawei
1696833900000,MAD033_01,DROP_CALL_VOLTE_DEN,0.0,900,NRCell,Huawei
1696833900000,MAD033_01,DROP_CALL_VOLTE_NUM,0.0,900,NRCell,Huawei
1696833900000,MAD033_01,ERAB_SR_DEN,443.0,900,NRCell,Huawei
1696833900000,MAD033_01,ERAB_SR_NUM,443.0,900,NRCell,Huawei
1696833900000,MAD033_01,INTEGRITY_NGBR_QCI_9,5763303736.0,900,NRCell,Huawei
1696833900000,MAD033_01,INTRA_FREQUENCY_HO_OUT_ATT,4.0,900,NRCell,Huawei
1696833900000,MAD033_01,INTRA_FREQUENCY_HO_OUT_SUCC,4.0,900,NRCell,Huawei
1696833900000,MAD033_01,RRC_SETUP_ATT,269.0,900,NRCell,Huawei
1696833900000,MAD033_01,RRC_SETUP_SUCC,269.0,900,NRCell,Huawei
1696833900000,MAD033_01,S1SIG_Connection_Setup_SR_DEN,269.0,900,NRCell,Huawei
1696833900000,MAD033_01,S1SIG_Connection_Setup_SR_NUM,269.0,900,NRCell,Huawei
1696833900000,MAD033_01,SERVICE_LATENCY_OVER_AIR_INTERFACE_DEN,96908.0,900,NRCell,Huawei
1696833900000,MAD033_01,SERVICE_LATENCY_OVER_AIR_INTERFACE_NUM,106202.0,900,NRCell,Huawei
1696833900000,MAD033_01,VOICE_TRAFFIC,11981.0,900,NRCell,Huawei
1696833900000,MAD033_01,VOLTE_CALL_SETUP_ATT,0.0,900,NRCell,Huawei
1696833900000,MAD033_01,VOLTE_CALL_SETUP_SUCC,0.0,900,NRCell,Huawei
1696833900000,SAL030_01,DCR_DEN,66.0,900,NRCell,Huawei
1696833900000,SAL030_01,DCR_NUM,0.0,900,NRCell,Huawei
1696833900000,SAL030_01,DROP_CALL_VOLTE_DEN,0.0,900,NRCell,Huawei
1696833900000,SAL030_01,DROP_CALL_VOLTE_NUM,0.0,900,NRCell,Huawei
1696833900000,SAL030_01,ERAB_SR_DEN,69.0,900,NRCell,Huawei
1696833900000,SAL030_01,ERAB_SR_NUM,69.0,900,NRCell,Huawei
1696833900000,SAL030_01,INTEGRITY_NGBR_QCI_9,5075144.0,900,NRCell,Huawei
1696833900000,SAL030_01,INTRA_FREQUENCY_HO_OUT_ATT,0.0,900,NRCell,Huawei
1696833900000,SAL030_01,INTRA_FREQUENCY_HO_OUT_SUCC,0.0,900,NRCell,Huawei
1696833900000,SAL030_01,RRC_SETUP_ATT,47.0,900,NRCell,Huawei
1696833900000,SAL030_01,RRC_SETUP_SUCC,47.0,900,NRCell,Huawei
1696833900000,SAL030_01,S1SIG_Connection_Setup_SR_DEN,47.0,900,NRCell,Huawei
1696833900000,SAL030_01,S1SIG_Connection_Setup_SR_NUM,47.0,900,NRCell,Huawei
1696833900000,SAL030_01,SERVICE_LATENCY_OVER_AIR_INTERFACE_DEN,938.0,900,NRCell,Huawei
1696833900000,SAL030_01,SERVICE_LATENCY_OVER_AIR_INTERFACE_NUM,1378.0,900,NRCell,Huawei
1696833900000,SAL030_01,VOICE_TRAFFIC,0.0,900,NRCell,Huawei
1696833900000,SAL030_01,VOLTE_CALL_SETUP_ATT,0.0,900,NRCell,Huawei
1696833900000,SAL030_01,VOLTE_CALL_SETUP_SUCC,0.0,900,NRCell,Huawei
1696833900000,SEV001_01,DCR_DEN,2022.0,900,NRCell,Huawei
1696833900000,SEV001_01,DCR_NUM,0.0,900,NRCell,Huawei
1696833900000,SEV001_01,DROP_CALL_VOLTE_DEN,0.0,900,NRCell,Huawei
1696833900000,SEV001_01,DROP_CALL_VOLTE_NUM,0.0,900,NRCell,Huawei
1696833900000,SEV001_01,ERAB_SR_DEN,2034.0,900,NRCell,Huawei
1696833900000,SEV001_01,ERAB_SR_NUM,2034.0,900,NRCell,Huawei
1696833900000,SEV001_01,INTEGRITY_NGBR_QCI_9,4314415264.0,900,NRCell,Huawei
1696833900000,SEV001_01,INTRA_FREQUENCY_HO_OUT_ATT,1.0,900,NRCell,Huawei
1696833900000,SEV001_01,INTRA_FREQUENCY_HO_OUT_SUCC,1.0,900,NRCell,Huawei
1696833900000,SEV001_01,RRC_SETUP_ATT,1169.0,900,NRCell,Huawei
1696833900000,SEV001_01,RRC_SETUP_SUCC,1169.0,900,NRCell,Huawei
1696833900000,SEV001_01,S1SIG_Connection_Setup_SR_DEN,1169.0,900,NRCell,Huawei
1696833900000,SEV001_01,S1SIG_Connection_Setup_SR_NUM,1169.0,900,NRCell,Huawei
1696833900000,SEV001_01,SERVICE_LATENCY_OVER_AIR_INTERFACE_DEN,204262.0,900,NRCell,Huawei
1696833900000,SEV001_01,SERVICE_LATENCY_OVER_AIR_INTERFACE_NUM,329284.0,900,NRCell,Huawei
1696833900000,SEV001_01,VOICE_TRAFFIC,16109.0,900,NRCell,Huawei
1696833900000,SEV001_01,VOLTE_CALL_SETUP_ATT,0.0,900,NRCell,Huawei
1696833900000,SEV001_01,VOLTE_CALL_SETUP_SUCC,0.0,900,NRCell,Huawei
1696833900000,SNT002_01,DCR_DEN,453.0,900,NRCell,Huawei
1696833900000,SNT002_01,DCR_NUM,0.0,900,NRCell,Huawei
1696833900000,SNT002_01,DROP_CALL_VOLTE_DEN,0.0,900,NRCell,Huawei
1696833900000,SNT002_01,DROP_CALL_VOLTE_NUM,0.0,900,NRCell,Huawei
1696833900000,SNT002_01,ERAB_SR_DEN,458.0,900,NRCell,Huawei
1696833900000,SNT002_01,ERAB_SR_NUM,458.0,900,NRCell,Huawei
1696833900000,SNT002_01,INTEGRITY_NGBR_QCI_9,713282792.0,900,NRCell,Huawei
1696833900000,SNT002_01,INTRA_FREQUENCY_HO_OUT_ATT,2.0,900,NRCell,Huawei
1696833900000,SNT002_01,INTRA_FREQUENCY_HO_OUT_SUCC,2.0,900,NRCell,Huawei
1696833900000,SNT002_01,RRC_SETUP_ATT,290.0,900,NRCell,Huawei
1696833900000,SNT002_01,RRC_SETUP_SUCC,290.0,900,NRCell,Huawei
1696833900000,SNT002_01,S1SIG_Connection_Setup_SR_DEN,290.0,900,NRCell,Huawei
1696833900000,SNT002_01,S1SIG_Connection_Setup_SR_NUM,290.0,900,NRCell,Huawei
1696833900000,SNT002_01,SERVICE_LATENCY_OVER_AIR_INTERFACE_DEN,8621.0,900,NRCell,Huawei
1696833900000,SNT002_01,SERVICE_LATENCY_OVER_AIR_INTERFACE_NUM,8741.0,900,NRCell,Huawei
1696833900000,SNT002_01,VOICE_TRAFFIC,0.0,900,NRCell,Huawei
1696833900000,SNT002_01,VOLTE_CALL_SETUP_ATT,0.0,900,NRCell,Huawei
1696833900000,SNT002_01,VOLTE_CALL_SETUP_SUCC,0.0,900,NRCell,Huawei
1696833900000,TAR015_01,DCR_DEN,2211.0,900,NRCell,Huawei
1696833900000,TAR015_01,DCR_NUM,0.0,900,NRCell,Huawei
1696833900000,TAR015_01,DROP_CALL_VOLTE_DEN,2.0,900,NRCell,Huawei
1696833900000,TAR015_01,DROP_CALL_VOLTE_NUM,0.0,900,NRCell,Huawei
1696833900000,TAR015_01,ERAB_SR_DEN,2195.0,900,NRCell,Huawei
1696833900000,TAR015_01,ERAB_SR_NUM,2194.0,900,NRCell,Huawei
1696833900000,TAR015_01,INTEGRITY_NGBR_QCI_9,8436523048.0,900,NRCell,Huawei
1696833900000,TAR015_01,INTRA_FREQUENCY_HO_OUT_ATT,8.0,900,NRCell,Huawei
1696833900000,TAR015_01,INTRA_FREQUENCY_HO_OUT_SUCC,8.0,900,NRCell,Huawei
1696833900000,TAR015_01,RRC_SETUP_ATT,1239.0,900,NRCell,Huawei
1696833900000,TAR015_01,RRC_SETUP_SUCC,1239.0,900,NRCell,Huawei
1696833900000,TAR015_01,S1SIG_Connection_Setup_SR_DEN,1239.0,900,NRCell,Huawei
1696833900000,TAR015_01,S1SIG_Connection_Setup_SR_NUM,1239.0,900,NRCell,Huawei
1696833900000,TAR015_01,SERVICE_LATENCY_OVER_AIR_INTERFACE_DEN,157023.0,900,NRCell,Huawei
1696833900000,TAR015_01,SERVICE_LATENCY_OVER_AIR_INTERFACE_NUM,220122.0,900,NRCell,Huawei
1696833900000,TAR015_01,VOICE_TRAFFIC,7794.0,900,NRCell,Huawei
1696833900000,TAR015_01,VOLTE_CALL_SETUP_ATT,3.0,900,NRCell,Huawei
1696833900000,TAR015_01,VOLTE_CALL_SETUP_SUCC,3.0,900,NRCell,Huawei
1696833900000,TOL034_01,DCR_DEN,151.0,900,NRCell,Huawei
1696833900000,TOL034_01,DCR_NUM,0.0,900,NRCell,Huawei
1696833900000,TOL034_01,DROP_CALL_VOLTE_DEN,0.0,900,NRCell,Huawei
1696833900000,TOL034_01,DROP_CALL_VOLTE_NUM,0.0,900,NRCell,Huawei
1696833900000,TOL034_01,ERAB_SR_DEN,147.0,900,NRCell,Huawei
1696833900000,TOL034_01,ERAB_SR_NUM,147.0,900,NRCell,Huawei
1696833900000,TOL034_01,INTEGRITY_NGBR_QCI_9,928345064.0,900,NRCell,Huawei
1696833900000,TOL034_01,INTRA_FREQUENCY_HO_OUT_ATT,1.0,900,NRCell,Huawei
1696833900000,TOL034_01,INTRA_FREQUENCY_HO_OUT_SUCC,1.0,900,NRCell,Huawei
1696833900000,TOL034_01,RRC_SETUP_ATT,91.0,900,NRCell,Huawei
1696833900000,TOL034_01,RRC_SETUP_SUCC,91.0,900,NRCell,Huawei
1696833900000,TOL034_01,S1SIG_Connection_Setup_SR_DEN,91.0,900,NRCell,Huawei
1696833900000,TOL034_01,S1SIG_Connection_Setup_SR_NUM,91.0,900,NRCell,Huawei
1696833900000,TOL034_01,SERVICE_LATENCY_OVER_AIR_INTERFACE_DEN,13059.0,900,NRCell,Huawei
1696833900000,TOL034_01,SERVICE_LATENCY_OVER_AIR_INTERFACE_NUM,13939.0,900,NRCell,Huawei
1696833900000,TOL034_01,VOICE_TRAFFIC,0.0,900,NRCell,Huawei
1696833900000,TOL034_01,VOLTE_CALL_SETUP_ATT,0.0,900,NRCell,Huawei
1696833900000,TOL034_01,VOLTE_CALL_SETUP_SUCC,0.0,900,NRCell,Huawei
1696833900000,VAL002_01,DCR_DEN,22.0,900,NRCell,Huawei
1696833900000,VAL002_01,DCR_NUM,0.0,900,NRCell,Huawei
1696833900000,VAL002_01,DROP_CALL_VOLTE_DEN,0.0,900,NRCell,Huawei
1696833900000,VAL002_01,DROP_CALL_VOLTE_NUM,0.0,900,NRCell,Huawei
1696833900000,VAL002_01,ERAB_SR_DEN,20.0,900,NRCell,Huawei
1696833900000,VAL002_01,ERAB_SR_NUM,20.0,900,NRCell,Huawei
1696833900000,VAL002_01,INTEGRITY_NGBR_QCI_9,1862928.0,900,NRCell,Huawei
1696833900000,VAL002_01,INTRA_FREQUENCY_HO_OUT_ATT,0.0,900,NRCell,Huawei
1696833900000,VAL002_01,INTRA_FREQUENCY_HO_OUT_SUCC,0.0,900,NRCell,Huawei
1696833900000,VAL002_01,RRC_SETUP_ATT,10.0,900,NRCell,Huawei
1696833900000,VAL002_01,RRC_SETUP_SUCC,10.0,900,NRCell,Huawei
1696833900000,VAL002_01,S1SIG_Connection_Setup_SR_DEN,10.0,900,NRCell,Huawei
1696833900000,VAL002_01,S1SIG_Connection_Setup_SR_NUM,10.0,900,NRCell,Huawei
1696833900000,VAL002_01,SERVICE_LATENCY_OVER_AIR_INTERFACE_DEN,128.0,900,NRCell,Huawei
1696833900000,VAL002_01,SERVICE_LATENCY_OVER_AIR_INTERFACE_NUM,395.0,900,NRCell,Huawei
1696833900000,VAL002_01,VOICE_TRAFFIC,0.0,900,NRCell,Huawei
1696833900000,VAL002_01,VOLTE_CALL_SETUP_ATT,0.0,900,NRCell,Huawei
1696833900000,VAL002_01,VOLTE_CALL_SETUP_SUCC,0.0,900,NRCell,Huawei
