startTime,neId,counterCode,counterValue,granularity,neType,vendorName
1696672800000,BCN014_01,DCR_DEN,718.0,900,NRCell,Huawei
1696672800000,BCN014_01,DCR_NUM,0.0,900,NRCell,Huawei
1696672800000,BCN014_01,DROP_CALL_VOLTE_DEN,0.0,900,NRCell,Huawei
1696672800000,BCN014_01,DROP_CALL_VOLTE_NUM,0.0,900,NRCell,Huawei
1696672800000,BCN014_01,ERAB_SR_DEN,726.0,900,NRCell,Huawei
1696672800000,BCN014_01,ERAB_SR_NUM,726.0,900,NRCell,Huawei
1696672800000,BCN014_01,INTEGRITY_NGBR_QCI_9,2400808168.0,900,NRCell,Huawei
1696672800000,BCN014_01,INTRA_FREQUENCY_HO_OUT_ATT,19.0,900,NRCell,Huawei
1696672800000,BCN014_01,INTRA_FREQUENCY_HO_OUT_SUCC,19.0,900,NRCell,Huawei
1696672800000,BCN014_01,RRC_SETUP_ATT,496.0,900,NRCell,Huawei
1696672800000,BCN014_01,RRC_SETUP_SUCC,496.0,900,NRCell,Huawei
1696672800000,BCN014_01,S1SIG_Connection_Setup_SR_DEN,496.0,900,NRCell,Huawei
1696672800000,BCN014_01,S1SIG_Connection_Setup_SR_NUM,496.0,900,NRCell,Huawei
1696672800000,BCN014_01,SERVICE_LATENCY_OVER_AIR_INTERFACE_DEN,90172.0,900,NRCell,Huawei
1696672800000,BCN014_01,SERVICE_LATENCY_OVER_AIR_INTERFACE_NUM,113874.0,900,NRCell,Huawei
1696672800000,BCN014_01,VOICE_TRAFFIC,45.0,900,NRCell,Huawei
1696672800000,BCN014_01,VOLTE_CALL_SETUP_ATT,0.0,900,NRCell,Huawei
1696672800000,BCN014_01,VOLTE_CALL_SETUP_SUCC,0.0,900,NRCell,Huawei
1696672800000,BIL001_01,DCR_DEN,1003.0,900,NRCell,Huawei
1696672800000,BIL001_01,DCR_NUM,0.0,900,NRCell,Huawei
1696672800000,BIL001_01,DROP_CALL_VOLTE_DEN,0.0,900,NRCell,Huawei
1696672800000,BIL001_01,DROP_CALL_VOLTE_NUM,0.0,900,NRCell,Huawei
1696672800000,BIL001_01,ERAB_SR_DEN,1004.0,900,NRCell,Huawei
1696672800000,BIL001_01,ERAB_SR_NUM,1004.0,900,NRCell,Huawei
1696672800000,BIL001_01,INTEGRITY_NGBR_QCI_9,590069024.0,900,NRCell,Huawei
1696672800000,BIL001_01,INTRA_FREQUENCY_HO_OUT_ATT,4.0,900,NRCell,Huawei
1696672800000,BIL001_01,INTRA_FREQUENCY_HO_OUT_SUCC,4.0,900,NRCell,Huawei
1696672800000,BIL001_01,RRC_SETUP_ATT,667.0,900,NRCell,Huawei
1696672800000,BIL001_01,RRC_SETUP_SUCC,667.0,900,NRCell,Huawei
1696672800000,BIL001_01,S1SIG_Connection_Setup_SR_DEN,667.0,900,NRCell,Huawei
1696672800000,BIL001_01,S1SIG_Connection_Setup_SR_NUM,667.0,900,NRCell,Huawei
1696672800000,BIL001_01,SERVICE_LATENCY_OVER_AIR_INTERFACE_DEN,70289.0,900,NRCell,Huawei
1696672800000,BIL001_01,SERVICE_LATENCY_OVER_AIR_INTERFACE_NUM,95668.0,900,NRCell,Huawei
1696672800000,BIL001_01,VOICE_TRAFFIC,0.0,900,NRCell,Huawei
1696672800000,BIL001_01,VOLTE_CALL_SETUP_ATT,0.0,900,NRCell,Huawei
1696672800000,BIL001_01,VOLTE_CALL_SETUP_SUCC,0.0,900,NRCell,Huawei
1696672800000,MAD033_01,DCR_DEN,760.0,900,NRCell,Huawei
1696672800000,MAD033_01,DCR_NUM,0.0,900,NRCell,Huawei
1696672800000,MAD033_01,DROP_CALL_VOLTE_DEN,0.0,900,NRCell,Huawei
1696672800000,MAD033_01,DROP_CALL_VOLTE_NUM,0.0,900,NRCell,Huawei
1696672800000,MAD033_01,ERAB_SR_DEN,755.0,900,NRCell,Huawei
1696672800000,MAD033_01,ERAB_SR_NUM,755.0,900,NRCell,Huawei
1696672800000,MAD033_01,INTEGRITY_NGBR_QCI_9,613357176.0,900,NRCell,Huawei
1696672800000,MAD033_01,INTRA_FREQUENCY_HO_OUT_ATT,8.0,900,NRCell,Huawei
1696672800000,MAD033_01,INTRA_FREQUENCY_HO_OUT_SUCC,8.0,900,NRCell,Huawei
1696672800000,MAD033_01,RRC_SETUP_ATT,420.0,900,NRCell,Huawei
1696672800000,MAD033_01,RRC_SETUP_SUCC,420.0,900,NRCell,Huawei
1696672800000,MAD033_01,S1SIG_Connection_Setup_SR_DEN,420.0,900,NRCell,Huawei
1696672800000,MAD033_01,S1SIG_Connection_Setup_SR_NUM,420.0,900,NRCell,Huawei
1696672800000,MAD033_01,SERVICE_LATENCY_OVER_AIR_INTERFACE_DEN,12933.0,900,NRCell,Huawei
1696672800000,MAD033_01,SERVICE_LATENCY_OVER_AIR_INTERFACE_NUM,16753.0,900,NRCell,Huawei
1696672800000,MAD033_01,VOICE_TRAFFIC,0.0,900,NRCell,Huawei
1696672800000,MAD033_01,VOLTE_CALL_SETUP_ATT,0.0,900,NRCell,Huawei
1696672800000,MAD033_01,VOLTE_CALL_SETUP_SUCC,0.0,900,NRCell,Huawei
1696672800000,SAL030_01,DCR_DEN,132.0,900,NRCell,Huawei
1696672800000,SAL030_01,DCR_NUM,0.0,900,NRCell,Huawei
1696672800000,SAL030_01,DROP_CALL_VOLTE_DEN,0.0,900,NRCell,Huawei
1696672800000,SAL030_01,DROP_CALL_VOLTE_NUM,0.0,900,NRCell,Huawei
1696672800000,SAL030_01,ERAB_SR_DEN,131.0,900,NRCell,Huawei
1696672800000,SAL030_01,ERAB_SR_NUM,131.0,900,NRCell,Huawei
1696672800000,SAL030_01,INTEGRITY_NGBR_QCI_9,22395400.0,900,NRCell,Huawei
1696672800000,SAL030_01,INTRA_FREQUENCY_HO_OUT_ATT,1.0,900,NRCell,Huawei
1696672800000,SAL030_01,INTRA_FREQUENCY_HO_OUT_SUCC,1.0,900,NRCell,Huawei
1696672800000,SAL030_01,RRC_SETUP_ATT,84.0,900,NRCell,Huawei
1696672800000,SAL030_01,RRC_SETUP_SUCC,84.0,900,NRCell,Huawei
1696672800000,SAL030_01,S1SIG_Connection_Setup_SR_DEN,84.0,900,NRCell,Huawei
1696672800000,SAL030_01,S1SIG_Connection_Setup_SR_NUM,84.0,900,NRCell,Huawei
1696672800000,SAL030_01,SERVICE_LATENCY_OVER_AIR_INTERFACE_DEN,1226.0,900,NRCell,Huawei
1696672800000,SAL030_01,SERVICE_LATENCY_OVER_AIR_INTERFACE_NUM,2167.0,900,NRCell,Huawei
1696672800000,SAL030_01,VOICE_TRAFFIC,0.0,900,NRCell,Huawei
1696672800000,SAL030_01,VOLTE_CALL_SETUP_ATT,0.0,900,NRCell,Huawei
1696672800000,SAL030_01,VOLTE_CALL_SETUP_SUCC,0.0,900,NRCell,Huawei
1696672800000,SEV001_01,DCR_DEN,1835.0,900,NRCell,Huawei
1696672800000,SEV001_01,DCR_NUM,2.0,900,NRCell,Huawei
1696672800000,SEV001_01,DROP_CALL_VOLTE_DEN,0.0,900,NRCell,Huawei
1696672800000,SEV001_01,DROP_CALL_VOLTE_NUM,0.0,900,NRCell,Huawei
1696672800000,SEV001_01,ERAB_SR_DEN,1847.0,900,NRCell,Huawei
1696672800000,SEV001_01,ERAB_SR_NUM,1847.0,900,NRCell,Huawei
1696672800000,SEV001_01,INTEGRITY_NGBR_QCI_9,2468339416.0,900,NRCell,Huawei
1696672800000,SEV001_01,INTRA_FREQUENCY_HO_OUT_ATT,6.0,900,NRCell,Huawei
1696672800000,SEV001_01,INTRA_FREQUENCY_HO_OUT_SUCC,6.0,900,NRCell,Huawei
1696672800000,SEV001_01,RRC_SETUP_ATT,1037.0,900,NRCell,Huawei
1696672800000,SEV001_01,RRC_SETUP_SUCC,1037.0,900,NRCell,Huawei
1696672800000,SEV001_01,S1SIG_Connection_Setup_SR_DEN,1037.0,900,NRCell,Huawei
1696672800000,SEV001_01,S1SIG_Connection_Setup_SR_NUM,1037.0,900,NRCell,Huawei
1696672800000,SEV001_01,SERVICE_LATENCY_OVER_AIR_INTERFACE_DEN,156724.0,900,NRCell,Huawei
1696672800000,SEV001_01,SERVICE_LATENCY_OVER_AIR_INTERFACE_NUM,169436.0,900,NRCell,Huawei
1696672800000,SEV001_01,VOICE_TRAFFIC,0.0,900,NRCell,Huawei
1696672800000,SEV001_01,VOLTE_CALL_SETUP_ATT,0.0,900,NRCell,Huawei
1696672800000,SEV001_01,VOLTE_CALL_SETUP_SUCC,0.0,900,NRCell,Huawei
1696672800000,SNT002_01,DCR_DEN,705.0,900,NRCell,Huawei
1696672800000,SNT002_01,DCR_NUM,0.0,900,NRCell,Huawei
1696672800000,SNT002_01,DROP_CALL_VOLTE_DEN,1.0,900,NRCell,Huawei
1696672800000,SNT002_01,DROP_CALL_VOLTE_NUM,0.0,900,NRCell,Huawei
1696672800000,SNT002_01,ERAB_SR_DEN,701.0,900,NRCell,Huawei
1696672800000,SNT002_01,ERAB_SR_NUM,701.0,900,NRCell,Huawei
1696672800000,SNT002_01,INTEGRITY_NGBR_QCI_9,515671768.0,900,NRCell,Huawei
1696672800000,SNT002_01,INTRA_FREQUENCY_HO_OUT_ATT,4.0,900,NRCell,Huawei
1696672800000,SNT002_01,INTRA_FREQUENCY_HO_OUT_SUCC,4.0,900,NRCell,Huawei
1696672800000,SNT002_01,RRC_SETUP_ATT,420.0,900,NRCell,Huawei
1696672800000,SNT002_01,RRC_SETUP_SUCC,420.0,900,NRCell,Huawei
1696672800000,SNT002_01,S1SIG_Connection_Setup_SR_DEN,420.0,900,NRCell,Huawei
1696672800000,SNT002_01,S1SIG_Connection_Setup_SR_NUM,420.0,900,NRCell,Huawei
1696672800000,SNT002_01,SERVICE_LATENCY_OVER_AIR_INTERFACE_DEN,28720.0,900,NRCell,Huawei
1696672800000,SNT002_01,SERVICE_LATENCY_OVER_AIR_INTERFACE_NUM,29868.0,900,NRCell,Huawei
1696672800000,SNT002_01,VOICE_TRAFFIC,596.0,900,NRCell,Huawei
1696672800000,SNT002_01,VOLTE_CALL_SETUP_ATT,1.0,900,NRCell,Huawei
1696672800000,SNT002_01,VOLTE_CALL_SETUP_SUCC,1.0,900,NRCell,Huawei
1696672800000,TAR015_01,DCR_DEN,2246.0,900,NRCell,Huawei
1696672800000,TAR015_01,DCR_NUM,0.0,900,NRCell,Huawei
1696672800000,TAR015_01,DROP_CALL_VOLTE_DEN,1.0,900,NRCell,Huawei
1696672800000,TAR015_01,DROP_CALL_VOLTE_NUM,0.0,900,NRCell,Huawei
1696672800000,TAR015_01,ERAB_SR_DEN,2247.0,900,NRCell,Huawei
1696672800000,TAR015_01,ERAB_SR_NUM,2246.0,900,NRCell,Huawei
1696672800000,TAR015_01,INTEGRITY_NGBR_QCI_9,877573744.0,900,NRCell,Huawei
1696672800000,TAR015_01,INTRA_FREQUENCY_HO_OUT_ATT,17.0,900,NRCell,Huawei
1696672800000,TAR015_01,INTRA_FREQUENCY_HO_OUT_SUCC,17.0,900,NRCell,Huawei
1696672800000,TAR015_01,RRC_SETUP_ATT,1305.0,900,NRCell,Huawei
1696672800000,TAR015_01,RRC_SETUP_SUCC,1305.0,900,NRCell,Huawei
1696672800000,TAR015_01,S1SIG_Connection_Setup_SR_DEN,1305.0,900,NRCell,Huawei
1696672800000,TAR015_01,S1SIG_Connection_Setup_SR_NUM,1305.0,900,NRCell,Huawei
1696672800000,TAR015_01,SERVICE_LATENCY_OVER_AIR_INTERFACE_DEN,53926.0,900,NRCell,Huawei
1696672800000,TAR015_01,SERVICE_LATENCY_OVER_AIR_INTERFACE_NUM,66347.0,900,NRCell,Huawei
1696672800000,TAR015_01,VOICE_TRAFFIC,244.0,900,NRCell,Huawei
1696672800000,TAR015_01,VOLTE_CALL_SETUP_ATT,1.0,900,NRCell,Huawei
1696672800000,TAR015_01,VOLTE_CALL_SETUP_SUCC,1.0,900,NRCell,Huawei
1696672800000,TOL034_01,DCR_DEN,17.0,900,NRCell,Huawei
1696672800000,TOL034_01,DCR_NUM,0.0,900,NRCell,Huawei
1696672800000,TOL034_01,DROP_CALL_VOLTE_DEN,0.0,900,NRCell,Huawei
1696672800000,TOL034_01,DROP_CALL_VOLTE_NUM,0.0,900,NRCell,Huawei
1696672800000,TOL034_01,ERAB_SR_DEN,19.0,900,NRCell,Huawei
1696672800000,TOL034_01,ERAB_SR_NUM,19.0,900,NRCell,Huawei
1696672800000,TOL034_01,INTEGRITY_NGBR_QCI_9,2263568.0,900,NRCell,Huawei
1696672800000,TOL034_01,INTRA_FREQUENCY_HO_OUT_ATT,3.0,900,NRCell,Huawei
1696672800000,TOL034_01,INTRA_FREQUENCY_HO_OUT_SUCC,3.0,900,NRCell,Huawei
1696672800000,TOL034_01,RRC_SETUP_ATT,11.0,900,NRCell,Huawei
1696672800000,TOL034_01,RRC_SETUP_SUCC,11.0,900,NRCell,Huawei
1696672800000,TOL034_01,S1SIG_Connection_Setup_SR_DEN,11.0,900,NRCell,Huawei
1696672800000,TOL034_01,S1SIG_Connection_Setup_SR_NUM,11.0,900,NRCell,Huawei
1696672800000,TOL034_01,SERVICE_LATENCY_OVER_AIR_INTERFACE_DEN,131.0,900,NRCell,Huawei
1696672800000,TOL034_01,SERVICE_LATENCY_OVER_AIR_INTERFACE_NUM,314.0,900,NRCell,Huawei
1696672800000,TOL034_01,VOICE_TRAFFIC,0.0,900,NRCell,Huawei
1696672800000,TOL034_01,VOLTE_CALL_SETUP_ATT,0.0,900,NRCell,Huawei
1696672800000,TOL034_01,VOLTE_CALL_SETUP_SUCC,0.0,900,NRCell,Huawei
1696672800000,VAL002_01,DCR_DEN,7.0,900,NRCell,Huawei
1696672800000,VAL002_01,DCR_NUM,0.0,900,NRCell,Huawei
1696672800000,VAL002_01,DROP_CALL_VOLTE_DEN,0.0,900,NRCell,Huawei
1696672800000,VAL002_01,DROP_CALL_VOLTE_NUM,0.0,900,NRCell,Huawei
1696672800000,VAL002_01,ERAB_SR_DEN,7.0,900,NRCell,Huawei
1696672800000,VAL002_01,ERAB_SR_NUM,7.0,900,NRCell,Huawei
1696672800000,VAL002_01,INTEGRITY_NGBR_QCI_9,1111264.0,900,NRCell,Huawei
1696672800000,VAL002_01,INTRA_FREQUENCY_HO_OUT_ATT,0.0,900,NRCell,Huawei
1696672800000,VAL002_01,INTRA_FREQUENCY_HO_OUT_SUCC,0.0,900,NRCell,Huawei
1696672800000,VAL002_01,RRC_SETUP_ATT,7.0,900,NRCell,Huawei
1696672800000,VAL002_01,RRC_SETUP_SUCC,7.0,900,NRCell,Huawei
1696672800000,VAL002_01,S1SIG_Connection_Setup_SR_DEN,7.0,900,NRCell,Huawei
1696672800000,VAL002_01,S1SIG_Connection_Setup_SR_NUM,7.0,900,NRCell,Huawei
1696672800000,VAL002_01,SERVICE_LATENCY_OVER_AIR_INTERFACE_DEN,1829.0,900,NRCell,Huawei
1696672800000,VAL002_01,SERVICE_LATENCY_OVER_AIR_INTERFACE_NUM,1924.0,900,NRCell,Huawei
1696672800000,VAL002_01,VOICE_TRAFFIC,0.0,900,NRCell,Huawei
1696672800000,VAL002_01,VOLTE_CALL_SETUP_ATT,0.0,900,NRCell,Huawei
1696672800000,VAL002_01,VOLTE_CALL_SETUP_SUCC,0.0,900,NRCell,Huawei
