startTime,neId,counterCode,counterValue,granularity,neType,vendorName
1696701600000,BCN014_01,DCR_DEN,2992.0,900,NRCell,Huawei
1696701600000,BCN014_01,DCR_NUM,4.0,900,NRCell,Huawei
1696701600000,BCN014_01,DROP_CALL_VOLTE_DEN,27.0,900,NRCell,Huawei
1696701600000,BCN014_01,DROP_CALL_VOLTE_NUM,0.0,900,NRCell,Huawei
1696701600000,BCN014_01,ERAB_SR_DEN,2980.0,900,NRCell,Huawei
1696701600000,BCN014_01,ERAB_SR_NUM,2980.0,900,NRCell,Huawei
1696701600000,BCN014_01,INTEGRITY_NGBR_QCI_9,12672625304.0,900,NRCell,Huawei
1696701600000,BCN014_01,INTRA_FREQUENCY_HO_OUT_ATT,255.0,900,NRCell,Huawei
1696701600000,BCN014_01,INTRA_FREQUENCY_HO_OUT_SUCC,254.0,900,NRCell,Huawei
1696701600000,BCN014_01,RRC_SETUP_ATT,1733.0,900,NRCell,Huawei
1696701600000,BCN014_01,RRC_SETUP_SUCC,1730.0,900,NRCell,Huawei
1696701600000,BCN014_01,S1SIG_Connection_Setup_SR_DEN,1730.0,900,NRCell,Huawei
1696701600000,BCN014_01,S1SIG_Connection_Setup_SR_NUM,1730.0,900,NRCell,Huawei
1696701600000,BCN014_01,SERVICE_LATENCY_OVER_AIR_INTERFACE_DEN,377096.0,900,NRCell,Huawei
1696701600000,BCN014_01,SERVICE_LATENCY_OVER_AIR_INTERFACE_NUM,570228.0,900,NRCell,Huawei
1696701600000,BCN014_01,VOICE_TRAFFIC,21880.0,900,NRCell,Huawei
1696701600000,BCN014_01,VOLTE_CALL_SETUP_ATT,21.0,900,NRCell,Huawei
1696701600000,BCN014_01,VOLTE_CALL_SETUP_SUCC,21.0,900,NRCell,Huawei
1696701600000,BIL001_01,DCR_DEN,2611.0,900,NRCell,Huawei
1696701600000,BIL001_01,DCR_NUM,2.0,900,NRCell,Huawei
1696701600000,BIL001_01,DROP_CALL_VOLTE_DEN,25.0,900,NRCell,Huawei
1696701600000,BIL001_01,DROP_CALL_VOLTE_NUM,0.0,900,NRCell,Huawei
1696701600000,BIL001_01,ERAB_SR_DEN,2675.0,900,NRCell,Huawei
1696701600000,BIL001_01,ERAB_SR_NUM,2668.0,900,NRCell,Huawei
1696701600000,BIL001_01,INTEGRITY_NGBR_QCI_9,9533839696.0,900,NRCell,Huawei
1696701600000,BIL001_01,INTRA_FREQUENCY_HO_OUT_ATT,250.0,900,NRCell,Huawei
1696701600000,BIL001_01,INTRA_FREQUENCY_HO_OUT_SUCC,250.0,900,NRCell,Huawei
1696701600000,BIL001_01,RRC_SETUP_ATT,1594.0,900,NRCell,Huawei
1696701600000,BIL001_01,RRC_SETUP_SUCC,1591.0,900,NRCell,Huawei
1696701600000,BIL001_01,S1SIG_Connection_Setup_SR_DEN,1592.0,900,NRCell,Huawei
1696701600000,BIL001_01,S1SIG_Connection_Setup_SR_NUM,1591.0,900,NRCell,Huawei
1696701600000,BIL001_01,SERVICE_LATENCY_OVER_AIR_INTERFACE_DEN,301303.0,900,NRCell,Huawei
1696701600000,BIL001_01,SERVICE_LATENCY_OVER_AIR_INTERFACE_NUM,450844.0,900,NRCell,Huawei
1696701600000,BIL001_01,VOICE_TRAFFIC,16204.0,900,NRCell,Huawei
1696701600000,BIL001_01,VOLTE_CALL_SETUP_ATT,30.0,900,NRCell,Huawei
1696701600000,BIL001_01,VOLTE_CALL_SETUP_SUCC,30.0,900,NRCell,Huawei
1696701600000,MAD033_01,DCR_DEN,1144.0,900,NRCell,Huawei
1696701600000,MAD033_01,DCR_NUM,0.0,900,NRCell,Huawei
1696701600000,MAD033_01,DROP_CALL_VOLTE_DEN,20.0,900,NRCell,Huawei
1696701600000,MAD033_01,DROP_CALL_VOLTE_NUM,0.0,900,NRCell,Huawei
1696701600000,MAD033_01,ERAB_SR_DEN,1156.0,900,NRCell,Huawei
1696701600000,MAD033_01,ERAB_SR_NUM,1156.0,900,NRCell,Huawei
1696701600000,MAD033_01,INTEGRITY_NGBR_QCI_9,3567429376.0,900,NRCell,Huawei
1696701600000,MAD033_01,INTRA_FREQUENCY_HO_OUT_ATT,80.0,900,NRCell,Huawei
1696701600000,MAD033_01,INTRA_FREQUENCY_HO_OUT_SUCC,80.0,900,NRCell,Huawei
1696701600000,MAD033_01,RRC_SETUP_ATT,652.0,900,NRCell,Huawei
1696701600000,MAD033_01,RRC_SETUP_SUCC,651.0,900,NRCell,Huawei
1696701600000,MAD033_01,S1SIG_Connection_Setup_SR_DEN,651.0,900,NRCell,Huawei
1696701600000,MAD033_01,S1SIG_Connection_Setup_SR_NUM,651.0,900,NRCell,Huawei
1696701600000,MAD033_01,SERVICE_LATENCY_OVER_AIR_INTERFACE_DEN,195874.0,900,NRCell,Huawei
1696701600000,MAD033_01,SERVICE_LATENCY_OVER_AIR_INTERFACE_NUM,226060.0,900,NRCell,Huawei
1696701600000,MAD033_01,VOICE_TRAFFIC,20458.0,900,NRCell,Huawei
1696701600000,MAD033_01,VOLTE_CALL_SETUP_ATT,19.0,900,NRCell,Huawei
1696701600000,MAD033_01,VOLTE_CALL_SETUP_SUCC,19.0,900,NRCell,Huawei
1696701600000,SAL030_01,DCR_DEN,232.0,900,NRCell,Huawei
1696701600000,SAL030_01,DCR_NUM,2.0,900,NRCell,Huawei
1696701600000,SAL030_01,DROP_CALL_VOLTE_DEN,2.0,900,NRCell,Huawei
1696701600000,SAL030_01,DROP_CALL_VOLTE_NUM,0.0,900,NRCell,Huawei
1696701600000,SAL030_01,ERAB_SR_DEN,208.0,900,NRCell,Huawei
1696701600000,SAL030_01,ERAB_SR_NUM,208.0,900,NRCell,Huawei
1696701600000,SAL030_01,INTEGRITY_NGBR_QCI_9,3442155040.0,900,NRCell,Huawei
1696701600000,SAL030_01,INTRA_FREQUENCY_HO_OUT_ATT,16.0,900,NRCell,Huawei
1696701600000,SAL030_01,INTRA_FREQUENCY_HO_OUT_SUCC,16.0,900,NRCell,Huawei
1696701600000,SAL030_01,RRC_SETUP_ATT,112.0,900,NRCell,Huawei
1696701600000,SAL030_01,RRC_SETUP_SUCC,111.0,900,NRCell,Huawei
1696701600000,SAL030_01,S1SIG_Connection_Setup_SR_DEN,111.0,900,NRCell,Huawei
1696701600000,SAL030_01,S1SIG_Connection_Setup_SR_NUM,111.0,900,NRCell,Huawei
1696701600000,SAL030_01,SERVICE_LATENCY_OVER_AIR_INTERFACE_DEN,65456.0,900,NRCell,Huawei
1696701600000,SAL030_01,SERVICE_LATENCY_OVER_AIR_INTERFACE_NUM,87118.0,900,NRCell,Huawei
1696701600000,SAL030_01,VOICE_TRAFFIC,616.0,900,NRCell,Huawei
1696701600000,SAL030_01,VOLTE_CALL_SETUP_ATT,2.0,900,NRCell,Huawei
1696701600000,SAL030_01,VOLTE_CALL_SETUP_SUCC,2.0,900,NRCell,Huawei
1696701600000,SEV001_01,DCR_DEN,3126.0,900,NRCell,Huawei
1696701600000,SEV001_01,DCR_NUM,0.0,900,NRCell,Huawei
1696701600000,SEV001_01,DROP_CALL_VOLTE_DEN,32.0,900,NRCell,Huawei
1696701600000,SEV001_01,DROP_CALL_VOLTE_NUM,0.0,900,NRCell,Huawei
1696701600000,SEV001_01,ERAB_SR_DEN,3165.0,900,NRCell,Huawei
1696701600000,SEV001_01,ERAB_SR_NUM,3161.0,900,NRCell,Huawei
1696701600000,SEV001_01,INTEGRITY_NGBR_QCI_9,12944030200.0,900,NRCell,Huawei
1696701600000,SEV001_01,INTRA_FREQUENCY_HO_OUT_ATT,120.0,900,NRCell,Huawei
1696701600000,SEV001_01,INTRA_FREQUENCY_HO_OUT_SUCC,120.0,900,NRCell,Huawei
1696701600000,SEV001_01,RRC_SETUP_ATT,1763.0,900,NRCell,Huawei
1696701600000,SEV001_01,RRC_SETUP_SUCC,1754.0,900,NRCell,Huawei
1696701600000,SEV001_01,S1SIG_Connection_Setup_SR_DEN,1754.0,900,NRCell,Huawei
1696701600000,SEV001_01,S1SIG_Connection_Setup_SR_NUM,1754.0,900,NRCell,Huawei
1696701600000,SEV001_01,SERVICE_LATENCY_OVER_AIR_INTERFACE_DEN,460771.0,900,NRCell,Huawei
1696701600000,SEV001_01,SERVICE_LATENCY_OVER_AIR_INTERFACE_NUM,1102170.0,900,NRCell,Huawei
1696701600000,SEV001_01,VOICE_TRAFFIC,31992.0,900,NRCell,Huawei
1696701600000,SEV001_01,VOLTE_CALL_SETUP_ATT,39.0,900,NRCell,Huawei
1696701600000,SEV001_01,VOLTE_CALL_SETUP_SUCC,39.0,900,NRCell,Huawei
1696701600000,SNT002_01,DCR_DEN,1017.0,900,NRCell,Huawei
1696701600000,SNT002_01,DCR_NUM,2.0,900,NRCell,Huawei
1696701600000,SNT002_01,DROP_CALL_VOLTE_DEN,11.0,900,NRCell,Huawei
1696701600000,SNT002_01,DROP_CALL_VOLTE_NUM,0.0,900,NRCell,Huawei
1696701600000,SNT002_01,ERAB_SR_DEN,998.0,900,NRCell,Huawei
1696701600000,SNT002_01,ERAB_SR_NUM,995.0,900,NRCell,Huawei
1696701600000,SNT002_01,INTEGRITY_NGBR_QCI_9,4085093784.0,900,NRCell,Huawei
1696701600000,SNT002_01,INTRA_FREQUENCY_HO_OUT_ATT,64.0,900,NRCell,Huawei
1696701600000,SNT002_01,INTRA_FREQUENCY_HO_OUT_SUCC,64.0,900,NRCell,Huawei
1696701600000,SNT002_01,RRC_SETUP_ATT,598.0,900,NRCell,Huawei
1696701600000,SNT002_01,RRC_SETUP_SUCC,597.0,900,NRCell,Huawei
1696701600000,SNT002_01,S1SIG_Connection_Setup_SR_DEN,597.0,900,NRCell,Huawei
1696701600000,SNT002_01,S1SIG_Connection_Setup_SR_NUM,597.0,900,NRCell,Huawei
1696701600000,SNT002_01,SERVICE_LATENCY_OVER_AIR_INTERFACE_DEN,184968.0,900,NRCell,Huawei
1696701600000,SNT002_01,SERVICE_LATENCY_OVER_AIR_INTERFACE_NUM,282186.0,900,NRCell,Huawei
1696701600000,SNT002_01,VOICE_TRAFFIC,5543.0,900,NRCell,Huawei
1696701600000,SNT002_01,VOLTE_CALL_SETUP_ATT,10.0,900,NRCell,Huawei
1696701600000,SNT002_01,VOLTE_CALL_SETUP_SUCC,10.0,900,NRCell,Huawei
1696701600000,TAR015_01,DCR_DEN,3589.0,900,NRCell,Huawei
1696701600000,TAR015_01,DCR_NUM,5.0,900,NRCell,Huawei
1696701600000,TAR015_01,DROP_CALL_VOLTE_DEN,31.0,900,NRCell,Huawei
1696701600000,TAR015_01,DROP_CALL_VOLTE_NUM,0.0,900,NRCell,Huawei
1696701600000,TAR015_01,ERAB_SR_DEN,3482.0,900,NRCell,Huawei
1696701600000,TAR015_01,ERAB_SR_NUM,3481.0,900,NRCell,Huawei
1696701600000,TAR015_01,INTEGRITY_NGBR_QCI_9,15468316008.0,900,NRCell,Huawei
1696701600000,TAR015_01,INTRA_FREQUENCY_HO_OUT_ATT,161.0,900,NRCell,Huawei
1696701600000,TAR015_01,INTRA_FREQUENCY_HO_OUT_SUCC,161.0,900,NRCell,Huawei
1696701600000,TAR015_01,RRC_SETUP_ATT,1897.0,900,NRCell,Huawei
1696701600000,TAR015_01,RRC_SETUP_SUCC,1894.0,900,NRCell,Huawei
1696701600000,TAR015_01,S1SIG_Connection_Setup_SR_DEN,1894.0,900,NRCell,Huawei
1696701600000,TAR015_01,S1SIG_Connection_Setup_SR_NUM,1894.0,900,NRCell,Huawei
1696701600000,TAR015_01,SERVICE_LATENCY_OVER_AIR_INTERFACE_DEN,504147.0,900,NRCell,Huawei
1696701600000,TAR015_01,SERVICE_LATENCY_OVER_AIR_INTERFACE_NUM,2022275.0,900,NRCell,Huawei
1696701600000,TAR015_01,VOICE_TRAFFIC,33978.0,900,NRCell,Huawei
1696701600000,TAR015_01,VOLTE_CALL_SETUP_ATT,30.0,900,NRCell,Huawei
1696701600000,TAR015_01,VOLTE_CALL_SETUP_SUCC,30.0,900,NRCell,Huawei
1696701600000,TOL034_01,DCR_DEN,168.0,900,NRCell,Huawei
1696701600000,TOL034_01,DCR_NUM,0.0,900,NRCell,Huawei
1696701600000,TOL034_01,DROP_CALL_VOLTE_DEN,5.0,900,NRCell,Huawei
1696701600000,TOL034_01,DROP_CALL_VOLTE_NUM,0.0,900,NRCell,Huawei
1696701600000,TOL034_01,ERAB_SR_DEN,148.0,900,NRCell,Huawei
1696701600000,TOL034_01,ERAB_SR_NUM,147.0,900,NRCell,Huawei
1696701600000,TOL034_01,INTEGRITY_NGBR_QCI_9,980376768.0,900,NRCell,Huawei
1696701600000,TOL034_01,INTRA_FREQUENCY_HO_OUT_ATT,12.0,900,NRCell,Huawei
1696701600000,TOL034_01,INTRA_FREQUENCY_HO_OUT_SUCC,12.0,900,NRCell,Huawei
1696701600000,TOL034_01,RRC_SETUP_ATT,108.0,900,NRCell,Huawei
1696701600000,TOL034_01,RRC_SETUP_SUCC,108.0,900,NRCell,Huawei
1696701600000,TOL034_01,S1SIG_Connection_Setup_SR_DEN,107.0,900,NRCell,Huawei
1696701600000,TOL034_01,S1SIG_Connection_Setup_SR_NUM,107.0,900,NRCell,Huawei
1696701600000,TOL034_01,SERVICE_LATENCY_OVER_AIR_INTERFACE_DEN,29854.0,900,NRCell,Huawei
1696701600000,TOL034_01,SERVICE_LATENCY_OVER_AIR_INTERFACE_NUM,43002.0,900,NRCell,Huawei
1696701600000,TOL034_01,VOICE_TRAFFIC,1059.0,900,NRCell,Huawei
1696701600000,TOL034_01,VOLTE_CALL_SETUP_ATT,5.0,900,NRCell,Huawei
1696701600000,TOL034_01,VOLTE_CALL_SETUP_SUCC,5.0,900,NRCell,Huawei
1696701600000,VAL002_01,DCR_DEN,44.0,900,NRCell,Huawei
1696701600000,VAL002_01,DCR_NUM,0.0,900,NRCell,Huawei
1696701600000,VAL002_01,DROP_CALL_VOLTE_DEN,0.0,900,NRCell,Huawei
1696701600000,VAL002_01,DROP_CALL_VOLTE_NUM,0.0,900,NRCell,Huawei
1696701600000,VAL002_01,ERAB_SR_DEN,51.0,900,NRCell,Huawei
1696701600000,VAL002_01,ERAB_SR_NUM,51.0,900,NRCell,Huawei
1696701600000,VAL002_01,INTEGRITY_NGBR_QCI_9,7951432.0,900,NRCell,Huawei
1696701600000,VAL002_01,INTRA_FREQUENCY_HO_OUT_ATT,6.0,900,NRCell,Huawei
1696701600000,VAL002_01,INTRA_FREQUENCY_HO_OUT_SUCC,6.0,900,NRCell,Huawei
1696701600000,VAL002_01,RRC_SETUP_ATT,41.0,900,NRCell,Huawei
1696701600000,VAL002_01,RRC_SETUP_SUCC,41.0,900,NRCell,Huawei
1696701600000,VAL002_01,S1SIG_Connection_Setup_SR_DEN,41.0,900,NRCell,Huawei
1696701600000,VAL002_01,S1SIG_Connection_Setup_SR_NUM,41.0,900,NRCell,Huawei
1696701600000,VAL002_01,SERVICE_LATENCY_OVER_AIR_INTERFACE_DEN,1109.0,900,NRCell,Huawei
1696701600000,VAL002_01,SERVICE_LATENCY_OVER_AIR_INTERFACE_NUM,1902.0,900,NRCell,Huawei
1696701600000,VAL002_01,VOICE_TRAFFIC,0.0,900,NRCell,Huawei
1696701600000,VAL002_01,VOLTE_CALL_SETUP_ATT,1.0,900,NRCell,Huawei
1696701600000,VAL002_01,VOLTE_CALL_SETUP_SUCC,1.0,900,NRCell,Huawei
