startTime,neId,counterCode,counterValue,granularity,neType,vendorName
1696898700000,BCN014_01,DCR_DEN,3428.0,900,NRCell,Huawei
1696898700000,BCN014_01,DCR_NUM,2.0,900,NRCell,Huawei
1696898700000,BCN014_01,DROP_CALL_VOLTE_DEN,40.0,900,NRCell,Huawei
1696898700000,BCN014_01,DROP_CALL_VOLTE_NUM,0.0,900,NRCell,Huawei
1696898700000,BCN014_01,ERAB_SR_DEN,3397.0,900,NRCell,Huawei
1696898700000,BCN014_01,ERAB_SR_NUM,3394.0,900,NRCell,Huawei
1696898700000,BCN014_01,INTEGRITY_NGBR_QCI_9,17820805928.0,900,NRCell,Huawei
1696898700000,BCN014_01,INTRA_FREQUENCY_HO_OUT_ATT,223.0,900,NRCell,Huawei
1696898700000,BCN014_01,INTRA_FREQUENCY_HO_OUT_SUCC,223.0,900,NRCell,Huawei
1696898700000,BCN014_01,RRC_SETUP_ATT,1928.0,900,NRCell,Huawei
1696898700000,BCN014_01,RRC_SETUP_SUCC,1922.0,900,NRCell,Huawei
1696898700000,BCN014_01,S1SIG_Connection_Setup_SR_DEN,1922.0,900,NRCell,Huawei
1696898700000,BCN014_01,S1SIG_Connection_Setup_SR_NUM,1922.0,900,NRCell,Huawei
1696898700000,BCN014_01,SERVICE_LATENCY_OVER_AIR_INTERFACE_DEN,550732.0,900,NRCell,Huawei
1696898700000,BCN014_01,SERVICE_LATENCY_OVER_AIR_INTERFACE_NUM,1153874.0,900,NRCell,Huawei
1696898700000,BCN014_01,VOICE_TRAFFIC,33618.0,900,NRCell,Huawei
1696898700000,BCN014_01,VOLTE_CALL_SETUP_ATT,35.0,900,NRCell,Huawei
1696898700000,BCN014_01,VOLTE_CALL_SETUP_SUCC,35.0,900,NRCell,Huawei
1696898700000,BIL001_01,DCR_DEN,2782.0,900,NRCell,Huawei
1696898700000,BIL001_01,DCR_NUM,1.0,900,NRCell,Huawei
1696898700000,BIL001_01,DROP_CALL_VOLTE_DEN,32.0,900,NRCell,Huawei
1696898700000,BIL001_01,DROP_CALL_VOLTE_NUM,0.0,900,NRCell,Huawei
1696898700000,BIL001_01,ERAB_SR_DEN,2821.0,900,NRCell,Huawei
1696898700000,BIL001_01,ERAB_SR_NUM,2819.0,900,NRCell,Huawei
1696898700000,BIL001_01,INTEGRITY_NGBR_QCI_9,16024885856.0,900,NRCell,Huawei
1696898700000,BIL001_01,INTRA_FREQUENCY_HO_OUT_ATT,181.0,900,NRCell,Huawei
1696898700000,BIL001_01,INTRA_FREQUENCY_HO_OUT_SUCC,181.0,900,NRCell,Huawei
1696898700000,BIL001_01,RRC_SETUP_ATT,1680.0,900,NRCell,Huawei
1696898700000,BIL001_01,RRC_SETUP_SUCC,1633.0,900,NRCell,Huawei
1696898700000,BIL001_01,S1SIG_Connection_Setup_SR_DEN,1633.0,900,NRCell,Huawei
1696898700000,BIL001_01,S1SIG_Connection_Setup_SR_NUM,1632.0,900,NRCell,Huawei
1696898700000,BIL001_01,SERVICE_LATENCY_OVER_AIR_INTERFACE_DEN,465206.0,900,NRCell,Huawei
1696898700000,BIL001_01,SERVICE_LATENCY_OVER_AIR_INTERFACE_NUM,962519.0,900,NRCell,Huawei
1696898700000,BIL001_01,VOICE_TRAFFIC,26519.0,900,NRCell,Huawei
1696898700000,BIL001_01,VOLTE_CALL_SETUP_ATT,28.0,900,NRCell,Huawei
1696898700000,BIL001_01,VOLTE_CALL_SETUP_SUCC,28.0,900,NRCell,Huawei
1696898700000,MAD033_01,DCR_DEN,1081.0,900,NRCell,Huawei
1696898700000,MAD033_01,DCR_NUM,1.0,900,NRCell,Huawei
1696898700000,MAD033_01,DROP_CALL_VOLTE_DEN,11.0,900,NRCell,Huawei
1696898700000,MAD033_01,DROP_CALL_VOLTE_NUM,0.0,900,NRCell,Huawei
1696898700000,MAD033_01,ERAB_SR_DEN,1099.0,900,NRCell,Huawei
1696898700000,MAD033_01,ERAB_SR_NUM,1097.0,900,NRCell,Huawei
1696898700000,MAD033_01,INTEGRITY_NGBR_QCI_9,5315915368.0,900,NRCell,Huawei
1696898700000,MAD033_01,INTRA_FREQUENCY_HO_OUT_ATT,103.0,900,NRCell,Huawei
1696898700000,MAD033_01,INTRA_FREQUENCY_HO_OUT_SUCC,102.0,900,NRCell,Huawei
1696898700000,MAD033_01,RRC_SETUP_ATT,617.0,900,NRCell,Huawei
1696898700000,MAD033_01,RRC_SETUP_SUCC,611.0,900,NRCell,Huawei
1696898700000,MAD033_01,S1SIG_Connection_Setup_SR_DEN,611.0,900,NRCell,Huawei
1696898700000,MAD033_01,S1SIG_Connection_Setup_SR_NUM,609.0,900,NRCell,Huawei
1696898700000,MAD033_01,SERVICE_LATENCY_OVER_AIR_INTERFACE_DEN,156485.0,900,NRCell,Huawei
1696898700000,MAD033_01,SERVICE_LATENCY_OVER_AIR_INTERFACE_NUM,232315.0,900,NRCell,Huawei
1696898700000,MAD033_01,VOICE_TRAFFIC,14064.0,900,NRCell,Huawei
1696898700000,MAD033_01,VOLTE_CALL_SETUP_ATT,8.0,900,NRCell,Huawei
1696898700000,MAD033_01,VOLTE_CALL_SETUP_SUCC,8.0,900,NRCell,Huawei
1696898700000,SAL030_01,DCR_DEN,215.0,900,NRCell,Huawei
1696898700000,SAL030_01,DCR_NUM,3.0,900,NRCell,Huawei
1696898700000,SAL030_01,DROP_CALL_VOLTE_DEN,0.0,900,NRCell,Huawei
1696898700000,SAL030_01,DROP_CALL_VOLTE_NUM,0.0,900,NRCell,Huawei
1696898700000,SAL030_01,ERAB_SR_DEN,210.0,900,NRCell,Huawei
1696898700000,SAL030_01,ERAB_SR_NUM,210.0,900,NRCell,Huawei
1696898700000,SAL030_01,INTEGRITY_NGBR_QCI_9,2099419056.0,900,NRCell,Huawei
1696898700000,SAL030_01,INTRA_FREQUENCY_HO_OUT_ATT,9.0,900,NRCell,Huawei
1696898700000,SAL030_01,INTRA_FREQUENCY_HO_OUT_SUCC,9.0,900,NRCell,Huawei
1696898700000,SAL030_01,RRC_SETUP_ATT,122.0,900,NRCell,Huawei
1696898700000,SAL030_01,RRC_SETUP_SUCC,122.0,900,NRCell,Huawei
1696898700000,SAL030_01,S1SIG_Connection_Setup_SR_DEN,123.0,900,NRCell,Huawei
1696898700000,SAL030_01,S1SIG_Connection_Setup_SR_NUM,123.0,900,NRCell,Huawei
1696898700000,SAL030_01,SERVICE_LATENCY_OVER_AIR_INTERFACE_DEN,50944.0,900,NRCell,Huawei
1696898700000,SAL030_01,SERVICE_LATENCY_OVER_AIR_INTERFACE_NUM,81390.0,900,NRCell,Huawei
1696898700000,SAL030_01,VOICE_TRAFFIC,67.0,900,NRCell,Huawei
1696898700000,SAL030_01,VOLTE_CALL_SETUP_ATT,0.0,900,NRCell,Huawei
1696898700000,SAL030_01,VOLTE_CALL_SETUP_SUCC,0.0,900,NRCell,Huawei
1696898700000,SEV001_01,DCR_DEN,2869.0,900,NRCell,Huawei
1696898700000,SEV001_01,DCR_NUM,5.0,900,NRCell,Huawei
1696898700000,SEV001_01,DROP_CALL_VOLTE_DEN,22.0,900,NRCell,Huawei
1696898700000,SEV001_01,DROP_CALL_VOLTE_NUM,0.0,900,NRCell,Huawei
1696898700000,SEV001_01,ERAB_SR_DEN,2870.0,900,NRCell,Huawei
1696898700000,SEV001_01,ERAB_SR_NUM,2861.0,900,NRCell,Huawei
1696898700000,SEV001_01,INTEGRITY_NGBR_QCI_9,14641889744.0,900,NRCell,Huawei
1696898700000,SEV001_01,INTRA_FREQUENCY_HO_OUT_ATT,78.0,900,NRCell,Huawei
1696898700000,SEV001_01,INTRA_FREQUENCY_HO_OUT_SUCC,77.0,900,NRCell,Huawei
1696898700000,SEV001_01,RRC_SETUP_ATT,1624.0,900,NRCell,Huawei
1696898700000,SEV001_01,RRC_SETUP_SUCC,1623.0,900,NRCell,Huawei
1696898700000,SEV001_01,S1SIG_Connection_Setup_SR_DEN,1622.0,900,NRCell,Huawei
1696898700000,SEV001_01,S1SIG_Connection_Setup_SR_NUM,1622.0,900,NRCell,Huawei
1696898700000,SEV001_01,SERVICE_LATENCY_OVER_AIR_INTERFACE_DEN,557569.0,900,NRCell,Huawei
1696898700000,SEV001_01,SERVICE_LATENCY_OVER_AIR_INTERFACE_NUM,2109950.0,900,NRCell,Huawei
1696898700000,SEV001_01,VOICE_TRAFFIC,34711.0,900,NRCell,Huawei
1696898700000,SEV001_01,VOLTE_CALL_SETUP_ATT,17.0,900,NRCell,Huawei
1696898700000,SEV001_01,VOLTE_CALL_SETUP_SUCC,17.0,900,NRCell,Huawei
1696898700000,SNT002_01,DCR_DEN,1035.0,900,NRCell,Huawei
1696898700000,SNT002_01,DCR_NUM,0.0,900,NRCell,Huawei
1696898700000,SNT002_01,DROP_CALL_VOLTE_DEN,13.0,900,NRCell,Huawei
1696898700000,SNT002_01,DROP_CALL_VOLTE_NUM,0.0,900,NRCell,Huawei
1696898700000,SNT002_01,ERAB_SR_DEN,1019.0,900,NRCell,Huawei
1696898700000,SNT002_01,ERAB_SR_NUM,1017.0,900,NRCell,Huawei
1696898700000,SNT002_01,INTEGRITY_NGBR_QCI_9,6371430784.0,900,NRCell,Huawei
1696898700000,SNT002_01,INTRA_FREQUENCY_HO_OUT_ATT,92.0,900,NRCell,Huawei
1696898700000,SNT002_01,INTRA_FREQUENCY_HO_OUT_SUCC,92.0,900,NRCell,Huawei
1696898700000,SNT002_01,RRC_SETUP_ATT,588.0,900,NRCell,Huawei
1696898700000,SNT002_01,RRC_SETUP_SUCC,588.0,900,NRCell,Huawei
1696898700000,SNT002_01,S1SIG_Connection_Setup_SR_DEN,588.0,900,NRCell,Huawei
1696898700000,SNT002_01,S1SIG_Connection_Setup_SR_NUM,587.0,900,NRCell,Huawei
1696898700000,SNT002_01,SERVICE_LATENCY_OVER_AIR_INTERFACE_DEN,161219.0,900,NRCell,Huawei
1696898700000,SNT002_01,SERVICE_LATENCY_OVER_AIR_INTERFACE_NUM,201787.0,900,NRCell,Huawei
1696898700000,SNT002_01,VOICE_TRAFFIC,13665.0,900,NRCell,Huawei
1696898700000,SNT002_01,VOLTE_CALL_SETUP_ATT,9.0,900,NRCell,Huawei
1696898700000,SNT002_01,VOLTE_CALL_SETUP_SUCC,9.0,900,NRCell,Huawei
1696898700000,TAR015_01,DCR_DEN,3552.0,900,NRCell,Huawei
1696898700000,TAR015_01,DCR_NUM,4.0,900,NRCell,Huawei
1696898700000,TAR015_01,DROP_CALL_VOLTE_DEN,21.0,900,NRCell,Huawei
1696898700000,TAR015_01,DROP_CALL_VOLTE_NUM,0.0,900,NRCell,Huawei
1696898700000,TAR015_01,ERAB_SR_DEN,3503.0,900,NRCell,Huawei
1696898700000,TAR015_01,ERAB_SR_NUM,3499.0,900,NRCell,Huawei
1696898700000,TAR015_01,INTEGRITY_NGBR_QCI_9,17101009584.0,900,NRCell,Huawei
1696898700000,TAR015_01,INTRA_FREQUENCY_HO_OUT_ATT,94.0,900,NRCell,Huawei
1696898700000,TAR015_01,INTRA_FREQUENCY_HO_OUT_SUCC,94.0,900,NRCell,Huawei
1696898700000,TAR015_01,RRC_SETUP_ATT,1931.0,900,NRCell,Huawei
1696898700000,TAR015_01,RRC_SETUP_SUCC,1931.0,900,NRCell,Huawei
1696898700000,TAR015_01,S1SIG_Connection_Setup_SR_DEN,1931.0,900,NRCell,Huawei
1696898700000,TAR015_01,S1SIG_Connection_Setup_SR_NUM,1929.0,900,NRCell,Huawei
1696898700000,TAR015_01,SERVICE_LATENCY_OVER_AIR_INTERFACE_DEN,586730.0,900,NRCell,Huawei
1696898700000,TAR015_01,SERVICE_LATENCY_OVER_AIR_INTERFACE_NUM,3530112.0,900,NRCell,Huawei
1696898700000,TAR015_01,VOICE_TRAFFIC,28375.0,900,NRCell,Huawei
1696898700000,TAR015_01,VOLTE_CALL_SETUP_ATT,20.0,900,NRCell,Huawei
1696898700000,TAR015_01,VOLTE_CALL_SETUP_SUCC,20.0,900,NRCell,Huawei
1696898700000,TOL034_01,DCR_DEN,154.0,900,NRCell,Huawei
1696898700000,TOL034_01,DCR_NUM,0.0,900,NRCell,Huawei
1696898700000,TOL034_01,DROP_CALL_VOLTE_DEN,0.0,900,NRCell,Huawei
1696898700000,TOL034_01,DROP_CALL_VOLTE_NUM,0.0,900,NRCell,Huawei
1696898700000,TOL034_01,ERAB_SR_DEN,128.0,900,NRCell,Huawei
1696898700000,TOL034_01,ERAB_SR_NUM,128.0,900,NRCell,Huawei
1696898700000,TOL034_01,INTEGRITY_NGBR_QCI_9,1326685768.0,900,NRCell,Huawei
1696898700000,TOL034_01,INTRA_FREQUENCY_HO_OUT_ATT,8.0,900,NRCell,Huawei
1696898700000,TOL034_01,INTRA_FREQUENCY_HO_OUT_SUCC,8.0,900,NRCell,Huawei
1696898700000,TOL034_01,RRC_SETUP_ATT,90.0,900,NRCell,Huawei
1696898700000,TOL034_01,RRC_SETUP_SUCC,90.0,900,NRCell,Huawei
1696898700000,TOL034_01,S1SIG_Connection_Setup_SR_DEN,90.0,900,NRCell,Huawei
1696898700000,TOL034_01,S1SIG_Connection_Setup_SR_NUM,90.0,900,NRCell,Huawei
1696898700000,TOL034_01,SERVICE_LATENCY_OVER_AIR_INTERFACE_DEN,17986.0,900,NRCell,Huawei
1696898700000,TOL034_01,SERVICE_LATENCY_OVER_AIR_INTERFACE_NUM,33200.0,900,NRCell,Huawei
1696898700000,TOL034_01,VOICE_TRAFFIC,0.0,900,NRCell,Huawei
1696898700000,TOL034_01,VOLTE_CALL_SETUP_ATT,0.0,900,NRCell,Huawei
1696898700000,TOL034_01,VOLTE_CALL_SETUP_SUCC,0.0,900,NRCell,Huawei
1696898700000,VAL002_01,DCR_DEN,50.0,900,NRCell,Huawei
1696898700000,VAL002_01,DCR_NUM,0.0,900,NRCell,Huawei
1696898700000,VAL002_01,DROP_CALL_VOLTE_DEN,0.0,900,NRCell,Huawei
1696898700000,VAL002_01,DROP_CALL_VOLTE_NUM,0.0,900,NRCell,Huawei
1696898700000,VAL002_01,ERAB_SR_DEN,51.0,900,NRCell,Huawei
1696898700000,VAL002_01,ERAB_SR_NUM,51.0,900,NRCell,Huawei
1696898700000,VAL002_01,INTEGRITY_NGBR_QCI_9,30907040.0,900,NRCell,Huawei
1696898700000,VAL002_01,INTRA_FREQUENCY_HO_OUT_ATT,4.0,900,NRCell,Huawei
1696898700000,VAL002_01,INTRA_FREQUENCY_HO_OUT_SUCC,4.0,900,NRCell,Huawei
1696898700000,VAL002_01,RRC_SETUP_ATT,38.0,900,NRCell,Huawei
1696898700000,VAL002_01,RRC_SETUP_SUCC,38.0,900,NRCell,Huawei
1696898700000,VAL002_01,S1SIG_Connection_Setup_SR_DEN,38.0,900,NRCell,Huawei
1696898700000,VAL002_01,S1SIG_Connection_Setup_SR_NUM,38.0,900,NRCell,Huawei
1696898700000,VAL002_01,SERVICE_LATENCY_OVER_AIR_INTERFACE_DEN,1141.0,900,NRCell,Huawei
1696898700000,VAL002_01,SERVICE_LATENCY_OVER_AIR_INTERFACE_NUM,2151.0,900,NRCell,Huawei
1696898700000,VAL002_01,VOICE_TRAFFIC,13.0,900,NRCell,Huawei
1696898700000,VAL002_01,VOLTE_CALL_SETUP_ATT,0.0,900,NRCell,Huawei
1696898700000,VAL002_01,VOLTE_CALL_SETUP_SUCC,0.0,900,NRCell,Huawei
