startTime,neId,counterCode,counterValue,granularity,neType,vendorName
1696865400000,BCN014_01,DCR_DEN,3777.0,900,NRCell,Huawei
1696865400000,BCN014_01,DCR_NUM,1.0,900,NRCell,Huawei
1696865400000,BCN014_01,DROP_CALL_VOLTE_DEN,25.0,900,NRCell,Huawei
1696865400000,BCN014_01,DROP_CALL_VOLTE_NUM,0.0,900,NRCell,Huawei
1696865400000,BCN014_01,ERAB_SR_DEN,3734.0,900,NRCell,Huawei
1696865400000,BCN014_01,ERAB_SR_NUM,3733.0,900,NRCell,Huawei
1696865400000,BCN014_01,INTEGRITY_NGBR_QCI_9,13079282072.0,900,NRCell,Huawei
1696865400000,BCN014_01,INTRA_FREQUENCY_HO_OUT_ATT,222.0,900,NRCell,Huawei
1696865400000,BCN014_01,INTRA_FREQUENCY_HO_OUT_SUCC,222.0,900,NRCell,Huawei
1696865400000,BCN014_01,RRC_SETUP_ATT,2113.0,900,NRCell,Huawei
1696865400000,BCN014_01,RRC_SETUP_SUCC,2103.0,900,NRCell,Huawei
1696865400000,BCN014_01,S1SIG_Connection_Setup_SR_DEN,2103.0,900,NRCell,Huawei
1696865400000,BCN014_01,S1SIG_Connection_Setup_SR_NUM,2103.0,900,NRCell,Huawei
1696865400000,BCN014_01,SERVICE_LATENCY_OVER_AIR_INTERFACE_DEN,422039.0,900,NRCell,Huawei
1696865400000,BCN014_01,SERVICE_LATENCY_OVER_AIR_INTERFACE_NUM,680971.0,900,NRCell,Huawei
1696865400000,BCN014_01,VOICE_TRAFFIC,24402.0,900,NRCell,Huawei
1696865400000,BCN014_01,VOLTE_CALL_SETUP_ATT,23.0,900,NRCell,Huawei
1696865400000,BCN014_01,VOLTE_CALL_SETUP_SUCC,23.0,900,NRCell,Huawei
1696865400000,BIL001_01,DCR_DEN,3401.0,900,NRCell,Huawei
1696865400000,BIL001_01,DCR_NUM,1.0,900,NRCell,Huawei
1696865400000,BIL001_01,DROP_CALL_VOLTE_DEN,28.0,900,NRCell,Huawei
1696865400000,BIL001_01,DROP_CALL_VOLTE_NUM,0.0,900,NRCell,Huawei
1696865400000,BIL001_01,ERAB_SR_DEN,3440.0,900,NRCell,Huawei
1696865400000,BIL001_01,ERAB_SR_NUM,3430.0,900,NRCell,Huawei
1696865400000,BIL001_01,INTEGRITY_NGBR_QCI_9,13610174736.0,900,NRCell,Huawei
1696865400000,BIL001_01,INTRA_FREQUENCY_HO_OUT_ATT,198.0,900,NRCell,Huawei
1696865400000,BIL001_01,INTRA_FREQUENCY_HO_OUT_SUCC,198.0,900,NRCell,Huawei
1696865400000,BIL001_01,RRC_SETUP_ATT,1943.0,900,NRCell,Huawei
1696865400000,BIL001_01,RRC_SETUP_SUCC,1927.0,900,NRCell,Huawei
1696865400000,BIL001_01,S1SIG_Connection_Setup_SR_DEN,1928.0,900,NRCell,Huawei
1696865400000,BIL001_01,S1SIG_Connection_Setup_SR_NUM,1928.0,900,NRCell,Huawei
1696865400000,BIL001_01,SERVICE_LATENCY_OVER_AIR_INTERFACE_DEN,394167.0,900,NRCell,Huawei
1696865400000,BIL001_01,SERVICE_LATENCY_OVER_AIR_INTERFACE_NUM,740814.0,900,NRCell,Huawei
1696865400000,BIL001_01,VOICE_TRAFFIC,14587.0,900,NRCell,Huawei
1696865400000,BIL001_01,VOLTE_CALL_SETUP_ATT,27.0,900,NRCell,Huawei
1696865400000,BIL001_01,VOLTE_CALL_SETUP_SUCC,27.0,900,NRCell,Huawei
1696865400000,MAD033_01,DCR_DEN,1682.0,900,NRCell,Huawei
1696865400000,MAD033_01,DCR_NUM,1.0,900,NRCell,Huawei
1696865400000,MAD033_01,DROP_CALL_VOLTE_DEN,10.0,900,NRCell,Huawei
1696865400000,MAD033_01,DROP_CALL_VOLTE_NUM,0.0,900,NRCell,Huawei
1696865400000,MAD033_01,ERAB_SR_DEN,1659.0,900,NRCell,Huawei
1696865400000,MAD033_01,ERAB_SR_NUM,1659.0,900,NRCell,Huawei
1696865400000,MAD033_01,INTEGRITY_NGBR_QCI_9,6270348960.0,900,NRCell,Huawei
1696865400000,MAD033_01,INTRA_FREQUENCY_HO_OUT_ATT,100.0,900,NRCell,Huawei
1696865400000,MAD033_01,INTRA_FREQUENCY_HO_OUT_SUCC,100.0,900,NRCell,Huawei
1696865400000,MAD033_01,RRC_SETUP_ATT,932.0,900,NRCell,Huawei
1696865400000,MAD033_01,RRC_SETUP_SUCC,932.0,900,NRCell,Huawei
1696865400000,MAD033_01,S1SIG_Connection_Setup_SR_DEN,932.0,900,NRCell,Huawei
1696865400000,MAD033_01,S1SIG_Connection_Setup_SR_NUM,932.0,900,NRCell,Huawei
1696865400000,MAD033_01,SERVICE_LATENCY_OVER_AIR_INTERFACE_DEN,139217.0,900,NRCell,Huawei
1696865400000,MAD033_01,SERVICE_LATENCY_OVER_AIR_INTERFACE_NUM,197217.0,900,NRCell,Huawei
1696865400000,MAD033_01,VOICE_TRAFFIC,9035.0,900,NRCell,Huawei
1696865400000,MAD033_01,VOLTE_CALL_SETUP_ATT,10.0,900,NRCell,Huawei
1696865400000,MAD033_01,VOLTE_CALL_SETUP_SUCC,10.0,900,NRCell,Huawei
1696865400000,SAL030_01,DCR_DEN,220.0,900,NRCell,Huawei
1696865400000,SAL030_01,DCR_NUM,0.0,900,NRCell,Huawei
1696865400000,SAL030_01,DROP_CALL_VOLTE_DEN,0.0,900,NRCell,Huawei
1696865400000,SAL030_01,DROP_CALL_VOLTE_NUM,0.0,900,NRCell,Huawei
1696865400000,SAL030_01,ERAB_SR_DEN,201.0,900,NRCell,Huawei
1696865400000,SAL030_01,ERAB_SR_NUM,199.0,900,NRCell,Huawei
1696865400000,SAL030_01,INTEGRITY_NGBR_QCI_9,3054173288.0,900,NRCell,Huawei
1696865400000,SAL030_01,INTRA_FREQUENCY_HO_OUT_ATT,11.0,900,NRCell,Huawei
1696865400000,SAL030_01,INTRA_FREQUENCY_HO_OUT_SUCC,11.0,900,NRCell,Huawei
1696865400000,SAL030_01,RRC_SETUP_ATT,131.0,900,NRCell,Huawei
1696865400000,SAL030_01,RRC_SETUP_SUCC,131.0,900,NRCell,Huawei
1696865400000,SAL030_01,S1SIG_Connection_Setup_SR_DEN,131.0,900,NRCell,Huawei
1696865400000,SAL030_01,S1SIG_Connection_Setup_SR_NUM,131.0,900,NRCell,Huawei
1696865400000,SAL030_01,SERVICE_LATENCY_OVER_AIR_INTERFACE_DEN,46732.0,900,NRCell,Huawei
1696865400000,SAL030_01,SERVICE_LATENCY_OVER_AIR_INTERFACE_NUM,76286.0,900,NRCell,Huawei
1696865400000,SAL030_01,VOICE_TRAFFIC,1907.0,900,NRCell,Huawei
1696865400000,SAL030_01,VOLTE_CALL_SETUP_ATT,0.0,900,NRCell,Huawei
1696865400000,SAL030_01,VOLTE_CALL_SETUP_SUCC,0.0,900,NRCell,Huawei
1696865400000,SEV001_01,DCR_DEN,3849.0,900,NRCell,Huawei
1696865400000,SEV001_01,DCR_NUM,0.0,900,NRCell,Huawei
1696865400000,SEV001_01,DROP_CALL_VOLTE_DEN,33.0,900,NRCell,Huawei
1696865400000,SEV001_01,DROP_CALL_VOLTE_NUM,0.0,900,NRCell,Huawei
1696865400000,SEV001_01,ERAB_SR_DEN,3866.0,900,NRCell,Huawei
1696865400000,SEV001_01,ERAB_SR_NUM,3864.0,900,NRCell,Huawei
1696865400000,SEV001_01,INTEGRITY_NGBR_QCI_9,13763416416.0,900,NRCell,Huawei
1696865400000,SEV001_01,INTRA_FREQUENCY_HO_OUT_ATT,117.0,900,NRCell,Huawei
1696865400000,SEV001_01,INTRA_FREQUENCY_HO_OUT_SUCC,117.0,900,NRCell,Huawei
1696865400000,SEV001_01,RRC_SETUP_ATT,2100.0,900,NRCell,Huawei
1696865400000,SEV001_01,RRC_SETUP_SUCC,2099.0,900,NRCell,Huawei
1696865400000,SEV001_01,S1SIG_Connection_Setup_SR_DEN,2099.0,900,NRCell,Huawei
1696865400000,SEV001_01,S1SIG_Connection_Setup_SR_NUM,2099.0,900,NRCell,Huawei
1696865400000,SEV001_01,SERVICE_LATENCY_OVER_AIR_INTERFACE_DEN,569486.0,900,NRCell,Huawei
1696865400000,SEV001_01,SERVICE_LATENCY_OVER_AIR_INTERFACE_NUM,841104.0,900,NRCell,Huawei
1696865400000,SEV001_01,VOICE_TRAFFIC,43452.0,900,NRCell,Huawei
1696865400000,SEV001_01,VOLTE_CALL_SETUP_ATT,41.0,900,NRCell,Huawei
1696865400000,SEV001_01,VOLTE_CALL_SETUP_SUCC,41.0,900,NRCell,Huawei
1696865400000,SNT002_01,DCR_DEN,1638.0,900,NRCell,Huawei
1696865400000,SNT002_01,DCR_NUM,0.0,900,NRCell,Huawei
1696865400000,SNT002_01,DROP_CALL_VOLTE_DEN,10.0,900,NRCell,Huawei
1696865400000,SNT002_01,DROP_CALL_VOLTE_NUM,0.0,900,NRCell,Huawei
1696865400000,SNT002_01,ERAB_SR_DEN,1671.0,900,NRCell,Huawei
1696865400000,SNT002_01,ERAB_SR_NUM,1671.0,900,NRCell,Huawei
1696865400000,SNT002_01,INTEGRITY_NGBR_QCI_9,3842046624.0,900,NRCell,Huawei
1696865400000,SNT002_01,INTRA_FREQUENCY_HO_OUT_ATT,70.0,900,NRCell,Huawei
1696865400000,SNT002_01,INTRA_FREQUENCY_HO_OUT_SUCC,70.0,900,NRCell,Huawei
1696865400000,SNT002_01,RRC_SETUP_ATT,920.0,900,NRCell,Huawei
1696865400000,SNT002_01,RRC_SETUP_SUCC,919.0,900,NRCell,Huawei
1696865400000,SNT002_01,S1SIG_Connection_Setup_SR_DEN,918.0,900,NRCell,Huawei
1696865400000,SNT002_01,S1SIG_Connection_Setup_SR_NUM,918.0,900,NRCell,Huawei
1696865400000,SNT002_01,SERVICE_LATENCY_OVER_AIR_INTERFACE_DEN,113254.0,900,NRCell,Huawei
1696865400000,SNT002_01,SERVICE_LATENCY_OVER_AIR_INTERFACE_NUM,158832.0,900,NRCell,Huawei
1696865400000,SNT002_01,VOICE_TRAFFIC,6944.0,900,NRCell,Huawei
1696865400000,SNT002_01,VOLTE_CALL_SETUP_ATT,10.0,900,NRCell,Huawei
1696865400000,SNT002_01,VOLTE_CALL_SETUP_SUCC,10.0,900,NRCell,Huawei
1696865400000,TAR015_01,DCR_DEN,4486.0,900,NRCell,Huawei
1696865400000,TAR015_01,DCR_NUM,4.0,900,NRCell,Huawei
1696865400000,TAR015_01,DROP_CALL_VOLTE_DEN,26.0,900,NRCell,Huawei
1696865400000,TAR015_01,DROP_CALL_VOLTE_NUM,0.0,900,NRCell,Huawei
1696865400000,TAR015_01,ERAB_SR_DEN,4472.0,900,NRCell,Huawei
1696865400000,TAR015_01,ERAB_SR_NUM,4468.0,900,NRCell,Huawei
1696865400000,TAR015_01,INTEGRITY_NGBR_QCI_9,13687300344.0,900,NRCell,Huawei
1696865400000,TAR015_01,INTRA_FREQUENCY_HO_OUT_ATT,122.0,900,NRCell,Huawei
1696865400000,TAR015_01,INTRA_FREQUENCY_HO_OUT_SUCC,122.0,900,NRCell,Huawei
1696865400000,TAR015_01,RRC_SETUP_ATT,2393.0,900,NRCell,Huawei
1696865400000,TAR015_01,RRC_SETUP_SUCC,2393.0,900,NRCell,Huawei
1696865400000,TAR015_01,S1SIG_Connection_Setup_SR_DEN,2393.0,900,NRCell,Huawei
1696865400000,TAR015_01,S1SIG_Connection_Setup_SR_NUM,2393.0,900,NRCell,Huawei
1696865400000,TAR015_01,SERVICE_LATENCY_OVER_AIR_INTERFACE_DEN,392328.0,900,NRCell,Huawei
1696865400000,TAR015_01,SERVICE_LATENCY_OVER_AIR_INTERFACE_NUM,818910.0,900,NRCell,Huawei
1696865400000,TAR015_01,VOICE_TRAFFIC,19219.0,900,NRCell,Huawei
1696865400000,TAR015_01,VOLTE_CALL_SETUP_ATT,27.0,900,NRCell,Huawei
1696865400000,TAR015_01,VOLTE_CALL_SETUP_SUCC,27.0,900,NRCell,Huawei
1696865400000,TOL034_01,DCR_DEN,248.0,900,NRCell,Huawei
1696865400000,TOL034_01,DCR_NUM,0.0,900,NRCell,Huawei
1696865400000,TOL034_01,DROP_CALL_VOLTE_DEN,1.0,900,NRCell,Huawei
1696865400000,TOL034_01,DROP_CALL_VOLTE_NUM,0.0,900,NRCell,Huawei
1696865400000,TOL034_01,ERAB_SR_DEN,245.0,900,NRCell,Huawei
1696865400000,TOL034_01,ERAB_SR_NUM,245.0,900,NRCell,Huawei
1696865400000,TOL034_01,INTEGRITY_NGBR_QCI_9,1665890760.0,900,NRCell,Huawei
1696865400000,TOL034_01,INTRA_FREQUENCY_HO_OUT_ATT,27.0,900,NRCell,Huawei
1696865400000,TOL034_01,INTRA_FREQUENCY_HO_OUT_SUCC,27.0,900,NRCell,Huawei
1696865400000,TOL034_01,RRC_SETUP_ATT,167.0,900,NRCell,Huawei
1696865400000,TOL034_01,RRC_SETUP_SUCC,166.0,900,NRCell,Huawei
1696865400000,TOL034_01,S1SIG_Connection_Setup_SR_DEN,166.0,900,NRCell,Huawei
1696865400000,TOL034_01,S1SIG_Connection_Setup_SR_NUM,166.0,900,NRCell,Huawei
1696865400000,TOL034_01,SERVICE_LATENCY_OVER_AIR_INTERFACE_DEN,66314.0,900,NRCell,Huawei
1696865400000,TOL034_01,SERVICE_LATENCY_OVER_AIR_INTERFACE_NUM,133406.0,900,NRCell,Huawei
1696865400000,TOL034_01,VOICE_TRAFFIC,5088.0,900,NRCell,Huawei
1696865400000,TOL034_01,VOLTE_CALL_SETUP_ATT,0.0,900,NRCell,Huawei
1696865400000,TOL034_01,VOLTE_CALL_SETUP_SUCC,0.0,900,NRCell,Huawei
1696865400000,VAL002_01,DCR_DEN,86.0,900,NRCell,Huawei
1696865400000,VAL002_01,DCR_NUM,0.0,900,NRCell,Huawei
1696865400000,VAL002_01,DROP_CALL_VOLTE_DEN,0.0,900,NRCell,Huawei
1696865400000,VAL002_01,DROP_CALL_VOLTE_NUM,0.0,900,NRCell,Huawei
1696865400000,VAL002_01,ERAB_SR_DEN,65.0,900,NRCell,Huawei
1696865400000,VAL002_01,ERAB_SR_NUM,65.0,900,NRCell,Huawei
1696865400000,VAL002_01,INTEGRITY_NGBR_QCI_9,669487504.0,900,NRCell,Huawei
1696865400000,VAL002_01,INTRA_FREQUENCY_HO_OUT_ATT,10.0,900,NRCell,Huawei
1696865400000,VAL002_01,INTRA_FREQUENCY_HO_OUT_SUCC,10.0,900,NRCell,Huawei
1696865400000,VAL002_01,RRC_SETUP_ATT,41.0,900,NRCell,Huawei
1696865400000,VAL002_01,RRC_SETUP_SUCC,41.0,900,NRCell,Huawei
1696865400000,VAL002_01,S1SIG_Connection_Setup_SR_DEN,41.0,900,NRCell,Huawei
1696865400000,VAL002_01,S1SIG_Connection_Setup_SR_NUM,41.0,900,NRCell,Huawei
1696865400000,VAL002_01,SERVICE_LATENCY_OVER_AIR_INTERFACE_DEN,13089.0,900,NRCell,Huawei
1696865400000,VAL002_01,SERVICE_LATENCY_OVER_AIR_INTERFACE_NUM,20233.0,900,NRCell,Huawei
1696865400000,VAL002_01,VOICE_TRAFFIC,62.0,900,NRCell,Huawei
1696865400000,VAL002_01,VOLTE_CALL_SETUP_ATT,0.0,900,NRCell,Huawei
1696865400000,VAL002_01,VOLTE_CALL_SETUP_SUCC,0.0,900,NRCell,Huawei
