startTime,neId,counterCode,counterValue,granularity,neType,vendorName
1696547700000,BCN014_01,DCR_DEN,4015.0,900,NRCell,Huawei
1696547700000,BCN014_01,DCR_NUM,6.0,900,NRCell,Huawei
1696547700000,BCN014_01,DROP_CALL_VOLTE_DEN,34.0,900,NRCell,Huawei
1696547700000,BCN014_01,DROP_CALL_VOLTE_NUM,0.0,900,NRCell,Huawei
1696547700000,BCN014_01,ERAB_SR_DEN,3936.0,900,NRCell,Huawei
1696547700000,BCN014_01,ERAB_SR_NUM,3927.0,900,NRCell,Huawei
1696547700000,BCN014_01,INTEGRITY_NGBR_QCI_9,16135069432.0,900,NRCell,Huawei
1696547700000,BCN014_01,INTRA_FREQUENCY_HO_OUT_ATT,212.0,900,NRCell,Huawei
1696547700000,BCN014_01,INTRA_FREQUENCY_HO_OUT_SUCC,212.0,900,NRCell,Huawei
1696547700000,BCN014_01,RRC_SETUP_ATT,2232.0,900,NRCell,Huawei
1696547700000,BCN014_01,RRC_SETUP_SUCC,2230.0,900,NRCell,Huawei
1696547700000,BCN014_01,S1SIG_Connection_Setup_SR_DEN,2230.0,900,NRCell,Huawei
1696547700000,BCN014_01,S1SIG_Connection_Setup_SR_NUM,2230.0,900,NRCell,Huawei
1696547700000,BCN014_01,SERVICE_LATENCY_OVER_AIR_INTERFACE_DEN,524599.0,900,NRCell,Huawei
1696547700000,BCN014_01,SERVICE_LATENCY_OVER_AIR_INTERFACE_NUM,1110781.0,900,NRCell,Huawei
1696547700000,BCN014_01,VOICE_TRAFFIC,45454.0,900,NRCell,Huawei
1696547700000,BCN014_01,VOLTE_CALL_SETUP_ATT,29.0,900,NRCell,Huawei
1696547700000,BCN014_01,VOLTE_CALL_SETUP_SUCC,29.0,900,NRCell,Huawei
1696547700000,BIL001_01,DCR_DEN,3367.0,900,NRCell,Huawei
1696547700000,BIL001_01,DCR_NUM,2.0,900,NRCell,Huawei
1696547700000,BIL001_01,DROP_CALL_VOLTE_DEN,33.0,900,NRCell,Huawei
1696547700000,BIL001_01,DROP_CALL_VOLTE_NUM,0.0,900,NRCell,Huawei
1696547700000,BIL001_01,ERAB_SR_DEN,3412.0,900,NRCell,Huawei
1696547700000,BIL001_01,ERAB_SR_NUM,3410.0,900,NRCell,Huawei
1696547700000,BIL001_01,INTEGRITY_NGBR_QCI_9,10201053728.0,900,NRCell,Huawei
1696547700000,BIL001_01,INTRA_FREQUENCY_HO_OUT_ATT,196.0,900,NRCell,Huawei
1696547700000,BIL001_01,INTRA_FREQUENCY_HO_OUT_SUCC,196.0,900,NRCell,Huawei
1696547700000,BIL001_01,RRC_SETUP_ATT,1946.0,900,NRCell,Huawei
1696547700000,BIL001_01,RRC_SETUP_SUCC,1941.0,900,NRCell,Huawei
1696547700000,BIL001_01,S1SIG_Connection_Setup_SR_DEN,1941.0,900,NRCell,Huawei
1696547700000,BIL001_01,S1SIG_Connection_Setup_SR_NUM,1941.0,900,NRCell,Huawei
1696547700000,BIL001_01,SERVICE_LATENCY_OVER_AIR_INTERFACE_DEN,279008.0,900,NRCell,Huawei
1696547700000,BIL001_01,SERVICE_LATENCY_OVER_AIR_INTERFACE_NUM,477229.0,900,NRCell,Huawei
1696547700000,BIL001_01,VOICE_TRAFFIC,17867.0,900,NRCell,Huawei
1696547700000,BIL001_01,VOLTE_CALL_SETUP_ATT,36.0,900,NRCell,Huawei
1696547700000,BIL001_01,VOLTE_CALL_SETUP_SUCC,36.0,900,NRCell,Huawei
1696547700000,MAD033_01,DCR_DEN,1937.0,900,NRCell,Huawei
1696547700000,MAD033_01,DCR_NUM,0.0,900,NRCell,Huawei
1696547700000,MAD033_01,DROP_CALL_VOLTE_DEN,12.0,900,NRCell,Huawei
1696547700000,MAD033_01,DROP_CALL_VOLTE_NUM,0.0,900,NRCell,Huawei
1696547700000,MAD033_01,ERAB_SR_DEN,1965.0,900,NRCell,Huawei
1696547700000,MAD033_01,ERAB_SR_NUM,1965.0,900,NRCell,Huawei
1696547700000,MAD033_01,INTEGRITY_NGBR_QCI_9,10204396768.0,900,NRCell,Huawei
1696547700000,MAD033_01,INTRA_FREQUENCY_HO_OUT_ATT,189.0,900,NRCell,Huawei
1696547700000,MAD033_01,INTRA_FREQUENCY_HO_OUT_SUCC,189.0,900,NRCell,Huawei
1696547700000,MAD033_01,RRC_SETUP_ATT,1132.0,900,NRCell,Huawei
1696547700000,MAD033_01,RRC_SETUP_SUCC,1130.0,900,NRCell,Huawei
1696547700000,MAD033_01,S1SIG_Connection_Setup_SR_DEN,1130.0,900,NRCell,Huawei
1696547700000,MAD033_01,S1SIG_Connection_Setup_SR_NUM,1130.0,900,NRCell,Huawei
1696547700000,MAD033_01,SERVICE_LATENCY_OVER_AIR_INTERFACE_DEN,290321.0,900,NRCell,Huawei
1696547700000,MAD033_01,SERVICE_LATENCY_OVER_AIR_INTERFACE_NUM,481207.0,900,NRCell,Huawei
1696547700000,MAD033_01,VOICE_TRAFFIC,35974.0,900,NRCell,Huawei
1696547700000,MAD033_01,VOLTE_CALL_SETUP_ATT,15.0,900,NRCell,Huawei
1696547700000,MAD033_01,VOLTE_CALL_SETUP_SUCC,15.0,900,NRCell,Huawei
1696547700000,SAL030_01,DCR_DEN,257.0,900,NRCell,Huawei
1696547700000,SAL030_01,DCR_NUM,1.0,900,NRCell,Huawei
1696547700000,SAL030_01,DROP_CALL_VOLTE_DEN,0.0,900,NRCell,Huawei
1696547700000,SAL030_01,DROP_CALL_VOLTE_NUM,0.0,900,NRCell,Huawei
1696547700000,SAL030_01,ERAB_SR_DEN,257.0,900,NRCell,Huawei
1696547700000,SAL030_01,ERAB_SR_NUM,257.0,900,NRCell,Huawei
1696547700000,SAL030_01,INTEGRITY_NGBR_QCI_9,2469382080.0,900,NRCell,Huawei
1696547700000,SAL030_01,INTRA_FREQUENCY_HO_OUT_ATT,18.0,900,NRCell,Huawei
1696547700000,SAL030_01,INTRA_FREQUENCY_HO_OUT_SUCC,18.0,900,NRCell,Huawei
1696547700000,SAL030_01,RRC_SETUP_ATT,147.0,900,NRCell,Huawei
1696547700000,SAL030_01,RRC_SETUP_SUCC,147.0,900,NRCell,Huawei
1696547700000,SAL030_01,S1SIG_Connection_Setup_SR_DEN,147.0,900,NRCell,Huawei
1696547700000,SAL030_01,S1SIG_Connection_Setup_SR_NUM,147.0,900,NRCell,Huawei
1696547700000,SAL030_01,SERVICE_LATENCY_OVER_AIR_INTERFACE_DEN,36060.0,900,NRCell,Huawei
1696547700000,SAL030_01,SERVICE_LATENCY_OVER_AIR_INTERFACE_NUM,76038.0,900,NRCell,Huawei
1696547700000,SAL030_01,VOICE_TRAFFIC,376.0,900,NRCell,Huawei
1696547700000,SAL030_01,VOLTE_CALL_SETUP_ATT,0.0,900,NRCell,Huawei
1696547700000,SAL030_01,VOLTE_CALL_SETUP_SUCC,0.0,900,NRCell,Huawei
1696547700000,SEV001_01,DCR_DEN,4331.0,900,NRCell,Huawei
1696547700000,SEV001_01,DCR_NUM,4.0,900,NRCell,Huawei
1696547700000,SEV001_01,DROP_CALL_VOLTE_DEN,25.0,900,NRCell,Huawei
1696547700000,SEV001_01,DROP_CALL_VOLTE_NUM,0.0,900,NRCell,Huawei
1696547700000,SEV001_01,ERAB_SR_DEN,4347.0,900,NRCell,Huawei
1696547700000,SEV001_01,ERAB_SR_NUM,4346.0,900,NRCell,Huawei
1696547700000,SEV001_01,INTEGRITY_NGBR_QCI_9,18473276400.0,900,NRCell,Huawei
1696547700000,SEV001_01,INTRA_FREQUENCY_HO_OUT_ATT,121.0,900,NRCell,Huawei
1696547700000,SEV001_01,INTRA_FREQUENCY_HO_OUT_SUCC,121.0,900,NRCell,Huawei
1696547700000,SEV001_01,RRC_SETUP_ATT,2322.0,900,NRCell,Huawei
1696547700000,SEV001_01,RRC_SETUP_SUCC,2321.0,900,NRCell,Huawei
1696547700000,SEV001_01,S1SIG_Connection_Setup_SR_DEN,2320.0,900,NRCell,Huawei
1696547700000,SEV001_01,S1SIG_Connection_Setup_SR_NUM,2320.0,900,NRCell,Huawei
1696547700000,SEV001_01,SERVICE_LATENCY_OVER_AIR_INTERFACE_DEN,508558.0,900,NRCell,Huawei
1696547700000,SEV001_01,SERVICE_LATENCY_OVER_AIR_INTERFACE_NUM,1465377.0,900,NRCell,Huawei
1696547700000,SEV001_01,VOICE_TRAFFIC,55161.0,900,NRCell,Huawei
1696547700000,SEV001_01,VOLTE_CALL_SETUP_ATT,24.0,900,NRCell,Huawei
1696547700000,SEV001_01,VOLTE_CALL_SETUP_SUCC,24.0,900,NRCell,Huawei
1696547700000,SNT002_01,DCR_DEN,1976.0,900,NRCell,Huawei
1696547700000,SNT002_01,DCR_NUM,0.0,900,NRCell,Huawei
1696547700000,SNT002_01,DROP_CALL_VOLTE_DEN,9.0,900,NRCell,Huawei
1696547700000,SNT002_01,DROP_CALL_VOLTE_NUM,0.0,900,NRCell,Huawei
1696547700000,SNT002_01,ERAB_SR_DEN,2005.0,900,NRCell,Huawei
1696547700000,SNT002_01,ERAB_SR_NUM,2005.0,900,NRCell,Huawei
1696547700000,SNT002_01,INTEGRITY_NGBR_QCI_9,8864657128.0,900,NRCell,Huawei
1696547700000,SNT002_01,INTRA_FREQUENCY_HO_OUT_ATT,124.0,900,NRCell,Huawei
1696547700000,SNT002_01,INTRA_FREQUENCY_HO_OUT_SUCC,124.0,900,NRCell,Huawei
1696547700000,SNT002_01,RRC_SETUP_ATT,1138.0,900,NRCell,Huawei
1696547700000,SNT002_01,RRC_SETUP_SUCC,1136.0,900,NRCell,Huawei
1696547700000,SNT002_01,S1SIG_Connection_Setup_SR_DEN,1136.0,900,NRCell,Huawei
1696547700000,SNT002_01,S1SIG_Connection_Setup_SR_NUM,1136.0,900,NRCell,Huawei
1696547700000,SNT002_01,SERVICE_LATENCY_OVER_AIR_INTERFACE_DEN,265761.0,900,NRCell,Huawei
1696547700000,SNT002_01,SERVICE_LATENCY_OVER_AIR_INTERFACE_NUM,356033.0,900,NRCell,Huawei
1696547700000,SNT002_01,VOICE_TRAFFIC,9995.0,900,NRCell,Huawei
1696547700000,SNT002_01,VOLTE_CALL_SETUP_ATT,12.0,900,NRCell,Huawei
1696547700000,SNT002_01,VOLTE_CALL_SETUP_SUCC,12.0,900,NRCell,Huawei
1696547700000,TAR015_01,DCR_DEN,4498.0,900,NRCell,Huawei
1696547700000,TAR015_01,DCR_NUM,14.0,900,NRCell,Huawei
1696547700000,TAR015_01,DROP_CALL_VOLTE_DEN,31.0,900,NRCell,Huawei
1696547700000,TAR015_01,DROP_CALL_VOLTE_NUM,0.0,900,NRCell,Huawei
1696547700000,TAR015_01,ERAB_SR_DEN,4468.0,900,NRCell,Huawei
1696547700000,TAR015_01,ERAB_SR_NUM,4464.0,900,NRCell,Huawei
1696547700000,TAR015_01,INTEGRITY_NGBR_QCI_9,20164984656.0,900,NRCell,Huawei
1696547700000,TAR015_01,INTRA_FREQUENCY_HO_OUT_ATT,175.0,900,NRCell,Huawei
1696547700000,TAR015_01,INTRA_FREQUENCY_HO_OUT_SUCC,175.0,900,NRCell,Huawei
1696547700000,TAR015_01,RRC_SETUP_ATT,2443.0,900,NRCell,Huawei
1696547700000,TAR015_01,RRC_SETUP_SUCC,2442.0,900,NRCell,Huawei
1696547700000,TAR015_01,S1SIG_Connection_Setup_SR_DEN,2443.0,900,NRCell,Huawei
1696547700000,TAR015_01,S1SIG_Connection_Setup_SR_NUM,2443.0,900,NRCell,Huawei
1696547700000,TAR015_01,SERVICE_LATENCY_OVER_AIR_INTERFACE_DEN,732151.0,900,NRCell,Huawei
1696547700000,TAR015_01,SERVICE_LATENCY_OVER_AIR_INTERFACE_NUM,3158446.0,900,NRCell,Huawei
1696547700000,TAR015_01,VOICE_TRAFFIC,63179.0,900,NRCell,Huawei
1696547700000,TAR015_01,VOLTE_CALL_SETUP_ATT,30.0,900,NRCell,Huawei
1696547700000,TAR015_01,VOLTE_CALL_SETUP_SUCC,30.0,900,NRCell,Huawei
1696547700000,TOL034_01,DCR_DEN,162.0,900,NRCell,Huawei
1696547700000,TOL034_01,DCR_NUM,1.0,900,NRCell,Huawei
1696547700000,TOL034_01,DROP_CALL_VOLTE_DEN,0.0,900,NRCell,Huawei
1696547700000,TOL034_01,DROP_CALL_VOLTE_NUM,0.0,900,NRCell,Huawei
1696547700000,TOL034_01,ERAB_SR_DEN,155.0,900,NRCell,Huawei
1696547700000,TOL034_01,ERAB_SR_NUM,155.0,900,NRCell,Huawei
1696547700000,TOL034_01,INTEGRITY_NGBR_QCI_9,2230439728.0,900,NRCell,Huawei
1696547700000,TOL034_01,INTRA_FREQUENCY_HO_OUT_ATT,14.0,900,NRCell,Huawei
1696547700000,TOL034_01,INTRA_FREQUENCY_HO_OUT_SUCC,14.0,900,NRCell,Huawei
1696547700000,TOL034_01,RRC_SETUP_ATT,100.0,900,NRCell,Huawei
1696547700000,TOL034_01,RRC_SETUP_SUCC,100.0,900,NRCell,Huawei
1696547700000,TOL034_01,S1SIG_Connection_Setup_SR_DEN,100.0,900,NRCell,Huawei
1696547700000,TOL034_01,S1SIG_Connection_Setup_SR_NUM,100.0,900,NRCell,Huawei
1696547700000,TOL034_01,SERVICE_LATENCY_OVER_AIR_INTERFACE_DEN,109229.0,900,NRCell,Huawei
1696547700000,TOL034_01,SERVICE_LATENCY_OVER_AIR_INTERFACE_NUM,141634.0,900,NRCell,Huawei
1696547700000,TOL034_01,VOICE_TRAFFIC,311.0,900,NRCell,Huawei
1696547700000,TOL034_01,VOLTE_CALL_SETUP_ATT,0.0,900,NRCell,Huawei
1696547700000,TOL034_01,VOLTE_CALL_SETUP_SUCC,0.0,900,NRCell,Huawei
1696547700000,VAL002_01,DCR_DEN,60.0,900,NRCell,Huawei
1696547700000,VAL002_01,DCR_NUM,0.0,900,NRCell,Huawei
1696547700000,VAL002_01,DROP_CALL_VOLTE_DEN,0.0,900,NRCell,Huawei
1696547700000,VAL002_01,DROP_CALL_VOLTE_NUM,0.0,900,NRCell,Huawei
1696547700000,VAL002_01,ERAB_SR_DEN,70.0,900,NRCell,Huawei
1696547700000,VAL002_01,ERAB_SR_NUM,69.0,900,NRCell,Huawei
1696547700000,VAL002_01,INTEGRITY_NGBR_QCI_9,1240431320.0,900,NRCell,Huawei
1696547700000,VAL002_01,INTRA_FREQUENCY_HO_OUT_ATT,12.0,900,NRCell,Huawei
1696547700000,VAL002_01,INTRA_FREQUENCY_HO_OUT_SUCC,12.0,900,NRCell,Huawei
1696547700000,VAL002_01,RRC_SETUP_ATT,56.0,900,NRCell,Huawei
1696547700000,VAL002_01,RRC_SETUP_SUCC,56.0,900,NRCell,Huawei
1696547700000,VAL002_01,S1SIG_Connection_Setup_SR_DEN,56.0,900,NRCell,Huawei
1696547700000,VAL002_01,S1SIG_Connection_Setup_SR_NUM,56.0,900,NRCell,Huawei
1696547700000,VAL002_01,SERVICE_LATENCY_OVER_AIR_INTERFACE_DEN,46586.0,900,NRCell,Huawei
1696547700000,VAL002_01,SERVICE_LATENCY_OVER_AIR_INTERFACE_NUM,56383.0,900,NRCell,Huawei
1696547700000,VAL002_01,VOICE_TRAFFIC,35.0,900,NRCell,Huawei
1696547700000,VAL002_01,VOLTE_CALL_SETUP_ATT,0.0,900,NRCell,Huawei
1696547700000,VAL002_01,VOLTE_CALL_SETUP_SUCC,0.0,900,NRCell,Huawei
