startTime,neId,counterCode,counterValue,granularity,neType,vendorName
1696884300000,BCN014_01,DCR_DEN,3973.0,900,NRCell,Huawei
1696884300000,BCN014_01,DCR_NUM,6.0,900,NRCell,Huawei
1696884300000,BCN014_01,DROP_CALL_VOLTE_DEN,53.0,900,NRCell,Huawei
1696884300000,BCN014_01,DROP_CALL_VOLTE_NUM,0.0,900,NRCell,Huawei
1696884300000,BCN014_01,ERAB_SR_DEN,3959.0,900,NRCell,Huawei
1696884300000,BCN014_01,ERAB_SR_NUM,3956.0,900,NRCell,Huawei
1696884300000,BCN014_01,INTEGRITY_NGBR_QCI_9,13249926880.0,900,NRCell,Huawei
1696884300000,BCN014_01,INTRA_FREQUENCY_HO_OUT_ATT,283.0,900,NRCell,Huawei
1696884300000,BCN014_01,INTRA_FREQUENCY_HO_OUT_SUCC,283.0,900,NRCell,Huawei
1696884300000,BCN014_01,RRC_SETUP_ATT,2248.0,900,NRCell,Huawei
1696884300000,BCN014_01,RRC_SETUP_SUCC,2244.0,900,NRCell,Huawei
1696884300000,BCN014_01,S1SIG_Connection_Setup_SR_DEN,2244.0,900,NRCell,Huawei
1696884300000,BCN014_01,S1SIG_Connection_Setup_SR_NUM,2244.0,900,NRCell,Huawei
1696884300000,BCN014_01,SERVICE_LATENCY_OVER_AIR_INTERFACE_DEN,393658.0,900,NRCell,Huawei
1696884300000,BCN014_01,SERVICE_LATENCY_OVER_AIR_INTERFACE_NUM,771727.0,900,NRCell,Huawei
1696884300000,BCN014_01,VOICE_TRAFFIC,24634.0,900,NRCell,Huawei
1696884300000,BCN014_01,VOLTE_CALL_SETUP_ATT,51.0,900,NRCell,Huawei
1696884300000,BCN014_01,VOLTE_CALL_SETUP_SUCC,51.0,900,NRCell,Huawei
1696884300000,BIL001_01,DCR_DEN,3664.0,900,NRCell,Huawei
1696884300000,BIL001_01,DCR_NUM,5.0,900,NRCell,Huawei
1696884300000,BIL001_01,DROP_CALL_VOLTE_DEN,41.0,900,NRCell,Huawei
1696884300000,BIL001_01,DROP_CALL_VOLTE_NUM,0.0,900,NRCell,Huawei
1696884300000,BIL001_01,ERAB_SR_DEN,3613.0,900,NRCell,Huawei
1696884300000,BIL001_01,ERAB_SR_NUM,3611.0,900,NRCell,Huawei
1696884300000,BIL001_01,INTEGRITY_NGBR_QCI_9,12195047744.0,900,NRCell,Huawei
1696884300000,BIL001_01,INTRA_FREQUENCY_HO_OUT_ATT,242.0,900,NRCell,Huawei
1696884300000,BIL001_01,INTRA_FREQUENCY_HO_OUT_SUCC,242.0,900,NRCell,Huawei
1696884300000,BIL001_01,RRC_SETUP_ATT,2131.0,900,NRCell,Huawei
1696884300000,BIL001_01,RRC_SETUP_SUCC,2111.0,900,NRCell,Huawei
1696884300000,BIL001_01,S1SIG_Connection_Setup_SR_DEN,2111.0,900,NRCell,Huawei
1696884300000,BIL001_01,S1SIG_Connection_Setup_SR_NUM,2111.0,900,NRCell,Huawei
1696884300000,BIL001_01,SERVICE_LATENCY_OVER_AIR_INTERFACE_DEN,468600.0,900,NRCell,Huawei
1696884300000,BIL001_01,SERVICE_LATENCY_OVER_AIR_INTERFACE_NUM,948727.0,900,NRCell,Huawei
1696884300000,BIL001_01,VOICE_TRAFFIC,42329.0,900,NRCell,Huawei
1696884300000,BIL001_01,VOLTE_CALL_SETUP_ATT,40.0,900,NRCell,Huawei
1696884300000,BIL001_01,VOLTE_CALL_SETUP_SUCC,40.0,900,NRCell,Huawei
1696884300000,MAD033_01,DCR_DEN,1475.0,900,NRCell,Huawei
1696884300000,MAD033_01,DCR_NUM,1.0,900,NRCell,Huawei
1696884300000,MAD033_01,DROP_CALL_VOLTE_DEN,20.0,900,NRCell,Huawei
1696884300000,MAD033_01,DROP_CALL_VOLTE_NUM,0.0,900,NRCell,Huawei
1696884300000,MAD033_01,ERAB_SR_DEN,1475.0,900,NRCell,Huawei
1696884300000,MAD033_01,ERAB_SR_NUM,1475.0,900,NRCell,Huawei
1696884300000,MAD033_01,INTEGRITY_NGBR_QCI_9,5661041920.0,900,NRCell,Huawei
1696884300000,MAD033_01,INTRA_FREQUENCY_HO_OUT_ATT,114.0,900,NRCell,Huawei
1696884300000,MAD033_01,INTRA_FREQUENCY_HO_OUT_SUCC,114.0,900,NRCell,Huawei
1696884300000,MAD033_01,RRC_SETUP_ATT,829.0,900,NRCell,Huawei
1696884300000,MAD033_01,RRC_SETUP_SUCC,826.0,900,NRCell,Huawei
1696884300000,MAD033_01,S1SIG_Connection_Setup_SR_DEN,826.0,900,NRCell,Huawei
1696884300000,MAD033_01,S1SIG_Connection_Setup_SR_NUM,825.0,900,NRCell,Huawei
1696884300000,MAD033_01,SERVICE_LATENCY_OVER_AIR_INTERFACE_DEN,149138.0,900,NRCell,Huawei
1696884300000,MAD033_01,SERVICE_LATENCY_OVER_AIR_INTERFACE_NUM,211483.0,900,NRCell,Huawei
1696884300000,MAD033_01,VOICE_TRAFFIC,16917.0,900,NRCell,Huawei
1696884300000,MAD033_01,VOLTE_CALL_SETUP_ATT,18.0,900,NRCell,Huawei
1696884300000,MAD033_01,VOLTE_CALL_SETUP_SUCC,18.0,900,NRCell,Huawei
1696884300000,SAL030_01,DCR_DEN,171.0,900,NRCell,Huawei
1696884300000,SAL030_01,DCR_NUM,2.0,900,NRCell,Huawei
1696884300000,SAL030_01,DROP_CALL_VOLTE_DEN,4.0,900,NRCell,Huawei
1696884300000,SAL030_01,DROP_CALL_VOLTE_NUM,0.0,900,NRCell,Huawei
1696884300000,SAL030_01,ERAB_SR_DEN,135.0,900,NRCell,Huawei
1696884300000,SAL030_01,ERAB_SR_NUM,135.0,900,NRCell,Huawei
1696884300000,SAL030_01,INTEGRITY_NGBR_QCI_9,3705625560.0,900,NRCell,Huawei
1696884300000,SAL030_01,INTRA_FREQUENCY_HO_OUT_ATT,10.0,900,NRCell,Huawei
1696884300000,SAL030_01,INTRA_FREQUENCY_HO_OUT_SUCC,10.0,900,NRCell,Huawei
1696884300000,SAL030_01,RRC_SETUP_ATT,79.0,900,NRCell,Huawei
1696884300000,SAL030_01,RRC_SETUP_SUCC,79.0,900,NRCell,Huawei
1696884300000,SAL030_01,S1SIG_Connection_Setup_SR_DEN,79.0,900,NRCell,Huawei
1696884300000,SAL030_01,S1SIG_Connection_Setup_SR_NUM,79.0,900,NRCell,Huawei
1696884300000,SAL030_01,SERVICE_LATENCY_OVER_AIR_INTERFACE_DEN,51747.0,900,NRCell,Huawei
1696884300000,SAL030_01,SERVICE_LATENCY_OVER_AIR_INTERFACE_NUM,104683.0,900,NRCell,Huawei
1696884300000,SAL030_01,VOICE_TRAFFIC,2585.0,900,NRCell,Huawei
1696884300000,SAL030_01,VOLTE_CALL_SETUP_ATT,2.0,900,NRCell,Huawei
1696884300000,SAL030_01,VOLTE_CALL_SETUP_SUCC,2.0,900,NRCell,Huawei
1696884300000,SEV001_01,DCR_DEN,3597.0,900,NRCell,Huawei
1696884300000,SEV001_01,DCR_NUM,7.0,900,NRCell,Huawei
1696884300000,SEV001_01,DROP_CALL_VOLTE_DEN,39.0,900,NRCell,Huawei
1696884300000,SEV001_01,DROP_CALL_VOLTE_NUM,0.0,900,NRCell,Huawei
1696884300000,SEV001_01,ERAB_SR_DEN,3617.0,900,NRCell,Huawei
1696884300000,SEV001_01,ERAB_SR_NUM,3615.0,900,NRCell,Huawei
1696884300000,SEV001_01,INTEGRITY_NGBR_QCI_9,19053754432.0,900,NRCell,Huawei
1696884300000,SEV001_01,INTRA_FREQUENCY_HO_OUT_ATT,112.0,900,NRCell,Huawei
1696884300000,SEV001_01,INTRA_FREQUENCY_HO_OUT_SUCC,112.0,900,NRCell,Huawei
1696884300000,SEV001_01,RRC_SETUP_ATT,1949.0,900,NRCell,Huawei
1696884300000,SEV001_01,RRC_SETUP_SUCC,1945.0,900,NRCell,Huawei
1696884300000,SEV001_01,S1SIG_Connection_Setup_SR_DEN,1945.0,900,NRCell,Huawei
1696884300000,SEV001_01,S1SIG_Connection_Setup_SR_NUM,1945.0,900,NRCell,Huawei
1696884300000,SEV001_01,SERVICE_LATENCY_OVER_AIR_INTERFACE_DEN,570236.0,900,NRCell,Huawei
1696884300000,SEV001_01,SERVICE_LATENCY_OVER_AIR_INTERFACE_NUM,2964843.0,900,NRCell,Huawei
1696884300000,SEV001_01,VOICE_TRAFFIC,25690.0,900,NRCell,Huawei
1696884300000,SEV001_01,VOLTE_CALL_SETUP_ATT,43.0,900,NRCell,Huawei
1696884300000,SEV001_01,VOLTE_CALL_SETUP_SUCC,43.0,900,NRCell,Huawei
1696884300000,SNT002_01,DCR_DEN,1653.0,900,NRCell,Huawei
1696884300000,SNT002_01,DCR_NUM,2.0,900,NRCell,Huawei
1696884300000,SNT002_01,DROP_CALL_VOLTE_DEN,16.0,900,NRCell,Huawei
1696884300000,SNT002_01,DROP_CALL_VOLTE_NUM,0.0,900,NRCell,Huawei
1696884300000,SNT002_01,ERAB_SR_DEN,1677.0,900,NRCell,Huawei
1696884300000,SNT002_01,ERAB_SR_NUM,1677.0,900,NRCell,Huawei
1696884300000,SNT002_01,INTEGRITY_NGBR_QCI_9,6752236064.0,900,NRCell,Huawei
1696884300000,SNT002_01,INTRA_FREQUENCY_HO_OUT_ATT,104.0,900,NRCell,Huawei
1696884300000,SNT002_01,INTRA_FREQUENCY_HO_OUT_SUCC,104.0,900,NRCell,Huawei
1696884300000,SNT002_01,RRC_SETUP_ATT,948.0,900,NRCell,Huawei
1696884300000,SNT002_01,RRC_SETUP_SUCC,948.0,900,NRCell,Huawei
1696884300000,SNT002_01,S1SIG_Connection_Setup_SR_DEN,948.0,900,NRCell,Huawei
1696884300000,SNT002_01,S1SIG_Connection_Setup_SR_NUM,948.0,900,NRCell,Huawei
1696884300000,SNT002_01,SERVICE_LATENCY_OVER_AIR_INTERFACE_DEN,133888.0,900,NRCell,Huawei
1696884300000,SNT002_01,SERVICE_LATENCY_OVER_AIR_INTERFACE_NUM,175694.0,900,NRCell,Huawei
1696884300000,SNT002_01,VOICE_TRAFFIC,12144.0,900,NRCell,Huawei
1696884300000,SNT002_01,VOLTE_CALL_SETUP_ATT,13.0,900,NRCell,Huawei
1696884300000,SNT002_01,VOLTE_CALL_SETUP_SUCC,13.0,900,NRCell,Huawei
1696884300000,TAR015_01,DCR_DEN,3940.0,900,NRCell,Huawei
1696884300000,TAR015_01,DCR_NUM,3.0,900,NRCell,Huawei
1696884300000,TAR015_01,DROP_CALL_VOLTE_DEN,67.0,900,NRCell,Huawei
1696884300000,TAR015_01,DROP_CALL_VOLTE_NUM,0.0,900,NRCell,Huawei
1696884300000,TAR015_01,ERAB_SR_DEN,3882.0,900,NRCell,Huawei
1696884300000,TAR015_01,ERAB_SR_NUM,3880.0,900,NRCell,Huawei
1696884300000,TAR015_01,INTEGRITY_NGBR_QCI_9,16598793088.0,900,NRCell,Huawei
1696884300000,TAR015_01,INTRA_FREQUENCY_HO_OUT_ATT,133.0,900,NRCell,Huawei
1696884300000,TAR015_01,INTRA_FREQUENCY_HO_OUT_SUCC,133.0,900,NRCell,Huawei
1696884300000,TAR015_01,RRC_SETUP_ATT,2115.0,900,NRCell,Huawei
1696884300000,TAR015_01,RRC_SETUP_SUCC,2112.0,900,NRCell,Huawei
1696884300000,TAR015_01,S1SIG_Connection_Setup_SR_DEN,2112.0,900,NRCell,Huawei
1696884300000,TAR015_01,S1SIG_Connection_Setup_SR_NUM,2112.0,900,NRCell,Huawei
1696884300000,TAR015_01,SERVICE_LATENCY_OVER_AIR_INTERFACE_DEN,570702.0,900,NRCell,Huawei
1696884300000,TAR015_01,SERVICE_LATENCY_OVER_AIR_INTERFACE_NUM,2740382.0,900,NRCell,Huawei
1696884300000,TAR015_01,VOICE_TRAFFIC,54645.0,900,NRCell,Huawei
1696884300000,TAR015_01,VOLTE_CALL_SETUP_ATT,60.0,900,NRCell,Huawei
1696884300000,TAR015_01,VOLTE_CALL_SETUP_SUCC,60.0,900,NRCell,Huawei
1696884300000,TOL034_01,DCR_DEN,227.0,900,NRCell,Huawei
1696884300000,TOL034_01,DCR_NUM,0.0,900,NRCell,Huawei
1696884300000,TOL034_01,DROP_CALL_VOLTE_DEN,0.0,900,NRCell,Huawei
1696884300000,TOL034_01,DROP_CALL_VOLTE_NUM,0.0,900,NRCell,Huawei
1696884300000,TOL034_01,ERAB_SR_DEN,228.0,900,NRCell,Huawei
1696884300000,TOL034_01,ERAB_SR_NUM,228.0,900,NRCell,Huawei
1696884300000,TOL034_01,INTEGRITY_NGBR_QCI_9,2252534608.0,900,NRCell,Huawei
1696884300000,TOL034_01,INTRA_FREQUENCY_HO_OUT_ATT,14.0,900,NRCell,Huawei
1696884300000,TOL034_01,INTRA_FREQUENCY_HO_OUT_SUCC,14.0,900,NRCell,Huawei
1696884300000,TOL034_01,RRC_SETUP_ATT,158.0,900,NRCell,Huawei
1696884300000,TOL034_01,RRC_SETUP_SUCC,155.0,900,NRCell,Huawei
1696884300000,TOL034_01,S1SIG_Connection_Setup_SR_DEN,155.0,900,NRCell,Huawei
1696884300000,TOL034_01,S1SIG_Connection_Setup_SR_NUM,155.0,900,NRCell,Huawei
1696884300000,TOL034_01,SERVICE_LATENCY_OVER_AIR_INTERFACE_DEN,44537.0,900,NRCell,Huawei
1696884300000,TOL034_01,SERVICE_LATENCY_OVER_AIR_INTERFACE_NUM,79066.0,900,NRCell,Huawei
1696884300000,TOL034_01,VOICE_TRAFFIC,934.0,900,NRCell,Huawei
1696884300000,TOL034_01,VOLTE_CALL_SETUP_ATT,0.0,900,NRCell,Huawei
1696884300000,TOL034_01,VOLTE_CALL_SETUP_SUCC,0.0,900,NRCell,Huawei
1696884300000,VAL002_01,DCR_DEN,66.0,900,NRCell,Huawei
1696884300000,VAL002_01,DCR_NUM,0.0,900,NRCell,Huawei
1696884300000,VAL002_01,DROP_CALL_VOLTE_DEN,1.0,900,NRCell,Huawei
1696884300000,VAL002_01,DROP_CALL_VOLTE_NUM,0.0,900,NRCell,Huawei
1696884300000,VAL002_01,ERAB_SR_DEN,55.0,900,NRCell,Huawei
1696884300000,VAL002_01,ERAB_SR_NUM,55.0,900,NRCell,Huawei
1696884300000,VAL002_01,INTEGRITY_NGBR_QCI_9,196103856.0,900,NRCell,Huawei
1696884300000,VAL002_01,INTRA_FREQUENCY_HO_OUT_ATT,1.0,900,NRCell,Huawei
1696884300000,VAL002_01,INTRA_FREQUENCY_HO_OUT_SUCC,1.0,900,NRCell,Huawei
1696884300000,VAL002_01,RRC_SETUP_ATT,41.0,900,NRCell,Huawei
1696884300000,VAL002_01,RRC_SETUP_SUCC,41.0,900,NRCell,Huawei
1696884300000,VAL002_01,S1SIG_Connection_Setup_SR_DEN,41.0,900,NRCell,Huawei
1696884300000,VAL002_01,S1SIG_Connection_Setup_SR_NUM,41.0,900,NRCell,Huawei
1696884300000,VAL002_01,SERVICE_LATENCY_OVER_AIR_INTERFACE_DEN,22013.0,900,NRCell,Huawei
1696884300000,VAL002_01,SERVICE_LATENCY_OVER_AIR_INTERFACE_NUM,31790.0,900,NRCell,Huawei
1696884300000,VAL002_01,VOICE_TRAFFIC,3864.0,900,NRCell,Huawei
1696884300000,VAL002_01,VOLTE_CALL_SETUP_ATT,1.0,900,NRCell,Huawei
1696884300000,VAL002_01,VOLTE_CALL_SETUP_SUCC,1.0,900,NRCell,Huawei
