startTime,neId,counterCode,counterValue,granularity,neType,vendorName
1696591800000,BCN014_01,DCR_DEN,771.0,900,NRCell,Huawei
1696591800000,BCN014_01,DCR_NUM,0.0,900,NRCell,Huawei
1696591800000,BCN014_01,DROP_CALL_VOLTE_DEN,1.0,900,NRCell,Huawei
1696591800000,BCN014_01,DROP_CALL_VOLTE_NUM,0.0,900,NRCell,Huawei
1696591800000,BCN014_01,ERAB_SR_DEN,792.0,900,NRCell,Huawei
1696591800000,BCN014_01,ERAB_SR_NUM,790.0,900,NRCell,Huawei
1696591800000,BCN014_01,INTEGRITY_NGBR_QCI_9,1471354168.0,900,NRCell,Huawei
1696591800000,BCN014_01,INTRA_FREQUENCY_HO_OUT_ATT,19.0,900,NRCell,Huawei
1696591800000,BCN014_01,INTRA_FREQUENCY_HO_OUT_SUCC,19.0,900,NRCell,Huawei
1696591800000,BCN014_01,RRC_SETUP_ATT,549.0,900,NRCell,Huawei
1696591800000,BCN014_01,RRC_SETUP_SUCC,549.0,900,NRCell,Huawei
1696591800000,BCN014_01,S1SIG_Connection_Setup_SR_DEN,549.0,900,NRCell,Huawei
1696591800000,BCN014_01,S1SIG_Connection_Setup_SR_NUM,549.0,900,NRCell,Huawei
1696591800000,BCN014_01,SERVICE_LATENCY_OVER_AIR_INTERFACE_DEN,73657.0,900,NRCell,Huawei
1696591800000,BCN014_01,SERVICE_LATENCY_OVER_AIR_INTERFACE_NUM,79882.0,900,NRCell,Huawei
1696591800000,BCN014_01,VOICE_TRAFFIC,242.0,900,NRCell,Huawei
1696591800000,BCN014_01,VOLTE_CALL_SETUP_ATT,1.0,900,NRCell,Huawei
1696591800000,BCN014_01,VOLTE_CALL_SETUP_SUCC,1.0,900,NRCell,Huawei
1696591800000,BIL001_01,DCR_DEN,685.0,900,NRCell,Huawei
1696591800000,BIL001_01,DCR_NUM,0.0,900,NRCell,Huawei
1696591800000,BIL001_01,DROP_CALL_VOLTE_DEN,2.0,900,NRCell,Huawei
1696591800000,BIL001_01,DROP_CALL_VOLTE_NUM,0.0,900,NRCell,Huawei
1696591800000,BIL001_01,ERAB_SR_DEN,683.0,900,NRCell,Huawei
1696591800000,BIL001_01,ERAB_SR_NUM,683.0,900,NRCell,Huawei
1696591800000,BIL001_01,INTEGRITY_NGBR_QCI_9,5049466624.0,900,NRCell,Huawei
1696591800000,BIL001_01,INTRA_FREQUENCY_HO_OUT_ATT,15.0,900,NRCell,Huawei
1696591800000,BIL001_01,INTRA_FREQUENCY_HO_OUT_SUCC,15.0,900,NRCell,Huawei
1696591800000,BIL001_01,RRC_SETUP_ATT,480.0,900,NRCell,Huawei
1696591800000,BIL001_01,RRC_SETUP_SUCC,480.0,900,NRCell,Huawei
1696591800000,BIL001_01,S1SIG_Connection_Setup_SR_DEN,480.0,900,NRCell,Huawei
1696591800000,BIL001_01,S1SIG_Connection_Setup_SR_NUM,480.0,900,NRCell,Huawei
1696591800000,BIL001_01,SERVICE_LATENCY_OVER_AIR_INTERFACE_DEN,100251.0,900,NRCell,Huawei
1696591800000,BIL001_01,SERVICE_LATENCY_OVER_AIR_INTERFACE_NUM,113347.0,900,NRCell,Huawei
1696591800000,BIL001_01,VOICE_TRAFFIC,699.0,900,NRCell,Huawei
1696591800000,BIL001_01,VOLTE_CALL_SETUP_ATT,3.0,900,NRCell,Huawei
1696591800000,BIL001_01,VOLTE_CALL_SETUP_SUCC,3.0,900,NRCell,Huawei
1696591800000,MAD033_01,DCR_DEN,601.0,900,NRCell,Huawei
1696591800000,MAD033_01,DCR_NUM,0.0,900,NRCell,Huawei
1696591800000,MAD033_01,DROP_CALL_VOLTE_DEN,1.0,900,NRCell,Huawei
1696591800000,MAD033_01,DROP_CALL_VOLTE_NUM,0.0,900,NRCell,Huawei
1696591800000,MAD033_01,ERAB_SR_DEN,591.0,900,NRCell,Huawei
1696591800000,MAD033_01,ERAB_SR_NUM,591.0,900,NRCell,Huawei
1696591800000,MAD033_01,INTEGRITY_NGBR_QCI_9,1992879008.0,900,NRCell,Huawei
1696591800000,MAD033_01,INTRA_FREQUENCY_HO_OUT_ATT,9.0,900,NRCell,Huawei
1696591800000,MAD033_01,INTRA_FREQUENCY_HO_OUT_SUCC,9.0,900,NRCell,Huawei
1696591800000,MAD033_01,RRC_SETUP_ATT,365.0,900,NRCell,Huawei
1696591800000,MAD033_01,RRC_SETUP_SUCC,365.0,900,NRCell,Huawei
1696591800000,MAD033_01,S1SIG_Connection_Setup_SR_DEN,365.0,900,NRCell,Huawei
1696591800000,MAD033_01,S1SIG_Connection_Setup_SR_NUM,365.0,900,NRCell,Huawei
1696591800000,MAD033_01,SERVICE_LATENCY_OVER_AIR_INTERFACE_DEN,59302.0,900,NRCell,Huawei
1696591800000,MAD033_01,SERVICE_LATENCY_OVER_AIR_INTERFACE_NUM,66396.0,900,NRCell,Huawei
1696591800000,MAD033_01,VOICE_TRAFFIC,149.0,900,NRCell,Huawei
1696591800000,MAD033_01,VOLTE_CALL_SETUP_ATT,0.0,900,NRCell,Huawei
1696591800000,MAD033_01,VOLTE_CALL_SETUP_SUCC,0.0,900,NRCell,Huawei
1696591800000,SAL030_01,DCR_DEN,160.0,900,NRCell,Huawei
1696591800000,SAL030_01,DCR_NUM,0.0,900,NRCell,Huawei
1696591800000,SAL030_01,DROP_CALL_VOLTE_DEN,0.0,900,NRCell,Huawei
1696591800000,SAL030_01,DROP_CALL_VOLTE_NUM,0.0,900,NRCell,Huawei
1696591800000,SAL030_01,ERAB_SR_DEN,160.0,900,NRCell,Huawei
1696591800000,SAL030_01,ERAB_SR_NUM,160.0,900,NRCell,Huawei
1696591800000,SAL030_01,INTEGRITY_NGBR_QCI_9,603252240.0,900,NRCell,Huawei
1696591800000,SAL030_01,INTRA_FREQUENCY_HO_OUT_ATT,2.0,900,NRCell,Huawei
1696591800000,SAL030_01,INTRA_FREQUENCY_HO_OUT_SUCC,2.0,900,NRCell,Huawei
1696591800000,SAL030_01,RRC_SETUP_ATT,88.0,900,NRCell,Huawei
1696591800000,SAL030_01,RRC_SETUP_SUCC,88.0,900,NRCell,Huawei
1696591800000,SAL030_01,S1SIG_Connection_Setup_SR_DEN,88.0,900,NRCell,Huawei
1696591800000,SAL030_01,S1SIG_Connection_Setup_SR_NUM,88.0,900,NRCell,Huawei
1696591800000,SAL030_01,SERVICE_LATENCY_OVER_AIR_INTERFACE_DEN,6821.0,900,NRCell,Huawei
1696591800000,SAL030_01,SERVICE_LATENCY_OVER_AIR_INTERFACE_NUM,15302.0,900,NRCell,Huawei
1696591800000,SAL030_01,VOICE_TRAFFIC,0.0,900,NRCell,Huawei
1696591800000,SAL030_01,VOLTE_CALL_SETUP_ATT,0.0,900,NRCell,Huawei
1696591800000,SAL030_01,VOLTE_CALL_SETUP_SUCC,0.0,900,NRCell,Huawei
1696591800000,SEV001_01,DCR_DEN,1932.0,900,NRCell,Huawei
1696591800000,SEV001_01,DCR_NUM,0.0,900,NRCell,Huawei
1696591800000,SEV001_01,DROP_CALL_VOLTE_DEN,6.0,900,NRCell,Huawei
1696591800000,SEV001_01,DROP_CALL_VOLTE_NUM,0.0,900,NRCell,Huawei
1696591800000,SEV001_01,ERAB_SR_DEN,1937.0,900,NRCell,Huawei
1696591800000,SEV001_01,ERAB_SR_NUM,1936.0,900,NRCell,Huawei
1696591800000,SEV001_01,INTEGRITY_NGBR_QCI_9,3064654936.0,900,NRCell,Huawei
1696591800000,SEV001_01,INTRA_FREQUENCY_HO_OUT_ATT,38.0,900,NRCell,Huawei
1696591800000,SEV001_01,INTRA_FREQUENCY_HO_OUT_SUCC,38.0,900,NRCell,Huawei
1696591800000,SEV001_01,RRC_SETUP_ATT,1172.0,900,NRCell,Huawei
1696591800000,SEV001_01,RRC_SETUP_SUCC,1172.0,900,NRCell,Huawei
1696591800000,SEV001_01,S1SIG_Connection_Setup_SR_DEN,1172.0,900,NRCell,Huawei
1696591800000,SEV001_01,S1SIG_Connection_Setup_SR_NUM,1172.0,900,NRCell,Huawei
1696591800000,SEV001_01,SERVICE_LATENCY_OVER_AIR_INTERFACE_DEN,71828.0,900,NRCell,Huawei
1696591800000,SEV001_01,SERVICE_LATENCY_OVER_AIR_INTERFACE_NUM,109840.0,900,NRCell,Huawei
1696591800000,SEV001_01,VOICE_TRAFFIC,906.0,900,NRCell,Huawei
1696591800000,SEV001_01,VOLTE_CALL_SETUP_ATT,5.0,900,NRCell,Huawei
1696591800000,SEV001_01,VOLTE_CALL_SETUP_SUCC,5.0,900,NRCell,Huawei
1696591800000,SNT002_01,DCR_DEN,625.0,900,NRCell,Huawei
1696591800000,SNT002_01,DCR_NUM,0.0,900,NRCell,Huawei
1696591800000,SNT002_01,DROP_CALL_VOLTE_DEN,0.0,900,NRCell,Huawei
1696591800000,SNT002_01,DROP_CALL_VOLTE_NUM,0.0,900,NRCell,Huawei
1696591800000,SNT002_01,ERAB_SR_DEN,605.0,900,NRCell,Huawei
1696591800000,SNT002_01,ERAB_SR_NUM,605.0,900,NRCell,Huawei
1696591800000,SNT002_01,INTEGRITY_NGBR_QCI_9,1219309760.0,900,NRCell,Huawei
1696591800000,SNT002_01,INTRA_FREQUENCY_HO_OUT_ATT,8.0,900,NRCell,Huawei
1696591800000,SNT002_01,INTRA_FREQUENCY_HO_OUT_SUCC,8.0,900,NRCell,Huawei
1696591800000,SNT002_01,RRC_SETUP_ATT,357.0,900,NRCell,Huawei
1696591800000,SNT002_01,RRC_SETUP_SUCC,357.0,900,NRCell,Huawei
1696591800000,SNT002_01,S1SIG_Connection_Setup_SR_DEN,357.0,900,NRCell,Huawei
1696591800000,SNT002_01,S1SIG_Connection_Setup_SR_NUM,357.0,900,NRCell,Huawei
1696591800000,SNT002_01,SERVICE_LATENCY_OVER_AIR_INTERFACE_DEN,18830.0,900,NRCell,Huawei
1696591800000,SNT002_01,SERVICE_LATENCY_OVER_AIR_INTERFACE_NUM,19486.0,900,NRCell,Huawei
1696591800000,SNT002_01,VOICE_TRAFFIC,0.0,900,NRCell,Huawei
1696591800000,SNT002_01,VOLTE_CALL_SETUP_ATT,0.0,900,NRCell,Huawei
1696591800000,SNT002_01,VOLTE_CALL_SETUP_SUCC,0.0,900,NRCell,Huawei
1696591800000,TAR015_01,DCR_DEN,2220.0,900,NRCell,Huawei
1696591800000,TAR015_01,DCR_NUM,4.0,900,NRCell,Huawei
1696591800000,TAR015_01,DROP_CALL_VOLTE_DEN,3.0,900,NRCell,Huawei
1696591800000,TAR015_01,DROP_CALL_VOLTE_NUM,0.0,900,NRCell,Huawei
1696591800000,TAR015_01,ERAB_SR_DEN,2210.0,900,NRCell,Huawei
1696591800000,TAR015_01,ERAB_SR_NUM,2209.0,900,NRCell,Huawei
1696591800000,TAR015_01,INTEGRITY_NGBR_QCI_9,6197876344.0,900,NRCell,Huawei
1696591800000,TAR015_01,INTRA_FREQUENCY_HO_OUT_ATT,28.0,900,NRCell,Huawei
1696591800000,TAR015_01,INTRA_FREQUENCY_HO_OUT_SUCC,28.0,900,NRCell,Huawei
1696591800000,TAR015_01,RRC_SETUP_ATT,1254.0,900,NRCell,Huawei
1696591800000,TAR015_01,RRC_SETUP_SUCC,1254.0,900,NRCell,Huawei
1696591800000,TAR015_01,S1SIG_Connection_Setup_SR_DEN,1254.0,900,NRCell,Huawei
1696591800000,TAR015_01,S1SIG_Connection_Setup_SR_NUM,1254.0,900,NRCell,Huawei
1696591800000,TAR015_01,SERVICE_LATENCY_OVER_AIR_INTERFACE_DEN,237069.0,900,NRCell,Huawei
1696591800000,TAR015_01,SERVICE_LATENCY_OVER_AIR_INTERFACE_NUM,342746.0,900,NRCell,Huawei
1696591800000,TAR015_01,VOICE_TRAFFIC,1176.0,900,NRCell,Huawei
1696591800000,TAR015_01,VOLTE_CALL_SETUP_ATT,3.0,900,NRCell,Huawei
1696591800000,TAR015_01,VOLTE_CALL_SETUP_SUCC,3.0,900,NRCell,Huawei
1696591800000,TOL034_01,DCR_DEN,25.0,900,NRCell,Huawei
1696591800000,TOL034_01,DCR_NUM,0.0,900,NRCell,Huawei
1696591800000,TOL034_01,DROP_CALL_VOLTE_DEN,0.0,900,NRCell,Huawei
1696591800000,TOL034_01,DROP_CALL_VOLTE_NUM,0.0,900,NRCell,Huawei
1696591800000,TOL034_01,ERAB_SR_DEN,25.0,900,NRCell,Huawei
1696591800000,TOL034_01,ERAB_SR_NUM,25.0,900,NRCell,Huawei
1696591800000,TOL034_01,INTEGRITY_NGBR_QCI_9,155938912.0,900,NRCell,Huawei
1696591800000,TOL034_01,INTRA_FREQUENCY_HO_OUT_ATT,1.0,900,NRCell,Huawei
1696591800000,TOL034_01,INTRA_FREQUENCY_HO_OUT_SUCC,1.0,900,NRCell,Huawei
1696591800000,TOL034_01,RRC_SETUP_ATT,18.0,900,NRCell,Huawei
1696591800000,TOL034_01,RRC_SETUP_SUCC,18.0,900,NRCell,Huawei
1696591800000,TOL034_01,S1SIG_Connection_Setup_SR_DEN,18.0,900,NRCell,Huawei
1696591800000,TOL034_01,S1SIG_Connection_Setup_SR_NUM,18.0,900,NRCell,Huawei
1696591800000,TOL034_01,SERVICE_LATENCY_OVER_AIR_INTERFACE_DEN,2018.0,900,NRCell,Huawei
1696591800000,TOL034_01,SERVICE_LATENCY_OVER_AIR_INTERFACE_NUM,2579.0,900,NRCell,Huawei
1696591800000,TOL034_01,VOICE_TRAFFIC,0.0,900,NRCell,Huawei
1696591800000,TOL034_01,VOLTE_CALL_SETUP_ATT,0.0,900,NRCell,Huawei
1696591800000,TOL034_01,VOLTE_CALL_SETUP_SUCC,0.0,900,NRCell,Huawei
1696591800000,VAL002_01,DCR_DEN,10.0,900,NRCell,Huawei
1696591800000,VAL002_01,DCR_NUM,0.0,900,NRCell,Huawei
1696591800000,VAL002_01,DROP_CALL_VOLTE_DEN,0.0,900,NRCell,Huawei
1696591800000,VAL002_01,DROP_CALL_VOLTE_NUM,0.0,900,NRCell,Huawei
1696591800000,VAL002_01,ERAB_SR_DEN,10.0,900,NRCell,Huawei
1696591800000,VAL002_01,ERAB_SR_NUM,10.0,900,NRCell,Huawei
1696591800000,VAL002_01,INTEGRITY_NGBR_QCI_9,399256.0,900,NRCell,Huawei
1696591800000,VAL002_01,INTRA_FREQUENCY_HO_OUT_ATT,0.0,900,NRCell,Huawei
1696591800000,VAL002_01,INTRA_FREQUENCY_HO_OUT_SUCC,0.0,900,NRCell,Huawei
1696591800000,VAL002_01,RRC_SETUP_ATT,9.0,900,NRCell,Huawei
1696591800000,VAL002_01,RRC_SETUP_SUCC,9.0,900,NRCell,Huawei
1696591800000,VAL002_01,S1SIG_Connection_Setup_SR_DEN,9.0,900,NRCell,Huawei
1696591800000,VAL002_01,S1SIG_Connection_Setup_SR_NUM,9.0,900,NRCell,Huawei
1696591800000,VAL002_01,SERVICE_LATENCY_OVER_AIR_INTERFACE_DEN,72.0,900,NRCell,Huawei
1696591800000,VAL002_01,SERVICE_LATENCY_OVER_AIR_INTERFACE_NUM,115.0,900,NRCell,Huawei
1696591800000,VAL002_01,VOICE_TRAFFIC,0.0,900,NRCell,Huawei
1696591800000,VAL002_01,VOLTE_CALL_SETUP_ATT,0.0,900,NRCell,Huawei
1696591800000,VAL002_01,VOLTE_CALL_SETUP_SUCC,0.0,900,NRCell,Huawei
