startTime,neId,counterCode,counterValue,granularity,neType,vendorName
1696497300000,BCN014_01,DCR_DEN,855.0,900,NRCell,Huawei
1696497300000,BCN014_01,DCR_NUM,0.0,900,NRCell,Huawei
1696497300000,BCN014_01,DROP_CALL_VOLTE_DEN,0.0,900,NRCell,Huawei
1696497300000,BCN014_01,DROP_CALL_VOLTE_NUM,0.0,900,NRCell,Huawei
1696497300000,BCN014_01,ERAB_SR_DEN,854.0,900,NRCell,Huawei
1696497300000,BCN014_01,ERAB_SR_NUM,854.0,900,NRCell,Huawei
1696497300000,BCN014_01,INTEGRITY_NGBR_QCI_9,1178839504.0,900,NRCell,Huawei
1696497300000,BCN014_01,INTRA_FREQUENCY_HO_OUT_ATT,12.0,900,NRCell,Huawei
1696497300000,BCN014_01,INTRA_FREQUENCY_HO_OUT_SUCC,12.0,900,NRCell,Huawei
1696497300000,BCN014_01,RRC_SETUP_ATT,555.0,900,NRCell,Huawei
1696497300000,BCN014_01,RRC_SETUP_SUCC,555.0,900,NRCell,Huawei
1696497300000,BCN014_01,S1SIG_Connection_Setup_SR_DEN,555.0,900,NRCell,Huawei
1696497300000,BCN014_01,S1SIG_Connection_Setup_SR_NUM,555.0,900,NRCell,Huawei
1696497300000,BCN014_01,SERVICE_LATENCY_OVER_AIR_INTERFACE_DEN,55774.0,900,NRCell,Huawei
1696497300000,BCN014_01,SERVICE_LATENCY_OVER_AIR_INTERFACE_NUM,58392.0,900,NRCell,Huawei
1696497300000,BCN014_01,VOICE_TRAFFIC,0.0,900,NRCell,Huawei
1696497300000,BCN014_01,VOLTE_CALL_SETUP_ATT,0.0,900,NRCell,Huawei
1696497300000,BCN014_01,VOLTE_CALL_SETUP_SUCC,0.0,900,NRCell,Huawei
1696497300000,BIL001_01,DCR_DEN,861.0,900,NRCell,Huawei
1696497300000,BIL001_01,DCR_NUM,0.0,900,NRCell,Huawei
1696497300000,BIL001_01,DROP_CALL_VOLTE_DEN,0.0,900,NRCell,Huawei
1696497300000,BIL001_01,DROP_CALL_VOLTE_NUM,0.0,900,NRCell,Huawei
1696497300000,BIL001_01,ERAB_SR_DEN,878.0,900,NRCell,Huawei
1696497300000,BIL001_01,ERAB_SR_NUM,878.0,900,NRCell,Huawei
1696497300000,BIL001_01,INTEGRITY_NGBR_QCI_9,5456898928.0,900,NRCell,Huawei
1696497300000,BIL001_01,INTRA_FREQUENCY_HO_OUT_ATT,6.0,900,NRCell,Huawei
1696497300000,BIL001_01,INTRA_FREQUENCY_HO_OUT_SUCC,6.0,900,NRCell,Huawei
1696497300000,BIL001_01,RRC_SETUP_ATT,575.0,900,NRCell,Huawei
1696497300000,BIL001_01,RRC_SETUP_SUCC,575.0,900,NRCell,Huawei
1696497300000,BIL001_01,S1SIG_Connection_Setup_SR_DEN,575.0,900,NRCell,Huawei
1696497300000,BIL001_01,S1SIG_Connection_Setup_SR_NUM,575.0,900,NRCell,Huawei
1696497300000,BIL001_01,SERVICE_LATENCY_OVER_AIR_INTERFACE_DEN,183902.0,900,NRCell,Huawei
1696497300000,BIL001_01,SERVICE_LATENCY_OVER_AIR_INTERFACE_NUM,194433.0,900,NRCell,Huawei
1696497300000,BIL001_01,VOICE_TRAFFIC,0.0,900,NRCell,Huawei
1696497300000,BIL001_01,VOLTE_CALL_SETUP_ATT,0.0,900,NRCell,Huawei
1696497300000,BIL001_01,VOLTE_CALL_SETUP_SUCC,0.0,900,NRCell,Huawei
1696497300000,MAD033_01,DCR_DEN,664.0,900,NRCell,Huawei
1696497300000,MAD033_01,DCR_NUM,0.0,900,NRCell,Huawei
1696497300000,MAD033_01,DROP_CALL_VOLTE_DEN,2.0,900,NRCell,Huawei
1696497300000,MAD033_01,DROP_CALL_VOLTE_NUM,0.0,900,NRCell,Huawei
1696497300000,MAD033_01,ERAB_SR_DEN,671.0,900,NRCell,Huawei
1696497300000,MAD033_01,ERAB_SR_NUM,671.0,900,NRCell,Huawei
1696497300000,MAD033_01,INTEGRITY_NGBR_QCI_9,234386232.0,900,NRCell,Huawei
1696497300000,MAD033_01,INTRA_FREQUENCY_HO_OUT_ATT,4.0,900,NRCell,Huawei
1696497300000,MAD033_01,INTRA_FREQUENCY_HO_OUT_SUCC,4.0,900,NRCell,Huawei
1696497300000,MAD033_01,RRC_SETUP_ATT,453.0,900,NRCell,Huawei
1696497300000,MAD033_01,RRC_SETUP_SUCC,453.0,900,NRCell,Huawei
1696497300000,MAD033_01,S1SIG_Connection_Setup_SR_DEN,453.0,900,NRCell,Huawei
1696497300000,MAD033_01,S1SIG_Connection_Setup_SR_NUM,453.0,900,NRCell,Huawei
1696497300000,MAD033_01,SERVICE_LATENCY_OVER_AIR_INTERFACE_DEN,11917.0,900,NRCell,Huawei
1696497300000,MAD033_01,SERVICE_LATENCY_OVER_AIR_INTERFACE_NUM,12078.0,900,NRCell,Huawei
1696497300000,MAD033_01,VOICE_TRAFFIC,0.0,900,NRCell,Huawei
1696497300000,MAD033_01,VOLTE_CALL_SETUP_ATT,2.0,900,NRCell,Huawei
1696497300000,MAD033_01,VOLTE_CALL_SETUP_SUCC,2.0,900,NRCell,Huawei
1696497300000,SAL030_01,DCR_DEN,156.0,900,NRCell,Huawei
1696497300000,SAL030_01,DCR_NUM,0.0,900,NRCell,Huawei
1696497300000,SAL030_01,DROP_CALL_VOLTE_DEN,0.0,900,NRCell,Huawei
1696497300000,SAL030_01,DROP_CALL_VOLTE_NUM,0.0,900,NRCell,Huawei
1696497300000,SAL030_01,ERAB_SR_DEN,157.0,900,NRCell,Huawei
1696497300000,SAL030_01,ERAB_SR_NUM,157.0,900,NRCell,Huawei
1696497300000,SAL030_01,INTEGRITY_NGBR_QCI_9,5762296.0,900,NRCell,Huawei
1696497300000,SAL030_01,INTRA_FREQUENCY_HO_OUT_ATT,1.0,900,NRCell,Huawei
1696497300000,SAL030_01,INTRA_FREQUENCY_HO_OUT_SUCC,1.0,900,NRCell,Huawei
1696497300000,SAL030_01,RRC_SETUP_ATT,91.0,900,NRCell,Huawei
1696497300000,SAL030_01,RRC_SETUP_SUCC,91.0,900,NRCell,Huawei
1696497300000,SAL030_01,S1SIG_Connection_Setup_SR_DEN,91.0,900,NRCell,Huawei
1696497300000,SAL030_01,S1SIG_Connection_Setup_SR_NUM,91.0,900,NRCell,Huawei
1696497300000,SAL030_01,SERVICE_LATENCY_OVER_AIR_INTERFACE_DEN,1407.0,900,NRCell,Huawei
1696497300000,SAL030_01,SERVICE_LATENCY_OVER_AIR_INTERFACE_NUM,2085.0,900,NRCell,Huawei
1696497300000,SAL030_01,VOICE_TRAFFIC,0.0,900,NRCell,Huawei
1696497300000,SAL030_01,VOLTE_CALL_SETUP_ATT,0.0,900,NRCell,Huawei
1696497300000,SAL030_01,VOLTE_CALL_SETUP_SUCC,0.0,900,NRCell,Huawei
1696497300000,SEV001_01,DCR_DEN,2465.0,900,NRCell,Huawei
1696497300000,SEV001_01,DCR_NUM,0.0,900,NRCell,Huawei
1696497300000,SEV001_01,DROP_CALL_VOLTE_DEN,1.0,900,NRCell,Huawei
1696497300000,SEV001_01,DROP_CALL_VOLTE_NUM,0.0,900,NRCell,Huawei
1696497300000,SEV001_01,ERAB_SR_DEN,2456.0,900,NRCell,Huawei
1696497300000,SEV001_01,ERAB_SR_NUM,2456.0,900,NRCell,Huawei
1696497300000,SEV001_01,INTEGRITY_NGBR_QCI_9,2707686232.0,900,NRCell,Huawei
1696497300000,SEV001_01,INTRA_FREQUENCY_HO_OUT_ATT,5.0,900,NRCell,Huawei
1696497300000,SEV001_01,INTRA_FREQUENCY_HO_OUT_SUCC,5.0,900,NRCell,Huawei
1696497300000,SEV001_01,RRC_SETUP_ATT,1411.0,900,NRCell,Huawei
1696497300000,SEV001_01,RRC_SETUP_SUCC,1411.0,900,NRCell,Huawei
1696497300000,SEV001_01,S1SIG_Connection_Setup_SR_DEN,1411.0,900,NRCell,Huawei
1696497300000,SEV001_01,S1SIG_Connection_Setup_SR_NUM,1411.0,900,NRCell,Huawei
1696497300000,SEV001_01,SERVICE_LATENCY_OVER_AIR_INTERFACE_DEN,111291.0,900,NRCell,Huawei
1696497300000,SEV001_01,SERVICE_LATENCY_OVER_AIR_INTERFACE_NUM,149525.0,900,NRCell,Huawei
1696497300000,SEV001_01,VOICE_TRAFFIC,8704.0,900,NRCell,Huawei
1696497300000,SEV001_01,VOLTE_CALL_SETUP_ATT,1.0,900,NRCell,Huawei
1696497300000,SEV001_01,VOLTE_CALL_SETUP_SUCC,1.0,900,NRCell,Huawei
1696497300000,SNT002_01,DCR_DEN,635.0,900,NRCell,Huawei
1696497300000,SNT002_01,DCR_NUM,0.0,900,NRCell,Huawei
1696497300000,SNT002_01,DROP_CALL_VOLTE_DEN,1.0,900,NRCell,Huawei
1696497300000,SNT002_01,DROP_CALL_VOLTE_NUM,0.0,900,NRCell,Huawei
1696497300000,SNT002_01,ERAB_SR_DEN,626.0,900,NRCell,Huawei
1696497300000,SNT002_01,ERAB_SR_NUM,625.0,900,NRCell,Huawei
1696497300000,SNT002_01,INTEGRITY_NGBR_QCI_9,386527008.0,900,NRCell,Huawei
1696497300000,SNT002_01,INTRA_FREQUENCY_HO_OUT_ATT,0.0,900,NRCell,Huawei
1696497300000,SNT002_01,INTRA_FREQUENCY_HO_OUT_SUCC,0.0,900,NRCell,Huawei
1696497300000,SNT002_01,RRC_SETUP_ATT,388.0,900,NRCell,Huawei
1696497300000,SNT002_01,RRC_SETUP_SUCC,388.0,900,NRCell,Huawei
1696497300000,SNT002_01,S1SIG_Connection_Setup_SR_DEN,388.0,900,NRCell,Huawei
1696497300000,SNT002_01,S1SIG_Connection_Setup_SR_NUM,388.0,900,NRCell,Huawei
1696497300000,SNT002_01,SERVICE_LATENCY_OVER_AIR_INTERFACE_DEN,15089.0,900,NRCell,Huawei
1696497300000,SNT002_01,SERVICE_LATENCY_OVER_AIR_INTERFACE_NUM,16672.0,900,NRCell,Huawei
1696497300000,SNT002_01,VOICE_TRAFFIC,0.0,900,NRCell,Huawei
1696497300000,SNT002_01,VOLTE_CALL_SETUP_ATT,1.0,900,NRCell,Huawei
1696497300000,SNT002_01,VOLTE_CALL_SETUP_SUCC,1.0,900,NRCell,Huawei
1696497300000,TAR015_01,DCR_DEN,2362.0,900,NRCell,Huawei
1696497300000,TAR015_01,DCR_NUM,0.0,900,NRCell,Huawei
1696497300000,TAR015_01,DROP_CALL_VOLTE_DEN,0.0,900,NRCell,Huawei
1696497300000,TAR015_01,DROP_CALL_VOLTE_NUM,0.0,900,NRCell,Huawei
1696497300000,TAR015_01,ERAB_SR_DEN,2336.0,900,NRCell,Huawei
1696497300000,TAR015_01,ERAB_SR_NUM,2336.0,900,NRCell,Huawei
1696497300000,TAR015_01,INTEGRITY_NGBR_QCI_9,4405397808.0,900,NRCell,Huawei
1696497300000,TAR015_01,INTRA_FREQUENCY_HO_OUT_ATT,6.0,900,NRCell,Huawei
1696497300000,TAR015_01,INTRA_FREQUENCY_HO_OUT_SUCC,6.0,900,NRCell,Huawei
1696497300000,TAR015_01,RRC_SETUP_ATT,1342.0,900,NRCell,Huawei
1696497300000,TAR015_01,RRC_SETUP_SUCC,1342.0,900,NRCell,Huawei
1696497300000,TAR015_01,S1SIG_Connection_Setup_SR_DEN,1342.0,900,NRCell,Huawei
1696497300000,TAR015_01,S1SIG_Connection_Setup_SR_NUM,1342.0,900,NRCell,Huawei
1696497300000,TAR015_01,SERVICE_LATENCY_OVER_AIR_INTERFACE_DEN,92197.0,900,NRCell,Huawei
1696497300000,TAR015_01,SERVICE_LATENCY_OVER_AIR_INTERFACE_NUM,116054.0,900,NRCell,Huawei
1696497300000,TAR015_01,VOICE_TRAFFIC,0.0,900,NRCell,Huawei
1696497300000,TAR015_01,VOLTE_CALL_SETUP_ATT,0.0,900,NRCell,Huawei
1696497300000,TAR015_01,VOLTE_CALL_SETUP_SUCC,0.0,900,NRCell,Huawei
1696497300000,TOL034_01,DCR_DEN,62.0,900,NRCell,Huawei
1696497300000,TOL034_01,DCR_NUM,0.0,900,NRCell,Huawei
1696497300000,TOL034_01,DROP_CALL_VOLTE_DEN,0.0,900,NRCell,Huawei
1696497300000,TOL034_01,DROP_CALL_VOLTE_NUM,0.0,900,NRCell,Huawei
1696497300000,TOL034_01,ERAB_SR_DEN,62.0,900,NRCell,Huawei
1696497300000,TOL034_01,ERAB_SR_NUM,62.0,900,NRCell,Huawei
1696497300000,TOL034_01,INTEGRITY_NGBR_QCI_9,3101168.0,900,NRCell,Huawei
1696497300000,TOL034_01,INTRA_FREQUENCY_HO_OUT_ATT,0.0,900,NRCell,Huawei
1696497300000,TOL034_01,INTRA_FREQUENCY_HO_OUT_SUCC,0.0,900,NRCell,Huawei
1696497300000,TOL034_01,RRC_SETUP_ATT,39.0,900,NRCell,Huawei
1696497300000,TOL034_01,RRC_SETUP_SUCC,39.0,900,NRCell,Huawei
1696497300000,TOL034_01,S1SIG_Connection_Setup_SR_DEN,39.0,900,NRCell,Huawei
1696497300000,TOL034_01,S1SIG_Connection_Setup_SR_NUM,39.0,900,NRCell,Huawei
1696497300000,TOL034_01,SERVICE_LATENCY_OVER_AIR_INTERFACE_DEN,1116.0,900,NRCell,Huawei
1696497300000,TOL034_01,SERVICE_LATENCY_OVER_AIR_INTERFACE_NUM,2749.0,900,NRCell,Huawei
1696497300000,TOL034_01,VOICE_TRAFFIC,0.0,900,NRCell,Huawei
1696497300000,TOL034_01,VOLTE_CALL_SETUP_ATT,0.0,900,NRCell,Huawei
1696497300000,TOL034_01,VOLTE_CALL_SETUP_SUCC,0.0,900,NRCell,Huawei
1696497300000,VAL002_01,DCR_DEN,0.0,900,NRCell,Huawei
1696497300000,VAL002_01,DCR_NUM,0.0,900,NRCell,Huawei
1696497300000,VAL002_01,DROP_CALL_VOLTE_DEN,0.0,900,NRCell,Huawei
1696497300000,VAL002_01,DROP_CALL_VOLTE_NUM,0.0,900,NRCell,Huawei
1696497300000,VAL002_01,ERAB_SR_DEN,0.0,900,NRCell,Huawei
1696497300000,VAL002_01,ERAB_SR_NUM,0.0,900,NRCell,Huawei
1696497300000,VAL002_01,INTEGRITY_NGBR_QCI_9,0.0,900,NRCell,Huawei
1696497300000,VAL002_01,INTRA_FREQUENCY_HO_OUT_ATT,0.0,900,NRCell,Huawei
1696497300000,VAL002_01,INTRA_FREQUENCY_HO_OUT_SUCC,0.0,900,NRCell,Huawei
1696497300000,VAL002_01,RRC_SETUP_ATT,0.0,900,NRCell,Huawei
1696497300000,VAL002_01,RRC_SETUP_SUCC,0.0,900,NRCell,Huawei
1696497300000,VAL002_01,S1SIG_Connection_Setup_SR_DEN,0.0,900,NRCell,Huawei
1696497300000,VAL002_01,S1SIG_Connection_Setup_SR_NUM,0.0,900,NRCell,Huawei
1696497300000,VAL002_01,SERVICE_LATENCY_OVER_AIR_INTERFACE_DEN,0.0,900,NRCell,Huawei
1696497300000,VAL002_01,SERVICE_LATENCY_OVER_AIR_INTERFACE_NUM,0.0,900,NRCell,Huawei
1696497300000,VAL002_01,VOICE_TRAFFIC,0.0,900,NRCell,Huawei
1696497300000,VAL002_01,VOLTE_CALL_SETUP_ATT,0.0,900,NRCell,Huawei
1696497300000,VAL002_01,VOLTE_CALL_SETUP_SUCC,0.0,900,NRCell,Huawei
