startTime,neId,counterCode,counterValue,granularity,neType,vendorName
1696752000000,BCN014_01,DCR_DEN,1532.0,900,NRCell,Huawei
1696752000000,BCN014_01,DCR_NUM,0.0,900,NRCell,Huawei
1696752000000,BCN014_01,DROP_CALL_VOLTE_DEN,2.0,900,NRCell,Huawei
1696752000000,BCN014_01,DROP_CALL_VOLTE_NUM,0.0,900,NRCell,Huawei
1696752000000,BCN014_01,ERAB_SR_DEN,1529.0,900,NRCell,Huawei
1696752000000,BCN014_01,ERAB_SR_NUM,1528.0,900,NRCell,Huawei
1696752000000,BCN014_01,INTEGRITY_NGBR_QCI_9,3034771336.0,900,NRCell,Huawei
1696752000000,BCN014_01,INTRA_FREQUENCY_HO_OUT_ATT,39.0,900,NRCell,Huawei
1696752000000,BCN014_01,INTRA_FREQUENCY_HO_OUT_SUCC,39.0,900,NRCell,Huawei
1696752000000,BCN014_01,RRC_SETUP_ATT,941.0,900,NRCell,Huawei
1696752000000,BCN014_01,RRC_SETUP_SUCC,941.0,900,NRCell,Huawei
1696752000000,BCN014_01,S1SIG_Connection_Setup_SR_DEN,941.0,900,NRCell,Huawei
1696752000000,BCN014_01,S1SIG_Connection_Setup_SR_NUM,941.0,900,NRCell,Huawei
1696752000000,BCN014_01,SERVICE_LATENCY_OVER_AIR_INTERFACE_DEN,79666.0,900,NRCell,Huawei
1696752000000,BCN014_01,SERVICE_LATENCY_OVER_AIR_INTERFACE_NUM,92309.0,900,NRCell,Huawei
1696752000000,BCN014_01,VOICE_TRAFFIC,309.0,900,NRCell,Huawei
1696752000000,BCN014_01,VOLTE_CALL_SETUP_ATT,2.0,900,NRCell,Huawei
1696752000000,BCN014_01,VOLTE_CALL_SETUP_SUCC,2.0,900,NRCell,Huawei
1696752000000,BIL001_01,DCR_DEN,1521.0,900,NRCell,Huawei
1696752000000,BIL001_01,DCR_NUM,0.0,900,NRCell,Huawei
1696752000000,BIL001_01,DROP_CALL_VOLTE_DEN,0.0,900,NRCell,Huawei
1696752000000,BIL001_01,DROP_CALL_VOLTE_NUM,0.0,900,NRCell,Huawei
1696752000000,BIL001_01,ERAB_SR_DEN,1512.0,900,NRCell,Huawei
1696752000000,BIL001_01,ERAB_SR_NUM,1512.0,900,NRCell,Huawei
1696752000000,BIL001_01,INTEGRITY_NGBR_QCI_9,7088606000.0,900,NRCell,Huawei
1696752000000,BIL001_01,INTRA_FREQUENCY_HO_OUT_ATT,38.0,900,NRCell,Huawei
1696752000000,BIL001_01,INTRA_FREQUENCY_HO_OUT_SUCC,38.0,900,NRCell,Huawei
1696752000000,BIL001_01,RRC_SETUP_ATT,890.0,900,NRCell,Huawei
1696752000000,BIL001_01,RRC_SETUP_SUCC,889.0,900,NRCell,Huawei
1696752000000,BIL001_01,S1SIG_Connection_Setup_SR_DEN,889.0,900,NRCell,Huawei
1696752000000,BIL001_01,S1SIG_Connection_Setup_SR_NUM,889.0,900,NRCell,Huawei
1696752000000,BIL001_01,SERVICE_LATENCY_OVER_AIR_INTERFACE_DEN,67440.0,900,NRCell,Huawei
1696752000000,BIL001_01,SERVICE_LATENCY_OVER_AIR_INTERFACE_NUM,85433.0,900,NRCell,Huawei
1696752000000,BIL001_01,VOICE_TRAFFIC,0.0,900,NRCell,Huawei
1696752000000,BIL001_01,VOLTE_CALL_SETUP_ATT,0.0,900,NRCell,Huawei
1696752000000,BIL001_01,VOLTE_CALL_SETUP_SUCC,0.0,900,NRCell,Huawei
1696752000000,MAD033_01,DCR_DEN,673.0,900,NRCell,Huawei
1696752000000,MAD033_01,DCR_NUM,0.0,900,NRCell,Huawei
1696752000000,MAD033_01,DROP_CALL_VOLTE_DEN,0.0,900,NRCell,Huawei
1696752000000,MAD033_01,DROP_CALL_VOLTE_NUM,0.0,900,NRCell,Huawei
1696752000000,MAD033_01,ERAB_SR_DEN,680.0,900,NRCell,Huawei
1696752000000,MAD033_01,ERAB_SR_NUM,680.0,900,NRCell,Huawei
1696752000000,MAD033_01,INTEGRITY_NGBR_QCI_9,5051973040.0,900,NRCell,Huawei
1696752000000,MAD033_01,INTRA_FREQUENCY_HO_OUT_ATT,13.0,900,NRCell,Huawei
1696752000000,MAD033_01,INTRA_FREQUENCY_HO_OUT_SUCC,13.0,900,NRCell,Huawei
1696752000000,MAD033_01,RRC_SETUP_ATT,412.0,900,NRCell,Huawei
1696752000000,MAD033_01,RRC_SETUP_SUCC,412.0,900,NRCell,Huawei
1696752000000,MAD033_01,S1SIG_Connection_Setup_SR_DEN,412.0,900,NRCell,Huawei
1696752000000,MAD033_01,S1SIG_Connection_Setup_SR_NUM,412.0,900,NRCell,Huawei
1696752000000,MAD033_01,SERVICE_LATENCY_OVER_AIR_INTERFACE_DEN,101343.0,900,NRCell,Huawei
1696752000000,MAD033_01,SERVICE_LATENCY_OVER_AIR_INTERFACE_NUM,122361.0,900,NRCell,Huawei
1696752000000,MAD033_01,VOICE_TRAFFIC,0.0,900,NRCell,Huawei
1696752000000,MAD033_01,VOLTE_CALL_SETUP_ATT,0.0,900,NRCell,Huawei
1696752000000,MAD033_01,VOLTE_CALL_SETUP_SUCC,0.0,900,NRCell,Huawei
1696752000000,SAL030_01,DCR_DEN,122.0,900,NRCell,Huawei
1696752000000,SAL030_01,DCR_NUM,0.0,900,NRCell,Huawei
1696752000000,SAL030_01,DROP_CALL_VOLTE_DEN,0.0,900,NRCell,Huawei
1696752000000,SAL030_01,DROP_CALL_VOLTE_NUM,0.0,900,NRCell,Huawei
1696752000000,SAL030_01,ERAB_SR_DEN,119.0,900,NRCell,Huawei
1696752000000,SAL030_01,ERAB_SR_NUM,119.0,900,NRCell,Huawei
1696752000000,SAL030_01,INTEGRITY_NGBR_QCI_9,402000264.0,900,NRCell,Huawei
1696752000000,SAL030_01,INTRA_FREQUENCY_HO_OUT_ATT,1.0,900,NRCell,Huawei
1696752000000,SAL030_01,INTRA_FREQUENCY_HO_OUT_SUCC,1.0,900,NRCell,Huawei
1696752000000,SAL030_01,RRC_SETUP_ATT,72.0,900,NRCell,Huawei
1696752000000,SAL030_01,RRC_SETUP_SUCC,72.0,900,NRCell,Huawei
1696752000000,SAL030_01,S1SIG_Connection_Setup_SR_DEN,72.0,900,NRCell,Huawei
1696752000000,SAL030_01,S1SIG_Connection_Setup_SR_NUM,72.0,900,NRCell,Huawei
1696752000000,SAL030_01,SERVICE_LATENCY_OVER_AIR_INTERFACE_DEN,3265.0,900,NRCell,Huawei
1696752000000,SAL030_01,SERVICE_LATENCY_OVER_AIR_INTERFACE_NUM,4177.0,900,NRCell,Huawei
1696752000000,SAL030_01,VOICE_TRAFFIC,0.0,900,NRCell,Huawei
1696752000000,SAL030_01,VOLTE_CALL_SETUP_ATT,0.0,900,NRCell,Huawei
1696752000000,SAL030_01,VOLTE_CALL_SETUP_SUCC,0.0,900,NRCell,Huawei
1696752000000,SEV001_01,DCR_DEN,2353.0,900,NRCell,Huawei
1696752000000,SEV001_01,DCR_NUM,2.0,900,NRCell,Huawei
1696752000000,SEV001_01,DROP_CALL_VOLTE_DEN,1.0,900,NRCell,Huawei
1696752000000,SEV001_01,DROP_CALL_VOLTE_NUM,0.0,900,NRCell,Huawei
1696752000000,SEV001_01,ERAB_SR_DEN,2355.0,900,NRCell,Huawei
1696752000000,SEV001_01,ERAB_SR_NUM,2355.0,900,NRCell,Huawei
1696752000000,SEV001_01,INTEGRITY_NGBR_QCI_9,7424335984.0,900,NRCell,Huawei
1696752000000,SEV001_01,INTRA_FREQUENCY_HO_OUT_ATT,21.0,900,NRCell,Huawei
1696752000000,SEV001_01,INTRA_FREQUENCY_HO_OUT_SUCC,21.0,900,NRCell,Huawei
1696752000000,SEV001_01,RRC_SETUP_ATT,1335.0,900,NRCell,Huawei
1696752000000,SEV001_01,RRC_SETUP_SUCC,1335.0,900,NRCell,Huawei
1696752000000,SEV001_01,S1SIG_Connection_Setup_SR_DEN,1335.0,900,NRCell,Huawei
1696752000000,SEV001_01,S1SIG_Connection_Setup_SR_NUM,1335.0,900,NRCell,Huawei
1696752000000,SEV001_01,SERVICE_LATENCY_OVER_AIR_INTERFACE_DEN,260817.0,900,NRCell,Huawei
1696752000000,SEV001_01,SERVICE_LATENCY_OVER_AIR_INTERFACE_NUM,364198.0,900,NRCell,Huawei
1696752000000,SEV001_01,VOICE_TRAFFIC,22814.0,900,NRCell,Huawei
1696752000000,SEV001_01,VOLTE_CALL_SETUP_ATT,2.0,900,NRCell,Huawei
1696752000000,SEV001_01,VOLTE_CALL_SETUP_SUCC,2.0,900,NRCell,Huawei
1696752000000,SNT002_01,DCR_DEN,526.0,900,NRCell,Huawei
1696752000000,SNT002_01,DCR_NUM,0.0,900,NRCell,Huawei
1696752000000,SNT002_01,DROP_CALL_VOLTE_DEN,0.0,900,NRCell,Huawei
1696752000000,SNT002_01,DROP_CALL_VOLTE_NUM,0.0,900,NRCell,Huawei
1696752000000,SNT002_01,ERAB_SR_DEN,519.0,900,NRCell,Huawei
1696752000000,SNT002_01,ERAB_SR_NUM,519.0,900,NRCell,Huawei
1696752000000,SNT002_01,INTEGRITY_NGBR_QCI_9,1576366504.0,900,NRCell,Huawei
1696752000000,SNT002_01,INTRA_FREQUENCY_HO_OUT_ATT,11.0,900,NRCell,Huawei
1696752000000,SNT002_01,INTRA_FREQUENCY_HO_OUT_SUCC,11.0,900,NRCell,Huawei
1696752000000,SNT002_01,RRC_SETUP_ATT,307.0,900,NRCell,Huawei
1696752000000,SNT002_01,RRC_SETUP_SUCC,307.0,900,NRCell,Huawei
1696752000000,SNT002_01,S1SIG_Connection_Setup_SR_DEN,307.0,900,NRCell,Huawei
1696752000000,SNT002_01,S1SIG_Connection_Setup_SR_NUM,307.0,900,NRCell,Huawei
1696752000000,SNT002_01,SERVICE_LATENCY_OVER_AIR_INTERFACE_DEN,61888.0,900,NRCell,Huawei
1696752000000,SNT002_01,SERVICE_LATENCY_OVER_AIR_INTERFACE_NUM,64924.0,900,NRCell,Huawei
1696752000000,SNT002_01,VOICE_TRAFFIC,0.0,900,NRCell,Huawei
1696752000000,SNT002_01,VOLTE_CALL_SETUP_ATT,0.0,900,NRCell,Huawei
1696752000000,SNT002_01,VOLTE_CALL_SETUP_SUCC,0.0,900,NRCell,Huawei
1696752000000,TAR015_01,DCR_DEN,2906.0,900,NRCell,Huawei
1696752000000,TAR015_01,DCR_NUM,0.0,900,NRCell,Huawei
1696752000000,TAR015_01,DROP_CALL_VOLTE_DEN,1.0,900,NRCell,Huawei
1696752000000,TAR015_01,DROP_CALL_VOLTE_NUM,0.0,900,NRCell,Huawei
1696752000000,TAR015_01,ERAB_SR_DEN,2881.0,900,NRCell,Huawei
1696752000000,TAR015_01,ERAB_SR_NUM,2879.0,900,NRCell,Huawei
1696752000000,TAR015_01,INTEGRITY_NGBR_QCI_9,5884675704.0,900,NRCell,Huawei
1696752000000,TAR015_01,INTRA_FREQUENCY_HO_OUT_ATT,14.0,900,NRCell,Huawei
1696752000000,TAR015_01,INTRA_FREQUENCY_HO_OUT_SUCC,14.0,900,NRCell,Huawei
1696752000000,TAR015_01,RRC_SETUP_ATT,1652.0,900,NRCell,Huawei
1696752000000,TAR015_01,RRC_SETUP_SUCC,1652.0,900,NRCell,Huawei
1696752000000,TAR015_01,S1SIG_Connection_Setup_SR_DEN,1652.0,900,NRCell,Huawei
1696752000000,TAR015_01,S1SIG_Connection_Setup_SR_NUM,1652.0,900,NRCell,Huawei
1696752000000,TAR015_01,SERVICE_LATENCY_OVER_AIR_INTERFACE_DEN,93435.0,900,NRCell,Huawei
1696752000000,TAR015_01,SERVICE_LATENCY_OVER_AIR_INTERFACE_NUM,119331.0,900,NRCell,Huawei
1696752000000,TAR015_01,VOICE_TRAFFIC,1479.0,900,NRCell,Huawei
1696752000000,TAR015_01,VOLTE_CALL_SETUP_ATT,1.0,900,NRCell,Huawei
1696752000000,TAR015_01,VOLTE_CALL_SETUP_SUCC,1.0,900,NRCell,Huawei
1696752000000,TOL034_01,DCR_DEN,79.0,900,NRCell,Huawei
1696752000000,TOL034_01,DCR_NUM,0.0,900,NRCell,Huawei
1696752000000,TOL034_01,DROP_CALL_VOLTE_DEN,1.0,900,NRCell,Huawei
1696752000000,TOL034_01,DROP_CALL_VOLTE_NUM,0.0,900,NRCell,Huawei
1696752000000,TOL034_01,ERAB_SR_DEN,82.0,900,NRCell,Huawei
1696752000000,TOL034_01,ERAB_SR_NUM,82.0,900,NRCell,Huawei
1696752000000,TOL034_01,INTEGRITY_NGBR_QCI_9,26656056.0,900,NRCell,Huawei
1696752000000,TOL034_01,INTRA_FREQUENCY_HO_OUT_ATT,4.0,900,NRCell,Huawei
1696752000000,TOL034_01,INTRA_FREQUENCY_HO_OUT_SUCC,4.0,900,NRCell,Huawei
1696752000000,TOL034_01,RRC_SETUP_ATT,62.0,900,NRCell,Huawei
1696752000000,TOL034_01,RRC_SETUP_SUCC,62.0,900,NRCell,Huawei
1696752000000,TOL034_01,S1SIG_Connection_Setup_SR_DEN,62.0,900,NRCell,Huawei
1696752000000,TOL034_01,S1SIG_Connection_Setup_SR_NUM,62.0,900,NRCell,Huawei
1696752000000,TOL034_01,SERVICE_LATENCY_OVER_AIR_INTERFACE_DEN,2471.0,900,NRCell,Huawei
1696752000000,TOL034_01,SERVICE_LATENCY_OVER_AIR_INTERFACE_NUM,3531.0,900,NRCell,Huawei
1696752000000,TOL034_01,VOICE_TRAFFIC,158.0,900,NRCell,Huawei
1696752000000,TOL034_01,VOLTE_CALL_SETUP_ATT,1.0,900,NRCell,Huawei
1696752000000,TOL034_01,VOLTE_CALL_SETUP_SUCC,1.0,900,NRCell,Huawei
1696752000000,VAL002_01,DCR_DEN,4.0,900,NRCell,Huawei
1696752000000,VAL002_01,DCR_NUM,0.0,900,NRCell,Huawei
1696752000000,VAL002_01,DROP_CALL_VOLTE_DEN,0.0,900,NRCell,Huawei
1696752000000,VAL002_01,DROP_CALL_VOLTE_NUM,0.0,900,NRCell,Huawei
1696752000000,VAL002_01,ERAB_SR_DEN,4.0,900,NRCell,Huawei
1696752000000,VAL002_01,ERAB_SR_NUM,4.0,900,NRCell,Huawei
1696752000000,VAL002_01,INTEGRITY_NGBR_QCI_9,19534648.0,900,NRCell,Huawei
1696752000000,VAL002_01,INTRA_FREQUENCY_HO_OUT_ATT,0.0,900,NRCell,Huawei
1696752000000,VAL002_01,INTRA_FREQUENCY_HO_OUT_SUCC,0.0,900,NRCell,Huawei
1696752000000,VAL002_01,RRC_SETUP_ATT,5.0,900,NRCell,Huawei
1696752000000,VAL002_01,RRC_SETUP_SUCC,5.0,900,NRCell,Huawei
1696752000000,VAL002_01,S1SIG_Connection_Setup_SR_DEN,5.0,900,NRCell,Huawei
1696752000000,VAL002_01,S1SIG_Connection_Setup_SR_NUM,5.0,900,NRCell,Huawei
1696752000000,VAL002_01,SERVICE_LATENCY_OVER_AIR_INTERFACE_DEN,30678.0,900,NRCell,Huawei
1696752000000,VAL002_01,SERVICE_LATENCY_OVER_AIR_INTERFACE_NUM,102777.0,900,NRCell,Huawei
1696752000000,VAL002_01,VOICE_TRAFFIC,0.0,900,NRCell,Huawei
1696752000000,VAL002_01,VOLTE_CALL_SETUP_ATT,0.0,900,NRCell,Huawei
1696752000000,VAL002_01,VOLTE_CALL_SETUP_SUCC,0.0,900,NRCell,Huawei
