startTime,neId,counterCode,counterValue,granularity,neType,vendorName
1696718700000,BCN014_01,DCR_DEN,2512.0,900,NRCell,Huawei
1696718700000,BCN014_01,DCR_NUM,5.0,900,NRCell,Huawei
1696718700000,BCN014_01,DROP_CALL_VOLTE_DEN,26.0,900,NRCell,Huawei
1696718700000,BCN014_01,DROP_CALL_VOLTE_NUM,0.0,900,NRCell,Huawei
1696718700000,BCN014_01,ERAB_SR_DEN,2496.0,900,NRCell,Huawei
1696718700000,BCN014_01,ERAB_SR_NUM,2496.0,900,NRCell,Huawei
1696718700000,BCN014_01,INTEGRITY_NGBR_QCI_9,11997185424.0,900,NRCell,Huawei
1696718700000,BCN014_01,INTRA_FREQUENCY_HO_OUT_ATT,261.0,900,NRCell,Huawei
1696718700000,BCN014_01,INTRA_FREQUENCY_HO_OUT_SUCC,261.0,900,NRCell,Huawei
1696718700000,BCN014_01,RRC_SETUP_ATT,1530.0,900,NRCell,Huawei
1696718700000,BCN014_01,RRC_SETUP_SUCC,1525.0,900,NRCell,Huawei
1696718700000,BCN014_01,S1SIG_Connection_Setup_SR_DEN,1525.0,900,NRCell,Huawei
1696718700000,BCN014_01,S1SIG_Connection_Setup_SR_NUM,1525.0,900,NRCell,Huawei
1696718700000,BCN014_01,SERVICE_LATENCY_OVER_AIR_INTERFACE_DEN,275453.0,900,NRCell,Huawei
1696718700000,BCN014_01,SERVICE_LATENCY_OVER_AIR_INTERFACE_NUM,451401.0,900,NRCell,Huawei
1696718700000,BCN014_01,VOICE_TRAFFIC,13036.0,900,NRCell,Huawei
1696718700000,BCN014_01,VOLTE_CALL_SETUP_ATT,20.0,900,NRCell,Huawei
1696718700000,BCN014_01,VOLTE_CALL_SETUP_SUCC,20.0,900,NRCell,Huawei
1696718700000,BIL001_01,DCR_DEN,2505.0,900,NRCell,Huawei
1696718700000,BIL001_01,DCR_NUM,0.0,900,NRCell,Huawei
1696718700000,BIL001_01,DROP_CALL_VOLTE_DEN,24.0,900,NRCell,Huawei
1696718700000,BIL001_01,DROP_CALL_VOLTE_NUM,0.0,900,NRCell,Huawei
1696718700000,BIL001_01,ERAB_SR_DEN,2560.0,900,NRCell,Huawei
1696718700000,BIL001_01,ERAB_SR_NUM,2556.0,900,NRCell,Huawei
1696718700000,BIL001_01,INTEGRITY_NGBR_QCI_9,10183975504.0,900,NRCell,Huawei
1696718700000,BIL001_01,INTRA_FREQUENCY_HO_OUT_ATT,209.0,900,NRCell,Huawei
1696718700000,BIL001_01,INTRA_FREQUENCY_HO_OUT_SUCC,209.0,900,NRCell,Huawei
1696718700000,BIL001_01,RRC_SETUP_ATT,1558.0,900,NRCell,Huawei
1696718700000,BIL001_01,RRC_SETUP_SUCC,1548.0,900,NRCell,Huawei
1696718700000,BIL001_01,S1SIG_Connection_Setup_SR_DEN,1548.0,900,NRCell,Huawei
1696718700000,BIL001_01,S1SIG_Connection_Setup_SR_NUM,1548.0,900,NRCell,Huawei
1696718700000,BIL001_01,SERVICE_LATENCY_OVER_AIR_INTERFACE_DEN,296209.0,900,NRCell,Huawei
1696718700000,BIL001_01,SERVICE_LATENCY_OVER_AIR_INTERFACE_NUM,589813.0,900,NRCell,Huawei
1696718700000,BIL001_01,VOICE_TRAFFIC,20050.0,900,NRCell,Huawei
1696718700000,BIL001_01,VOLTE_CALL_SETUP_ATT,28.0,900,NRCell,Huawei
1696718700000,BIL001_01,VOLTE_CALL_SETUP_SUCC,27.0,900,NRCell,Huawei
1696718700000,MAD033_01,DCR_DEN,1044.0,900,NRCell,Huawei
1696718700000,MAD033_01,DCR_NUM,0.0,900,NRCell,Huawei
1696718700000,MAD033_01,DROP_CALL_VOLTE_DEN,8.0,900,NRCell,Huawei
1696718700000,MAD033_01,DROP_CALL_VOLTE_NUM,0.0,900,NRCell,Huawei
1696718700000,MAD033_01,ERAB_SR_DEN,1078.0,900,NRCell,Huawei
1696718700000,MAD033_01,ERAB_SR_NUM,1076.0,900,NRCell,Huawei
1696718700000,MAD033_01,INTEGRITY_NGBR_QCI_9,2518116024.0,900,NRCell,Huawei
1696718700000,MAD033_01,INTRA_FREQUENCY_HO_OUT_ATT,132.0,900,NRCell,Huawei
1696718700000,MAD033_01,INTRA_FREQUENCY_HO_OUT_SUCC,132.0,900,NRCell,Huawei
1696718700000,MAD033_01,RRC_SETUP_ATT,661.0,900,NRCell,Huawei
1696718700000,MAD033_01,RRC_SETUP_SUCC,660.0,900,NRCell,Huawei
1696718700000,MAD033_01,S1SIG_Connection_Setup_SR_DEN,660.0,900,NRCell,Huawei
1696718700000,MAD033_01,S1SIG_Connection_Setup_SR_NUM,660.0,900,NRCell,Huawei
1696718700000,MAD033_01,SERVICE_LATENCY_OVER_AIR_INTERFACE_DEN,85302.0,900,NRCell,Huawei
1696718700000,MAD033_01,SERVICE_LATENCY_OVER_AIR_INTERFACE_NUM,106489.0,900,NRCell,Huawei
1696718700000,MAD033_01,VOICE_TRAFFIC,3109.0,900,NRCell,Huawei
1696718700000,MAD033_01,VOLTE_CALL_SETUP_ATT,7.0,900,NRCell,Huawei
1696718700000,MAD033_01,VOLTE_CALL_SETUP_SUCC,7.0,900,NRCell,Huawei
1696718700000,SAL030_01,DCR_DEN,237.0,900,NRCell,Huawei
1696718700000,SAL030_01,DCR_NUM,0.0,900,NRCell,Huawei
1696718700000,SAL030_01,DROP_CALL_VOLTE_DEN,1.0,900,NRCell,Huawei
1696718700000,SAL030_01,DROP_CALL_VOLTE_NUM,0.0,900,NRCell,Huawei
1696718700000,SAL030_01,ERAB_SR_DEN,229.0,900,NRCell,Huawei
1696718700000,SAL030_01,ERAB_SR_NUM,229.0,900,NRCell,Huawei
1696718700000,SAL030_01,INTEGRITY_NGBR_QCI_9,1944610576.0,900,NRCell,Huawei
1696718700000,SAL030_01,INTRA_FREQUENCY_HO_OUT_ATT,13.0,900,NRCell,Huawei
1696718700000,SAL030_01,INTRA_FREQUENCY_HO_OUT_SUCC,13.0,900,NRCell,Huawei
1696718700000,SAL030_01,RRC_SETUP_ATT,130.0,900,NRCell,Huawei
1696718700000,SAL030_01,RRC_SETUP_SUCC,129.0,900,NRCell,Huawei
1696718700000,SAL030_01,S1SIG_Connection_Setup_SR_DEN,129.0,900,NRCell,Huawei
1696718700000,SAL030_01,S1SIG_Connection_Setup_SR_NUM,129.0,900,NRCell,Huawei
1696718700000,SAL030_01,SERVICE_LATENCY_OVER_AIR_INTERFACE_DEN,14856.0,900,NRCell,Huawei
1696718700000,SAL030_01,SERVICE_LATENCY_OVER_AIR_INTERFACE_NUM,37899.0,900,NRCell,Huawei
1696718700000,SAL030_01,VOICE_TRAFFIC,1126.0,900,NRCell,Huawei
1696718700000,SAL030_01,VOLTE_CALL_SETUP_ATT,1.0,900,NRCell,Huawei
1696718700000,SAL030_01,VOLTE_CALL_SETUP_SUCC,1.0,900,NRCell,Huawei
1696718700000,SEV001_01,DCR_DEN,2979.0,900,NRCell,Huawei
1696718700000,SEV001_01,DCR_NUM,0.0,900,NRCell,Huawei
1696718700000,SEV001_01,DROP_CALL_VOLTE_DEN,27.0,900,NRCell,Huawei
1696718700000,SEV001_01,DROP_CALL_VOLTE_NUM,0.0,900,NRCell,Huawei
1696718700000,SEV001_01,ERAB_SR_DEN,2992.0,900,NRCell,Huawei
1696718700000,SEV001_01,ERAB_SR_NUM,2992.0,900,NRCell,Huawei
1696718700000,SEV001_01,INTEGRITY_NGBR_QCI_9,12204104536.0,900,NRCell,Huawei
1696718700000,SEV001_01,INTRA_FREQUENCY_HO_OUT_ATT,116.0,900,NRCell,Huawei
1696718700000,SEV001_01,INTRA_FREQUENCY_HO_OUT_SUCC,116.0,900,NRCell,Huawei
1696718700000,SEV001_01,RRC_SETUP_ATT,1621.0,900,NRCell,Huawei
1696718700000,SEV001_01,RRC_SETUP_SUCC,1614.0,900,NRCell,Huawei
1696718700000,SEV001_01,S1SIG_Connection_Setup_SR_DEN,1614.0,900,NRCell,Huawei
1696718700000,SEV001_01,S1SIG_Connection_Setup_SR_NUM,1614.0,900,NRCell,Huawei
1696718700000,SEV001_01,SERVICE_LATENCY_OVER_AIR_INTERFACE_DEN,436400.0,900,NRCell,Huawei
1696718700000,SEV001_01,SERVICE_LATENCY_OVER_AIR_INTERFACE_NUM,869023.0,900,NRCell,Huawei
1696718700000,SEV001_01,VOICE_TRAFFIC,17706.0,900,NRCell,Huawei
1696718700000,SEV001_01,VOLTE_CALL_SETUP_ATT,26.0,900,NRCell,Huawei
1696718700000,SEV001_01,VOLTE_CALL_SETUP_SUCC,26.0,900,NRCell,Huawei
1696718700000,SNT002_01,DCR_DEN,863.0,900,NRCell,Huawei
1696718700000,SNT002_01,DCR_NUM,2.0,900,NRCell,Huawei
1696718700000,SNT002_01,DROP_CALL_VOLTE_DEN,6.0,900,NRCell,Huawei
1696718700000,SNT002_01,DROP_CALL_VOLTE_NUM,0.0,900,NRCell,Huawei
1696718700000,SNT002_01,ERAB_SR_DEN,876.0,900,NRCell,Huawei
1696718700000,SNT002_01,ERAB_SR_NUM,876.0,900,NRCell,Huawei
1696718700000,SNT002_01,INTEGRITY_NGBR_QCI_9,3014646456.0,900,NRCell,Huawei
1696718700000,SNT002_01,INTRA_FREQUENCY_HO_OUT_ATT,79.0,900,NRCell,Huawei
1696718700000,SNT002_01,INTRA_FREQUENCY_HO_OUT_SUCC,79.0,900,NRCell,Huawei
1696718700000,SNT002_01,RRC_SETUP_ATT,523.0,900,NRCell,Huawei
1696718700000,SNT002_01,RRC_SETUP_SUCC,521.0,900,NRCell,Huawei
1696718700000,SNT002_01,S1SIG_Connection_Setup_SR_DEN,521.0,900,NRCell,Huawei
1696718700000,SNT002_01,S1SIG_Connection_Setup_SR_NUM,521.0,900,NRCell,Huawei
1696718700000,SNT002_01,SERVICE_LATENCY_OVER_AIR_INTERFACE_DEN,100187.0,900,NRCell,Huawei
1696718700000,SNT002_01,SERVICE_LATENCY_OVER_AIR_INTERFACE_NUM,117239.0,900,NRCell,Huawei
1696718700000,SNT002_01,VOICE_TRAFFIC,1070.0,900,NRCell,Huawei
1696718700000,SNT002_01,VOLTE_CALL_SETUP_ATT,8.0,900,NRCell,Huawei
1696718700000,SNT002_01,VOLTE_CALL_SETUP_SUCC,8.0,900,NRCell,Huawei
1696718700000,TAR015_01,DCR_DEN,3112.0,900,NRCell,Huawei
1696718700000,TAR015_01,DCR_NUM,4.0,900,NRCell,Huawei
1696718700000,TAR015_01,DROP_CALL_VOLTE_DEN,27.0,900,NRCell,Huawei
1696718700000,TAR015_01,DROP_CALL_VOLTE_NUM,0.0,900,NRCell,Huawei
1696718700000,TAR015_01,ERAB_SR_DEN,3085.0,900,NRCell,Huawei
1696718700000,TAR015_01,ERAB_SR_NUM,3085.0,900,NRCell,Huawei
1696718700000,TAR015_01,INTEGRITY_NGBR_QCI_9,12111402472.0,900,NRCell,Huawei
1696718700000,TAR015_01,INTRA_FREQUENCY_HO_OUT_ATT,119.0,900,NRCell,Huawei
1696718700000,TAR015_01,INTRA_FREQUENCY_HO_OUT_SUCC,119.0,900,NRCell,Huawei
1696718700000,TAR015_01,RRC_SETUP_ATT,1672.0,900,NRCell,Huawei
1696718700000,TAR015_01,RRC_SETUP_SUCC,1672.0,900,NRCell,Huawei
1696718700000,TAR015_01,S1SIG_Connection_Setup_SR_DEN,1672.0,900,NRCell,Huawei
1696718700000,TAR015_01,S1SIG_Connection_Setup_SR_NUM,1671.0,900,NRCell,Huawei
1696718700000,TAR015_01,SERVICE_LATENCY_OVER_AIR_INTERFACE_DEN,442197.0,900,NRCell,Huawei
1696718700000,TAR015_01,SERVICE_LATENCY_OVER_AIR_INTERFACE_NUM,1385779.0,900,NRCell,Huawei
1696718700000,TAR015_01,VOICE_TRAFFIC,43481.0,900,NRCell,Huawei
1696718700000,TAR015_01,VOLTE_CALL_SETUP_ATT,24.0,900,NRCell,Huawei
1696718700000,TAR015_01,VOLTE_CALL_SETUP_SUCC,24.0,900,NRCell,Huawei
1696718700000,TOL034_01,DCR_DEN,210.0,900,NRCell,Huawei
1696718700000,TOL034_01,DCR_NUM,0.0,900,NRCell,Huawei
1696718700000,TOL034_01,DROP_CALL_VOLTE_DEN,0.0,900,NRCell,Huawei
1696718700000,TOL034_01,DROP_CALL_VOLTE_NUM,0.0,900,NRCell,Huawei
1696718700000,TOL034_01,ERAB_SR_DEN,219.0,900,NRCell,Huawei
1696718700000,TOL034_01,ERAB_SR_NUM,219.0,900,NRCell,Huawei
1696718700000,TOL034_01,INTEGRITY_NGBR_QCI_9,1815331520.0,900,NRCell,Huawei
1696718700000,TOL034_01,INTRA_FREQUENCY_HO_OUT_ATT,12.0,900,NRCell,Huawei
1696718700000,TOL034_01,INTRA_FREQUENCY_HO_OUT_SUCC,12.0,900,NRCell,Huawei
1696718700000,TOL034_01,RRC_SETUP_ATT,155.0,900,NRCell,Huawei
1696718700000,TOL034_01,RRC_SETUP_SUCC,153.0,900,NRCell,Huawei
1696718700000,TOL034_01,S1SIG_Connection_Setup_SR_DEN,153.0,900,NRCell,Huawei
1696718700000,TOL034_01,S1SIG_Connection_Setup_SR_NUM,153.0,900,NRCell,Huawei
1696718700000,TOL034_01,SERVICE_LATENCY_OVER_AIR_INTERFACE_DEN,30324.0,900,NRCell,Huawei
1696718700000,TOL034_01,SERVICE_LATENCY_OVER_AIR_INTERFACE_NUM,44043.0,900,NRCell,Huawei
1696718700000,TOL034_01,VOICE_TRAFFIC,228.0,900,NRCell,Huawei
1696718700000,TOL034_01,VOLTE_CALL_SETUP_ATT,1.0,900,NRCell,Huawei
1696718700000,TOL034_01,VOLTE_CALL_SETUP_SUCC,1.0,900,NRCell,Huawei
1696718700000,VAL002_01,DCR_DEN,30.0,900,NRCell,Huawei
1696718700000,VAL002_01,DCR_NUM,2.0,900,NRCell,Huawei
1696718700000,VAL002_01,DROP_CALL_VOLTE_DEN,0.0,900,NRCell,Huawei
1696718700000,VAL002_01,DROP_CALL_VOLTE_NUM,0.0,900,NRCell,Huawei
1696718700000,VAL002_01,ERAB_SR_DEN,34.0,900,NRCell,Huawei
1696718700000,VAL002_01,ERAB_SR_NUM,34.0,900,NRCell,Huawei
1696718700000,VAL002_01,INTEGRITY_NGBR_QCI_9,21996800.0,900,NRCell,Huawei
1696718700000,VAL002_01,INTRA_FREQUENCY_HO_OUT_ATT,8.0,900,NRCell,Huawei
1696718700000,VAL002_01,INTRA_FREQUENCY_HO_OUT_SUCC,8.0,900,NRCell,Huawei
1696718700000,VAL002_01,RRC_SETUP_ATT,29.0,900,NRCell,Huawei
1696718700000,VAL002_01,RRC_SETUP_SUCC,29.0,900,NRCell,Huawei
1696718700000,VAL002_01,S1SIG_Connection_Setup_SR_DEN,29.0,900,NRCell,Huawei
1696718700000,VAL002_01,S1SIG_Connection_Setup_SR_NUM,29.0,900,NRCell,Huawei
1696718700000,VAL002_01,SERVICE_LATENCY_OVER_AIR_INTERFACE_DEN,1417.0,900,NRCell,Huawei
1696718700000,VAL002_01,SERVICE_LATENCY_OVER_AIR_INTERFACE_NUM,1989.0,900,NRCell,Huawei
1696718700000,VAL002_01,VOICE_TRAFFIC,316.0,900,NRCell,Huawei
1696718700000,VAL002_01,VOLTE_CALL_SETUP_ATT,1.0,900,NRCell,Huawei
1696718700000,VAL002_01,VOLTE_CALL_SETUP_SUCC,1.0,900,NRCell,Huawei
