startTime,neId,counterCode,counterValue,granularity,neType,vendorName
1696817700000,BCN014_01,DCR_DEN,1678.0,900,NRCell,Huawei
1696817700000,BCN014_01,DCR_NUM,4.0,900,NRCell,Huawei
1696817700000,BCN014_01,DROP_CALL_VOLTE_DEN,9.0,900,NRCell,Huawei
1696817700000,BCN014_01,DROP_CALL_VOLTE_NUM,0.0,900,NRCell,Huawei
1696817700000,BCN014_01,ERAB_SR_DEN,1675.0,900,NRCell,Huawei
1696817700000,BCN014_01,ERAB_SR_NUM,1673.0,900,NRCell,Huawei
1696817700000,BCN014_01,INTEGRITY_NGBR_QCI_9,9688601960.0,900,NRCell,Huawei
1696817700000,BCN014_01,INTRA_FREQUENCY_HO_OUT_ATT,131.0,900,NRCell,Huawei
1696817700000,BCN014_01,INTRA_FREQUENCY_HO_OUT_SUCC,131.0,900,NRCell,Huawei
1696817700000,BCN014_01,RRC_SETUP_ATT,994.0,900,NRCell,Huawei
1696817700000,BCN014_01,RRC_SETUP_SUCC,992.0,900,NRCell,Huawei
1696817700000,BCN014_01,S1SIG_Connection_Setup_SR_DEN,992.0,900,NRCell,Huawei
1696817700000,BCN014_01,S1SIG_Connection_Setup_SR_NUM,992.0,900,NRCell,Huawei
1696817700000,BCN014_01,SERVICE_LATENCY_OVER_AIR_INTERFACE_DEN,258416.0,900,NRCell,Huawei
1696817700000,BCN014_01,SERVICE_LATENCY_OVER_AIR_INTERFACE_NUM,426568.0,900,NRCell,Huawei
1696817700000,BCN014_01,VOICE_TRAFFIC,9899.0,900,NRCell,Huawei
1696817700000,BCN014_01,VOLTE_CALL_SETUP_ATT,11.0,900,NRCell,Huawei
1696817700000,BCN014_01,VOLTE_CALL_SETUP_SUCC,11.0,900,NRCell,Huawei
1696817700000,BIL001_01,DCR_DEN,1513.0,900,NRCell,Huawei
1696817700000,BIL001_01,DCR_NUM,3.0,900,NRCell,Huawei
1696817700000,BIL001_01,DROP_CALL_VOLTE_DEN,9.0,900,NRCell,Huawei
1696817700000,BIL001_01,DROP_CALL_VOLTE_NUM,0.0,900,NRCell,Huawei
1696817700000,BIL001_01,ERAB_SR_DEN,1514.0,900,NRCell,Huawei
1696817700000,BIL001_01,ERAB_SR_NUM,1514.0,900,NRCell,Huawei
1696817700000,BIL001_01,INTEGRITY_NGBR_QCI_9,9173823848.0,900,NRCell,Huawei
1696817700000,BIL001_01,INTRA_FREQUENCY_HO_OUT_ATT,101.0,900,NRCell,Huawei
1696817700000,BIL001_01,INTRA_FREQUENCY_HO_OUT_SUCC,101.0,900,NRCell,Huawei
1696817700000,BIL001_01,RRC_SETUP_ATT,931.0,900,NRCell,Huawei
1696817700000,BIL001_01,RRC_SETUP_SUCC,928.0,900,NRCell,Huawei
1696817700000,BIL001_01,S1SIG_Connection_Setup_SR_DEN,928.0,900,NRCell,Huawei
1696817700000,BIL001_01,S1SIG_Connection_Setup_SR_NUM,928.0,900,NRCell,Huawei
1696817700000,BIL001_01,SERVICE_LATENCY_OVER_AIR_INTERFACE_DEN,313217.0,900,NRCell,Huawei
1696817700000,BIL001_01,SERVICE_LATENCY_OVER_AIR_INTERFACE_NUM,397650.0,900,NRCell,Huawei
1696817700000,BIL001_01,VOICE_TRAFFIC,13245.0,900,NRCell,Huawei
1696817700000,BIL001_01,VOLTE_CALL_SETUP_ATT,10.0,900,NRCell,Huawei
1696817700000,BIL001_01,VOLTE_CALL_SETUP_SUCC,10.0,900,NRCell,Huawei
1696817700000,MAD033_01,DCR_DEN,748.0,900,NRCell,Huawei
1696817700000,MAD033_01,DCR_NUM,0.0,900,NRCell,Huawei
1696817700000,MAD033_01,DROP_CALL_VOLTE_DEN,9.0,900,NRCell,Huawei
1696817700000,MAD033_01,DROP_CALL_VOLTE_NUM,0.0,900,NRCell,Huawei
1696817700000,MAD033_01,ERAB_SR_DEN,734.0,900,NRCell,Huawei
1696817700000,MAD033_01,ERAB_SR_NUM,734.0,900,NRCell,Huawei
1696817700000,MAD033_01,INTEGRITY_NGBR_QCI_9,3030294304.0,900,NRCell,Huawei
1696817700000,MAD033_01,INTRA_FREQUENCY_HO_OUT_ATT,64.0,900,NRCell,Huawei
1696817700000,MAD033_01,INTRA_FREQUENCY_HO_OUT_SUCC,64.0,900,NRCell,Huawei
1696817700000,MAD033_01,RRC_SETUP_ATT,426.0,900,NRCell,Huawei
1696817700000,MAD033_01,RRC_SETUP_SUCC,426.0,900,NRCell,Huawei
1696817700000,MAD033_01,S1SIG_Connection_Setup_SR_DEN,426.0,900,NRCell,Huawei
1696817700000,MAD033_01,S1SIG_Connection_Setup_SR_NUM,426.0,900,NRCell,Huawei
1696817700000,MAD033_01,SERVICE_LATENCY_OVER_AIR_INTERFACE_DEN,122526.0,900,NRCell,Huawei
1696817700000,MAD033_01,SERVICE_LATENCY_OVER_AIR_INTERFACE_NUM,141446.0,900,NRCell,Huawei
1696817700000,MAD033_01,VOICE_TRAFFIC,27383.0,900,NRCell,Huawei
1696817700000,MAD033_01,VOLTE_CALL_SETUP_ATT,6.0,900,NRCell,Huawei
1696817700000,MAD033_01,VOLTE_CALL_SETUP_SUCC,6.0,900,NRCell,Huawei
1696817700000,SAL030_01,DCR_DEN,110.0,900,NRCell,Huawei
1696817700000,SAL030_01,DCR_NUM,0.0,900,NRCell,Huawei
1696817700000,SAL030_01,DROP_CALL_VOLTE_DEN,0.0,900,NRCell,Huawei
1696817700000,SAL030_01,DROP_CALL_VOLTE_NUM,0.0,900,NRCell,Huawei
1696817700000,SAL030_01,ERAB_SR_DEN,103.0,900,NRCell,Huawei
1696817700000,SAL030_01,ERAB_SR_NUM,103.0,900,NRCell,Huawei
1696817700000,SAL030_01,INTEGRITY_NGBR_QCI_9,5427044080.0,900,NRCell,Huawei
1696817700000,SAL030_01,INTRA_FREQUENCY_HO_OUT_ATT,12.0,900,NRCell,Huawei
1696817700000,SAL030_01,INTRA_FREQUENCY_HO_OUT_SUCC,12.0,900,NRCell,Huawei
1696817700000,SAL030_01,RRC_SETUP_ATT,58.0,900,NRCell,Huawei
1696817700000,SAL030_01,RRC_SETUP_SUCC,58.0,900,NRCell,Huawei
1696817700000,SAL030_01,S1SIG_Connection_Setup_SR_DEN,58.0,900,NRCell,Huawei
1696817700000,SAL030_01,S1SIG_Connection_Setup_SR_NUM,58.0,900,NRCell,Huawei
1696817700000,SAL030_01,SERVICE_LATENCY_OVER_AIR_INTERFACE_DEN,153243.0,900,NRCell,Huawei
1696817700000,SAL030_01,SERVICE_LATENCY_OVER_AIR_INTERFACE_NUM,269586.0,900,NRCell,Huawei
1696817700000,SAL030_01,VOICE_TRAFFIC,618.0,900,NRCell,Huawei
1696817700000,SAL030_01,VOLTE_CALL_SETUP_ATT,0.0,900,NRCell,Huawei
1696817700000,SAL030_01,VOLTE_CALL_SETUP_SUCC,0.0,900,NRCell,Huawei
1696817700000,SEV001_01,DCR_DEN,2121.0,900,NRCell,Huawei
1696817700000,SEV001_01,DCR_NUM,0.0,900,NRCell,Huawei
1696817700000,SEV001_01,DROP_CALL_VOLTE_DEN,14.0,900,NRCell,Huawei
1696817700000,SEV001_01,DROP_CALL_VOLTE_NUM,0.0,900,NRCell,Huawei
1696817700000,SEV001_01,ERAB_SR_DEN,2117.0,900,NRCell,Huawei
1696817700000,SEV001_01,ERAB_SR_NUM,2111.0,900,NRCell,Huawei
1696817700000,SEV001_01,INTEGRITY_NGBR_QCI_9,12272670816.0,900,NRCell,Huawei
1696817700000,SEV001_01,INTRA_FREQUENCY_HO_OUT_ATT,88.0,900,NRCell,Huawei
1696817700000,SEV001_01,INTRA_FREQUENCY_HO_OUT_SUCC,88.0,900,NRCell,Huawei
1696817700000,SEV001_01,RRC_SETUP_ATT,1198.0,900,NRCell,Huawei
1696817700000,SEV001_01,RRC_SETUP_SUCC,1195.0,900,NRCell,Huawei
1696817700000,SEV001_01,S1SIG_Connection_Setup_SR_DEN,1195.0,900,NRCell,Huawei
1696817700000,SEV001_01,S1SIG_Connection_Setup_SR_NUM,1195.0,900,NRCell,Huawei
1696817700000,SEV001_01,SERVICE_LATENCY_OVER_AIR_INTERFACE_DEN,410139.0,900,NRCell,Huawei
1696817700000,SEV001_01,SERVICE_LATENCY_OVER_AIR_INTERFACE_NUM,1058286.0,900,NRCell,Huawei
1696817700000,SEV001_01,VOICE_TRAFFIC,27945.0,900,NRCell,Huawei
1696817700000,SEV001_01,VOLTE_CALL_SETUP_ATT,17.0,900,NRCell,Huawei
1696817700000,SEV001_01,VOLTE_CALL_SETUP_SUCC,17.0,900,NRCell,Huawei
1696817700000,SNT002_01,DCR_DEN,698.0,900,NRCell,Huawei
1696817700000,SNT002_01,DCR_NUM,0.0,900,NRCell,Huawei
1696817700000,SNT002_01,DROP_CALL_VOLTE_DEN,0.0,900,NRCell,Huawei
1696817700000,SNT002_01,DROP_CALL_VOLTE_NUM,0.0,900,NRCell,Huawei
1696817700000,SNT002_01,ERAB_SR_DEN,696.0,900,NRCell,Huawei
1696817700000,SNT002_01,ERAB_SR_NUM,696.0,900,NRCell,Huawei
1696817700000,SNT002_01,INTEGRITY_NGBR_QCI_9,4645519416.0,900,NRCell,Huawei
1696817700000,SNT002_01,INTRA_FREQUENCY_HO_OUT_ATT,27.0,900,NRCell,Huawei
1696817700000,SNT002_01,INTRA_FREQUENCY_HO_OUT_SUCC,27.0,900,NRCell,Huawei
1696817700000,SNT002_01,RRC_SETUP_ATT,415.0,900,NRCell,Huawei
1696817700000,SNT002_01,RRC_SETUP_SUCC,414.0,900,NRCell,Huawei
1696817700000,SNT002_01,S1SIG_Connection_Setup_SR_DEN,414.0,900,NRCell,Huawei
1696817700000,SNT002_01,S1SIG_Connection_Setup_SR_NUM,414.0,900,NRCell,Huawei
1696817700000,SNT002_01,SERVICE_LATENCY_OVER_AIR_INTERFACE_DEN,136865.0,900,NRCell,Huawei
1696817700000,SNT002_01,SERVICE_LATENCY_OVER_AIR_INTERFACE_NUM,146384.0,900,NRCell,Huawei
1696817700000,SNT002_01,VOICE_TRAFFIC,389.0,900,NRCell,Huawei
1696817700000,SNT002_01,VOLTE_CALL_SETUP_ATT,0.0,900,NRCell,Huawei
1696817700000,SNT002_01,VOLTE_CALL_SETUP_SUCC,0.0,900,NRCell,Huawei
1696817700000,TAR015_01,DCR_DEN,2625.0,900,NRCell,Huawei
1696817700000,TAR015_01,DCR_NUM,2.0,900,NRCell,Huawei
1696817700000,TAR015_01,DROP_CALL_VOLTE_DEN,16.0,900,NRCell,Huawei
1696817700000,TAR015_01,DROP_CALL_VOLTE_NUM,0.0,900,NRCell,Huawei
1696817700000,TAR015_01,ERAB_SR_DEN,2666.0,900,NRCell,Huawei
1696817700000,TAR015_01,ERAB_SR_NUM,2663.0,900,NRCell,Huawei
1696817700000,TAR015_01,INTEGRITY_NGBR_QCI_9,16176862576.0,900,NRCell,Huawei
1696817700000,TAR015_01,INTRA_FREQUENCY_HO_OUT_ATT,104.0,900,NRCell,Huawei
1696817700000,TAR015_01,INTRA_FREQUENCY_HO_OUT_SUCC,104.0,900,NRCell,Huawei
1696817700000,TAR015_01,RRC_SETUP_ATT,1505.0,900,NRCell,Huawei
1696817700000,TAR015_01,RRC_SETUP_SUCC,1505.0,900,NRCell,Huawei
1696817700000,TAR015_01,S1SIG_Connection_Setup_SR_DEN,1505.0,900,NRCell,Huawei
1696817700000,TAR015_01,S1SIG_Connection_Setup_SR_NUM,1504.0,900,NRCell,Huawei
1696817700000,TAR015_01,SERVICE_LATENCY_OVER_AIR_INTERFACE_DEN,597242.0,900,NRCell,Huawei
1696817700000,TAR015_01,SERVICE_LATENCY_OVER_AIR_INTERFACE_NUM,1522854.0,900,NRCell,Huawei
1696817700000,TAR015_01,VOICE_TRAFFIC,41271.0,900,NRCell,Huawei
1696817700000,TAR015_01,VOLTE_CALL_SETUP_ATT,16.0,900,NRCell,Huawei
1696817700000,TAR015_01,VOLTE_CALL_SETUP_SUCC,16.0,900,NRCell,Huawei
1696817700000,TOL034_01,DCR_DEN,56.0,900,NRCell,Huawei
1696817700000,TOL034_01,DCR_NUM,0.0,900,NRCell,Huawei
1696817700000,TOL034_01,DROP_CALL_VOLTE_DEN,0.0,900,NRCell,Huawei
1696817700000,TOL034_01,DROP_CALL_VOLTE_NUM,0.0,900,NRCell,Huawei
1696817700000,TOL034_01,ERAB_SR_DEN,59.0,900,NRCell,Huawei
1696817700000,TOL034_01,ERAB_SR_NUM,59.0,900,NRCell,Huawei
1696817700000,TOL034_01,INTEGRITY_NGBR_QCI_9,2960917016.0,900,NRCell,Huawei
1696817700000,TOL034_01,INTRA_FREQUENCY_HO_OUT_ATT,13.0,900,NRCell,Huawei
1696817700000,TOL034_01,INTRA_FREQUENCY_HO_OUT_SUCC,13.0,900,NRCell,Huawei
1696817700000,TOL034_01,RRC_SETUP_ATT,48.0,900,NRCell,Huawei
1696817700000,TOL034_01,RRC_SETUP_SUCC,48.0,900,NRCell,Huawei
1696817700000,TOL034_01,S1SIG_Connection_Setup_SR_DEN,48.0,900,NRCell,Huawei
1696817700000,TOL034_01,S1SIG_Connection_Setup_SR_NUM,48.0,900,NRCell,Huawei
1696817700000,TOL034_01,SERVICE_LATENCY_OVER_AIR_INTERFACE_DEN,39231.0,900,NRCell,Huawei
1696817700000,TOL034_01,SERVICE_LATENCY_OVER_AIR_INTERFACE_NUM,67130.0,900,NRCell,Huawei
1696817700000,TOL034_01,VOICE_TRAFFIC,554.0,900,NRCell,Huawei
1696817700000,TOL034_01,VOLTE_CALL_SETUP_ATT,0.0,900,NRCell,Huawei
1696817700000,TOL034_01,VOLTE_CALL_SETUP_SUCC,0.0,900,NRCell,Huawei
1696817700000,VAL002_01,DCR_DEN,17.0,900,NRCell,Huawei
1696817700000,VAL002_01,DCR_NUM,0.0,900,NRCell,Huawei
1696817700000,VAL002_01,DROP_CALL_VOLTE_DEN,0.0,900,NRCell,Huawei
1696817700000,VAL002_01,DROP_CALL_VOLTE_NUM,0.0,900,NRCell,Huawei
1696817700000,VAL002_01,ERAB_SR_DEN,17.0,900,NRCell,Huawei
1696817700000,VAL002_01,ERAB_SR_NUM,17.0,900,NRCell,Huawei
1696817700000,VAL002_01,INTEGRITY_NGBR_QCI_9,6918816.0,900,NRCell,Huawei
1696817700000,VAL002_01,INTRA_FREQUENCY_HO_OUT_ATT,7.0,900,NRCell,Huawei
1696817700000,VAL002_01,INTRA_FREQUENCY_HO_OUT_SUCC,7.0,900,NRCell,Huawei
1696817700000,VAL002_01,RRC_SETUP_ATT,16.0,900,NRCell,Huawei
1696817700000,VAL002_01,RRC_SETUP_SUCC,16.0,900,NRCell,Huawei
1696817700000,VAL002_01,S1SIG_Connection_Setup_SR_DEN,16.0,900,NRCell,Huawei
1696817700000,VAL002_01,S1SIG_Connection_Setup_SR_NUM,16.0,900,NRCell,Huawei
1696817700000,VAL002_01,SERVICE_LATENCY_OVER_AIR_INTERFACE_DEN,1341.0,900,NRCell,Huawei
1696817700000,VAL002_01,SERVICE_LATENCY_OVER_AIR_INTERFACE_NUM,1679.0,900,NRCell,Huawei
1696817700000,VAL002_01,VOICE_TRAFFIC,0.0,900,NRCell,Huawei
1696817700000,VAL002_01,VOLTE_CALL_SETUP_ATT,0.0,900,NRCell,Huawei
1696817700000,VAL002_01,VOLTE_CALL_SETUP_SUCC,0.0,900,NRCell,Huawei
