startTime,neId,counterCode,counterValue,granularity,neType,vendorName
1696813200000,BCN014_01,DCR_DEN,1553.0,900,NRCell,Huawei
1696813200000,BCN014_01,DCR_NUM,3.0,900,NRCell,Huawei
1696813200000,BCN014_01,DROP_CALL_VOLTE_DEN,9.0,900,NRCell,Huawei
1696813200000,BCN014_01,DROP_CALL_VOLTE_NUM,0.0,900,NRCell,Huawei
1696813200000,BCN014_01,ERAB_SR_DEN,1539.0,900,NRCell,Huawei
1696813200000,BCN014_01,ERAB_SR_NUM,1539.0,900,NRCell,Huawei
1696813200000,BCN014_01,INTEGRITY_NGBR_QCI_9,11151945648.0,900,NRCell,Huawei
1696813200000,BCN014_01,INTRA_FREQUENCY_HO_OUT_ATT,170.0,900,NRCell,Huawei
1696813200000,BCN014_01,INTRA_FREQUENCY_HO_OUT_SUCC,170.0,900,NRCell,Huawei
1696813200000,BCN014_01,RRC_SETUP_ATT,921.0,900,NRCell,Huawei
1696813200000,BCN014_01,RRC_SETUP_SUCC,920.0,900,NRCell,Huawei
1696813200000,BCN014_01,S1SIG_Connection_Setup_SR_DEN,920.0,900,NRCell,Huawei
1696813200000,BCN014_01,S1SIG_Connection_Setup_SR_NUM,920.0,900,NRCell,Huawei
1696813200000,BCN014_01,SERVICE_LATENCY_OVER_AIR_INTERFACE_DEN,199776.0,900,NRCell,Huawei
1696813200000,BCN014_01,SERVICE_LATENCY_OVER_AIR_INTERFACE_NUM,359872.0,900,NRCell,Huawei
1696813200000,BCN014_01,VOICE_TRAFFIC,4495.0,900,NRCell,Huawei
1696813200000,BCN014_01,VOLTE_CALL_SETUP_ATT,10.0,900,NRCell,Huawei
1696813200000,BCN014_01,VOLTE_CALL_SETUP_SUCC,10.0,900,NRCell,Huawei
1696813200000,BIL001_01,DCR_DEN,1668.0,900,NRCell,Huawei
1696813200000,BIL001_01,DCR_NUM,1.0,900,NRCell,Huawei
1696813200000,BIL001_01,DROP_CALL_VOLTE_DEN,11.0,900,NRCell,Huawei
1696813200000,BIL001_01,DROP_CALL_VOLTE_NUM,0.0,900,NRCell,Huawei
1696813200000,BIL001_01,ERAB_SR_DEN,1679.0,900,NRCell,Huawei
1696813200000,BIL001_01,ERAB_SR_NUM,1679.0,900,NRCell,Huawei
1696813200000,BIL001_01,INTEGRITY_NGBR_QCI_9,10863123312.0,900,NRCell,Huawei
1696813200000,BIL001_01,INTRA_FREQUENCY_HO_OUT_ATT,140.0,900,NRCell,Huawei
1696813200000,BIL001_01,INTRA_FREQUENCY_HO_OUT_SUCC,140.0,900,NRCell,Huawei
1696813200000,BIL001_01,RRC_SETUP_ATT,1057.0,900,NRCell,Huawei
1696813200000,BIL001_01,RRC_SETUP_SUCC,1056.0,900,NRCell,Huawei
1696813200000,BIL001_01,S1SIG_Connection_Setup_SR_DEN,1056.0,900,NRCell,Huawei
1696813200000,BIL001_01,S1SIG_Connection_Setup_SR_NUM,1053.0,900,NRCell,Huawei
1696813200000,BIL001_01,SERVICE_LATENCY_OVER_AIR_INTERFACE_DEN,293034.0,900,NRCell,Huawei
1696813200000,BIL001_01,SERVICE_LATENCY_OVER_AIR_INTERFACE_NUM,425285.0,900,NRCell,Huawei
1696813200000,BIL001_01,VOICE_TRAFFIC,3864.0,900,NRCell,Huawei
1696813200000,BIL001_01,VOLTE_CALL_SETUP_ATT,11.0,900,NRCell,Huawei
1696813200000,BIL001_01,VOLTE_CALL_SETUP_SUCC,11.0,900,NRCell,Huawei
1696813200000,MAD033_01,DCR_DEN,725.0,900,NRCell,Huawei
1696813200000,MAD033_01,DCR_NUM,0.0,900,NRCell,Huawei
1696813200000,MAD033_01,DROP_CALL_VOLTE_DEN,11.0,900,NRCell,Huawei
1696813200000,MAD033_01,DROP_CALL_VOLTE_NUM,0.0,900,NRCell,Huawei
1696813200000,MAD033_01,ERAB_SR_DEN,739.0,900,NRCell,Huawei
1696813200000,MAD033_01,ERAB_SR_NUM,739.0,900,NRCell,Huawei
1696813200000,MAD033_01,INTEGRITY_NGBR_QCI_9,5785451120.0,900,NRCell,Huawei
1696813200000,MAD033_01,INTRA_FREQUENCY_HO_OUT_ATT,68.0,900,NRCell,Huawei
1696813200000,MAD033_01,INTRA_FREQUENCY_HO_OUT_SUCC,68.0,900,NRCell,Huawei
1696813200000,MAD033_01,RRC_SETUP_ATT,465.0,900,NRCell,Huawei
1696813200000,MAD033_01,RRC_SETUP_SUCC,465.0,900,NRCell,Huawei
1696813200000,MAD033_01,S1SIG_Connection_Setup_SR_DEN,465.0,900,NRCell,Huawei
1696813200000,MAD033_01,S1SIG_Connection_Setup_SR_NUM,465.0,900,NRCell,Huawei
1696813200000,MAD033_01,SERVICE_LATENCY_OVER_AIR_INTERFACE_DEN,137894.0,900,NRCell,Huawei
1696813200000,MAD033_01,SERVICE_LATENCY_OVER_AIR_INTERFACE_NUM,160284.0,900,NRCell,Huawei
1696813200000,MAD033_01,VOICE_TRAFFIC,9262.0,900,NRCell,Huawei
1696813200000,MAD033_01,VOLTE_CALL_SETUP_ATT,9.0,900,NRCell,Huawei
1696813200000,MAD033_01,VOLTE_CALL_SETUP_SUCC,9.0,900,NRCell,Huawei
1696813200000,SAL030_01,DCR_DEN,179.0,900,NRCell,Huawei
1696813200000,SAL030_01,DCR_NUM,1.0,900,NRCell,Huawei
1696813200000,SAL030_01,DROP_CALL_VOLTE_DEN,3.0,900,NRCell,Huawei
1696813200000,SAL030_01,DROP_CALL_VOLTE_NUM,0.0,900,NRCell,Huawei
1696813200000,SAL030_01,ERAB_SR_DEN,173.0,900,NRCell,Huawei
1696813200000,SAL030_01,ERAB_SR_NUM,172.0,900,NRCell,Huawei
1696813200000,SAL030_01,INTEGRITY_NGBR_QCI_9,2878793272.0,900,NRCell,Huawei
1696813200000,SAL030_01,INTRA_FREQUENCY_HO_OUT_ATT,12.0,900,NRCell,Huawei
1696813200000,SAL030_01,INTRA_FREQUENCY_HO_OUT_SUCC,12.0,900,NRCell,Huawei
1696813200000,SAL030_01,RRC_SETUP_ATT,112.0,900,NRCell,Huawei
1696813200000,SAL030_01,RRC_SETUP_SUCC,112.0,900,NRCell,Huawei
1696813200000,SAL030_01,S1SIG_Connection_Setup_SR_DEN,112.0,900,NRCell,Huawei
1696813200000,SAL030_01,S1SIG_Connection_Setup_SR_NUM,111.0,900,NRCell,Huawei
1696813200000,SAL030_01,SERVICE_LATENCY_OVER_AIR_INTERFACE_DEN,41911.0,900,NRCell,Huawei
1696813200000,SAL030_01,SERVICE_LATENCY_OVER_AIR_INTERFACE_NUM,104665.0,900,NRCell,Huawei
1696813200000,SAL030_01,VOICE_TRAFFIC,8259.0,900,NRCell,Huawei
1696813200000,SAL030_01,VOLTE_CALL_SETUP_ATT,0.0,900,NRCell,Huawei
1696813200000,SAL030_01,VOLTE_CALL_SETUP_SUCC,0.0,900,NRCell,Huawei
1696813200000,SEV001_01,DCR_DEN,2078.0,900,NRCell,Huawei
1696813200000,SEV001_01,DCR_NUM,3.0,900,NRCell,Huawei
1696813200000,SEV001_01,DROP_CALL_VOLTE_DEN,27.0,900,NRCell,Huawei
1696813200000,SEV001_01,DROP_CALL_VOLTE_NUM,0.0,900,NRCell,Huawei
1696813200000,SEV001_01,ERAB_SR_DEN,2127.0,900,NRCell,Huawei
1696813200000,SEV001_01,ERAB_SR_NUM,2124.0,900,NRCell,Huawei
1696813200000,SEV001_01,INTEGRITY_NGBR_QCI_9,12534744656.0,900,NRCell,Huawei
1696813200000,SEV001_01,INTRA_FREQUENCY_HO_OUT_ATT,92.0,900,NRCell,Huawei
1696813200000,SEV001_01,INTRA_FREQUENCY_HO_OUT_SUCC,92.0,900,NRCell,Huawei
1696813200000,SEV001_01,RRC_SETUP_ATT,1168.0,900,NRCell,Huawei
1696813200000,SEV001_01,RRC_SETUP_SUCC,1167.0,900,NRCell,Huawei
1696813200000,SEV001_01,S1SIG_Connection_Setup_SR_DEN,1167.0,900,NRCell,Huawei
1696813200000,SEV001_01,S1SIG_Connection_Setup_SR_NUM,1166.0,900,NRCell,Huawei
1696813200000,SEV001_01,SERVICE_LATENCY_OVER_AIR_INTERFACE_DEN,508865.0,900,NRCell,Huawei
1696813200000,SEV001_01,SERVICE_LATENCY_OVER_AIR_INTERFACE_NUM,1454503.0,900,NRCell,Huawei
1696813200000,SEV001_01,VOICE_TRAFFIC,38411.0,900,NRCell,Huawei
1696813200000,SEV001_01,VOLTE_CALL_SETUP_ATT,31.0,900,NRCell,Huawei
1696813200000,SEV001_01,VOLTE_CALL_SETUP_SUCC,31.0,900,NRCell,Huawei
1696813200000,SNT002_01,DCR_DEN,610.0,900,NRCell,Huawei
1696813200000,SNT002_01,DCR_NUM,0.0,900,NRCell,Huawei
1696813200000,SNT002_01,DROP_CALL_VOLTE_DEN,6.0,900,NRCell,Huawei
1696813200000,SNT002_01,DROP_CALL_VOLTE_NUM,0.0,900,NRCell,Huawei
1696813200000,SNT002_01,ERAB_SR_DEN,630.0,900,NRCell,Huawei
1696813200000,SNT002_01,ERAB_SR_NUM,630.0,900,NRCell,Huawei
1696813200000,SNT002_01,INTEGRITY_NGBR_QCI_9,4284253896.0,900,NRCell,Huawei
1696813200000,SNT002_01,INTRA_FREQUENCY_HO_OUT_ATT,62.0,900,NRCell,Huawei
1696813200000,SNT002_01,INTRA_FREQUENCY_HO_OUT_SUCC,62.0,900,NRCell,Huawei
1696813200000,SNT002_01,RRC_SETUP_ATT,393.0,900,NRCell,Huawei
1696813200000,SNT002_01,RRC_SETUP_SUCC,392.0,900,NRCell,Huawei
1696813200000,SNT002_01,S1SIG_Connection_Setup_SR_DEN,392.0,900,NRCell,Huawei
1696813200000,SNT002_01,S1SIG_Connection_Setup_SR_NUM,391.0,900,NRCell,Huawei
1696813200000,SNT002_01,SERVICE_LATENCY_OVER_AIR_INTERFACE_DEN,141196.0,900,NRCell,Huawei
1696813200000,SNT002_01,SERVICE_LATENCY_OVER_AIR_INTERFACE_NUM,157136.0,900,NRCell,Huawei
1696813200000,SNT002_01,VOICE_TRAFFIC,12997.0,900,NRCell,Huawei
1696813200000,SNT002_01,VOLTE_CALL_SETUP_ATT,8.0,900,NRCell,Huawei
1696813200000,SNT002_01,VOLTE_CALL_SETUP_SUCC,8.0,900,NRCell,Huawei
1696813200000,TAR015_01,DCR_DEN,2382.0,900,NRCell,Huawei
1696813200000,TAR015_01,DCR_NUM,5.0,900,NRCell,Huawei
1696813200000,TAR015_01,DROP_CALL_VOLTE_DEN,20.0,900,NRCell,Huawei
1696813200000,TAR015_01,DROP_CALL_VOLTE_NUM,0.0,900,NRCell,Huawei
1696813200000,TAR015_01,ERAB_SR_DEN,2326.0,900,NRCell,Huawei
1696813200000,TAR015_01,ERAB_SR_NUM,2322.0,900,NRCell,Huawei
1696813200000,TAR015_01,INTEGRITY_NGBR_QCI_9,12276994736.0,900,NRCell,Huawei
1696813200000,TAR015_01,INTRA_FREQUENCY_HO_OUT_ATT,107.0,900,NRCell,Huawei
1696813200000,TAR015_01,INTRA_FREQUENCY_HO_OUT_SUCC,107.0,900,NRCell,Huawei
1696813200000,TAR015_01,RRC_SETUP_ATT,1296.0,900,NRCell,Huawei
1696813200000,TAR015_01,RRC_SETUP_SUCC,1296.0,900,NRCell,Huawei
1696813200000,TAR015_01,S1SIG_Connection_Setup_SR_DEN,1296.0,900,NRCell,Huawei
1696813200000,TAR015_01,S1SIG_Connection_Setup_SR_NUM,1296.0,900,NRCell,Huawei
1696813200000,TAR015_01,SERVICE_LATENCY_OVER_AIR_INTERFACE_DEN,366388.0,900,NRCell,Huawei
1696813200000,TAR015_01,SERVICE_LATENCY_OVER_AIR_INTERFACE_NUM,1598787.0,900,NRCell,Huawei
1696813200000,TAR015_01,VOICE_TRAFFIC,24008.0,900,NRCell,Huawei
1696813200000,TAR015_01,VOLTE_CALL_SETUP_ATT,21.0,900,NRCell,Huawei
1696813200000,TAR015_01,VOLTE_CALL_SETUP_SUCC,21.0,900,NRCell,Huawei
1696813200000,TOL034_01,DCR_DEN,86.0,900,NRCell,Huawei
1696813200000,TOL034_01,DCR_NUM,0.0,900,NRCell,Huawei
1696813200000,TOL034_01,DROP_CALL_VOLTE_DEN,1.0,900,NRCell,Huawei
1696813200000,TOL034_01,DROP_CALL_VOLTE_NUM,0.0,900,NRCell,Huawei
1696813200000,TOL034_01,ERAB_SR_DEN,83.0,900,NRCell,Huawei
1696813200000,TOL034_01,ERAB_SR_NUM,81.0,900,NRCell,Huawei
1696813200000,TOL034_01,INTEGRITY_NGBR_QCI_9,3544850808.0,900,NRCell,Huawei
1696813200000,TOL034_01,INTRA_FREQUENCY_HO_OUT_ATT,15.0,900,NRCell,Huawei
1696813200000,TOL034_01,INTRA_FREQUENCY_HO_OUT_SUCC,15.0,900,NRCell,Huawei
1696813200000,TOL034_01,RRC_SETUP_ATT,64.0,900,NRCell,Huawei
1696813200000,TOL034_01,RRC_SETUP_SUCC,64.0,900,NRCell,Huawei
1696813200000,TOL034_01,S1SIG_Connection_Setup_SR_DEN,64.0,900,NRCell,Huawei
1696813200000,TOL034_01,S1SIG_Connection_Setup_SR_NUM,64.0,900,NRCell,Huawei
1696813200000,TOL034_01,SERVICE_LATENCY_OVER_AIR_INTERFACE_DEN,74826.0,900,NRCell,Huawei
1696813200000,TOL034_01,SERVICE_LATENCY_OVER_AIR_INTERFACE_NUM,150913.0,900,NRCell,Huawei
1696813200000,TOL034_01,VOICE_TRAFFIC,7.0,900,NRCell,Huawei
1696813200000,TOL034_01,VOLTE_CALL_SETUP_ATT,1.0,900,NRCell,Huawei
1696813200000,TOL034_01,VOLTE_CALL_SETUP_SUCC,1.0,900,NRCell,Huawei
1696813200000,VAL002_01,DCR_DEN,24.0,900,NRCell,Huawei
1696813200000,VAL002_01,DCR_NUM,0.0,900,NRCell,Huawei
1696813200000,VAL002_01,DROP_CALL_VOLTE_DEN,0.0,900,NRCell,Huawei
1696813200000,VAL002_01,DROP_CALL_VOLTE_NUM,0.0,900,NRCell,Huawei
1696813200000,VAL002_01,ERAB_SR_DEN,24.0,900,NRCell,Huawei
1696813200000,VAL002_01,ERAB_SR_NUM,24.0,900,NRCell,Huawei
1696813200000,VAL002_01,INTEGRITY_NGBR_QCI_9,253504088.0,900,NRCell,Huawei
1696813200000,VAL002_01,INTRA_FREQUENCY_HO_OUT_ATT,3.0,900,NRCell,Huawei
1696813200000,VAL002_01,INTRA_FREQUENCY_HO_OUT_SUCC,3.0,900,NRCell,Huawei
1696813200000,VAL002_01,RRC_SETUP_ATT,21.0,900,NRCell,Huawei
1696813200000,VAL002_01,RRC_SETUP_SUCC,21.0,900,NRCell,Huawei
1696813200000,VAL002_01,S1SIG_Connection_Setup_SR_DEN,21.0,900,NRCell,Huawei
1696813200000,VAL002_01,S1SIG_Connection_Setup_SR_NUM,21.0,900,NRCell,Huawei
1696813200000,VAL002_01,SERVICE_LATENCY_OVER_AIR_INTERFACE_DEN,4861.0,900,NRCell,Huawei
1696813200000,VAL002_01,SERVICE_LATENCY_OVER_AIR_INTERFACE_NUM,5023.0,900,NRCell,Huawei
1696813200000,VAL002_01,VOICE_TRAFFIC,0.0,900,NRCell,Huawei
1696813200000,VAL002_01,VOLTE_CALL_SETUP_ATT,0.0,900,NRCell,Huawei
1696813200000,VAL002_01,VOLTE_CALL_SETUP_SUCC,0.0,900,NRCell,Huawei
