startTime,neId,counterCode,counterValue,granularity,neType,vendorName
1696709700000,BCN014_01,DCR_DEN,2747.0,900,NRCell,Huawei
1696709700000,BCN014_01,DCR_NUM,5.0,900,NRCell,Huawei
1696709700000,BCN014_01,DROP_CALL_VOLTE_DEN,19.0,900,NRCell,Huawei
1696709700000,BCN014_01,DROP_CALL_VOLTE_NUM,0.0,900,NRCell,Huawei
1696709700000,BCN014_01,ERAB_SR_DEN,2605.0,900,NRCell,Huawei
1696709700000,BCN014_01,ERAB_SR_NUM,2605.0,900,NRCell,Huawei
1696709700000,BCN014_01,INTEGRITY_NGBR_QCI_9,12974287464.0,900,NRCell,Huawei
1696709700000,BCN014_01,INTRA_FREQUENCY_HO_OUT_ATT,281.0,900,NRCell,Huawei
1696709700000,BCN014_01,INTRA_FREQUENCY_HO_OUT_SUCC,281.0,900,NRCell,Huawei
1696709700000,BCN014_01,RRC_SETUP_ATT,1592.0,900,NRCell,Huawei
1696709700000,BCN014_01,RRC_SETUP_SUCC,1586.0,900,NRCell,Huawei
1696709700000,BCN014_01,S1SIG_Connection_Setup_SR_DEN,1586.0,900,NRCell,Huawei
1696709700000,BCN014_01,S1SIG_Connection_Setup_SR_NUM,1586.0,900,NRCell,Huawei
1696709700000,BCN014_01,SERVICE_LATENCY_OVER_AIR_INTERFACE_DEN,284945.0,900,NRCell,Huawei
1696709700000,BCN014_01,SERVICE_LATENCY_OVER_AIR_INTERFACE_NUM,661841.0,900,NRCell,Huawei
1696709700000,BCN014_01,VOICE_TRAFFIC,6918.0,900,NRCell,Huawei
1696709700000,BCN014_01,VOLTE_CALL_SETUP_ATT,13.0,900,NRCell,Huawei
1696709700000,BCN014_01,VOLTE_CALL_SETUP_SUCC,13.0,900,NRCell,Huawei
1696709700000,BIL001_01,DCR_DEN,2759.0,900,NRCell,Huawei
1696709700000,BIL001_01,DCR_NUM,2.0,900,NRCell,Huawei
1696709700000,BIL001_01,DROP_CALL_VOLTE_DEN,16.0,900,NRCell,Huawei
1696709700000,BIL001_01,DROP_CALL_VOLTE_NUM,0.0,900,NRCell,Huawei
1696709700000,BIL001_01,ERAB_SR_DEN,2780.0,900,NRCell,Huawei
1696709700000,BIL001_01,ERAB_SR_NUM,2778.0,900,NRCell,Huawei
1696709700000,BIL001_01,INTEGRITY_NGBR_QCI_9,12215073992.0,900,NRCell,Huawei
1696709700000,BIL001_01,INTRA_FREQUENCY_HO_OUT_ATT,266.0,900,NRCell,Huawei
1696709700000,BIL001_01,INTRA_FREQUENCY_HO_OUT_SUCC,265.0,900,NRCell,Huawei
1696709700000,BIL001_01,RRC_SETUP_ATT,1673.0,900,NRCell,Huawei
1696709700000,BIL001_01,RRC_SETUP_SUCC,1657.0,900,NRCell,Huawei
1696709700000,BIL001_01,S1SIG_Connection_Setup_SR_DEN,1657.0,900,NRCell,Huawei
1696709700000,BIL001_01,S1SIG_Connection_Setup_SR_NUM,1656.0,900,NRCell,Huawei
1696709700000,BIL001_01,SERVICE_LATENCY_OVER_AIR_INTERFACE_DEN,256315.0,900,NRCell,Huawei
1696709700000,BIL001_01,SERVICE_LATENCY_OVER_AIR_INTERFACE_NUM,793976.0,900,NRCell,Huawei
1696709700000,BIL001_01,VOICE_TRAFFIC,15607.0,900,NRCell,Huawei
1696709700000,BIL001_01,VOLTE_CALL_SETUP_ATT,17.0,900,NRCell,Huawei
1696709700000,BIL001_01,VOLTE_CALL_SETUP_SUCC,17.0,900,NRCell,Huawei
1696709700000,MAD033_01,DCR_DEN,1342.0,900,NRCell,Huawei
1696709700000,MAD033_01,DCR_NUM,0.0,900,NRCell,Huawei
1696709700000,MAD033_01,DROP_CALL_VOLTE_DEN,18.0,900,NRCell,Huawei
1696709700000,MAD033_01,DROP_CALL_VOLTE_NUM,0.0,900,NRCell,Huawei
1696709700000,MAD033_01,ERAB_SR_DEN,1341.0,900,NRCell,Huawei
1696709700000,MAD033_01,ERAB_SR_NUM,1341.0,900,NRCell,Huawei
1696709700000,MAD033_01,INTEGRITY_NGBR_QCI_9,5883654488.0,900,NRCell,Huawei
1696709700000,MAD033_01,INTRA_FREQUENCY_HO_OUT_ATT,131.0,900,NRCell,Huawei
1696709700000,MAD033_01,INTRA_FREQUENCY_HO_OUT_SUCC,131.0,900,NRCell,Huawei
1696709700000,MAD033_01,RRC_SETUP_ATT,782.0,900,NRCell,Huawei
1696709700000,MAD033_01,RRC_SETUP_SUCC,780.0,900,NRCell,Huawei
1696709700000,MAD033_01,S1SIG_Connection_Setup_SR_DEN,780.0,900,NRCell,Huawei
1696709700000,MAD033_01,S1SIG_Connection_Setup_SR_NUM,780.0,900,NRCell,Huawei
1696709700000,MAD033_01,SERVICE_LATENCY_OVER_AIR_INTERFACE_DEN,171756.0,900,NRCell,Huawei
1696709700000,MAD033_01,SERVICE_LATENCY_OVER_AIR_INTERFACE_NUM,230721.0,900,NRCell,Huawei
1696709700000,MAD033_01,VOICE_TRAFFIC,6672.0,900,NRCell,Huawei
1696709700000,MAD033_01,VOLTE_CALL_SETUP_ATT,15.0,900,NRCell,Huawei
1696709700000,MAD033_01,VOLTE_CALL_SETUP_SUCC,15.0,900,NRCell,Huawei
1696709700000,SAL030_01,DCR_DEN,215.0,900,NRCell,Huawei
1696709700000,SAL030_01,DCR_NUM,0.0,900,NRCell,Huawei
1696709700000,SAL030_01,DROP_CALL_VOLTE_DEN,5.0,900,NRCell,Huawei
1696709700000,SAL030_01,DROP_CALL_VOLTE_NUM,0.0,900,NRCell,Huawei
1696709700000,SAL030_01,ERAB_SR_DEN,214.0,900,NRCell,Huawei
1696709700000,SAL030_01,ERAB_SR_NUM,214.0,900,NRCell,Huawei
1696709700000,SAL030_01,INTEGRITY_NGBR_QCI_9,759852472.0,900,NRCell,Huawei
1696709700000,SAL030_01,INTRA_FREQUENCY_HO_OUT_ATT,20.0,900,NRCell,Huawei
1696709700000,SAL030_01,INTRA_FREQUENCY_HO_OUT_SUCC,20.0,900,NRCell,Huawei
1696709700000,SAL030_01,RRC_SETUP_ATT,106.0,900,NRCell,Huawei
1696709700000,SAL030_01,RRC_SETUP_SUCC,106.0,900,NRCell,Huawei
1696709700000,SAL030_01,S1SIG_Connection_Setup_SR_DEN,106.0,900,NRCell,Huawei
1696709700000,SAL030_01,S1SIG_Connection_Setup_SR_NUM,106.0,900,NRCell,Huawei
1696709700000,SAL030_01,SERVICE_LATENCY_OVER_AIR_INTERFACE_DEN,28716.0,900,NRCell,Huawei
1696709700000,SAL030_01,SERVICE_LATENCY_OVER_AIR_INTERFACE_NUM,78388.0,900,NRCell,Huawei
1696709700000,SAL030_01,VOICE_TRAFFIC,3199.0,900,NRCell,Huawei
1696709700000,SAL030_01,VOLTE_CALL_SETUP_ATT,5.0,900,NRCell,Huawei
1696709700000,SAL030_01,VOLTE_CALL_SETUP_SUCC,5.0,900,NRCell,Huawei
1696709700000,SEV001_01,DCR_DEN,3177.0,900,NRCell,Huawei
1696709700000,SEV001_01,DCR_NUM,0.0,900,NRCell,Huawei
1696709700000,SEV001_01,DROP_CALL_VOLTE_DEN,24.0,900,NRCell,Huawei
1696709700000,SEV001_01,DROP_CALL_VOLTE_NUM,0.0,900,NRCell,Huawei
1696709700000,SEV001_01,ERAB_SR_DEN,3166.0,900,NRCell,Huawei
1696709700000,SEV001_01,ERAB_SR_NUM,3166.0,900,NRCell,Huawei
1696709700000,SEV001_01,INTEGRITY_NGBR_QCI_9,17810129592.0,900,NRCell,Huawei
1696709700000,SEV001_01,INTRA_FREQUENCY_HO_OUT_ATT,138.0,900,NRCell,Huawei
1696709700000,SEV001_01,INTRA_FREQUENCY_HO_OUT_SUCC,138.0,900,NRCell,Huawei
1696709700000,SEV001_01,RRC_SETUP_ATT,1759.0,900,NRCell,Huawei
1696709700000,SEV001_01,RRC_SETUP_SUCC,1758.0,900,NRCell,Huawei
1696709700000,SEV001_01,S1SIG_Connection_Setup_SR_DEN,1758.0,900,NRCell,Huawei
1696709700000,SEV001_01,S1SIG_Connection_Setup_SR_NUM,1757.0,900,NRCell,Huawei
1696709700000,SEV001_01,SERVICE_LATENCY_OVER_AIR_INTERFACE_DEN,554430.0,900,NRCell,Huawei
1696709700000,SEV001_01,SERVICE_LATENCY_OVER_AIR_INTERFACE_NUM,1172713.0,900,NRCell,Huawei
1696709700000,SEV001_01,VOICE_TRAFFIC,39461.0,900,NRCell,Huawei
1696709700000,SEV001_01,VOLTE_CALL_SETUP_ATT,18.0,900,NRCell,Huawei
1696709700000,SEV001_01,VOLTE_CALL_SETUP_SUCC,18.0,900,NRCell,Huawei
1696709700000,SNT002_01,DCR_DEN,1185.0,900,NRCell,Huawei
1696709700000,SNT002_01,DCR_NUM,0.0,900,NRCell,Huawei
1696709700000,SNT002_01,DROP_CALL_VOLTE_DEN,15.0,900,NRCell,Huawei
1696709700000,SNT002_01,DROP_CALL_VOLTE_NUM,0.0,900,NRCell,Huawei
1696709700000,SNT002_01,ERAB_SR_DEN,1228.0,900,NRCell,Huawei
1696709700000,SNT002_01,ERAB_SR_NUM,1226.0,900,NRCell,Huawei
1696709700000,SNT002_01,INTEGRITY_NGBR_QCI_9,3294161720.0,900,NRCell,Huawei
1696709700000,SNT002_01,INTRA_FREQUENCY_HO_OUT_ATT,105.0,900,NRCell,Huawei
1696709700000,SNT002_01,INTRA_FREQUENCY_HO_OUT_SUCC,105.0,900,NRCell,Huawei
1696709700000,SNT002_01,RRC_SETUP_ATT,721.0,900,NRCell,Huawei
1696709700000,SNT002_01,RRC_SETUP_SUCC,720.0,900,NRCell,Huawei
1696709700000,SNT002_01,S1SIG_Connection_Setup_SR_DEN,720.0,900,NRCell,Huawei
1696709700000,SNT002_01,S1SIG_Connection_Setup_SR_NUM,720.0,900,NRCell,Huawei
1696709700000,SNT002_01,SERVICE_LATENCY_OVER_AIR_INTERFACE_DEN,124648.0,900,NRCell,Huawei
1696709700000,SNT002_01,SERVICE_LATENCY_OVER_AIR_INTERFACE_NUM,172302.0,900,NRCell,Huawei
1696709700000,SNT002_01,VOICE_TRAFFIC,16786.0,900,NRCell,Huawei
1696709700000,SNT002_01,VOLTE_CALL_SETUP_ATT,17.0,900,NRCell,Huawei
1696709700000,SNT002_01,VOLTE_CALL_SETUP_SUCC,17.0,900,NRCell,Huawei
1696709700000,TAR015_01,DCR_DEN,3600.0,900,NRCell,Huawei
1696709700000,TAR015_01,DCR_NUM,4.0,900,NRCell,Huawei
1696709700000,TAR015_01,DROP_CALL_VOLTE_DEN,39.0,900,NRCell,Huawei
1696709700000,TAR015_01,DROP_CALL_VOLTE_NUM,0.0,900,NRCell,Huawei
1696709700000,TAR015_01,ERAB_SR_DEN,3478.0,900,NRCell,Huawei
1696709700000,TAR015_01,ERAB_SR_NUM,3478.0,900,NRCell,Huawei
1696709700000,TAR015_01,INTEGRITY_NGBR_QCI_9,15808796952.0,900,NRCell,Huawei
1696709700000,TAR015_01,INTRA_FREQUENCY_HO_OUT_ATT,178.0,900,NRCell,Huawei
1696709700000,TAR015_01,INTRA_FREQUENCY_HO_OUT_SUCC,178.0,900,NRCell,Huawei
1696709700000,TAR015_01,RRC_SETUP_ATT,1886.0,900,NRCell,Huawei
1696709700000,TAR015_01,RRC_SETUP_SUCC,1886.0,900,NRCell,Huawei
1696709700000,TAR015_01,S1SIG_Connection_Setup_SR_DEN,1886.0,900,NRCell,Huawei
1696709700000,TAR015_01,S1SIG_Connection_Setup_SR_NUM,1885.0,900,NRCell,Huawei
1696709700000,TAR015_01,SERVICE_LATENCY_OVER_AIR_INTERFACE_DEN,592328.0,900,NRCell,Huawei
1696709700000,TAR015_01,SERVICE_LATENCY_OVER_AIR_INTERFACE_NUM,4065307.0,900,NRCell,Huawei
1696709700000,TAR015_01,VOICE_TRAFFIC,33275.0,900,NRCell,Huawei
1696709700000,TAR015_01,VOLTE_CALL_SETUP_ATT,38.0,900,NRCell,Huawei
1696709700000,TAR015_01,VOLTE_CALL_SETUP_SUCC,38.0,900,NRCell,Huawei
1696709700000,TOL034_01,DCR_DEN,181.0,900,NRCell,Huawei
1696709700000,TOL034_01,DCR_NUM,0.0,900,NRCell,Huawei
1696709700000,TOL034_01,DROP_CALL_VOLTE_DEN,3.0,900,NRCell,Huawei
1696709700000,TOL034_01,DROP_CALL_VOLTE_NUM,0.0,900,NRCell,Huawei
1696709700000,TOL034_01,ERAB_SR_DEN,170.0,900,NRCell,Huawei
1696709700000,TOL034_01,ERAB_SR_NUM,168.0,900,NRCell,Huawei
1696709700000,TOL034_01,INTEGRITY_NGBR_QCI_9,1917700816.0,900,NRCell,Huawei
1696709700000,TOL034_01,INTRA_FREQUENCY_HO_OUT_ATT,15.0,900,NRCell,Huawei
1696709700000,TOL034_01,INTRA_FREQUENCY_HO_OUT_SUCC,15.0,900,NRCell,Huawei
1696709700000,TOL034_01,RRC_SETUP_ATT,129.0,900,NRCell,Huawei
1696709700000,TOL034_01,RRC_SETUP_SUCC,129.0,900,NRCell,Huawei
1696709700000,TOL034_01,S1SIG_Connection_Setup_SR_DEN,129.0,900,NRCell,Huawei
1696709700000,TOL034_01,S1SIG_Connection_Setup_SR_NUM,128.0,900,NRCell,Huawei
1696709700000,TOL034_01,SERVICE_LATENCY_OVER_AIR_INTERFACE_DEN,44234.0,900,NRCell,Huawei
1696709700000,TOL034_01,SERVICE_LATENCY_OVER_AIR_INTERFACE_NUM,59810.0,900,NRCell,Huawei
1696709700000,TOL034_01,VOICE_TRAFFIC,1240.0,900,NRCell,Huawei
1696709700000,TOL034_01,VOLTE_CALL_SETUP_ATT,1.0,900,NRCell,Huawei
1696709700000,TOL034_01,VOLTE_CALL_SETUP_SUCC,1.0,900,NRCell,Huawei
1696709700000,VAL002_01,DCR_DEN,35.0,900,NRCell,Huawei
1696709700000,VAL002_01,DCR_NUM,0.0,900,NRCell,Huawei
1696709700000,VAL002_01,DROP_CALL_VOLTE_DEN,0.0,900,NRCell,Huawei
1696709700000,VAL002_01,DROP_CALL_VOLTE_NUM,0.0,900,NRCell,Huawei
1696709700000,VAL002_01,ERAB_SR_DEN,36.0,900,NRCell,Huawei
1696709700000,VAL002_01,ERAB_SR_NUM,36.0,900,NRCell,Huawei
1696709700000,VAL002_01,INTEGRITY_NGBR_QCI_9,383149824.0,900,NRCell,Huawei
1696709700000,VAL002_01,INTRA_FREQUENCY_HO_OUT_ATT,4.0,900,NRCell,Huawei
1696709700000,VAL002_01,INTRA_FREQUENCY_HO_OUT_SUCC,4.0,900,NRCell,Huawei
1696709700000,VAL002_01,RRC_SETUP_ATT,35.0,900,NRCell,Huawei
1696709700000,VAL002_01,RRC_SETUP_SUCC,35.0,900,NRCell,Huawei
1696709700000,VAL002_01,S1SIG_Connection_Setup_SR_DEN,35.0,900,NRCell,Huawei
1696709700000,VAL002_01,S1SIG_Connection_Setup_SR_NUM,35.0,900,NRCell,Huawei
1696709700000,VAL002_01,SERVICE_LATENCY_OVER_AIR_INTERFACE_DEN,5731.0,900,NRCell,Huawei
1696709700000,VAL002_01,SERVICE_LATENCY_OVER_AIR_INTERFACE_NUM,10053.0,900,NRCell,Huawei
1696709700000,VAL002_01,VOICE_TRAFFIC,522.0,900,NRCell,Huawei
1696709700000,VAL002_01,VOLTE_CALL_SETUP_ATT,0.0,900,NRCell,Huawei
1696709700000,VAL002_01,VOLTE_CALL_SETUP_SUCC,0.0,900,NRCell,Huawei
