startTime,neId,counterCode,counterValue,granularity,neType,vendorName
1696575600000,BCN014_01,DCR_DEN,1043.0,900,NRCell,Huawei
1696575600000,BCN014_01,DCR_NUM,0.0,900,NRCell,Huawei
1696575600000,BCN014_01,DROP_CALL_VOLTE_DEN,0.0,900,NRCell,Huawei
1696575600000,BCN014_01,DROP_CALL_VOLTE_NUM,0.0,900,NRCell,Huawei
1696575600000,BCN014_01,ERAB_SR_DEN,1037.0,900,NRCell,Huawei
1696575600000,BCN014_01,ERAB_SR_NUM,1037.0,900,NRCell,Huawei
1696575600000,BCN014_01,INTEGRITY_NGBR_QCI_9,3954767776.0,900,NRCell,Huawei
1696575600000,BCN014_01,INTRA_FREQUENCY_HO_OUT_ATT,18.0,900,NRCell,Huawei
1696575600000,BCN014_01,INTRA_FREQUENCY_HO_OUT_SUCC,18.0,900,NRCell,Huawei
1696575600000,BCN014_01,RRC_SETUP_ATT,632.0,900,NRCell,Huawei
1696575600000,BCN014_01,RRC_SETUP_SUCC,632.0,900,NRCell,Huawei
1696575600000,BCN014_01,S1SIG_Connection_Setup_SR_DEN,632.0,900,NRCell,Huawei
1696575600000,BCN014_01,S1SIG_Connection_Setup_SR_NUM,632.0,900,NRCell,Huawei
1696575600000,BCN014_01,SERVICE_LATENCY_OVER_AIR_INTERFACE_DEN,177232.0,900,NRCell,Huawei
1696575600000,BCN014_01,SERVICE_LATENCY_OVER_AIR_INTERFACE_NUM,201446.0,900,NRCell,Huawei
1696575600000,BCN014_01,VOICE_TRAFFIC,3601.0,900,NRCell,Huawei
1696575600000,BCN014_01,VOLTE_CALL_SETUP_ATT,0.0,900,NRCell,Huawei
1696575600000,BCN014_01,VOLTE_CALL_SETUP_SUCC,0.0,900,NRCell,Huawei
1696575600000,BIL001_01,DCR_DEN,859.0,900,NRCell,Huawei
1696575600000,BIL001_01,DCR_NUM,0.0,900,NRCell,Huawei
1696575600000,BIL001_01,DROP_CALL_VOLTE_DEN,4.0,900,NRCell,Huawei
1696575600000,BIL001_01,DROP_CALL_VOLTE_NUM,0.0,900,NRCell,Huawei
1696575600000,BIL001_01,ERAB_SR_DEN,846.0,900,NRCell,Huawei
1696575600000,BIL001_01,ERAB_SR_NUM,846.0,900,NRCell,Huawei
1696575600000,BIL001_01,INTEGRITY_NGBR_QCI_9,3031395760.0,900,NRCell,Huawei
1696575600000,BIL001_01,INTRA_FREQUENCY_HO_OUT_ATT,8.0,900,NRCell,Huawei
1696575600000,BIL001_01,INTRA_FREQUENCY_HO_OUT_SUCC,8.0,900,NRCell,Huawei
1696575600000,BIL001_01,RRC_SETUP_ATT,552.0,900,NRCell,Huawei
1696575600000,BIL001_01,RRC_SETUP_SUCC,552.0,900,NRCell,Huawei
1696575600000,BIL001_01,S1SIG_Connection_Setup_SR_DEN,552.0,900,NRCell,Huawei
1696575600000,BIL001_01,S1SIG_Connection_Setup_SR_NUM,552.0,900,NRCell,Huawei
1696575600000,BIL001_01,SERVICE_LATENCY_OVER_AIR_INTERFACE_DEN,109198.0,900,NRCell,Huawei
1696575600000,BIL001_01,SERVICE_LATENCY_OVER_AIR_INTERFACE_NUM,123053.0,900,NRCell,Huawei
1696575600000,BIL001_01,VOICE_TRAFFIC,2218.0,900,NRCell,Huawei
1696575600000,BIL001_01,VOLTE_CALL_SETUP_ATT,3.0,900,NRCell,Huawei
1696575600000,BIL001_01,VOLTE_CALL_SETUP_SUCC,3.0,900,NRCell,Huawei
1696575600000,MAD033_01,DCR_DEN,531.0,900,NRCell,Huawei
1696575600000,MAD033_01,DCR_NUM,0.0,900,NRCell,Huawei
1696575600000,MAD033_01,DROP_CALL_VOLTE_DEN,0.0,900,NRCell,Huawei
1696575600000,MAD033_01,DROP_CALL_VOLTE_NUM,0.0,900,NRCell,Huawei
1696575600000,MAD033_01,ERAB_SR_DEN,527.0,900,NRCell,Huawei
1696575600000,MAD033_01,ERAB_SR_NUM,527.0,900,NRCell,Huawei
1696575600000,MAD033_01,INTEGRITY_NGBR_QCI_9,459286168.0,900,NRCell,Huawei
1696575600000,MAD033_01,INTRA_FREQUENCY_HO_OUT_ATT,11.0,900,NRCell,Huawei
1696575600000,MAD033_01,INTRA_FREQUENCY_HO_OUT_SUCC,11.0,900,NRCell,Huawei
1696575600000,MAD033_01,RRC_SETUP_ATT,326.0,900,NRCell,Huawei
1696575600000,MAD033_01,RRC_SETUP_SUCC,326.0,900,NRCell,Huawei
1696575600000,MAD033_01,S1SIG_Connection_Setup_SR_DEN,326.0,900,NRCell,Huawei
1696575600000,MAD033_01,S1SIG_Connection_Setup_SR_NUM,326.0,900,NRCell,Huawei
1696575600000,MAD033_01,SERVICE_LATENCY_OVER_AIR_INTERFACE_DEN,32085.0,900,NRCell,Huawei
1696575600000,MAD033_01,SERVICE_LATENCY_OVER_AIR_INTERFACE_NUM,35257.0,900,NRCell,Huawei
1696575600000,MAD033_01,VOICE_TRAFFIC,0.0,900,NRCell,Huawei
1696575600000,MAD033_01,VOLTE_CALL_SETUP_ATT,0.0,900,NRCell,Huawei
1696575600000,MAD033_01,VOLTE_CALL_SETUP_SUCC,0.0,900,NRCell,Huawei
1696575600000,SAL030_01,DCR_DEN,63.0,900,NRCell,Huawei
1696575600000,SAL030_01,DCR_NUM,0.0,900,NRCell,Huawei
1696575600000,SAL030_01,DROP_CALL_VOLTE_DEN,0.0,900,NRCell,Huawei
1696575600000,SAL030_01,DROP_CALL_VOLTE_NUM,0.0,900,NRCell,Huawei
1696575600000,SAL030_01,ERAB_SR_DEN,61.0,900,NRCell,Huawei
1696575600000,SAL030_01,ERAB_SR_NUM,61.0,900,NRCell,Huawei
1696575600000,SAL030_01,INTEGRITY_NGBR_QCI_9,3471288.0,900,NRCell,Huawei
1696575600000,SAL030_01,INTRA_FREQUENCY_HO_OUT_ATT,0.0,900,NRCell,Huawei
1696575600000,SAL030_01,INTRA_FREQUENCY_HO_OUT_SUCC,0.0,900,NRCell,Huawei
1696575600000,SAL030_01,RRC_SETUP_ATT,34.0,900,NRCell,Huawei
1696575600000,SAL030_01,RRC_SETUP_SUCC,34.0,900,NRCell,Huawei
1696575600000,SAL030_01,S1SIG_Connection_Setup_SR_DEN,34.0,900,NRCell,Huawei
1696575600000,SAL030_01,S1SIG_Connection_Setup_SR_NUM,34.0,900,NRCell,Huawei
1696575600000,SAL030_01,SERVICE_LATENCY_OVER_AIR_INTERFACE_DEN,1154.0,900,NRCell,Huawei
1696575600000,SAL030_01,SERVICE_LATENCY_OVER_AIR_INTERFACE_NUM,2655.0,900,NRCell,Huawei
1696575600000,SAL030_01,VOICE_TRAFFIC,0.0,900,NRCell,Huawei
1696575600000,SAL030_01,VOLTE_CALL_SETUP_ATT,0.0,900,NRCell,Huawei
1696575600000,SAL030_01,VOLTE_CALL_SETUP_SUCC,0.0,900,NRCell,Huawei
1696575600000,SEV001_01,DCR_DEN,2001.0,900,NRCell,Huawei
1696575600000,SEV001_01,DCR_NUM,0.0,900,NRCell,Huawei
1696575600000,SEV001_01,DROP_CALL_VOLTE_DEN,0.0,900,NRCell,Huawei
1696575600000,SEV001_01,DROP_CALL_VOLTE_NUM,0.0,900,NRCell,Huawei
1696575600000,SEV001_01,ERAB_SR_DEN,1999.0,900,NRCell,Huawei
1696575600000,SEV001_01,ERAB_SR_NUM,1999.0,900,NRCell,Huawei
1696575600000,SEV001_01,INTEGRITY_NGBR_QCI_9,3348446576.0,900,NRCell,Huawei
1696575600000,SEV001_01,INTRA_FREQUENCY_HO_OUT_ATT,6.0,900,NRCell,Huawei
1696575600000,SEV001_01,INTRA_FREQUENCY_HO_OUT_SUCC,6.0,900,NRCell,Huawei
1696575600000,SEV001_01,RRC_SETUP_ATT,1119.0,900,NRCell,Huawei
1696575600000,SEV001_01,RRC_SETUP_SUCC,1119.0,900,NRCell,Huawei
1696575600000,SEV001_01,S1SIG_Connection_Setup_SR_DEN,1119.0,900,NRCell,Huawei
1696575600000,SEV001_01,S1SIG_Connection_Setup_SR_NUM,1119.0,900,NRCell,Huawei
1696575600000,SEV001_01,SERVICE_LATENCY_OVER_AIR_INTERFACE_DEN,73457.0,900,NRCell,Huawei
1696575600000,SEV001_01,SERVICE_LATENCY_OVER_AIR_INTERFACE_NUM,115797.0,900,NRCell,Huawei
1696575600000,SEV001_01,VOICE_TRAFFIC,0.0,900,NRCell,Huawei
1696575600000,SEV001_01,VOLTE_CALL_SETUP_ATT,0.0,900,NRCell,Huawei
1696575600000,SEV001_01,VOLTE_CALL_SETUP_SUCC,0.0,900,NRCell,Huawei
1696575600000,SNT002_01,DCR_DEN,604.0,900,NRCell,Huawei
1696575600000,SNT002_01,DCR_NUM,0.0,900,NRCell,Huawei
1696575600000,SNT002_01,DROP_CALL_VOLTE_DEN,0.0,900,NRCell,Huawei
1696575600000,SNT002_01,DROP_CALL_VOLTE_NUM,0.0,900,NRCell,Huawei
1696575600000,SNT002_01,ERAB_SR_DEN,610.0,900,NRCell,Huawei
1696575600000,SNT002_01,ERAB_SR_NUM,610.0,900,NRCell,Huawei
1696575600000,SNT002_01,INTEGRITY_NGBR_QCI_9,2048195544.0,900,NRCell,Huawei
1696575600000,SNT002_01,INTRA_FREQUENCY_HO_OUT_ATT,5.0,900,NRCell,Huawei
1696575600000,SNT002_01,INTRA_FREQUENCY_HO_OUT_SUCC,5.0,900,NRCell,Huawei
1696575600000,SNT002_01,RRC_SETUP_ATT,364.0,900,NRCell,Huawei
1696575600000,SNT002_01,RRC_SETUP_SUCC,364.0,900,NRCell,Huawei
1696575600000,SNT002_01,S1SIG_Connection_Setup_SR_DEN,364.0,900,NRCell,Huawei
1696575600000,SNT002_01,S1SIG_Connection_Setup_SR_NUM,364.0,900,NRCell,Huawei
1696575600000,SNT002_01,SERVICE_LATENCY_OVER_AIR_INTERFACE_DEN,51794.0,900,NRCell,Huawei
1696575600000,SNT002_01,SERVICE_LATENCY_OVER_AIR_INTERFACE_NUM,53289.0,900,NRCell,Huawei
1696575600000,SNT002_01,VOICE_TRAFFIC,0.0,900,NRCell,Huawei
1696575600000,SNT002_01,VOLTE_CALL_SETUP_ATT,0.0,900,NRCell,Huawei
1696575600000,SNT002_01,VOLTE_CALL_SETUP_SUCC,0.0,900,NRCell,Huawei
1696575600000,TAR015_01,DCR_DEN,2311.0,900,NRCell,Huawei
1696575600000,TAR015_01,DCR_NUM,0.0,900,NRCell,Huawei
1696575600000,TAR015_01,DROP_CALL_VOLTE_DEN,2.0,900,NRCell,Huawei
1696575600000,TAR015_01,DROP_CALL_VOLTE_NUM,0.0,900,NRCell,Huawei
1696575600000,TAR015_01,ERAB_SR_DEN,2276.0,900,NRCell,Huawei
1696575600000,TAR015_01,ERAB_SR_NUM,2276.0,900,NRCell,Huawei
1696575600000,TAR015_01,INTEGRITY_NGBR_QCI_9,6589239152.0,900,NRCell,Huawei
1696575600000,TAR015_01,INTRA_FREQUENCY_HO_OUT_ATT,8.0,900,NRCell,Huawei
1696575600000,TAR015_01,INTRA_FREQUENCY_HO_OUT_SUCC,8.0,900,NRCell,Huawei
1696575600000,TAR015_01,RRC_SETUP_ATT,1266.0,900,NRCell,Huawei
1696575600000,TAR015_01,RRC_SETUP_SUCC,1266.0,900,NRCell,Huawei
1696575600000,TAR015_01,S1SIG_Connection_Setup_SR_DEN,1266.0,900,NRCell,Huawei
1696575600000,TAR015_01,S1SIG_Connection_Setup_SR_NUM,1266.0,900,NRCell,Huawei
1696575600000,TAR015_01,SERVICE_LATENCY_OVER_AIR_INTERFACE_DEN,224612.0,900,NRCell,Huawei
1696575600000,TAR015_01,SERVICE_LATENCY_OVER_AIR_INTERFACE_NUM,277958.0,900,NRCell,Huawei
1696575600000,TAR015_01,VOICE_TRAFFIC,4298.0,900,NRCell,Huawei
1696575600000,TAR015_01,VOLTE_CALL_SETUP_ATT,2.0,900,NRCell,Huawei
1696575600000,TAR015_01,VOLTE_CALL_SETUP_SUCC,2.0,900,NRCell,Huawei
1696575600000,TOL034_01,DCR_DEN,31.0,900,NRCell,Huawei
1696575600000,TOL034_01,DCR_NUM,0.0,900,NRCell,Huawei
1696575600000,TOL034_01,DROP_CALL_VOLTE_DEN,0.0,900,NRCell,Huawei
1696575600000,TOL034_01,DROP_CALL_VOLTE_NUM,0.0,900,NRCell,Huawei
1696575600000,TOL034_01,ERAB_SR_DEN,30.0,900,NRCell,Huawei
1696575600000,TOL034_01,ERAB_SR_NUM,30.0,900,NRCell,Huawei
1696575600000,TOL034_01,INTEGRITY_NGBR_QCI_9,111481384.0,900,NRCell,Huawei
1696575600000,TOL034_01,INTRA_FREQUENCY_HO_OUT_ATT,1.0,900,NRCell,Huawei
1696575600000,TOL034_01,INTRA_FREQUENCY_HO_OUT_SUCC,1.0,900,NRCell,Huawei
1696575600000,TOL034_01,RRC_SETUP_ATT,23.0,900,NRCell,Huawei
1696575600000,TOL034_01,RRC_SETUP_SUCC,22.0,900,NRCell,Huawei
1696575600000,TOL034_01,S1SIG_Connection_Setup_SR_DEN,22.0,900,NRCell,Huawei
1696575600000,TOL034_01,S1SIG_Connection_Setup_SR_NUM,22.0,900,NRCell,Huawei
1696575600000,TOL034_01,SERVICE_LATENCY_OVER_AIR_INTERFACE_DEN,5922.0,900,NRCell,Huawei
1696575600000,TOL034_01,SERVICE_LATENCY_OVER_AIR_INTERFACE_NUM,8021.0,900,NRCell,Huawei
1696575600000,TOL034_01,VOICE_TRAFFIC,0.0,900,NRCell,Huawei
1696575600000,TOL034_01,VOLTE_CALL_SETUP_ATT,0.0,900,NRCell,Huawei
1696575600000,TOL034_01,VOLTE_CALL_SETUP_SUCC,0.0,900,NRCell,Huawei
1696575600000,VAL002_01,DCR_DEN,10.0,900,NRCell,Huawei
1696575600000,VAL002_01,DCR_NUM,0.0,900,NRCell,Huawei
1696575600000,VAL002_01,DROP_CALL_VOLTE_DEN,0.0,900,NRCell,Huawei
1696575600000,VAL002_01,DROP_CALL_VOLTE_NUM,0.0,900,NRCell,Huawei
1696575600000,VAL002_01,ERAB_SR_DEN,8.0,900,NRCell,Huawei
1696575600000,VAL002_01,ERAB_SR_NUM,8.0,900,NRCell,Huawei
1696575600000,VAL002_01,INTEGRITY_NGBR_QCI_9,578520.0,900,NRCell,Huawei
1696575600000,VAL002_01,INTRA_FREQUENCY_HO_OUT_ATT,0.0,900,NRCell,Huawei
1696575600000,VAL002_01,INTRA_FREQUENCY_HO_OUT_SUCC,0.0,900,NRCell,Huawei
1696575600000,VAL002_01,RRC_SETUP_ATT,8.0,900,NRCell,Huawei
1696575600000,VAL002_01,RRC_SETUP_SUCC,8.0,900,NRCell,Huawei
1696575600000,VAL002_01,S1SIG_Connection_Setup_SR_DEN,8.0,900,NRCell,Huawei
1696575600000,VAL002_01,S1SIG_Connection_Setup_SR_NUM,8.0,900,NRCell,Huawei
1696575600000,VAL002_01,SERVICE_LATENCY_OVER_AIR_INTERFACE_DEN,365.0,900,NRCell,Huawei
1696575600000,VAL002_01,SERVICE_LATENCY_OVER_AIR_INTERFACE_NUM,984.0,900,NRCell,Huawei
1696575600000,VAL002_01,VOICE_TRAFFIC,0.0,900,NRCell,Huawei
1696575600000,VAL002_01,VOLTE_CALL_SETUP_ATT,0.0,900,NRCell,Huawei
1696575600000,VAL002_01,VOLTE_CALL_SETUP_SUCC,0.0,900,NRCell,Huawei
