startTime,neId,counterCode,counterValue,granularity,neType,vendorName
1696636800000,BCN014_01,DCR_DEN,3585.0,900,NRCell,Huawei
1696636800000,BCN014_01,DCR_NUM,6.0,900,NRCell,Huawei
1696636800000,BCN014_01,DROP_CALL_VOLTE_DEN,27.0,900,NRCell,Huawei
1696636800000,BCN014_01,DROP_CALL_VOLTE_NUM,0.0,900,NRCell,Huawei
1696636800000,BCN014_01,ERAB_SR_DEN,3587.0,900,NRCell,Huawei
1696636800000,BCN014_01,ERAB_SR_NUM,3578.0,900,NRCell,Huawei
1696636800000,BCN014_01,INTEGRITY_NGBR_QCI_9,15504810184.0,900,NRCell,Huawei
1696636800000,BCN014_01,INTRA_FREQUENCY_HO_OUT_ATT,292.0,900,NRCell,Huawei
1696636800000,BCN014_01,INTRA_FREQUENCY_HO_OUT_SUCC,292.0,900,NRCell,Huawei
1696636800000,BCN014_01,RRC_SETUP_ATT,2119.0,900,NRCell,Huawei
1696636800000,BCN014_01,RRC_SETUP_SUCC,2115.0,900,NRCell,Huawei
1696636800000,BCN014_01,S1SIG_Connection_Setup_SR_DEN,2116.0,900,NRCell,Huawei
1696636800000,BCN014_01,S1SIG_Connection_Setup_SR_NUM,2115.0,900,NRCell,Huawei
1696636800000,BCN014_01,SERVICE_LATENCY_OVER_AIR_INTERFACE_DEN,414258.0,900,NRCell,Huawei
1696636800000,BCN014_01,SERVICE_LATENCY_OVER_AIR_INTERFACE_NUM,895368.0,900,NRCell,Huawei
1696636800000,BCN014_01,VOICE_TRAFFIC,24611.0,900,NRCell,Huawei
1696636800000,BCN014_01,VOLTE_CALL_SETUP_ATT,32.0,900,NRCell,Huawei
1696636800000,BCN014_01,VOLTE_CALL_SETUP_SUCC,32.0,900,NRCell,Huawei
1696636800000,BIL001_01,DCR_DEN,3328.0,900,NRCell,Huawei
1696636800000,BIL001_01,DCR_NUM,4.0,900,NRCell,Huawei
1696636800000,BIL001_01,DROP_CALL_VOLTE_DEN,25.0,900,NRCell,Huawei
1696636800000,BIL001_01,DROP_CALL_VOLTE_NUM,0.0,900,NRCell,Huawei
1696636800000,BIL001_01,ERAB_SR_DEN,3378.0,900,NRCell,Huawei
1696636800000,BIL001_01,ERAB_SR_NUM,3376.0,900,NRCell,Huawei
1696636800000,BIL001_01,INTEGRITY_NGBR_QCI_9,14002613024.0,900,NRCell,Huawei
1696636800000,BIL001_01,INTRA_FREQUENCY_HO_OUT_ATT,280.0,900,NRCell,Huawei
1696636800000,BIL001_01,INTRA_FREQUENCY_HO_OUT_SUCC,279.0,900,NRCell,Huawei
1696636800000,BIL001_01,RRC_SETUP_ATT,2002.0,900,NRCell,Huawei
1696636800000,BIL001_01,RRC_SETUP_SUCC,1980.0,900,NRCell,Huawei
1696636800000,BIL001_01,S1SIG_Connection_Setup_SR_DEN,1979.0,900,NRCell,Huawei
1696636800000,BIL001_01,S1SIG_Connection_Setup_SR_NUM,1979.0,900,NRCell,Huawei
1696636800000,BIL001_01,SERVICE_LATENCY_OVER_AIR_INTERFACE_DEN,595863.0,900,NRCell,Huawei
1696636800000,BIL001_01,SERVICE_LATENCY_OVER_AIR_INTERFACE_NUM,930519.0,900,NRCell,Huawei
1696636800000,BIL001_01,VOICE_TRAFFIC,46115.0,900,NRCell,Huawei
1696636800000,BIL001_01,VOLTE_CALL_SETUP_ATT,28.0,900,NRCell,Huawei
1696636800000,BIL001_01,VOLTE_CALL_SETUP_SUCC,28.0,900,NRCell,Huawei
1696636800000,MAD033_01,DCR_DEN,1753.0,900,NRCell,Huawei
1696636800000,MAD033_01,DCR_NUM,0.0,900,NRCell,Huawei
1696636800000,MAD033_01,DROP_CALL_VOLTE_DEN,12.0,900,NRCell,Huawei
1696636800000,MAD033_01,DROP_CALL_VOLTE_NUM,0.0,900,NRCell,Huawei
1696636800000,MAD033_01,ERAB_SR_DEN,1768.0,900,NRCell,Huawei
1696636800000,MAD033_01,ERAB_SR_NUM,1767.0,900,NRCell,Huawei
1696636800000,MAD033_01,INTEGRITY_NGBR_QCI_9,7142788304.0,900,NRCell,Huawei
1696636800000,MAD033_01,INTRA_FREQUENCY_HO_OUT_ATT,113.0,900,NRCell,Huawei
1696636800000,MAD033_01,INTRA_FREQUENCY_HO_OUT_SUCC,113.0,900,NRCell,Huawei
1696636800000,MAD033_01,RRC_SETUP_ATT,975.0,900,NRCell,Huawei
1696636800000,MAD033_01,RRC_SETUP_SUCC,974.0,900,NRCell,Huawei
1696636800000,MAD033_01,S1SIG_Connection_Setup_SR_DEN,974.0,900,NRCell,Huawei
1696636800000,MAD033_01,S1SIG_Connection_Setup_SR_NUM,974.0,900,NRCell,Huawei
1696636800000,MAD033_01,SERVICE_LATENCY_OVER_AIR_INTERFACE_DEN,180980.0,900,NRCell,Huawei
1696636800000,MAD033_01,SERVICE_LATENCY_OVER_AIR_INTERFACE_NUM,242298.0,900,NRCell,Huawei
1696636800000,MAD033_01,VOICE_TRAFFIC,17337.0,900,NRCell,Huawei
1696636800000,MAD033_01,VOLTE_CALL_SETUP_ATT,11.0,900,NRCell,Huawei
1696636800000,MAD033_01,VOLTE_CALL_SETUP_SUCC,11.0,900,NRCell,Huawei
1696636800000,SAL030_01,DCR_DEN,316.0,900,NRCell,Huawei
1696636800000,SAL030_01,DCR_NUM,1.0,900,NRCell,Huawei
1696636800000,SAL030_01,DROP_CALL_VOLTE_DEN,4.0,900,NRCell,Huawei
1696636800000,SAL030_01,DROP_CALL_VOLTE_NUM,0.0,900,NRCell,Huawei
1696636800000,SAL030_01,ERAB_SR_DEN,273.0,900,NRCell,Huawei
1696636800000,SAL030_01,ERAB_SR_NUM,272.0,900,NRCell,Huawei
1696636800000,SAL030_01,INTEGRITY_NGBR_QCI_9,3815565168.0,900,NRCell,Huawei
1696636800000,SAL030_01,INTRA_FREQUENCY_HO_OUT_ATT,5.0,900,NRCell,Huawei
1696636800000,SAL030_01,INTRA_FREQUENCY_HO_OUT_SUCC,5.0,900,NRCell,Huawei
1696636800000,SAL030_01,RRC_SETUP_ATT,164.0,900,NRCell,Huawei
1696636800000,SAL030_01,RRC_SETUP_SUCC,164.0,900,NRCell,Huawei
1696636800000,SAL030_01,S1SIG_Connection_Setup_SR_DEN,164.0,900,NRCell,Huawei
1696636800000,SAL030_01,S1SIG_Connection_Setup_SR_NUM,164.0,900,NRCell,Huawei
1696636800000,SAL030_01,SERVICE_LATENCY_OVER_AIR_INTERFACE_DEN,82414.0,900,NRCell,Huawei
1696636800000,SAL030_01,SERVICE_LATENCY_OVER_AIR_INTERFACE_NUM,171531.0,900,NRCell,Huawei
1696636800000,SAL030_01,VOICE_TRAFFIC,6079.0,900,NRCell,Huawei
1696636800000,SAL030_01,VOLTE_CALL_SETUP_ATT,3.0,900,NRCell,Huawei
1696636800000,SAL030_01,VOLTE_CALL_SETUP_SUCC,3.0,900,NRCell,Huawei
1696636800000,SEV001_01,DCR_DEN,3688.0,900,NRCell,Huawei
1696636800000,SEV001_01,DCR_NUM,9.0,900,NRCell,Huawei
1696636800000,SEV001_01,DROP_CALL_VOLTE_DEN,35.0,900,NRCell,Huawei
1696636800000,SEV001_01,DROP_CALL_VOLTE_NUM,0.0,900,NRCell,Huawei
1696636800000,SEV001_01,ERAB_SR_DEN,3625.0,900,NRCell,Huawei
1696636800000,SEV001_01,ERAB_SR_NUM,3620.0,900,NRCell,Huawei
1696636800000,SEV001_01,INTEGRITY_NGBR_QCI_9,14671529912.0,900,NRCell,Huawei
1696636800000,SEV001_01,INTRA_FREQUENCY_HO_OUT_ATT,132.0,900,NRCell,Huawei
1696636800000,SEV001_01,INTRA_FREQUENCY_HO_OUT_SUCC,131.0,900,NRCell,Huawei
1696636800000,SEV001_01,RRC_SETUP_ATT,1995.0,900,NRCell,Huawei
1696636800000,SEV001_01,RRC_SETUP_SUCC,1993.0,900,NRCell,Huawei
1696636800000,SEV001_01,S1SIG_Connection_Setup_SR_DEN,1993.0,900,NRCell,Huawei
1696636800000,SEV001_01,S1SIG_Connection_Setup_SR_NUM,1993.0,900,NRCell,Huawei
1696636800000,SEV001_01,SERVICE_LATENCY_OVER_AIR_INTERFACE_DEN,443704.0,900,NRCell,Huawei
1696636800000,SEV001_01,SERVICE_LATENCY_OVER_AIR_INTERFACE_NUM,966084.0,900,NRCell,Huawei
1696636800000,SEV001_01,VOICE_TRAFFIC,21736.0,900,NRCell,Huawei
1696636800000,SEV001_01,VOLTE_CALL_SETUP_ATT,28.0,900,NRCell,Huawei
1696636800000,SEV001_01,VOLTE_CALL_SETUP_SUCC,28.0,900,NRCell,Huawei
1696636800000,SNT002_01,DCR_DEN,1613.0,900,NRCell,Huawei
1696636800000,SNT002_01,DCR_NUM,0.0,900,NRCell,Huawei
1696636800000,SNT002_01,DROP_CALL_VOLTE_DEN,13.0,900,NRCell,Huawei
1696636800000,SNT002_01,DROP_CALL_VOLTE_NUM,0.0,900,NRCell,Huawei
1696636800000,SNT002_01,ERAB_SR_DEN,1584.0,900,NRCell,Huawei
1696636800000,SNT002_01,ERAB_SR_NUM,1584.0,900,NRCell,Huawei
1696636800000,SNT002_01,INTEGRITY_NGBR_QCI_9,8297211720.0,900,NRCell,Huawei
1696636800000,SNT002_01,INTRA_FREQUENCY_HO_OUT_ATT,114.0,900,NRCell,Huawei
1696636800000,SNT002_01,INTRA_FREQUENCY_HO_OUT_SUCC,114.0,900,NRCell,Huawei
1696636800000,SNT002_01,RRC_SETUP_ATT,867.0,900,NRCell,Huawei
1696636800000,SNT002_01,RRC_SETUP_SUCC,866.0,900,NRCell,Huawei
1696636800000,SNT002_01,S1SIG_Connection_Setup_SR_DEN,866.0,900,NRCell,Huawei
1696636800000,SNT002_01,S1SIG_Connection_Setup_SR_NUM,866.0,900,NRCell,Huawei
1696636800000,SNT002_01,SERVICE_LATENCY_OVER_AIR_INTERFACE_DEN,226607.0,900,NRCell,Huawei
1696636800000,SNT002_01,SERVICE_LATENCY_OVER_AIR_INTERFACE_NUM,289732.0,900,NRCell,Huawei
1696636800000,SNT002_01,VOICE_TRAFFIC,13895.0,900,NRCell,Huawei
1696636800000,SNT002_01,VOLTE_CALL_SETUP_ATT,13.0,900,NRCell,Huawei
1696636800000,SNT002_01,VOLTE_CALL_SETUP_SUCC,13.0,900,NRCell,Huawei
1696636800000,TAR015_01,DCR_DEN,4188.0,900,NRCell,Huawei
1696636800000,TAR015_01,DCR_NUM,13.0,900,NRCell,Huawei
1696636800000,TAR015_01,DROP_CALL_VOLTE_DEN,42.0,900,NRCell,Huawei
1696636800000,TAR015_01,DROP_CALL_VOLTE_NUM,1.0,900,NRCell,Huawei
1696636800000,TAR015_01,ERAB_SR_DEN,4186.0,900,NRCell,Huawei
1696636800000,TAR015_01,ERAB_SR_NUM,4178.0,900,NRCell,Huawei
1696636800000,TAR015_01,INTEGRITY_NGBR_QCI_9,17176804464.0,900,NRCell,Huawei
1696636800000,TAR015_01,INTRA_FREQUENCY_HO_OUT_ATT,157.0,900,NRCell,Huawei
1696636800000,TAR015_01,INTRA_FREQUENCY_HO_OUT_SUCC,157.0,900,NRCell,Huawei
1696636800000,TAR015_01,RRC_SETUP_ATT,2259.0,900,NRCell,Huawei
1696636800000,TAR015_01,RRC_SETUP_SUCC,2258.0,900,NRCell,Huawei
1696636800000,TAR015_01,S1SIG_Connection_Setup_SR_DEN,2258.0,900,NRCell,Huawei
1696636800000,TAR015_01,S1SIG_Connection_Setup_SR_NUM,2258.0,900,NRCell,Huawei
1696636800000,TAR015_01,SERVICE_LATENCY_OVER_AIR_INTERFACE_DEN,538434.0,900,NRCell,Huawei
1696636800000,TAR015_01,SERVICE_LATENCY_OVER_AIR_INTERFACE_NUM,1257923.0,900,NRCell,Huawei
1696636800000,TAR015_01,VOICE_TRAFFIC,42892.0,900,NRCell,Huawei
1696636800000,TAR015_01,VOLTE_CALL_SETUP_ATT,39.0,900,NRCell,Huawei
1696636800000,TAR015_01,VOLTE_CALL_SETUP_SUCC,39.0,900,NRCell,Huawei
1696636800000,TOL034_01,DCR_DEN,192.0,900,NRCell,Huawei
1696636800000,TOL034_01,DCR_NUM,0.0,900,NRCell,Huawei
1696636800000,TOL034_01,DROP_CALL_VOLTE_DEN,1.0,900,NRCell,Huawei
1696636800000,TOL034_01,DROP_CALL_VOLTE_NUM,0.0,900,NRCell,Huawei
1696636800000,TOL034_01,ERAB_SR_DEN,204.0,900,NRCell,Huawei
1696636800000,TOL034_01,ERAB_SR_NUM,204.0,900,NRCell,Huawei
1696636800000,TOL034_01,INTEGRITY_NGBR_QCI_9,2164934728.0,900,NRCell,Huawei
1696636800000,TOL034_01,INTRA_FREQUENCY_HO_OUT_ATT,20.0,900,NRCell,Huawei
1696636800000,TOL034_01,INTRA_FREQUENCY_HO_OUT_SUCC,20.0,900,NRCell,Huawei
1696636800000,TOL034_01,RRC_SETUP_ATT,148.0,900,NRCell,Huawei
1696636800000,TOL034_01,RRC_SETUP_SUCC,148.0,900,NRCell,Huawei
1696636800000,TOL034_01,S1SIG_Connection_Setup_SR_DEN,148.0,900,NRCell,Huawei
1696636800000,TOL034_01,S1SIG_Connection_Setup_SR_NUM,148.0,900,NRCell,Huawei
1696636800000,TOL034_01,SERVICE_LATENCY_OVER_AIR_INTERFACE_DEN,54639.0,900,NRCell,Huawei
1696636800000,TOL034_01,SERVICE_LATENCY_OVER_AIR_INTERFACE_NUM,81917.0,900,NRCell,Huawei
1696636800000,TOL034_01,VOICE_TRAFFIC,137.0,900,NRCell,Huawei
1696636800000,TOL034_01,VOLTE_CALL_SETUP_ATT,1.0,900,NRCell,Huawei
1696636800000,TOL034_01,VOLTE_CALL_SETUP_SUCC,1.0,900,NRCell,Huawei
1696636800000,VAL002_01,DCR_DEN,77.0,900,NRCell,Huawei
1696636800000,VAL002_01,DCR_NUM,0.0,900,NRCell,Huawei
1696636800000,VAL002_01,DROP_CALL_VOLTE_DEN,0.0,900,NRCell,Huawei
1696636800000,VAL002_01,DROP_CALL_VOLTE_NUM,0.0,900,NRCell,Huawei
1696636800000,VAL002_01,ERAB_SR_DEN,82.0,900,NRCell,Huawei
1696636800000,VAL002_01,ERAB_SR_NUM,82.0,900,NRCell,Huawei
1696636800000,VAL002_01,INTEGRITY_NGBR_QCI_9,2797882312.0,900,NRCell,Huawei
1696636800000,VAL002_01,INTRA_FREQUENCY_HO_OUT_ATT,8.0,900,NRCell,Huawei
1696636800000,VAL002_01,INTRA_FREQUENCY_HO_OUT_SUCC,8.0,900,NRCell,Huawei
1696636800000,VAL002_01,RRC_SETUP_ATT,55.0,900,NRCell,Huawei
1696636800000,VAL002_01,RRC_SETUP_SUCC,55.0,900,NRCell,Huawei
1696636800000,VAL002_01,S1SIG_Connection_Setup_SR_DEN,55.0,900,NRCell,Huawei
1696636800000,VAL002_01,S1SIG_Connection_Setup_SR_NUM,55.0,900,NRCell,Huawei
1696636800000,VAL002_01,SERVICE_LATENCY_OVER_AIR_INTERFACE_DEN,72847.0,900,NRCell,Huawei
1696636800000,VAL002_01,SERVICE_LATENCY_OVER_AIR_INTERFACE_NUM,86971.0,900,NRCell,Huawei
1696636800000,VAL002_01,VOICE_TRAFFIC,1318.0,900,NRCell,Huawei
1696636800000,VAL002_01,VOLTE_CALL_SETUP_ATT,1.0,900,NRCell,Huawei
1696636800000,VAL002_01,VOLTE_CALL_SETUP_SUCC,1.0,900,NRCell,Huawei
