startTime,neId,counterCode,counterValue,granularity,neType,vendorName
1696555800000,BCN014_01,DCR_DEN,2738.0,900,NRCell,Huawei
1696555800000,BCN014_01,DCR_NUM,2.0,900,NRCell,Huawei
1696555800000,BCN014_01,DROP_CALL_VOLTE_DEN,25.0,900,NRCell,Huawei
1696555800000,BCN014_01,DROP_CALL_VOLTE_NUM,0.0,900,NRCell,Huawei
1696555800000,BCN014_01,ERAB_SR_DEN,2741.0,900,NRCell,Huawei
1696555800000,BCN014_01,ERAB_SR_NUM,2732.0,900,NRCell,Huawei
1696555800000,BCN014_01,INTEGRITY_NGBR_QCI_9,14114103744.0,900,NRCell,Huawei
1696555800000,BCN014_01,INTRA_FREQUENCY_HO_OUT_ATT,266.0,900,NRCell,Huawei
1696555800000,BCN014_01,INTRA_FREQUENCY_HO_OUT_SUCC,265.0,900,NRCell,Huawei
1696555800000,BCN014_01,RRC_SETUP_ATT,1583.0,900,NRCell,Huawei
1696555800000,BCN014_01,RRC_SETUP_SUCC,1582.0,900,NRCell,Huawei
1696555800000,BCN014_01,S1SIG_Connection_Setup_SR_DEN,1582.0,900,NRCell,Huawei
1696555800000,BCN014_01,S1SIG_Connection_Setup_SR_NUM,1582.0,900,NRCell,Huawei
1696555800000,BCN014_01,SERVICE_LATENCY_OVER_AIR_INTERFACE_DEN,364116.0,900,NRCell,Huawei
1696555800000,BCN014_01,SERVICE_LATENCY_OVER_AIR_INTERFACE_NUM,666457.0,900,NRCell,Huawei
1696555800000,BCN014_01,VOICE_TRAFFIC,13916.0,900,NRCell,Huawei
1696555800000,BCN014_01,VOLTE_CALL_SETUP_ATT,24.0,900,NRCell,Huawei
1696555800000,BCN014_01,VOLTE_CALL_SETUP_SUCC,24.0,900,NRCell,Huawei
1696555800000,BIL001_01,DCR_DEN,2391.0,900,NRCell,Huawei
1696555800000,BIL001_01,DCR_NUM,4.0,900,NRCell,Huawei
1696555800000,BIL001_01,DROP_CALL_VOLTE_DEN,25.0,900,NRCell,Huawei
1696555800000,BIL001_01,DROP_CALL_VOLTE_NUM,0.0,900,NRCell,Huawei
1696555800000,BIL001_01,ERAB_SR_DEN,2442.0,900,NRCell,Huawei
1696555800000,BIL001_01,ERAB_SR_NUM,2442.0,900,NRCell,Huawei
1696555800000,BIL001_01,INTEGRITY_NGBR_QCI_9,17111781472.0,900,NRCell,Huawei
1696555800000,BIL001_01,INTRA_FREQUENCY_HO_OUT_ATT,204.0,900,NRCell,Huawei
1696555800000,BIL001_01,INTRA_FREQUENCY_HO_OUT_SUCC,204.0,900,NRCell,Huawei
1696555800000,BIL001_01,RRC_SETUP_ATT,1453.0,900,NRCell,Huawei
1696555800000,BIL001_01,RRC_SETUP_SUCC,1442.0,900,NRCell,Huawei
1696555800000,BIL001_01,S1SIG_Connection_Setup_SR_DEN,1442.0,900,NRCell,Huawei
1696555800000,BIL001_01,S1SIG_Connection_Setup_SR_NUM,1442.0,900,NRCell,Huawei
1696555800000,BIL001_01,SERVICE_LATENCY_OVER_AIR_INTERFACE_DEN,378957.0,900,NRCell,Huawei
1696555800000,BIL001_01,SERVICE_LATENCY_OVER_AIR_INTERFACE_NUM,619963.0,900,NRCell,Huawei
1696555800000,BIL001_01,VOICE_TRAFFIC,15762.0,900,NRCell,Huawei
1696555800000,BIL001_01,VOLTE_CALL_SETUP_ATT,21.0,900,NRCell,Huawei
1696555800000,BIL001_01,VOLTE_CALL_SETUP_SUCC,21.0,900,NRCell,Huawei
1696555800000,MAD033_01,DCR_DEN,1525.0,900,NRCell,Huawei
1696555800000,MAD033_01,DCR_NUM,0.0,900,NRCell,Huawei
1696555800000,MAD033_01,DROP_CALL_VOLTE_DEN,23.0,900,NRCell,Huawei
1696555800000,MAD033_01,DROP_CALL_VOLTE_NUM,0.0,900,NRCell,Huawei
1696555800000,MAD033_01,ERAB_SR_DEN,1530.0,900,NRCell,Huawei
1696555800000,MAD033_01,ERAB_SR_NUM,1530.0,900,NRCell,Huawei
1696555800000,MAD033_01,INTEGRITY_NGBR_QCI_9,10710620552.0,900,NRCell,Huawei
1696555800000,MAD033_01,INTRA_FREQUENCY_HO_OUT_ATT,177.0,900,NRCell,Huawei
1696555800000,MAD033_01,INTRA_FREQUENCY_HO_OUT_SUCC,177.0,900,NRCell,Huawei
1696555800000,MAD033_01,RRC_SETUP_ATT,940.0,900,NRCell,Huawei
1696555800000,MAD033_01,RRC_SETUP_SUCC,937.0,900,NRCell,Huawei
1696555800000,MAD033_01,S1SIG_Connection_Setup_SR_DEN,937.0,900,NRCell,Huawei
1696555800000,MAD033_01,S1SIG_Connection_Setup_SR_NUM,937.0,900,NRCell,Huawei
1696555800000,MAD033_01,SERVICE_LATENCY_OVER_AIR_INTERFACE_DEN,273132.0,900,NRCell,Huawei
1696555800000,MAD033_01,SERVICE_LATENCY_OVER_AIR_INTERFACE_NUM,356547.0,900,NRCell,Huawei
1696555800000,MAD033_01,VOICE_TRAFFIC,18222.0,900,NRCell,Huawei
1696555800000,MAD033_01,VOLTE_CALL_SETUP_ATT,24.0,900,NRCell,Huawei
1696555800000,MAD033_01,VOLTE_CALL_SETUP_SUCC,24.0,900,NRCell,Huawei
1696555800000,SAL030_01,DCR_DEN,238.0,900,NRCell,Huawei
1696555800000,SAL030_01,DCR_NUM,2.0,900,NRCell,Huawei
1696555800000,SAL030_01,DROP_CALL_VOLTE_DEN,2.0,900,NRCell,Huawei
1696555800000,SAL030_01,DROP_CALL_VOLTE_NUM,0.0,900,NRCell,Huawei
1696555800000,SAL030_01,ERAB_SR_DEN,240.0,900,NRCell,Huawei
1696555800000,SAL030_01,ERAB_SR_NUM,240.0,900,NRCell,Huawei
1696555800000,SAL030_01,INTEGRITY_NGBR_QCI_9,2050540432.0,900,NRCell,Huawei
1696555800000,SAL030_01,INTRA_FREQUENCY_HO_OUT_ATT,12.0,900,NRCell,Huawei
1696555800000,SAL030_01,INTRA_FREQUENCY_HO_OUT_SUCC,12.0,900,NRCell,Huawei
1696555800000,SAL030_01,RRC_SETUP_ATT,130.0,900,NRCell,Huawei
1696555800000,SAL030_01,RRC_SETUP_SUCC,130.0,900,NRCell,Huawei
1696555800000,SAL030_01,S1SIG_Connection_Setup_SR_DEN,130.0,900,NRCell,Huawei
1696555800000,SAL030_01,S1SIG_Connection_Setup_SR_NUM,130.0,900,NRCell,Huawei
1696555800000,SAL030_01,SERVICE_LATENCY_OVER_AIR_INTERFACE_DEN,64228.0,900,NRCell,Huawei
1696555800000,SAL030_01,SERVICE_LATENCY_OVER_AIR_INTERFACE_NUM,121610.0,900,NRCell,Huawei
1696555800000,SAL030_01,VOICE_TRAFFIC,794.0,900,NRCell,Huawei
1696555800000,SAL030_01,VOLTE_CALL_SETUP_ATT,2.0,900,NRCell,Huawei
1696555800000,SAL030_01,VOLTE_CALL_SETUP_SUCC,2.0,900,NRCell,Huawei
1696555800000,SEV001_01,DCR_DEN,3158.0,900,NRCell,Huawei
1696555800000,SEV001_01,DCR_NUM,4.0,900,NRCell,Huawei
1696555800000,SEV001_01,DROP_CALL_VOLTE_DEN,14.0,900,NRCell,Huawei
1696555800000,SEV001_01,DROP_CALL_VOLTE_NUM,0.0,900,NRCell,Huawei
1696555800000,SEV001_01,ERAB_SR_DEN,3234.0,900,NRCell,Huawei
1696555800000,SEV001_01,ERAB_SR_NUM,3232.0,900,NRCell,Huawei
1696555800000,SEV001_01,INTEGRITY_NGBR_QCI_9,12692407360.0,900,NRCell,Huawei
1696555800000,SEV001_01,INTRA_FREQUENCY_HO_OUT_ATT,129.0,900,NRCell,Huawei
1696555800000,SEV001_01,INTRA_FREQUENCY_HO_OUT_SUCC,129.0,900,NRCell,Huawei
1696555800000,SEV001_01,RRC_SETUP_ATT,1787.0,900,NRCell,Huawei
1696555800000,SEV001_01,RRC_SETUP_SUCC,1783.0,900,NRCell,Huawei
1696555800000,SEV001_01,S1SIG_Connection_Setup_SR_DEN,1783.0,900,NRCell,Huawei
1696555800000,SEV001_01,S1SIG_Connection_Setup_SR_NUM,1783.0,900,NRCell,Huawei
1696555800000,SEV001_01,SERVICE_LATENCY_OVER_AIR_INTERFACE_DEN,390284.0,900,NRCell,Huawei
1696555800000,SEV001_01,SERVICE_LATENCY_OVER_AIR_INTERFACE_NUM,686559.0,900,NRCell,Huawei
1696555800000,SEV001_01,VOICE_TRAFFIC,33915.0,900,NRCell,Huawei
1696555800000,SEV001_01,VOLTE_CALL_SETUP_ATT,12.0,900,NRCell,Huawei
1696555800000,SEV001_01,VOLTE_CALL_SETUP_SUCC,12.0,900,NRCell,Huawei
1696555800000,SNT002_01,DCR_DEN,1511.0,900,NRCell,Huawei
1696555800000,SNT002_01,DCR_NUM,0.0,900,NRCell,Huawei
1696555800000,SNT002_01,DROP_CALL_VOLTE_DEN,24.0,900,NRCell,Huawei
1696555800000,SNT002_01,DROP_CALL_VOLTE_NUM,0.0,900,NRCell,Huawei
1696555800000,SNT002_01,ERAB_SR_DEN,1545.0,900,NRCell,Huawei
1696555800000,SNT002_01,ERAB_SR_NUM,1545.0,900,NRCell,Huawei
1696555800000,SNT002_01,INTEGRITY_NGBR_QCI_9,11611403352.0,900,NRCell,Huawei
1696555800000,SNT002_01,INTRA_FREQUENCY_HO_OUT_ATT,148.0,900,NRCell,Huawei
1696555800000,SNT002_01,INTRA_FREQUENCY_HO_OUT_SUCC,148.0,900,NRCell,Huawei
1696555800000,SNT002_01,RRC_SETUP_ATT,903.0,900,NRCell,Huawei
1696555800000,SNT002_01,RRC_SETUP_SUCC,901.0,900,NRCell,Huawei
1696555800000,SNT002_01,S1SIG_Connection_Setup_SR_DEN,901.0,900,NRCell,Huawei
1696555800000,SNT002_01,S1SIG_Connection_Setup_SR_NUM,901.0,900,NRCell,Huawei
1696555800000,SNT002_01,SERVICE_LATENCY_OVER_AIR_INTERFACE_DEN,250606.0,900,NRCell,Huawei
1696555800000,SNT002_01,SERVICE_LATENCY_OVER_AIR_INTERFACE_NUM,362103.0,900,NRCell,Huawei
1696555800000,SNT002_01,VOICE_TRAFFIC,16264.0,900,NRCell,Huawei
1696555800000,SNT002_01,VOLTE_CALL_SETUP_ATT,30.0,900,NRCell,Huawei
1696555800000,SNT002_01,VOLTE_CALL_SETUP_SUCC,30.0,900,NRCell,Huawei
1696555800000,TAR015_01,DCR_DEN,3638.0,900,NRCell,Huawei
1696555800000,TAR015_01,DCR_NUM,5.0,900,NRCell,Huawei
1696555800000,TAR015_01,DROP_CALL_VOLTE_DEN,46.0,900,NRCell,Huawei
1696555800000,TAR015_01,DROP_CALL_VOLTE_NUM,0.0,900,NRCell,Huawei
1696555800000,TAR015_01,ERAB_SR_DEN,3601.0,900,NRCell,Huawei
1696555800000,TAR015_01,ERAB_SR_NUM,3600.0,900,NRCell,Huawei
1696555800000,TAR015_01,INTEGRITY_NGBR_QCI_9,20912676184.0,900,NRCell,Huawei
1696555800000,TAR015_01,INTRA_FREQUENCY_HO_OUT_ATT,181.0,900,NRCell,Huawei
1696555800000,TAR015_01,INTRA_FREQUENCY_HO_OUT_SUCC,181.0,900,NRCell,Huawei
1696555800000,TAR015_01,RRC_SETUP_ATT,1941.0,900,NRCell,Huawei
1696555800000,TAR015_01,RRC_SETUP_SUCC,1940.0,900,NRCell,Huawei
1696555800000,TAR015_01,S1SIG_Connection_Setup_SR_DEN,1940.0,900,NRCell,Huawei
1696555800000,TAR015_01,S1SIG_Connection_Setup_SR_NUM,1940.0,900,NRCell,Huawei
1696555800000,TAR015_01,SERVICE_LATENCY_OVER_AIR_INTERFACE_DEN,630974.0,900,NRCell,Huawei
1696555800000,TAR015_01,SERVICE_LATENCY_OVER_AIR_INTERFACE_NUM,1759037.0,900,NRCell,Huawei
1696555800000,TAR015_01,VOICE_TRAFFIC,42849.0,900,NRCell,Huawei
1696555800000,TAR015_01,VOLTE_CALL_SETUP_ATT,46.0,900,NRCell,Huawei
1696555800000,TAR015_01,VOLTE_CALL_SETUP_SUCC,46.0,900,NRCell,Huawei
1696555800000,TOL034_01,DCR_DEN,71.0,900,NRCell,Huawei
1696555800000,TOL034_01,DCR_NUM,3.0,900,NRCell,Huawei
1696555800000,TOL034_01,DROP_CALL_VOLTE_DEN,0.0,900,NRCell,Huawei
1696555800000,TOL034_01,DROP_CALL_VOLTE_NUM,0.0,900,NRCell,Huawei
1696555800000,TOL034_01,ERAB_SR_DEN,86.0,900,NRCell,Huawei
1696555800000,TOL034_01,ERAB_SR_NUM,86.0,900,NRCell,Huawei
1696555800000,TOL034_01,INTEGRITY_NGBR_QCI_9,2748263792.0,900,NRCell,Huawei
1696555800000,TOL034_01,INTRA_FREQUENCY_HO_OUT_ATT,20.0,900,NRCell,Huawei
1696555800000,TOL034_01,INTRA_FREQUENCY_HO_OUT_SUCC,20.0,900,NRCell,Huawei
1696555800000,TOL034_01,RRC_SETUP_ATT,68.0,900,NRCell,Huawei
1696555800000,TOL034_01,RRC_SETUP_SUCC,67.0,900,NRCell,Huawei
1696555800000,TOL034_01,S1SIG_Connection_Setup_SR_DEN,67.0,900,NRCell,Huawei
1696555800000,TOL034_01,S1SIG_Connection_Setup_SR_NUM,67.0,900,NRCell,Huawei
1696555800000,TOL034_01,SERVICE_LATENCY_OVER_AIR_INTERFACE_DEN,109971.0,900,NRCell,Huawei
1696555800000,TOL034_01,SERVICE_LATENCY_OVER_AIR_INTERFACE_NUM,138277.0,900,NRCell,Huawei
1696555800000,TOL034_01,VOICE_TRAFFIC,620.0,900,NRCell,Huawei
1696555800000,TOL034_01,VOLTE_CALL_SETUP_ATT,1.0,900,NRCell,Huawei
1696555800000,TOL034_01,VOLTE_CALL_SETUP_SUCC,1.0,900,NRCell,Huawei
1696555800000,VAL002_01,DCR_DEN,39.0,900,NRCell,Huawei
1696555800000,VAL002_01,DCR_NUM,0.0,900,NRCell,Huawei
1696555800000,VAL002_01,DROP_CALL_VOLTE_DEN,0.0,900,NRCell,Huawei
1696555800000,VAL002_01,DROP_CALL_VOLTE_NUM,0.0,900,NRCell,Huawei
1696555800000,VAL002_01,ERAB_SR_DEN,31.0,900,NRCell,Huawei
1696555800000,VAL002_01,ERAB_SR_NUM,31.0,900,NRCell,Huawei
1696555800000,VAL002_01,INTEGRITY_NGBR_QCI_9,3299384104.0,900,NRCell,Huawei
1696555800000,VAL002_01,INTRA_FREQUENCY_HO_OUT_ATT,5.0,900,NRCell,Huawei
1696555800000,VAL002_01,INTRA_FREQUENCY_HO_OUT_SUCC,5.0,900,NRCell,Huawei
1696555800000,VAL002_01,RRC_SETUP_ATT,25.0,900,NRCell,Huawei
1696555800000,VAL002_01,RRC_SETUP_SUCC,25.0,900,NRCell,Huawei
1696555800000,VAL002_01,S1SIG_Connection_Setup_SR_DEN,25.0,900,NRCell,Huawei
1696555800000,VAL002_01,S1SIG_Connection_Setup_SR_NUM,25.0,900,NRCell,Huawei
1696555800000,VAL002_01,SERVICE_LATENCY_OVER_AIR_INTERFACE_DEN,43589.0,900,NRCell,Huawei
1696555800000,VAL002_01,SERVICE_LATENCY_OVER_AIR_INTERFACE_NUM,51763.0,900,NRCell,Huawei
1696555800000,VAL002_01,VOICE_TRAFFIC,199.0,900,NRCell,Huawei
1696555800000,VAL002_01,VOLTE_CALL_SETUP_ATT,0.0,900,NRCell,Huawei
1696555800000,VAL002_01,VOLTE_CALL_SETUP_SUCC,0.0,900,NRCell,Huawei
