startTime,neId,counterCode,counterValue,granularity,neType,vendorName
1696834800000,BCN014_01,DCR_DEN,847.0,900,NRCell,Huawei
1696834800000,BCN014_01,DCR_NUM,0.0,900,NRCell,Huawei
1696834800000,BCN014_01,DROP_CALL_VOLTE_DEN,2.0,900,NRCell,Huawei
1696834800000,BCN014_01,DROP_CALL_VOLTE_NUM,0.0,900,NRCell,Huawei
1696834800000,BCN014_01,ERAB_SR_DEN,850.0,900,NRCell,Huawei
1696834800000,BCN014_01,ERAB_SR_NUM,850.0,900,NRCell,Huawei
1696834800000,BCN014_01,INTEGRITY_NGBR_QCI_9,7371961032.0,900,NRCell,Huawei
1696834800000,BCN014_01,INTRA_FREQUENCY_HO_OUT_ATT,13.0,900,NRCell,Huawei
1696834800000,BCN014_01,INTRA_FREQUENCY_HO_OUT_SUCC,13.0,900,NRCell,Huawei
1696834800000,BCN014_01,RRC_SETUP_ATT,546.0,900,NRCell,Huawei
1696834800000,BCN014_01,RRC_SETUP_SUCC,545.0,900,NRCell,Huawei
1696834800000,BCN014_01,S1SIG_Connection_Setup_SR_DEN,545.0,900,NRCell,Huawei
1696834800000,BCN014_01,S1SIG_Connection_Setup_SR_NUM,544.0,900,NRCell,Huawei
1696834800000,BCN014_01,SERVICE_LATENCY_OVER_AIR_INTERFACE_DEN,155158.0,900,NRCell,Huawei
1696834800000,BCN014_01,SERVICE_LATENCY_OVER_AIR_INTERFACE_NUM,180129.0,900,NRCell,Huawei
1696834800000,BCN014_01,VOICE_TRAFFIC,1349.0,900,NRCell,Huawei
1696834800000,BCN014_01,VOLTE_CALL_SETUP_ATT,2.0,900,NRCell,Huawei
1696834800000,BCN014_01,VOLTE_CALL_SETUP_SUCC,2.0,900,NRCell,Huawei
1696834800000,BIL001_01,DCR_DEN,913.0,900,NRCell,Huawei
1696834800000,BIL001_01,DCR_NUM,0.0,900,NRCell,Huawei
1696834800000,BIL001_01,DROP_CALL_VOLTE_DEN,2.0,900,NRCell,Huawei
1696834800000,BIL001_01,DROP_CALL_VOLTE_NUM,0.0,900,NRCell,Huawei
1696834800000,BIL001_01,ERAB_SR_DEN,910.0,900,NRCell,Huawei
1696834800000,BIL001_01,ERAB_SR_NUM,910.0,900,NRCell,Huawei
1696834800000,BIL001_01,INTEGRITY_NGBR_QCI_9,1851382744.0,900,NRCell,Huawei
1696834800000,BIL001_01,INTRA_FREQUENCY_HO_OUT_ATT,9.0,900,NRCell,Huawei
1696834800000,BIL001_01,INTRA_FREQUENCY_HO_OUT_SUCC,9.0,900,NRCell,Huawei
1696834800000,BIL001_01,RRC_SETUP_ATT,593.0,900,NRCell,Huawei
1696834800000,BIL001_01,RRC_SETUP_SUCC,591.0,900,NRCell,Huawei
1696834800000,BIL001_01,S1SIG_Connection_Setup_SR_DEN,591.0,900,NRCell,Huawei
1696834800000,BIL001_01,S1SIG_Connection_Setup_SR_NUM,591.0,900,NRCell,Huawei
1696834800000,BIL001_01,SERVICE_LATENCY_OVER_AIR_INTERFACE_DEN,91528.0,900,NRCell,Huawei
1696834800000,BIL001_01,SERVICE_LATENCY_OVER_AIR_INTERFACE_NUM,95957.0,900,NRCell,Huawei
1696834800000,BIL001_01,VOICE_TRAFFIC,93.0,900,NRCell,Huawei
1696834800000,BIL001_01,VOLTE_CALL_SETUP_ATT,2.0,900,NRCell,Huawei
1696834800000,BIL001_01,VOLTE_CALL_SETUP_SUCC,2.0,900,NRCell,Huawei
1696834800000,MAD033_01,DCR_DEN,459.0,900,NRCell,Huawei
1696834800000,MAD033_01,DCR_NUM,0.0,900,NRCell,Huawei
1696834800000,MAD033_01,DROP_CALL_VOLTE_DEN,1.0,900,NRCell,Huawei
1696834800000,MAD033_01,DROP_CALL_VOLTE_NUM,0.0,900,NRCell,Huawei
1696834800000,MAD033_01,ERAB_SR_DEN,445.0,900,NRCell,Huawei
1696834800000,MAD033_01,ERAB_SR_NUM,445.0,900,NRCell,Huawei
1696834800000,MAD033_01,INTEGRITY_NGBR_QCI_9,4473157752.0,900,NRCell,Huawei
1696834800000,MAD033_01,INTRA_FREQUENCY_HO_OUT_ATT,3.0,900,NRCell,Huawei
1696834800000,MAD033_01,INTRA_FREQUENCY_HO_OUT_SUCC,3.0,900,NRCell,Huawei
1696834800000,MAD033_01,RRC_SETUP_ATT,283.0,900,NRCell,Huawei
1696834800000,MAD033_01,RRC_SETUP_SUCC,282.0,900,NRCell,Huawei
1696834800000,MAD033_01,S1SIG_Connection_Setup_SR_DEN,282.0,900,NRCell,Huawei
1696834800000,MAD033_01,S1SIG_Connection_Setup_SR_NUM,282.0,900,NRCell,Huawei
1696834800000,MAD033_01,SERVICE_LATENCY_OVER_AIR_INTERFACE_DEN,57733.0,900,NRCell,Huawei
1696834800000,MAD033_01,SERVICE_LATENCY_OVER_AIR_INTERFACE_NUM,65063.0,900,NRCell,Huawei
1696834800000,MAD033_01,VOICE_TRAFFIC,5777.0,900,NRCell,Huawei
1696834800000,MAD033_01,VOLTE_CALL_SETUP_ATT,0.0,900,NRCell,Huawei
1696834800000,MAD033_01,VOLTE_CALL_SETUP_SUCC,0.0,900,NRCell,Huawei
1696834800000,SAL030_01,DCR_DEN,107.0,900,NRCell,Huawei
1696834800000,SAL030_01,DCR_NUM,0.0,900,NRCell,Huawei
1696834800000,SAL030_01,DROP_CALL_VOLTE_DEN,0.0,900,NRCell,Huawei
1696834800000,SAL030_01,DROP_CALL_VOLTE_NUM,0.0,900,NRCell,Huawei
1696834800000,SAL030_01,ERAB_SR_DEN,109.0,900,NRCell,Huawei
1696834800000,SAL030_01,ERAB_SR_NUM,109.0,900,NRCell,Huawei
1696834800000,SAL030_01,INTEGRITY_NGBR_QCI_9,11049168.0,900,NRCell,Huawei
1696834800000,SAL030_01,INTRA_FREQUENCY_HO_OUT_ATT,0.0,900,NRCell,Huawei
1696834800000,SAL030_01,INTRA_FREQUENCY_HO_OUT_SUCC,0.0,900,NRCell,Huawei
1696834800000,SAL030_01,RRC_SETUP_ATT,66.0,900,NRCell,Huawei
1696834800000,SAL030_01,RRC_SETUP_SUCC,66.0,900,NRCell,Huawei
1696834800000,SAL030_01,S1SIG_Connection_Setup_SR_DEN,66.0,900,NRCell,Huawei
1696834800000,SAL030_01,S1SIG_Connection_Setup_SR_NUM,66.0,900,NRCell,Huawei
1696834800000,SAL030_01,SERVICE_LATENCY_OVER_AIR_INTERFACE_DEN,1804.0,900,NRCell,Huawei
1696834800000,SAL030_01,SERVICE_LATENCY_OVER_AIR_INTERFACE_NUM,3630.0,900,NRCell,Huawei
1696834800000,SAL030_01,VOICE_TRAFFIC,0.0,900,NRCell,Huawei
1696834800000,SAL030_01,VOLTE_CALL_SETUP_ATT,0.0,900,NRCell,Huawei
1696834800000,SAL030_01,VOLTE_CALL_SETUP_SUCC,0.0,900,NRCell,Huawei
1696834800000,SEV001_01,DCR_DEN,1968.0,900,NRCell,Huawei
1696834800000,SEV001_01,DCR_NUM,0.0,900,NRCell,Huawei
1696834800000,SEV001_01,DROP_CALL_VOLTE_DEN,3.0,900,NRCell,Huawei
1696834800000,SEV001_01,DROP_CALL_VOLTE_NUM,0.0,900,NRCell,Huawei
1696834800000,SEV001_01,ERAB_SR_DEN,1932.0,900,NRCell,Huawei
1696834800000,SEV001_01,ERAB_SR_NUM,1932.0,900,NRCell,Huawei
1696834800000,SEV001_01,INTEGRITY_NGBR_QCI_9,5620490696.0,900,NRCell,Huawei
1696834800000,SEV001_01,INTRA_FREQUENCY_HO_OUT_ATT,14.0,900,NRCell,Huawei
1696834800000,SEV001_01,INTRA_FREQUENCY_HO_OUT_SUCC,14.0,900,NRCell,Huawei
1696834800000,SEV001_01,RRC_SETUP_ATT,1095.0,900,NRCell,Huawei
1696834800000,SEV001_01,RRC_SETUP_SUCC,1095.0,900,NRCell,Huawei
1696834800000,SEV001_01,S1SIG_Connection_Setup_SR_DEN,1095.0,900,NRCell,Huawei
1696834800000,SEV001_01,S1SIG_Connection_Setup_SR_NUM,1095.0,900,NRCell,Huawei
1696834800000,SEV001_01,SERVICE_LATENCY_OVER_AIR_INTERFACE_DEN,184469.0,900,NRCell,Huawei
1696834800000,SEV001_01,SERVICE_LATENCY_OVER_AIR_INTERFACE_NUM,242626.0,900,NRCell,Huawei
1696834800000,SEV001_01,VOICE_TRAFFIC,7798.0,900,NRCell,Huawei
1696834800000,SEV001_01,VOLTE_CALL_SETUP_ATT,3.0,900,NRCell,Huawei
1696834800000,SEV001_01,VOLTE_CALL_SETUP_SUCC,3.0,900,NRCell,Huawei
1696834800000,SNT002_01,DCR_DEN,544.0,900,NRCell,Huawei
1696834800000,SNT002_01,DCR_NUM,0.0,900,NRCell,Huawei
1696834800000,SNT002_01,DROP_CALL_VOLTE_DEN,3.0,900,NRCell,Huawei
1696834800000,SNT002_01,DROP_CALL_VOLTE_NUM,0.0,900,NRCell,Huawei
1696834800000,SNT002_01,ERAB_SR_DEN,548.0,900,NRCell,Huawei
1696834800000,SNT002_01,ERAB_SR_NUM,548.0,900,NRCell,Huawei
1696834800000,SNT002_01,INTEGRITY_NGBR_QCI_9,3789146888.0,900,NRCell,Huawei
1696834800000,SNT002_01,INTRA_FREQUENCY_HO_OUT_ATT,6.0,900,NRCell,Huawei
1696834800000,SNT002_01,INTRA_FREQUENCY_HO_OUT_SUCC,6.0,900,NRCell,Huawei
1696834800000,SNT002_01,RRC_SETUP_ATT,338.0,900,NRCell,Huawei
1696834800000,SNT002_01,RRC_SETUP_SUCC,338.0,900,NRCell,Huawei
1696834800000,SNT002_01,S1SIG_Connection_Setup_SR_DEN,338.0,900,NRCell,Huawei
1696834800000,SNT002_01,S1SIG_Connection_Setup_SR_NUM,338.0,900,NRCell,Huawei
1696834800000,SNT002_01,SERVICE_LATENCY_OVER_AIR_INTERFACE_DEN,30643.0,900,NRCell,Huawei
1696834800000,SNT002_01,SERVICE_LATENCY_OVER_AIR_INTERFACE_NUM,31585.0,900,NRCell,Huawei
1696834800000,SNT002_01,VOICE_TRAFFIC,655.0,900,NRCell,Huawei
1696834800000,SNT002_01,VOLTE_CALL_SETUP_ATT,3.0,900,NRCell,Huawei
1696834800000,SNT002_01,VOLTE_CALL_SETUP_SUCC,3.0,900,NRCell,Huawei
1696834800000,TAR015_01,DCR_DEN,2154.0,900,NRCell,Huawei
1696834800000,TAR015_01,DCR_NUM,0.0,900,NRCell,Huawei
1696834800000,TAR015_01,DROP_CALL_VOLTE_DEN,2.0,900,NRCell,Huawei
1696834800000,TAR015_01,DROP_CALL_VOLTE_NUM,0.0,900,NRCell,Huawei
1696834800000,TAR015_01,ERAB_SR_DEN,2134.0,900,NRCell,Huawei
1696834800000,TAR015_01,ERAB_SR_NUM,2134.0,900,NRCell,Huawei
1696834800000,TAR015_01,INTEGRITY_NGBR_QCI_9,7354313648.0,900,NRCell,Huawei
1696834800000,TAR015_01,INTRA_FREQUENCY_HO_OUT_ATT,17.0,900,NRCell,Huawei
1696834800000,TAR015_01,INTRA_FREQUENCY_HO_OUT_SUCC,17.0,900,NRCell,Huawei
1696834800000,TAR015_01,RRC_SETUP_ATT,1229.0,900,NRCell,Huawei
1696834800000,TAR015_01,RRC_SETUP_SUCC,1229.0,900,NRCell,Huawei
1696834800000,TAR015_01,S1SIG_Connection_Setup_SR_DEN,1229.0,900,NRCell,Huawei
1696834800000,TAR015_01,S1SIG_Connection_Setup_SR_NUM,1229.0,900,NRCell,Huawei
1696834800000,TAR015_01,SERVICE_LATENCY_OVER_AIR_INTERFACE_DEN,162521.0,900,NRCell,Huawei
1696834800000,TAR015_01,SERVICE_LATENCY_OVER_AIR_INTERFACE_NUM,198659.0,900,NRCell,Huawei
1696834800000,TAR015_01,VOICE_TRAFFIC,4996.0,900,NRCell,Huawei
1696834800000,TAR015_01,VOLTE_CALL_SETUP_ATT,0.0,900,NRCell,Huawei
1696834800000,TAR015_01,VOLTE_CALL_SETUP_SUCC,0.0,900,NRCell,Huawei
1696834800000,TOL034_01,DCR_DEN,120.0,900,NRCell,Huawei
1696834800000,TOL034_01,DCR_NUM,0.0,900,NRCell,Huawei
1696834800000,TOL034_01,DROP_CALL_VOLTE_DEN,0.0,900,NRCell,Huawei
1696834800000,TOL034_01,DROP_CALL_VOLTE_NUM,0.0,900,NRCell,Huawei
1696834800000,TOL034_01,ERAB_SR_DEN,122.0,900,NRCell,Huawei
1696834800000,TOL034_01,ERAB_SR_NUM,118.0,900,NRCell,Huawei
1696834800000,TOL034_01,INTEGRITY_NGBR_QCI_9,6492168.0,900,NRCell,Huawei
1696834800000,TOL034_01,INTRA_FREQUENCY_HO_OUT_ATT,2.0,900,NRCell,Huawei
1696834800000,TOL034_01,INTRA_FREQUENCY_HO_OUT_SUCC,2.0,900,NRCell,Huawei
1696834800000,TOL034_01,RRC_SETUP_ATT,85.0,900,NRCell,Huawei
1696834800000,TOL034_01,RRC_SETUP_SUCC,85.0,900,NRCell,Huawei
1696834800000,TOL034_01,S1SIG_Connection_Setup_SR_DEN,85.0,900,NRCell,Huawei
1696834800000,TOL034_01,S1SIG_Connection_Setup_SR_NUM,85.0,900,NRCell,Huawei
1696834800000,TOL034_01,SERVICE_LATENCY_OVER_AIR_INTERFACE_DEN,658.0,900,NRCell,Huawei
1696834800000,TOL034_01,SERVICE_LATENCY_OVER_AIR_INTERFACE_NUM,862.0,900,NRCell,Huawei
1696834800000,TOL034_01,VOICE_TRAFFIC,0.0,900,NRCell,Huawei
1696834800000,TOL034_01,VOLTE_CALL_SETUP_ATT,0.0,900,NRCell,Huawei
1696834800000,TOL034_01,VOLTE_CALL_SETUP_SUCC,0.0,900,NRCell,Huawei
1696834800000,VAL002_01,DCR_DEN,31.0,900,NRCell,Huawei
1696834800000,VAL002_01,DCR_NUM,0.0,900,NRCell,Huawei
1696834800000,VAL002_01,DROP_CALL_VOLTE_DEN,0.0,900,NRCell,Huawei
1696834800000,VAL002_01,DROP_CALL_VOLTE_NUM,0.0,900,NRCell,Huawei
1696834800000,VAL002_01,ERAB_SR_DEN,34.0,900,NRCell,Huawei
1696834800000,VAL002_01,ERAB_SR_NUM,34.0,900,NRCell,Huawei
1696834800000,VAL002_01,INTEGRITY_NGBR_QCI_9,295320.0,900,NRCell,Huawei
1696834800000,VAL002_01,INTRA_FREQUENCY_HO_OUT_ATT,1.0,900,NRCell,Huawei
1696834800000,VAL002_01,INTRA_FREQUENCY_HO_OUT_SUCC,1.0,900,NRCell,Huawei
1696834800000,VAL002_01,RRC_SETUP_ATT,17.0,900,NRCell,Huawei
1696834800000,VAL002_01,RRC_SETUP_SUCC,17.0,900,NRCell,Huawei
1696834800000,VAL002_01,S1SIG_Connection_Setup_SR_DEN,17.0,900,NRCell,Huawei
1696834800000,VAL002_01,S1SIG_Connection_Setup_SR_NUM,17.0,900,NRCell,Huawei
1696834800000,VAL002_01,SERVICE_LATENCY_OVER_AIR_INTERFACE_DEN,94.0,900,NRCell,Huawei
1696834800000,VAL002_01,SERVICE_LATENCY_OVER_AIR_INTERFACE_NUM,150.0,900,NRCell,Huawei
1696834800000,VAL002_01,VOICE_TRAFFIC,0.0,900,NRCell,Huawei
1696834800000,VAL002_01,VOLTE_CALL_SETUP_ATT,0.0,900,NRCell,Huawei
1696834800000,VAL002_01,VOLTE_CALL_SETUP_SUCC,0.0,900,NRCell,Huawei
