startTime,neId,counterCode,counterValue,granularity,neType,vendorName
1696836600000,BCN014_01,DCR_DEN,827.0,900,NRCell,Huawei
1696836600000,BCN014_01,DCR_NUM,0.0,900,NRCell,Huawei
1696836600000,BCN014_01,DROP_CALL_VOLTE_DEN,3.0,900,NRCell,Huawei
1696836600000,BCN014_01,DROP_CALL_VOLTE_NUM,0.0,900,NRCell,Huawei
1696836600000,BCN014_01,ERAB_SR_DEN,831.0,900,NRCell,Huawei
1696836600000,BCN014_01,ERAB_SR_NUM,831.0,900,NRCell,Huawei
1696836600000,BCN014_01,INTEGRITY_NGBR_QCI_9,4634312912.0,900,NRCell,Huawei
1696836600000,BCN014_01,INTRA_FREQUENCY_HO_OUT_ATT,18.0,900,NRCell,Huawei
1696836600000,BCN014_01,INTRA_FREQUENCY_HO_OUT_SUCC,18.0,900,NRCell,Huawei
1696836600000,BCN014_01,RRC_SETUP_ATT,521.0,900,NRCell,Huawei
1696836600000,BCN014_01,RRC_SETUP_SUCC,521.0,900,NRCell,Huawei
1696836600000,BCN014_01,S1SIG_Connection_Setup_SR_DEN,521.0,900,NRCell,Huawei
1696836600000,BCN014_01,S1SIG_Connection_Setup_SR_NUM,521.0,900,NRCell,Huawei
1696836600000,BCN014_01,SERVICE_LATENCY_OVER_AIR_INTERFACE_DEN,154865.0,900,NRCell,Huawei
1696836600000,BCN014_01,SERVICE_LATENCY_OVER_AIR_INTERFACE_NUM,202243.0,900,NRCell,Huawei
1696836600000,BCN014_01,VOICE_TRAFFIC,1573.0,900,NRCell,Huawei
1696836600000,BCN014_01,VOLTE_CALL_SETUP_ATT,4.0,900,NRCell,Huawei
1696836600000,BCN014_01,VOLTE_CALL_SETUP_SUCC,4.0,900,NRCell,Huawei
1696836600000,BIL001_01,DCR_DEN,933.0,900,NRCell,Huawei
1696836600000,BIL001_01,DCR_NUM,0.0,900,NRCell,Huawei
1696836600000,BIL001_01,DROP_CALL_VOLTE_DEN,0.0,900,NRCell,Huawei
1696836600000,BIL001_01,DROP_CALL_VOLTE_NUM,0.0,900,NRCell,Huawei
1696836600000,BIL001_01,ERAB_SR_DEN,932.0,900,NRCell,Huawei
1696836600000,BIL001_01,ERAB_SR_NUM,932.0,900,NRCell,Huawei
1696836600000,BIL001_01,INTEGRITY_NGBR_QCI_9,4526677016.0,900,NRCell,Huawei
1696836600000,BIL001_01,INTRA_FREQUENCY_HO_OUT_ATT,7.0,900,NRCell,Huawei
1696836600000,BIL001_01,INTRA_FREQUENCY_HO_OUT_SUCC,7.0,900,NRCell,Huawei
1696836600000,BIL001_01,RRC_SETUP_ATT,596.0,900,NRCell,Huawei
1696836600000,BIL001_01,RRC_SETUP_SUCC,596.0,900,NRCell,Huawei
1696836600000,BIL001_01,S1SIG_Connection_Setup_SR_DEN,596.0,900,NRCell,Huawei
1696836600000,BIL001_01,S1SIG_Connection_Setup_SR_NUM,596.0,900,NRCell,Huawei
1696836600000,BIL001_01,SERVICE_LATENCY_OVER_AIR_INTERFACE_DEN,81866.0,900,NRCell,Huawei
1696836600000,BIL001_01,SERVICE_LATENCY_OVER_AIR_INTERFACE_NUM,87520.0,900,NRCell,Huawei
1696836600000,BIL001_01,VOICE_TRAFFIC,0.0,900,NRCell,Huawei
1696836600000,BIL001_01,VOLTE_CALL_SETUP_ATT,0.0,900,NRCell,Huawei
1696836600000,BIL001_01,VOLTE_CALL_SETUP_SUCC,0.0,900,NRCell,Huawei
1696836600000,MAD033_01,DCR_DEN,537.0,900,NRCell,Huawei
1696836600000,MAD033_01,DCR_NUM,0.0,900,NRCell,Huawei
1696836600000,MAD033_01,DROP_CALL_VOLTE_DEN,0.0,900,NRCell,Huawei
1696836600000,MAD033_01,DROP_CALL_VOLTE_NUM,0.0,900,NRCell,Huawei
1696836600000,MAD033_01,ERAB_SR_DEN,542.0,900,NRCell,Huawei
1696836600000,MAD033_01,ERAB_SR_NUM,542.0,900,NRCell,Huawei
1696836600000,MAD033_01,INTEGRITY_NGBR_QCI_9,2201987880.0,900,NRCell,Huawei
1696836600000,MAD033_01,INTRA_FREQUENCY_HO_OUT_ATT,6.0,900,NRCell,Huawei
1696836600000,MAD033_01,INTRA_FREQUENCY_HO_OUT_SUCC,6.0,900,NRCell,Huawei
1696836600000,MAD033_01,RRC_SETUP_ATT,328.0,900,NRCell,Huawei
1696836600000,MAD033_01,RRC_SETUP_SUCC,328.0,900,NRCell,Huawei
1696836600000,MAD033_01,S1SIG_Connection_Setup_SR_DEN,328.0,900,NRCell,Huawei
1696836600000,MAD033_01,S1SIG_Connection_Setup_SR_NUM,328.0,900,NRCell,Huawei
1696836600000,MAD033_01,SERVICE_LATENCY_OVER_AIR_INTERFACE_DEN,33845.0,900,NRCell,Huawei
1696836600000,MAD033_01,SERVICE_LATENCY_OVER_AIR_INTERFACE_NUM,36333.0,900,NRCell,Huawei
1696836600000,MAD033_01,VOICE_TRAFFIC,2092.0,900,NRCell,Huawei
1696836600000,MAD033_01,VOLTE_CALL_SETUP_ATT,0.0,900,NRCell,Huawei
1696836600000,MAD033_01,VOLTE_CALL_SETUP_SUCC,0.0,900,NRCell,Huawei
1696836600000,SAL030_01,DCR_DEN,284.0,900,NRCell,Huawei
1696836600000,SAL030_01,DCR_NUM,0.0,900,NRCell,Huawei
1696836600000,SAL030_01,DROP_CALL_VOLTE_DEN,0.0,900,NRCell,Huawei
1696836600000,SAL030_01,DROP_CALL_VOLTE_NUM,0.0,900,NRCell,Huawei
1696836600000,SAL030_01,ERAB_SR_DEN,287.0,900,NRCell,Huawei
1696836600000,SAL030_01,ERAB_SR_NUM,287.0,900,NRCell,Huawei
1696836600000,SAL030_01,INTEGRITY_NGBR_QCI_9,56713368.0,900,NRCell,Huawei
1696836600000,SAL030_01,INTRA_FREQUENCY_HO_OUT_ATT,1.0,900,NRCell,Huawei
1696836600000,SAL030_01,INTRA_FREQUENCY_HO_OUT_SUCC,1.0,900,NRCell,Huawei
1696836600000,SAL030_01,RRC_SETUP_ATT,156.0,900,NRCell,Huawei
1696836600000,SAL030_01,RRC_SETUP_SUCC,156.0,900,NRCell,Huawei
1696836600000,SAL030_01,S1SIG_Connection_Setup_SR_DEN,156.0,900,NRCell,Huawei
1696836600000,SAL030_01,S1SIG_Connection_Setup_SR_NUM,156.0,900,NRCell,Huawei
1696836600000,SAL030_01,SERVICE_LATENCY_OVER_AIR_INTERFACE_DEN,3866.0,900,NRCell,Huawei
1696836600000,SAL030_01,SERVICE_LATENCY_OVER_AIR_INTERFACE_NUM,6099.0,900,NRCell,Huawei
1696836600000,SAL030_01,VOICE_TRAFFIC,103.0,900,NRCell,Huawei
1696836600000,SAL030_01,VOLTE_CALL_SETUP_ATT,0.0,900,NRCell,Huawei
1696836600000,SAL030_01,VOLTE_CALL_SETUP_SUCC,0.0,900,NRCell,Huawei
1696836600000,SEV001_01,DCR_DEN,2112.0,900,NRCell,Huawei
1696836600000,SEV001_01,DCR_NUM,0.0,900,NRCell,Huawei
1696836600000,SEV001_01,DROP_CALL_VOLTE_DEN,0.0,900,NRCell,Huawei
1696836600000,SEV001_01,DROP_CALL_VOLTE_NUM,0.0,900,NRCell,Huawei
1696836600000,SEV001_01,ERAB_SR_DEN,2135.0,900,NRCell,Huawei
1696836600000,SEV001_01,ERAB_SR_NUM,2135.0,900,NRCell,Huawei
1696836600000,SEV001_01,INTEGRITY_NGBR_QCI_9,4452984992.0,900,NRCell,Huawei
1696836600000,SEV001_01,INTRA_FREQUENCY_HO_OUT_ATT,9.0,900,NRCell,Huawei
1696836600000,SEV001_01,INTRA_FREQUENCY_HO_OUT_SUCC,9.0,900,NRCell,Huawei
1696836600000,SEV001_01,RRC_SETUP_ATT,1204.0,900,NRCell,Huawei
1696836600000,SEV001_01,RRC_SETUP_SUCC,1204.0,900,NRCell,Huawei
1696836600000,SEV001_01,S1SIG_Connection_Setup_SR_DEN,1204.0,900,NRCell,Huawei
1696836600000,SEV001_01,S1SIG_Connection_Setup_SR_NUM,1204.0,900,NRCell,Huawei
1696836600000,SEV001_01,SERVICE_LATENCY_OVER_AIR_INTERFACE_DEN,148108.0,900,NRCell,Huawei
1696836600000,SEV001_01,SERVICE_LATENCY_OVER_AIR_INTERFACE_NUM,175979.0,900,NRCell,Huawei
1696836600000,SEV001_01,VOICE_TRAFFIC,3154.0,900,NRCell,Huawei
1696836600000,SEV001_01,VOLTE_CALL_SETUP_ATT,0.0,900,NRCell,Huawei
1696836600000,SEV001_01,VOLTE_CALL_SETUP_SUCC,0.0,900,NRCell,Huawei
1696836600000,SNT002_01,DCR_DEN,601.0,900,NRCell,Huawei
1696836600000,SNT002_01,DCR_NUM,0.0,900,NRCell,Huawei
1696836600000,SNT002_01,DROP_CALL_VOLTE_DEN,0.0,900,NRCell,Huawei
1696836600000,SNT002_01,DROP_CALL_VOLTE_NUM,0.0,900,NRCell,Huawei
1696836600000,SNT002_01,ERAB_SR_DEN,598.0,900,NRCell,Huawei
1696836600000,SNT002_01,ERAB_SR_NUM,598.0,900,NRCell,Huawei
1696836600000,SNT002_01,INTEGRITY_NGBR_QCI_9,896297456.0,900,NRCell,Huawei
1696836600000,SNT002_01,INTRA_FREQUENCY_HO_OUT_ATT,1.0,900,NRCell,Huawei
1696836600000,SNT002_01,INTRA_FREQUENCY_HO_OUT_SUCC,1.0,900,NRCell,Huawei
1696836600000,SNT002_01,RRC_SETUP_ATT,365.0,900,NRCell,Huawei
1696836600000,SNT002_01,RRC_SETUP_SUCC,365.0,900,NRCell,Huawei
1696836600000,SNT002_01,S1SIG_Connection_Setup_SR_DEN,365.0,900,NRCell,Huawei
1696836600000,SNT002_01,S1SIG_Connection_Setup_SR_NUM,365.0,900,NRCell,Huawei
1696836600000,SNT002_01,SERVICE_LATENCY_OVER_AIR_INTERFACE_DEN,15832.0,900,NRCell,Huawei
1696836600000,SNT002_01,SERVICE_LATENCY_OVER_AIR_INTERFACE_NUM,16238.0,900,NRCell,Huawei
1696836600000,SNT002_01,VOICE_TRAFFIC,0.0,900,NRCell,Huawei
1696836600000,SNT002_01,VOLTE_CALL_SETUP_ATT,0.0,900,NRCell,Huawei
1696836600000,SNT002_01,VOLTE_CALL_SETUP_SUCC,0.0,900,NRCell,Huawei
1696836600000,TAR015_01,DCR_DEN,2109.0,900,NRCell,Huawei
1696836600000,TAR015_01,DCR_NUM,0.0,900,NRCell,Huawei
1696836600000,TAR015_01,DROP_CALL_VOLTE_DEN,4.0,900,NRCell,Huawei
1696836600000,TAR015_01,DROP_CALL_VOLTE_NUM,0.0,900,NRCell,Huawei
1696836600000,TAR015_01,ERAB_SR_DEN,2097.0,900,NRCell,Huawei
1696836600000,TAR015_01,ERAB_SR_NUM,2097.0,900,NRCell,Huawei
1696836600000,TAR015_01,INTEGRITY_NGBR_QCI_9,2653817336.0,900,NRCell,Huawei
1696836600000,TAR015_01,INTRA_FREQUENCY_HO_OUT_ATT,17.0,900,NRCell,Huawei
1696836600000,TAR015_01,INTRA_FREQUENCY_HO_OUT_SUCC,17.0,900,NRCell,Huawei
1696836600000,TAR015_01,RRC_SETUP_ATT,1224.0,900,NRCell,Huawei
1696836600000,TAR015_01,RRC_SETUP_SUCC,1224.0,900,NRCell,Huawei
1696836600000,TAR015_01,S1SIG_Connection_Setup_SR_DEN,1224.0,900,NRCell,Huawei
1696836600000,TAR015_01,S1SIG_Connection_Setup_SR_NUM,1224.0,900,NRCell,Huawei
1696836600000,TAR015_01,SERVICE_LATENCY_OVER_AIR_INTERFACE_DEN,92041.0,900,NRCell,Huawei
1696836600000,TAR015_01,SERVICE_LATENCY_OVER_AIR_INTERFACE_NUM,126302.0,900,NRCell,Huawei
1696836600000,TAR015_01,VOICE_TRAFFIC,3051.0,900,NRCell,Huawei
1696836600000,TAR015_01,VOLTE_CALL_SETUP_ATT,4.0,900,NRCell,Huawei
1696836600000,TAR015_01,VOLTE_CALL_SETUP_SUCC,4.0,900,NRCell,Huawei
1696836600000,TOL034_01,DCR_DEN,69.0,900,NRCell,Huawei
1696836600000,TOL034_01,DCR_NUM,0.0,900,NRCell,Huawei
1696836600000,TOL034_01,DROP_CALL_VOLTE_DEN,0.0,900,NRCell,Huawei
1696836600000,TOL034_01,DROP_CALL_VOLTE_NUM,0.0,900,NRCell,Huawei
1696836600000,TOL034_01,ERAB_SR_DEN,67.0,900,NRCell,Huawei
1696836600000,TOL034_01,ERAB_SR_NUM,67.0,900,NRCell,Huawei
1696836600000,TOL034_01,INTEGRITY_NGBR_QCI_9,2439998656.0,900,NRCell,Huawei
1696836600000,TOL034_01,INTRA_FREQUENCY_HO_OUT_ATT,0.0,900,NRCell,Huawei
1696836600000,TOL034_01,INTRA_FREQUENCY_HO_OUT_SUCC,0.0,900,NRCell,Huawei
1696836600000,TOL034_01,RRC_SETUP_ATT,48.0,900,NRCell,Huawei
1696836600000,TOL034_01,RRC_SETUP_SUCC,48.0,900,NRCell,Huawei
1696836600000,TOL034_01,S1SIG_Connection_Setup_SR_DEN,48.0,900,NRCell,Huawei
1696836600000,TOL034_01,S1SIG_Connection_Setup_SR_NUM,48.0,900,NRCell,Huawei
1696836600000,TOL034_01,SERVICE_LATENCY_OVER_AIR_INTERFACE_DEN,110473.0,900,NRCell,Huawei
1696836600000,TOL034_01,SERVICE_LATENCY_OVER_AIR_INTERFACE_NUM,123386.0,900,NRCell,Huawei
1696836600000,TOL034_01,VOICE_TRAFFIC,0.0,900,NRCell,Huawei
1696836600000,TOL034_01,VOLTE_CALL_SETUP_ATT,0.0,900,NRCell,Huawei
1696836600000,TOL034_01,VOLTE_CALL_SETUP_SUCC,0.0,900,NRCell,Huawei
1696836600000,VAL002_01,DCR_DEN,36.0,900,NRCell,Huawei
1696836600000,VAL002_01,DCR_NUM,0.0,900,NRCell,Huawei
1696836600000,VAL002_01,DROP_CALL_VOLTE_DEN,0.0,900,NRCell,Huawei
1696836600000,VAL002_01,DROP_CALL_VOLTE_NUM,0.0,900,NRCell,Huawei
1696836600000,VAL002_01,ERAB_SR_DEN,36.0,900,NRCell,Huawei
1696836600000,VAL002_01,ERAB_SR_NUM,36.0,900,NRCell,Huawei
1696836600000,VAL002_01,INTEGRITY_NGBR_QCI_9,172824.0,900,NRCell,Huawei
1696836600000,VAL002_01,INTRA_FREQUENCY_HO_OUT_ATT,0.0,900,NRCell,Huawei
1696836600000,VAL002_01,INTRA_FREQUENCY_HO_OUT_SUCC,0.0,900,NRCell,Huawei
1696836600000,VAL002_01,RRC_SETUP_ATT,21.0,900,NRCell,Huawei
1696836600000,VAL002_01,RRC_SETUP_SUCC,21.0,900,NRCell,Huawei
1696836600000,VAL002_01,S1SIG_Connection_Setup_SR_DEN,21.0,900,NRCell,Huawei
1696836600000,VAL002_01,S1SIG_Connection_Setup_SR_NUM,21.0,900,NRCell,Huawei
1696836600000,VAL002_01,SERVICE_LATENCY_OVER_AIR_INTERFACE_DEN,51.0,900,NRCell,Huawei
1696836600000,VAL002_01,SERVICE_LATENCY_OVER_AIR_INTERFACE_NUM,117.0,900,NRCell,Huawei
1696836600000,VAL002_01,VOICE_TRAFFIC,0.0,900,NRCell,Huawei
1696836600000,VAL002_01,VOLTE_CALL_SETUP_ATT,0.0,900,NRCell,Huawei
1696836600000,VAL002_01,VOLTE_CALL_SETUP_SUCC,0.0,900,NRCell,Huawei
