startTime,neId,counterCode,counterValue,granularity,neType,vendorName
1696704300000,BCN014_01,DCR_DEN,3369.0,900,NRCell,Huawei
1696704300000,BCN014_01,DCR_NUM,5.0,900,NRCell,Huawei
1696704300000,BCN014_01,DROP_CALL_VOLTE_DEN,35.0,900,NRCell,Huawei
1696704300000,BCN014_01,DROP_CALL_VOLTE_NUM,0.0,900,NRCell,Huawei
1696704300000,BCN014_01,ERAB_SR_DEN,3266.0,900,NRCell,Huawei
1696704300000,BCN014_01,ERAB_SR_NUM,3263.0,900,NRCell,Huawei
1696704300000,BCN014_01,INTEGRITY_NGBR_QCI_9,16204810016.0,900,NRCell,Huawei
1696704300000,BCN014_01,INTRA_FREQUENCY_HO_OUT_ATT,243.0,900,NRCell,Huawei
1696704300000,BCN014_01,INTRA_FREQUENCY_HO_OUT_SUCC,243.0,900,NRCell,Huawei
1696704300000,BCN014_01,RRC_SETUP_ATT,1884.0,900,NRCell,Huawei
1696704300000,BCN014_01,RRC_SETUP_SUCC,1881.0,900,NRCell,Huawei
1696704300000,BCN014_01,S1SIG_Connection_Setup_SR_DEN,1881.0,900,NRCell,Huawei
1696704300000,BCN014_01,S1SIG_Connection_Setup_SR_NUM,1881.0,900,NRCell,Huawei
1696704300000,BCN014_01,SERVICE_LATENCY_OVER_AIR_INTERFACE_DEN,471123.0,900,NRCell,Huawei
1696704300000,BCN014_01,SERVICE_LATENCY_OVER_AIR_INTERFACE_NUM,894429.0,900,NRCell,Huawei
1696704300000,BCN014_01,VOICE_TRAFFIC,28541.0,900,NRCell,Huawei
1696704300000,BCN014_01,VOLTE_CALL_SETUP_ATT,29.0,900,NRCell,Huawei
1696704300000,BCN014_01,VOLTE_CALL_SETUP_SUCC,29.0,900,NRCell,Huawei
1696704300000,BIL001_01,DCR_DEN,2850.0,900,NRCell,Huawei
1696704300000,BIL001_01,DCR_NUM,1.0,900,NRCell,Huawei
1696704300000,BIL001_01,DROP_CALL_VOLTE_DEN,36.0,900,NRCell,Huawei
1696704300000,BIL001_01,DROP_CALL_VOLTE_NUM,0.0,900,NRCell,Huawei
1696704300000,BIL001_01,ERAB_SR_DEN,2868.0,900,NRCell,Huawei
1696704300000,BIL001_01,ERAB_SR_NUM,2868.0,900,NRCell,Huawei
1696704300000,BIL001_01,INTEGRITY_NGBR_QCI_9,11505358224.0,900,NRCell,Huawei
1696704300000,BIL001_01,INTRA_FREQUENCY_HO_OUT_ATT,232.0,900,NRCell,Huawei
1696704300000,BIL001_01,INTRA_FREQUENCY_HO_OUT_SUCC,232.0,900,NRCell,Huawei
1696704300000,BIL001_01,RRC_SETUP_ATT,1712.0,900,NRCell,Huawei
1696704300000,BIL001_01,RRC_SETUP_SUCC,1703.0,900,NRCell,Huawei
1696704300000,BIL001_01,S1SIG_Connection_Setup_SR_DEN,1703.0,900,NRCell,Huawei
1696704300000,BIL001_01,S1SIG_Connection_Setup_SR_NUM,1703.0,900,NRCell,Huawei
1696704300000,BIL001_01,SERVICE_LATENCY_OVER_AIR_INTERFACE_DEN,297755.0,900,NRCell,Huawei
1696704300000,BIL001_01,SERVICE_LATENCY_OVER_AIR_INTERFACE_NUM,488420.0,900,NRCell,Huawei
1696704300000,BIL001_01,VOICE_TRAFFIC,23662.0,900,NRCell,Huawei
1696704300000,BIL001_01,VOLTE_CALL_SETUP_ATT,31.0,900,NRCell,Huawei
1696704300000,BIL001_01,VOLTE_CALL_SETUP_SUCC,31.0,900,NRCell,Huawei
1696704300000,MAD033_01,DCR_DEN,955.0,900,NRCell,Huawei
1696704300000,MAD033_01,DCR_NUM,0.0,900,NRCell,Huawei
1696704300000,MAD033_01,DROP_CALL_VOLTE_DEN,9.0,900,NRCell,Huawei
1696704300000,MAD033_01,DROP_CALL_VOLTE_NUM,0.0,900,NRCell,Huawei
1696704300000,MAD033_01,ERAB_SR_DEN,987.0,900,NRCell,Huawei
1696704300000,MAD033_01,ERAB_SR_NUM,987.0,900,NRCell,Huawei
1696704300000,MAD033_01,INTEGRITY_NGBR_QCI_9,4631394432.0,900,NRCell,Huawei
1696704300000,MAD033_01,INTRA_FREQUENCY_HO_OUT_ATT,96.0,900,NRCell,Huawei
1696704300000,MAD033_01,INTRA_FREQUENCY_HO_OUT_SUCC,96.0,900,NRCell,Huawei
1696704300000,MAD033_01,RRC_SETUP_ATT,579.0,900,NRCell,Huawei
1696704300000,MAD033_01,RRC_SETUP_SUCC,577.0,900,NRCell,Huawei
1696704300000,MAD033_01,S1SIG_Connection_Setup_SR_DEN,577.0,900,NRCell,Huawei
1696704300000,MAD033_01,S1SIG_Connection_Setup_SR_NUM,577.0,900,NRCell,Huawei
1696704300000,MAD033_01,SERVICE_LATENCY_OVER_AIR_INTERFACE_DEN,105566.0,900,NRCell,Huawei
1696704300000,MAD033_01,SERVICE_LATENCY_OVER_AIR_INTERFACE_NUM,129645.0,900,NRCell,Huawei
1696704300000,MAD033_01,VOICE_TRAFFIC,2549.0,900,NRCell,Huawei
1696704300000,MAD033_01,VOLTE_CALL_SETUP_ATT,9.0,900,NRCell,Huawei
1696704300000,MAD033_01,VOLTE_CALL_SETUP_SUCC,9.0,900,NRCell,Huawei
1696704300000,SAL030_01,DCR_DEN,196.0,900,NRCell,Huawei
1696704300000,SAL030_01,DCR_NUM,0.0,900,NRCell,Huawei
1696704300000,SAL030_01,DROP_CALL_VOLTE_DEN,0.0,900,NRCell,Huawei
1696704300000,SAL030_01,DROP_CALL_VOLTE_NUM,0.0,900,NRCell,Huawei
1696704300000,SAL030_01,ERAB_SR_DEN,190.0,900,NRCell,Huawei
1696704300000,SAL030_01,ERAB_SR_NUM,190.0,900,NRCell,Huawei
1696704300000,SAL030_01,INTEGRITY_NGBR_QCI_9,2673496464.0,900,NRCell,Huawei
1696704300000,SAL030_01,INTRA_FREQUENCY_HO_OUT_ATT,18.0,900,NRCell,Huawei
1696704300000,SAL030_01,INTRA_FREQUENCY_HO_OUT_SUCC,18.0,900,NRCell,Huawei
1696704300000,SAL030_01,RRC_SETUP_ATT,109.0,900,NRCell,Huawei
1696704300000,SAL030_01,RRC_SETUP_SUCC,109.0,900,NRCell,Huawei
1696704300000,SAL030_01,S1SIG_Connection_Setup_SR_DEN,109.0,900,NRCell,Huawei
1696704300000,SAL030_01,S1SIG_Connection_Setup_SR_NUM,109.0,900,NRCell,Huawei
1696704300000,SAL030_01,SERVICE_LATENCY_OVER_AIR_INTERFACE_DEN,24869.0,900,NRCell,Huawei
1696704300000,SAL030_01,SERVICE_LATENCY_OVER_AIR_INTERFACE_NUM,49254.0,900,NRCell,Huawei
1696704300000,SAL030_01,VOICE_TRAFFIC,188.0,900,NRCell,Huawei
1696704300000,SAL030_01,VOLTE_CALL_SETUP_ATT,0.0,900,NRCell,Huawei
1696704300000,SAL030_01,VOLTE_CALL_SETUP_SUCC,0.0,900,NRCell,Huawei
1696704300000,SEV001_01,DCR_DEN,3227.0,900,NRCell,Huawei
1696704300000,SEV001_01,DCR_NUM,4.0,900,NRCell,Huawei
1696704300000,SEV001_01,DROP_CALL_VOLTE_DEN,23.0,900,NRCell,Huawei
1696704300000,SEV001_01,DROP_CALL_VOLTE_NUM,0.0,900,NRCell,Huawei
1696704300000,SEV001_01,ERAB_SR_DEN,3239.0,900,NRCell,Huawei
1696704300000,SEV001_01,ERAB_SR_NUM,3237.0,900,NRCell,Huawei
1696704300000,SEV001_01,INTEGRITY_NGBR_QCI_9,16780664712.0,900,NRCell,Huawei
1696704300000,SEV001_01,INTRA_FREQUENCY_HO_OUT_ATT,138.0,900,NRCell,Huawei
1696704300000,SEV001_01,INTRA_FREQUENCY_HO_OUT_SUCC,138.0,900,NRCell,Huawei
1696704300000,SEV001_01,RRC_SETUP_ATT,1778.0,900,NRCell,Huawei
1696704300000,SEV001_01,RRC_SETUP_SUCC,1776.0,900,NRCell,Huawei
1696704300000,SEV001_01,S1SIG_Connection_Setup_SR_DEN,1776.0,900,NRCell,Huawei
1696704300000,SEV001_01,S1SIG_Connection_Setup_SR_NUM,1776.0,900,NRCell,Huawei
1696704300000,SEV001_01,SERVICE_LATENCY_OVER_AIR_INTERFACE_DEN,452648.0,900,NRCell,Huawei
1696704300000,SEV001_01,SERVICE_LATENCY_OVER_AIR_INTERFACE_NUM,1170507.0,900,NRCell,Huawei
1696704300000,SEV001_01,VOICE_TRAFFIC,29175.0,900,NRCell,Huawei
1696704300000,SEV001_01,VOLTE_CALL_SETUP_ATT,26.0,900,NRCell,Huawei
1696704300000,SEV001_01,VOLTE_CALL_SETUP_SUCC,25.0,900,NRCell,Huawei
1696704300000,SNT002_01,DCR_DEN,1022.0,900,NRCell,Huawei
1696704300000,SNT002_01,DCR_NUM,0.0,900,NRCell,Huawei
1696704300000,SNT002_01,DROP_CALL_VOLTE_DEN,10.0,900,NRCell,Huawei
1696704300000,SNT002_01,DROP_CALL_VOLTE_NUM,0.0,900,NRCell,Huawei
1696704300000,SNT002_01,ERAB_SR_DEN,1050.0,900,NRCell,Huawei
1696704300000,SNT002_01,ERAB_SR_NUM,1050.0,900,NRCell,Huawei
1696704300000,SNT002_01,INTEGRITY_NGBR_QCI_9,5449582408.0,900,NRCell,Huawei
1696704300000,SNT002_01,INTRA_FREQUENCY_HO_OUT_ATT,72.0,900,NRCell,Huawei
1696704300000,SNT002_01,INTRA_FREQUENCY_HO_OUT_SUCC,72.0,900,NRCell,Huawei
1696704300000,SNT002_01,RRC_SETUP_ATT,626.0,900,NRCell,Huawei
1696704300000,SNT002_01,RRC_SETUP_SUCC,624.0,900,NRCell,Huawei
1696704300000,SNT002_01,S1SIG_Connection_Setup_SR_DEN,624.0,900,NRCell,Huawei
1696704300000,SNT002_01,S1SIG_Connection_Setup_SR_NUM,624.0,900,NRCell,Huawei
1696704300000,SNT002_01,SERVICE_LATENCY_OVER_AIR_INTERFACE_DEN,130274.0,900,NRCell,Huawei
1696704300000,SNT002_01,SERVICE_LATENCY_OVER_AIR_INTERFACE_NUM,174976.0,900,NRCell,Huawei
1696704300000,SNT002_01,VOICE_TRAFFIC,8850.0,900,NRCell,Huawei
1696704300000,SNT002_01,VOLTE_CALL_SETUP_ATT,13.0,900,NRCell,Huawei
1696704300000,SNT002_01,VOLTE_CALL_SETUP_SUCC,13.0,900,NRCell,Huawei
1696704300000,TAR015_01,DCR_DEN,3700.0,900,NRCell,Huawei
1696704300000,TAR015_01,DCR_NUM,2.0,900,NRCell,Huawei
1696704300000,TAR015_01,DROP_CALL_VOLTE_DEN,30.0,900,NRCell,Huawei
1696704300000,TAR015_01,DROP_CALL_VOLTE_NUM,0.0,900,NRCell,Huawei
1696704300000,TAR015_01,ERAB_SR_DEN,3699.0,900,NRCell,Huawei
1696704300000,TAR015_01,ERAB_SR_NUM,3698.0,900,NRCell,Huawei
1696704300000,TAR015_01,INTEGRITY_NGBR_QCI_9,13893925336.0,900,NRCell,Huawei
1696704300000,TAR015_01,INTRA_FREQUENCY_HO_OUT_ATT,159.0,900,NRCell,Huawei
1696704300000,TAR015_01,INTRA_FREQUENCY_HO_OUT_SUCC,159.0,900,NRCell,Huawei
1696704300000,TAR015_01,RRC_SETUP_ATT,1962.0,900,NRCell,Huawei
1696704300000,TAR015_01,RRC_SETUP_SUCC,1961.0,900,NRCell,Huawei
1696704300000,TAR015_01,S1SIG_Connection_Setup_SR_DEN,1961.0,900,NRCell,Huawei
1696704300000,TAR015_01,S1SIG_Connection_Setup_SR_NUM,1961.0,900,NRCell,Huawei
1696704300000,TAR015_01,SERVICE_LATENCY_OVER_AIR_INTERFACE_DEN,535214.0,900,NRCell,Huawei
1696704300000,TAR015_01,SERVICE_LATENCY_OVER_AIR_INTERFACE_NUM,2305571.0,900,NRCell,Huawei
1696704300000,TAR015_01,VOICE_TRAFFIC,33215.0,900,NRCell,Huawei
1696704300000,TAR015_01,VOLTE_CALL_SETUP_ATT,32.0,900,NRCell,Huawei
1696704300000,TAR015_01,VOLTE_CALL_SETUP_SUCC,32.0,900,NRCell,Huawei
1696704300000,TOL034_01,DCR_DEN,165.0,900,NRCell,Huawei
1696704300000,TOL034_01,DCR_NUM,0.0,900,NRCell,Huawei
1696704300000,TOL034_01,DROP_CALL_VOLTE_DEN,0.0,900,NRCell,Huawei
1696704300000,TOL034_01,DROP_CALL_VOLTE_NUM,0.0,900,NRCell,Huawei
1696704300000,TOL034_01,ERAB_SR_DEN,170.0,900,NRCell,Huawei
1696704300000,TOL034_01,ERAB_SR_NUM,170.0,900,NRCell,Huawei
1696704300000,TOL034_01,INTEGRITY_NGBR_QCI_9,6240050064.0,900,NRCell,Huawei
1696704300000,TOL034_01,INTRA_FREQUENCY_HO_OUT_ATT,10.0,900,NRCell,Huawei
1696704300000,TOL034_01,INTRA_FREQUENCY_HO_OUT_SUCC,10.0,900,NRCell,Huawei
1696704300000,TOL034_01,RRC_SETUP_ATT,110.0,900,NRCell,Huawei
1696704300000,TOL034_01,RRC_SETUP_SUCC,110.0,900,NRCell,Huawei
1696704300000,TOL034_01,S1SIG_Connection_Setup_SR_DEN,110.0,900,NRCell,Huawei
1696704300000,TOL034_01,S1SIG_Connection_Setup_SR_NUM,110.0,900,NRCell,Huawei
1696704300000,TOL034_01,SERVICE_LATENCY_OVER_AIR_INTERFACE_DEN,203807.0,900,NRCell,Huawei
1696704300000,TOL034_01,SERVICE_LATENCY_OVER_AIR_INTERFACE_NUM,261941.0,900,NRCell,Huawei
1696704300000,TOL034_01,VOICE_TRAFFIC,2773.0,900,NRCell,Huawei
1696704300000,TOL034_01,VOLTE_CALL_SETUP_ATT,2.0,900,NRCell,Huawei
1696704300000,TOL034_01,VOLTE_CALL_SETUP_SUCC,2.0,900,NRCell,Huawei
1696704300000,VAL002_01,DCR_DEN,43.0,900,NRCell,Huawei
1696704300000,VAL002_01,DCR_NUM,0.0,900,NRCell,Huawei
1696704300000,VAL002_01,DROP_CALL_VOLTE_DEN,0.0,900,NRCell,Huawei
1696704300000,VAL002_01,DROP_CALL_VOLTE_NUM,0.0,900,NRCell,Huawei
1696704300000,VAL002_01,ERAB_SR_DEN,43.0,900,NRCell,Huawei
1696704300000,VAL002_01,ERAB_SR_NUM,43.0,900,NRCell,Huawei
1696704300000,VAL002_01,INTEGRITY_NGBR_QCI_9,320493944.0,900,NRCell,Huawei
1696704300000,VAL002_01,INTRA_FREQUENCY_HO_OUT_ATT,3.0,900,NRCell,Huawei
1696704300000,VAL002_01,INTRA_FREQUENCY_HO_OUT_SUCC,3.0,900,NRCell,Huawei
1696704300000,VAL002_01,RRC_SETUP_ATT,35.0,900,NRCell,Huawei
1696704300000,VAL002_01,RRC_SETUP_SUCC,35.0,900,NRCell,Huawei
1696704300000,VAL002_01,S1SIG_Connection_Setup_SR_DEN,35.0,900,NRCell,Huawei
1696704300000,VAL002_01,S1SIG_Connection_Setup_SR_NUM,35.0,900,NRCell,Huawei
1696704300000,VAL002_01,SERVICE_LATENCY_OVER_AIR_INTERFACE_DEN,21121.0,900,NRCell,Huawei
1696704300000,VAL002_01,SERVICE_LATENCY_OVER_AIR_INTERFACE_NUM,52392.0,900,NRCell,Huawei
1696704300000,VAL002_01,VOICE_TRAFFIC,239.0,900,NRCell,Huawei
1696704300000,VAL002_01,VOLTE_CALL_SETUP_ATT,1.0,900,NRCell,Huawei
1696704300000,VAL002_01,VOLTE_CALL_SETUP_SUCC,1.0,900,NRCell,Huawei
