startTime,neId,counterCode,counterValue,granularity,neType,vendorName
1696532400000,BCN014_01,DCR_DEN,4636.0,900,NRCell,Huawei
1696532400000,BCN014_01,DCR_NUM,4.0,900,NRCell,Huawei
1696532400000,BCN014_01,DROP_CALL_VOLTE_DEN,41.0,900,NRCell,Huawei
1696532400000,BCN014_01,DROP_CALL_VOLTE_NUM,0.0,900,NRCell,Huawei
1696532400000,BCN014_01,ERAB_SR_DEN,4637.0,900,NRCell,Huawei
1696532400000,BCN014_01,ERAB_SR_NUM,4634.0,900,NRCell,Huawei
1696532400000,BCN014_01,INTEGRITY_NGBR_QCI_9,14500188320.0,900,NRCell,Huawei
1696532400000,BCN014_01,INTRA_FREQUENCY_HO_OUT_ATT,326.0,900,NRCell,Huawei
1696532400000,BCN014_01,INTRA_FREQUENCY_HO_OUT_SUCC,325.0,900,NRCell,Huawei
1696532400000,BCN014_01,RRC_SETUP_ATT,2588.0,900,NRCell,Huawei
1696532400000,BCN014_01,RRC_SETUP_SUCC,2580.0,900,NRCell,Huawei
1696532400000,BCN014_01,S1SIG_Connection_Setup_SR_DEN,2580.0,900,NRCell,Huawei
1696532400000,BCN014_01,S1SIG_Connection_Setup_SR_NUM,2579.0,900,NRCell,Huawei
1696532400000,BCN014_01,SERVICE_LATENCY_OVER_AIR_INTERFACE_DEN,477800.0,900,NRCell,Huawei
1696532400000,BCN014_01,SERVICE_LATENCY_OVER_AIR_INTERFACE_NUM,1398458.0,900,NRCell,Huawei
1696532400000,BCN014_01,VOICE_TRAFFIC,39147.0,900,NRCell,Huawei
1696532400000,BCN014_01,VOLTE_CALL_SETUP_ATT,51.0,900,NRCell,Huawei
1696532400000,BCN014_01,VOLTE_CALL_SETUP_SUCC,51.0,900,NRCell,Huawei
1696532400000,BIL001_01,DCR_DEN,4092.0,900,NRCell,Huawei
1696532400000,BIL001_01,DCR_NUM,9.0,900,NRCell,Huawei
1696532400000,BIL001_01,DROP_CALL_VOLTE_DEN,29.0,900,NRCell,Huawei
1696532400000,BIL001_01,DROP_CALL_VOLTE_NUM,1.0,900,NRCell,Huawei
1696532400000,BIL001_01,ERAB_SR_DEN,4150.0,900,NRCell,Huawei
1696532400000,BIL001_01,ERAB_SR_NUM,4145.0,900,NRCell,Huawei
1696532400000,BIL001_01,INTEGRITY_NGBR_QCI_9,17628752128.0,900,NRCell,Huawei
1696532400000,BIL001_01,INTRA_FREQUENCY_HO_OUT_ATT,223.0,900,NRCell,Huawei
1696532400000,BIL001_01,INTRA_FREQUENCY_HO_OUT_SUCC,223.0,900,NRCell,Huawei
1696532400000,BIL001_01,RRC_SETUP_ATT,2323.0,900,NRCell,Huawei
1696532400000,BIL001_01,RRC_SETUP_SUCC,2296.0,900,NRCell,Huawei
1696532400000,BIL001_01,S1SIG_Connection_Setup_SR_DEN,2296.0,900,NRCell,Huawei
1696532400000,BIL001_01,S1SIG_Connection_Setup_SR_NUM,2295.0,900,NRCell,Huawei
1696532400000,BIL001_01,SERVICE_LATENCY_OVER_AIR_INTERFACE_DEN,528528.0,900,NRCell,Huawei
1696532400000,BIL001_01,SERVICE_LATENCY_OVER_AIR_INTERFACE_NUM,1227208.0,900,NRCell,Huawei
1696532400000,BIL001_01,VOICE_TRAFFIC,31270.0,900,NRCell,Huawei
1696532400000,BIL001_01,VOLTE_CALL_SETUP_ATT,29.0,900,NRCell,Huawei
1696532400000,BIL001_01,VOLTE_CALL_SETUP_SUCC,29.0,900,NRCell,Huawei
1696532400000,MAD033_01,DCR_DEN,3475.0,900,NRCell,Huawei
1696532400000,MAD033_01,DCR_NUM,2.0,900,NRCell,Huawei
1696532400000,MAD033_01,DROP_CALL_VOLTE_DEN,46.0,900,NRCell,Huawei
1696532400000,MAD033_01,DROP_CALL_VOLTE_NUM,0.0,900,NRCell,Huawei
1696532400000,MAD033_01,ERAB_SR_DEN,3428.0,900,NRCell,Huawei
1696532400000,MAD033_01,ERAB_SR_NUM,3428.0,900,NRCell,Huawei
1696532400000,MAD033_01,INTEGRITY_NGBR_QCI_9,8943390088.0,900,NRCell,Huawei
1696532400000,MAD033_01,INTRA_FREQUENCY_HO_OUT_ATT,223.0,900,NRCell,Huawei
1696532400000,MAD033_01,INTRA_FREQUENCY_HO_OUT_SUCC,223.0,900,NRCell,Huawei
1696532400000,MAD033_01,RRC_SETUP_ATT,1938.0,900,NRCell,Huawei
1696532400000,MAD033_01,RRC_SETUP_SUCC,1936.0,900,NRCell,Huawei
1696532400000,MAD033_01,S1SIG_Connection_Setup_SR_DEN,1936.0,900,NRCell,Huawei
1696532400000,MAD033_01,S1SIG_Connection_Setup_SR_NUM,1936.0,900,NRCell,Huawei
1696532400000,MAD033_01,SERVICE_LATENCY_OVER_AIR_INTERFACE_DEN,295085.0,900,NRCell,Huawei
1696532400000,MAD033_01,SERVICE_LATENCY_OVER_AIR_INTERFACE_NUM,493293.0,900,NRCell,Huawei
1696532400000,MAD033_01,VOICE_TRAFFIC,27261.0,900,NRCell,Huawei
1696532400000,MAD033_01,VOLTE_CALL_SETUP_ATT,43.0,900,NRCell,Huawei
1696532400000,MAD033_01,VOLTE_CALL_SETUP_SUCC,43.0,900,NRCell,Huawei
1696532400000,SAL030_01,DCR_DEN,1204.0,900,NRCell,Huawei
1696532400000,SAL030_01,DCR_NUM,4.0,900,NRCell,Huawei
1696532400000,SAL030_01,DROP_CALL_VOLTE_DEN,15.0,900,NRCell,Huawei
1696532400000,SAL030_01,DROP_CALL_VOLTE_NUM,0.0,900,NRCell,Huawei
1696532400000,SAL030_01,ERAB_SR_DEN,1284.0,900,NRCell,Huawei
1696532400000,SAL030_01,ERAB_SR_NUM,1279.0,900,NRCell,Huawei
1696532400000,SAL030_01,INTEGRITY_NGBR_QCI_9,6821075936.0,900,NRCell,Huawei
1696532400000,SAL030_01,INTRA_FREQUENCY_HO_OUT_ATT,28.0,900,NRCell,Huawei
1696532400000,SAL030_01,INTRA_FREQUENCY_HO_OUT_SUCC,28.0,900,NRCell,Huawei
1696532400000,SAL030_01,RRC_SETUP_ATT,692.0,900,NRCell,Huawei
1696532400000,SAL030_01,RRC_SETUP_SUCC,692.0,900,NRCell,Huawei
1696532400000,SAL030_01,S1SIG_Connection_Setup_SR_DEN,692.0,900,NRCell,Huawei
1696532400000,SAL030_01,S1SIG_Connection_Setup_SR_NUM,692.0,900,NRCell,Huawei
1696532400000,SAL030_01,SERVICE_LATENCY_OVER_AIR_INTERFACE_DEN,255991.0,900,NRCell,Huawei
1696532400000,SAL030_01,SERVICE_LATENCY_OVER_AIR_INTERFACE_NUM,373223.0,900,NRCell,Huawei
1696532400000,SAL030_01,VOICE_TRAFFIC,22988.0,900,NRCell,Huawei
1696532400000,SAL030_01,VOLTE_CALL_SETUP_ATT,15.0,900,NRCell,Huawei
1696532400000,SAL030_01,VOLTE_CALL_SETUP_SUCC,15.0,900,NRCell,Huawei
1696532400000,SEV001_01,DCR_DEN,4631.0,900,NRCell,Huawei
1696532400000,SEV001_01,DCR_NUM,13.0,900,NRCell,Huawei
1696532400000,SEV001_01,DROP_CALL_VOLTE_DEN,47.0,900,NRCell,Huawei
1696532400000,SEV001_01,DROP_CALL_VOLTE_NUM,0.0,900,NRCell,Huawei
1696532400000,SEV001_01,ERAB_SR_DEN,4600.0,900,NRCell,Huawei
1696532400000,SEV001_01,ERAB_SR_NUM,4582.0,900,NRCell,Huawei
1696532400000,SEV001_01,INTEGRITY_NGBR_QCI_9,17209374504.0,900,NRCell,Huawei
1696532400000,SEV001_01,INTRA_FREQUENCY_HO_OUT_ATT,158.0,900,NRCell,Huawei
1696532400000,SEV001_01,INTRA_FREQUENCY_HO_OUT_SUCC,158.0,900,NRCell,Huawei
1696532400000,SEV001_01,RRC_SETUP_ATT,2506.0,900,NRCell,Huawei
1696532400000,SEV001_01,RRC_SETUP_SUCC,2498.0,900,NRCell,Huawei
1696532400000,SEV001_01,S1SIG_Connection_Setup_SR_DEN,2498.0,900,NRCell,Huawei
1696532400000,SEV001_01,S1SIG_Connection_Setup_SR_NUM,2498.0,900,NRCell,Huawei
1696532400000,SEV001_01,SERVICE_LATENCY_OVER_AIR_INTERFACE_DEN,567100.0,900,NRCell,Huawei
1696532400000,SEV001_01,SERVICE_LATENCY_OVER_AIR_INTERFACE_NUM,1467627.0,900,NRCell,Huawei
1696532400000,SEV001_01,VOICE_TRAFFIC,52143.0,900,NRCell,Huawei
1696532400000,SEV001_01,VOLTE_CALL_SETUP_ATT,46.0,900,NRCell,Huawei
1696532400000,SEV001_01,VOLTE_CALL_SETUP_SUCC,46.0,900,NRCell,Huawei
1696532400000,SNT002_01,DCR_DEN,3259.0,900,NRCell,Huawei
1696532400000,SNT002_01,DCR_NUM,3.0,900,NRCell,Huawei
1696532400000,SNT002_01,DROP_CALL_VOLTE_DEN,55.0,900,NRCell,Huawei
1696532400000,SNT002_01,DROP_CALL_VOLTE_NUM,0.0,900,NRCell,Huawei
1696532400000,SNT002_01,ERAB_SR_DEN,3360.0,900,NRCell,Huawei
1696532400000,SNT002_01,ERAB_SR_NUM,3354.0,900,NRCell,Huawei
1696532400000,SNT002_01,INTEGRITY_NGBR_QCI_9,12280297808.0,900,NRCell,Huawei
1696532400000,SNT002_01,INTRA_FREQUENCY_HO_OUT_ATT,197.0,900,NRCell,Huawei
1696532400000,SNT002_01,INTRA_FREQUENCY_HO_OUT_SUCC,197.0,900,NRCell,Huawei
1696532400000,SNT002_01,RRC_SETUP_ATT,1917.0,900,NRCell,Huawei
1696532400000,SNT002_01,RRC_SETUP_SUCC,1906.0,900,NRCell,Huawei
1696532400000,SNT002_01,S1SIG_Connection_Setup_SR_DEN,1906.0,900,NRCell,Huawei
1696532400000,SNT002_01,S1SIG_Connection_Setup_SR_NUM,1906.0,900,NRCell,Huawei
1696532400000,SNT002_01,SERVICE_LATENCY_OVER_AIR_INTERFACE_DEN,318518.0,900,NRCell,Huawei
1696532400000,SNT002_01,SERVICE_LATENCY_OVER_AIR_INTERFACE_NUM,561274.0,900,NRCell,Huawei
1696532400000,SNT002_01,VOICE_TRAFFIC,28554.0,900,NRCell,Huawei
1696532400000,SNT002_01,VOLTE_CALL_SETUP_ATT,52.0,900,NRCell,Huawei
1696532400000,SNT002_01,VOLTE_CALL_SETUP_SUCC,52.0,900,NRCell,Huawei
1696532400000,TAR015_01,DCR_DEN,5328.0,900,NRCell,Huawei
1696532400000,TAR015_01,DCR_NUM,10.0,900,NRCell,Huawei
1696532400000,TAR015_01,DROP_CALL_VOLTE_DEN,58.0,900,NRCell,Huawei
1696532400000,TAR015_01,DROP_CALL_VOLTE_NUM,0.0,900,NRCell,Huawei
1696532400000,TAR015_01,ERAB_SR_DEN,5246.0,900,NRCell,Huawei
1696532400000,TAR015_01,ERAB_SR_NUM,5235.0,900,NRCell,Huawei
1696532400000,TAR015_01,INTEGRITY_NGBR_QCI_9,18266531416.0,900,NRCell,Huawei
1696532400000,TAR015_01,INTRA_FREQUENCY_HO_OUT_ATT,191.0,900,NRCell,Huawei
1696532400000,TAR015_01,INTRA_FREQUENCY_HO_OUT_SUCC,191.0,900,NRCell,Huawei
1696532400000,TAR015_01,RRC_SETUP_ATT,2861.0,900,NRCell,Huawei
1696532400000,TAR015_01,RRC_SETUP_SUCC,2856.0,900,NRCell,Huawei
1696532400000,TAR015_01,S1SIG_Connection_Setup_SR_DEN,2856.0,900,NRCell,Huawei
1696532400000,TAR015_01,S1SIG_Connection_Setup_SR_NUM,2856.0,900,NRCell,Huawei
1696532400000,TAR015_01,SERVICE_LATENCY_OVER_AIR_INTERFACE_DEN,570675.0,900,NRCell,Huawei
1696532400000,TAR015_01,SERVICE_LATENCY_OVER_AIR_INTERFACE_NUM,1501148.0,900,NRCell,Huawei
1696532400000,TAR015_01,VOICE_TRAFFIC,48533.0,900,NRCell,Huawei
1696532400000,TAR015_01,VOLTE_CALL_SETUP_ATT,64.0,900,NRCell,Huawei
1696532400000,TAR015_01,VOLTE_CALL_SETUP_SUCC,64.0,900,NRCell,Huawei
1696532400000,TOL034_01,DCR_DEN,311.0,900,NRCell,Huawei
1696532400000,TOL034_01,DCR_NUM,0.0,900,NRCell,Huawei
1696532400000,TOL034_01,DROP_CALL_VOLTE_DEN,2.0,900,NRCell,Huawei
1696532400000,TOL034_01,DROP_CALL_VOLTE_NUM,0.0,900,NRCell,Huawei
1696532400000,TOL034_01,ERAB_SR_DEN,277.0,900,NRCell,Huawei
1696532400000,TOL034_01,ERAB_SR_NUM,277.0,900,NRCell,Huawei
1696532400000,TOL034_01,INTEGRITY_NGBR_QCI_9,4556856600.0,900,NRCell,Huawei
1696532400000,TOL034_01,INTRA_FREQUENCY_HO_OUT_ATT,14.0,900,NRCell,Huawei
1696532400000,TOL034_01,INTRA_FREQUENCY_HO_OUT_SUCC,14.0,900,NRCell,Huawei
1696532400000,TOL034_01,RRC_SETUP_ATT,192.0,900,NRCell,Huawei
1696532400000,TOL034_01,RRC_SETUP_SUCC,188.0,900,NRCell,Huawei
1696532400000,TOL034_01,S1SIG_Connection_Setup_SR_DEN,188.0,900,NRCell,Huawei
1696532400000,TOL034_01,S1SIG_Connection_Setup_SR_NUM,188.0,900,NRCell,Huawei
1696532400000,TOL034_01,SERVICE_LATENCY_OVER_AIR_INTERFACE_DEN,117380.0,900,NRCell,Huawei
1696532400000,TOL034_01,SERVICE_LATENCY_OVER_AIR_INTERFACE_NUM,178209.0,900,NRCell,Huawei
1696532400000,TOL034_01,VOICE_TRAFFIC,1833.0,900,NRCell,Huawei
1696532400000,TOL034_01,VOLTE_CALL_SETUP_ATT,0.0,900,NRCell,Huawei
1696532400000,TOL034_01,VOLTE_CALL_SETUP_SUCC,0.0,900,NRCell,Huawei
1696532400000,VAL002_01,DCR_DEN,117.0,900,NRCell,Huawei
1696532400000,VAL002_01,DCR_NUM,2.0,900,NRCell,Huawei
1696532400000,VAL002_01,DROP_CALL_VOLTE_DEN,2.0,900,NRCell,Huawei
1696532400000,VAL002_01,DROP_CALL_VOLTE_NUM,0.0,900,NRCell,Huawei
1696532400000,VAL002_01,ERAB_SR_DEN,134.0,900,NRCell,Huawei
1696532400000,VAL002_01,ERAB_SR_NUM,133.0,900,NRCell,Huawei
1696532400000,VAL002_01,INTEGRITY_NGBR_QCI_9,817632440.0,900,NRCell,Huawei
1696532400000,VAL002_01,INTRA_FREQUENCY_HO_OUT_ATT,22.0,900,NRCell,Huawei
1696532400000,VAL002_01,INTRA_FREQUENCY_HO_OUT_SUCC,22.0,900,NRCell,Huawei
1696532400000,VAL002_01,RRC_SETUP_ATT,94.0,900,NRCell,Huawei
1696532400000,VAL002_01,RRC_SETUP_SUCC,94.0,900,NRCell,Huawei
1696532400000,VAL002_01,S1SIG_Connection_Setup_SR_DEN,94.0,900,NRCell,Huawei
1696532400000,VAL002_01,S1SIG_Connection_Setup_SR_NUM,94.0,900,NRCell,Huawei
1696532400000,VAL002_01,SERVICE_LATENCY_OVER_AIR_INTERFACE_DEN,10841.0,900,NRCell,Huawei
1696532400000,VAL002_01,SERVICE_LATENCY_OVER_AIR_INTERFACE_NUM,23633.0,900,NRCell,Huawei
1696532400000,VAL002_01,VOICE_TRAFFIC,375.0,900,NRCell,Huawei
1696532400000,VAL002_01,VOLTE_CALL_SETUP_ATT,2.0,900,NRCell,Huawei
1696532400000,VAL002_01,VOLTE_CALL_SETUP_SUCC,1.0,900,NRCell,Huawei
