startTime,neId,counterCode,counterValue,granularity,neType,vendorName
1696510800000,BCN014_01,DCR_DEN,2212.0,900,NRCell,Huawei
1696510800000,BCN014_01,DCR_NUM,0.0,900,NRCell,Huawei
1696510800000,BCN014_01,DROP_CALL_VOLTE_DEN,15.0,900,NRCell,Huawei
1696510800000,BCN014_01,DROP_CALL_VOLTE_NUM,0.0,900,NRCell,Huawei
1696510800000,BCN014_01,ERAB_SR_DEN,2196.0,900,NRCell,Huawei
1696510800000,BCN014_01,ERAB_SR_NUM,2196.0,900,NRCell,Huawei
1696510800000,BCN014_01,INTEGRITY_NGBR_QCI_9,5313044352.0,900,NRCell,Huawei
1696510800000,BCN014_01,INTRA_FREQUENCY_HO_OUT_ATT,161.0,900,NRCell,Huawei
1696510800000,BCN014_01,INTRA_FREQUENCY_HO_OUT_SUCC,161.0,900,NRCell,Huawei
1696510800000,BCN014_01,RRC_SETUP_ATT,1346.0,900,NRCell,Huawei
1696510800000,BCN014_01,RRC_SETUP_SUCC,1345.0,900,NRCell,Huawei
1696510800000,BCN014_01,S1SIG_Connection_Setup_SR_DEN,1345.0,900,NRCell,Huawei
1696510800000,BCN014_01,S1SIG_Connection_Setup_SR_NUM,1345.0,900,NRCell,Huawei
1696510800000,BCN014_01,SERVICE_LATENCY_OVER_AIR_INTERFACE_DEN,161153.0,900,NRCell,Huawei
1696510800000,BCN014_01,SERVICE_LATENCY_OVER_AIR_INTERFACE_NUM,291247.0,900,NRCell,Huawei
1696510800000,BCN014_01,VOICE_TRAFFIC,17047.0,900,NRCell,Huawei
1696510800000,BCN014_01,VOLTE_CALL_SETUP_ATT,11.0,900,NRCell,Huawei
1696510800000,BCN014_01,VOLTE_CALL_SETUP_SUCC,11.0,900,NRCell,Huawei
1696510800000,BIL001_01,DCR_DEN,2164.0,900,NRCell,Huawei
1696510800000,BIL001_01,DCR_NUM,0.0,900,NRCell,Huawei
1696510800000,BIL001_01,DROP_CALL_VOLTE_DEN,5.0,900,NRCell,Huawei
1696510800000,BIL001_01,DROP_CALL_VOLTE_NUM,0.0,900,NRCell,Huawei
1696510800000,BIL001_01,ERAB_SR_DEN,2156.0,900,NRCell,Huawei
1696510800000,BIL001_01,ERAB_SR_NUM,2156.0,900,NRCell,Huawei
1696510800000,BIL001_01,INTEGRITY_NGBR_QCI_9,7286861296.0,900,NRCell,Huawei
1696510800000,BIL001_01,INTRA_FREQUENCY_HO_OUT_ATT,129.0,900,NRCell,Huawei
1696510800000,BIL001_01,INTRA_FREQUENCY_HO_OUT_SUCC,129.0,900,NRCell,Huawei
1696510800000,BIL001_01,RRC_SETUP_ATT,1178.0,900,NRCell,Huawei
1696510800000,BIL001_01,RRC_SETUP_SUCC,1178.0,900,NRCell,Huawei
1696510800000,BIL001_01,S1SIG_Connection_Setup_SR_DEN,1178.0,900,NRCell,Huawei
1696510800000,BIL001_01,S1SIG_Connection_Setup_SR_NUM,1178.0,900,NRCell,Huawei
1696510800000,BIL001_01,SERVICE_LATENCY_OVER_AIR_INTERFACE_DEN,206182.0,900,NRCell,Huawei
1696510800000,BIL001_01,SERVICE_LATENCY_OVER_AIR_INTERFACE_NUM,299702.0,900,NRCell,Huawei
1696510800000,BIL001_01,VOICE_TRAFFIC,8519.0,900,NRCell,Huawei
1696510800000,BIL001_01,VOLTE_CALL_SETUP_ATT,7.0,900,NRCell,Huawei
1696510800000,BIL001_01,VOLTE_CALL_SETUP_SUCC,7.0,900,NRCell,Huawei
1696510800000,MAD033_01,DCR_DEN,2102.0,900,NRCell,Huawei
1696510800000,MAD033_01,DCR_NUM,0.0,900,NRCell,Huawei
1696510800000,MAD033_01,DROP_CALL_VOLTE_DEN,16.0,900,NRCell,Huawei
1696510800000,MAD033_01,DROP_CALL_VOLTE_NUM,0.0,900,NRCell,Huawei
1696510800000,MAD033_01,ERAB_SR_DEN,2078.0,900,NRCell,Huawei
1696510800000,MAD033_01,ERAB_SR_NUM,2078.0,900,NRCell,Huawei
1696510800000,MAD033_01,INTEGRITY_NGBR_QCI_9,7943693360.0,900,NRCell,Huawei
1696510800000,MAD033_01,INTRA_FREQUENCY_HO_OUT_ATT,149.0,900,NRCell,Huawei
1696510800000,MAD033_01,INTRA_FREQUENCY_HO_OUT_SUCC,149.0,900,NRCell,Huawei
1696510800000,MAD033_01,RRC_SETUP_ATT,1218.0,900,NRCell,Huawei
1696510800000,MAD033_01,RRC_SETUP_SUCC,1218.0,900,NRCell,Huawei
1696510800000,MAD033_01,S1SIG_Connection_Setup_SR_DEN,1218.0,900,NRCell,Huawei
1696510800000,MAD033_01,S1SIG_Connection_Setup_SR_NUM,1218.0,900,NRCell,Huawei
1696510800000,MAD033_01,SERVICE_LATENCY_OVER_AIR_INTERFACE_DEN,186362.0,900,NRCell,Huawei
1696510800000,MAD033_01,SERVICE_LATENCY_OVER_AIR_INTERFACE_NUM,243694.0,900,NRCell,Huawei
1696510800000,MAD033_01,VOICE_TRAFFIC,9264.0,900,NRCell,Huawei
1696510800000,MAD033_01,VOLTE_CALL_SETUP_ATT,18.0,900,NRCell,Huawei
1696510800000,MAD033_01,VOLTE_CALL_SETUP_SUCC,18.0,900,NRCell,Huawei
1696510800000,SAL030_01,DCR_DEN,380.0,900,NRCell,Huawei
1696510800000,SAL030_01,DCR_NUM,2.0,900,NRCell,Huawei
1696510800000,SAL030_01,DROP_CALL_VOLTE_DEN,1.0,900,NRCell,Huawei
1696510800000,SAL030_01,DROP_CALL_VOLTE_NUM,0.0,900,NRCell,Huawei
1696510800000,SAL030_01,ERAB_SR_DEN,377.0,900,NRCell,Huawei
1696510800000,SAL030_01,ERAB_SR_NUM,377.0,900,NRCell,Huawei
1696510800000,SAL030_01,INTEGRITY_NGBR_QCI_9,1157672280.0,900,NRCell,Huawei
1696510800000,SAL030_01,INTRA_FREQUENCY_HO_OUT_ATT,5.0,900,NRCell,Huawei
1696510800000,SAL030_01,INTRA_FREQUENCY_HO_OUT_SUCC,5.0,900,NRCell,Huawei
1696510800000,SAL030_01,RRC_SETUP_ATT,214.0,900,NRCell,Huawei
1696510800000,SAL030_01,RRC_SETUP_SUCC,214.0,900,NRCell,Huawei
1696510800000,SAL030_01,S1SIG_Connection_Setup_SR_DEN,214.0,900,NRCell,Huawei
1696510800000,SAL030_01,S1SIG_Connection_Setup_SR_NUM,214.0,900,NRCell,Huawei
1696510800000,SAL030_01,SERVICE_LATENCY_OVER_AIR_INTERFACE_DEN,24744.0,900,NRCell,Huawei
1696510800000,SAL030_01,SERVICE_LATENCY_OVER_AIR_INTERFACE_NUM,37949.0,900,NRCell,Huawei
1696510800000,SAL030_01,VOICE_TRAFFIC,2748.0,900,NRCell,Huawei
1696510800000,SAL030_01,VOLTE_CALL_SETUP_ATT,0.0,900,NRCell,Huawei
1696510800000,SAL030_01,VOLTE_CALL_SETUP_SUCC,0.0,900,NRCell,Huawei
1696510800000,SEV001_01,DCR_DEN,2839.0,900,NRCell,Huawei
1696510800000,SEV001_01,DCR_NUM,6.0,900,NRCell,Huawei
1696510800000,SEV001_01,DROP_CALL_VOLTE_DEN,5.0,900,NRCell,Huawei
1696510800000,SEV001_01,DROP_CALL_VOLTE_NUM,0.0,900,NRCell,Huawei
1696510800000,SEV001_01,ERAB_SR_DEN,2883.0,900,NRCell,Huawei
1696510800000,SEV001_01,ERAB_SR_NUM,2882.0,900,NRCell,Huawei
1696510800000,SEV001_01,INTEGRITY_NGBR_QCI_9,7912319152.0,900,NRCell,Huawei
1696510800000,SEV001_01,INTRA_FREQUENCY_HO_OUT_ATT,129.0,900,NRCell,Huawei
1696510800000,SEV001_01,INTRA_FREQUENCY_HO_OUT_SUCC,129.0,900,NRCell,Huawei
1696510800000,SEV001_01,RRC_SETUP_ATT,1645.0,900,NRCell,Huawei
1696510800000,SEV001_01,RRC_SETUP_SUCC,1645.0,900,NRCell,Huawei
1696510800000,SEV001_01,S1SIG_Connection_Setup_SR_DEN,1645.0,900,NRCell,Huawei
1696510800000,SEV001_01,S1SIG_Connection_Setup_SR_NUM,1645.0,900,NRCell,Huawei
1696510800000,SEV001_01,SERVICE_LATENCY_OVER_AIR_INTERFACE_DEN,189036.0,900,NRCell,Huawei
1696510800000,SEV001_01,SERVICE_LATENCY_OVER_AIR_INTERFACE_NUM,290114.0,900,NRCell,Huawei
1696510800000,SEV001_01,VOICE_TRAFFIC,3377.0,900,NRCell,Huawei
1696510800000,SEV001_01,VOLTE_CALL_SETUP_ATT,5.0,900,NRCell,Huawei
1696510800000,SEV001_01,VOLTE_CALL_SETUP_SUCC,5.0,900,NRCell,Huawei
1696510800000,SNT002_01,DCR_DEN,2010.0,900,NRCell,Huawei
1696510800000,SNT002_01,DCR_NUM,0.0,900,NRCell,Huawei
1696510800000,SNT002_01,DROP_CALL_VOLTE_DEN,12.0,900,NRCell,Huawei
1696510800000,SNT002_01,DROP_CALL_VOLTE_NUM,0.0,900,NRCell,Huawei
1696510800000,SNT002_01,ERAB_SR_DEN,2003.0,900,NRCell,Huawei
1696510800000,SNT002_01,ERAB_SR_NUM,2003.0,900,NRCell,Huawei
1696510800000,SNT002_01,INTEGRITY_NGBR_QCI_9,7118589768.0,900,NRCell,Huawei
1696510800000,SNT002_01,INTRA_FREQUENCY_HO_OUT_ATT,108.0,900,NRCell,Huawei
1696510800000,SNT002_01,INTRA_FREQUENCY_HO_OUT_SUCC,108.0,900,NRCell,Huawei
1696510800000,SNT002_01,RRC_SETUP_ATT,1167.0,900,NRCell,Huawei
1696510800000,SNT002_01,RRC_SETUP_SUCC,1166.0,900,NRCell,Huawei
1696510800000,SNT002_01,S1SIG_Connection_Setup_SR_DEN,1166.0,900,NRCell,Huawei
1696510800000,SNT002_01,S1SIG_Connection_Setup_SR_NUM,1166.0,900,NRCell,Huawei
1696510800000,SNT002_01,SERVICE_LATENCY_OVER_AIR_INTERFACE_DEN,155821.0,900,NRCell,Huawei
1696510800000,SNT002_01,SERVICE_LATENCY_OVER_AIR_INTERFACE_NUM,186730.0,900,NRCell,Huawei
1696510800000,SNT002_01,VOICE_TRAFFIC,5952.0,900,NRCell,Huawei
1696510800000,SNT002_01,VOLTE_CALL_SETUP_ATT,14.0,900,NRCell,Huawei
1696510800000,SNT002_01,VOLTE_CALL_SETUP_SUCC,14.0,900,NRCell,Huawei
1696510800000,TAR015_01,DCR_DEN,3273.0,900,NRCell,Huawei
1696510800000,TAR015_01,DCR_NUM,0.0,900,NRCell,Huawei
1696510800000,TAR015_01,DROP_CALL_VOLTE_DEN,9.0,900,NRCell,Huawei
1696510800000,TAR015_01,DROP_CALL_VOLTE_NUM,0.0,900,NRCell,Huawei
1696510800000,TAR015_01,ERAB_SR_DEN,3278.0,900,NRCell,Huawei
1696510800000,TAR015_01,ERAB_SR_NUM,3276.0,900,NRCell,Huawei
1696510800000,TAR015_01,INTEGRITY_NGBR_QCI_9,8008732760.0,900,NRCell,Huawei
1696510800000,TAR015_01,INTRA_FREQUENCY_HO_OUT_ATT,147.0,900,NRCell,Huawei
1696510800000,TAR015_01,INTRA_FREQUENCY_HO_OUT_SUCC,147.0,900,NRCell,Huawei
1696510800000,TAR015_01,RRC_SETUP_ATT,1853.0,900,NRCell,Huawei
1696510800000,TAR015_01,RRC_SETUP_SUCC,1852.0,900,NRCell,Huawei
1696510800000,TAR015_01,S1SIG_Connection_Setup_SR_DEN,1852.0,900,NRCell,Huawei
1696510800000,TAR015_01,S1SIG_Connection_Setup_SR_NUM,1852.0,900,NRCell,Huawei
1696510800000,TAR015_01,SERVICE_LATENCY_OVER_AIR_INTERFACE_DEN,257185.0,900,NRCell,Huawei
1696510800000,TAR015_01,SERVICE_LATENCY_OVER_AIR_INTERFACE_NUM,398898.0,900,NRCell,Huawei
1696510800000,TAR015_01,VOICE_TRAFFIC,10129.0,900,NRCell,Huawei
1696510800000,TAR015_01,VOLTE_CALL_SETUP_ATT,10.0,900,NRCell,Huawei
1696510800000,TAR015_01,VOLTE_CALL_SETUP_SUCC,10.0,900,NRCell,Huawei
1696510800000,TOL034_01,DCR_DEN,125.0,900,NRCell,Huawei
1696510800000,TOL034_01,DCR_NUM,0.0,900,NRCell,Huawei
1696510800000,TOL034_01,DROP_CALL_VOLTE_DEN,0.0,900,NRCell,Huawei
1696510800000,TOL034_01,DROP_CALL_VOLTE_NUM,0.0,900,NRCell,Huawei
1696510800000,TOL034_01,ERAB_SR_DEN,112.0,900,NRCell,Huawei
1696510800000,TOL034_01,ERAB_SR_NUM,112.0,900,NRCell,Huawei
1696510800000,TOL034_01,INTEGRITY_NGBR_QCI_9,118348856.0,900,NRCell,Huawei
1696510800000,TOL034_01,INTRA_FREQUENCY_HO_OUT_ATT,3.0,900,NRCell,Huawei
1696510800000,TOL034_01,INTRA_FREQUENCY_HO_OUT_SUCC,3.0,900,NRCell,Huawei
1696510800000,TOL034_01,RRC_SETUP_ATT,75.0,900,NRCell,Huawei
1696510800000,TOL034_01,RRC_SETUP_SUCC,75.0,900,NRCell,Huawei
1696510800000,TOL034_01,S1SIG_Connection_Setup_SR_DEN,75.0,900,NRCell,Huawei
1696510800000,TOL034_01,S1SIG_Connection_Setup_SR_NUM,75.0,900,NRCell,Huawei
1696510800000,TOL034_01,SERVICE_LATENCY_OVER_AIR_INTERFACE_DEN,3968.0,900,NRCell,Huawei
1696510800000,TOL034_01,SERVICE_LATENCY_OVER_AIR_INTERFACE_NUM,6022.0,900,NRCell,Huawei
1696510800000,TOL034_01,VOICE_TRAFFIC,0.0,900,NRCell,Huawei
1696510800000,TOL034_01,VOLTE_CALL_SETUP_ATT,0.0,900,NRCell,Huawei
1696510800000,TOL034_01,VOLTE_CALL_SETUP_SUCC,0.0,900,NRCell,Huawei
1696510800000,VAL002_01,DCR_DEN,89.0,900,NRCell,Huawei
1696510800000,VAL002_01,DCR_NUM,0.0,900,NRCell,Huawei
1696510800000,VAL002_01,DROP_CALL_VOLTE_DEN,0.0,900,NRCell,Huawei
1696510800000,VAL002_01,DROP_CALL_VOLTE_NUM,0.0,900,NRCell,Huawei
1696510800000,VAL002_01,ERAB_SR_DEN,87.0,900,NRCell,Huawei
1696510800000,VAL002_01,ERAB_SR_NUM,87.0,900,NRCell,Huawei
1696510800000,VAL002_01,INTEGRITY_NGBR_QCI_9,12405992.0,900,NRCell,Huawei
1696510800000,VAL002_01,INTRA_FREQUENCY_HO_OUT_ATT,1.0,900,NRCell,Huawei
1696510800000,VAL002_01,INTRA_FREQUENCY_HO_OUT_SUCC,1.0,900,NRCell,Huawei
1696510800000,VAL002_01,RRC_SETUP_ATT,60.0,900,NRCell,Huawei
1696510800000,VAL002_01,RRC_SETUP_SUCC,60.0,900,NRCell,Huawei
1696510800000,VAL002_01,S1SIG_Connection_Setup_SR_DEN,60.0,900,NRCell,Huawei
1696510800000,VAL002_01,S1SIG_Connection_Setup_SR_NUM,60.0,900,NRCell,Huawei
1696510800000,VAL002_01,SERVICE_LATENCY_OVER_AIR_INTERFACE_DEN,2000.0,900,NRCell,Huawei
1696510800000,VAL002_01,SERVICE_LATENCY_OVER_AIR_INTERFACE_NUM,3393.0,900,NRCell,Huawei
1696510800000,VAL002_01,VOICE_TRAFFIC,153.0,900,NRCell,Huawei
1696510800000,VAL002_01,VOLTE_CALL_SETUP_ATT,0.0,900,NRCell,Huawei
1696510800000,VAL002_01,VOLTE_CALL_SETUP_SUCC,0.0,900,NRCell,Huawei
