startTime,neId,counterCode,counterValue,granularity,neType,vendorName
1696651200000,BCN014_01,DCR_DEN,1870.0,900,NRCell,Huawei
1696651200000,BCN014_01,DCR_NUM,0.0,900,NRCell,Huawei
1696651200000,BCN014_01,DROP_CALL_VOLTE_DEN,14.0,900,NRCell,Huawei
1696651200000,BCN014_01,DROP_CALL_VOLTE_NUM,0.0,900,NRCell,Huawei
1696651200000,BCN014_01,ERAB_SR_DEN,1861.0,900,NRCell,Huawei
1696651200000,BCN014_01,ERAB_SR_NUM,1859.0,900,NRCell,Huawei
1696651200000,BCN014_01,INTEGRITY_NGBR_QCI_9,10155767936.0,900,NRCell,Huawei
1696651200000,BCN014_01,INTRA_FREQUENCY_HO_OUT_ATT,130.0,900,NRCell,Huawei
1696651200000,BCN014_01,INTRA_FREQUENCY_HO_OUT_SUCC,130.0,900,NRCell,Huawei
1696651200000,BCN014_01,RRC_SETUP_ATT,1102.0,900,NRCell,Huawei
1696651200000,BCN014_01,RRC_SETUP_SUCC,1102.0,900,NRCell,Huawei
1696651200000,BCN014_01,S1SIG_Connection_Setup_SR_DEN,1102.0,900,NRCell,Huawei
1696651200000,BCN014_01,S1SIG_Connection_Setup_SR_NUM,1102.0,900,NRCell,Huawei
1696651200000,BCN014_01,SERVICE_LATENCY_OVER_AIR_INTERFACE_DEN,383060.0,900,NRCell,Huawei
1696651200000,BCN014_01,SERVICE_LATENCY_OVER_AIR_INTERFACE_NUM,551965.0,900,NRCell,Huawei
1696651200000,BCN014_01,VOICE_TRAFFIC,12236.0,900,NRCell,Huawei
1696651200000,BCN014_01,VOLTE_CALL_SETUP_ATT,13.0,900,NRCell,Huawei
1696651200000,BCN014_01,VOLTE_CALL_SETUP_SUCC,13.0,900,NRCell,Huawei
1696651200000,BIL001_01,DCR_DEN,1763.0,900,NRCell,Huawei
1696651200000,BIL001_01,DCR_NUM,2.0,900,NRCell,Huawei
1696651200000,BIL001_01,DROP_CALL_VOLTE_DEN,8.0,900,NRCell,Huawei
1696651200000,BIL001_01,DROP_CALL_VOLTE_NUM,0.0,900,NRCell,Huawei
1696651200000,BIL001_01,ERAB_SR_DEN,1775.0,900,NRCell,Huawei
1696651200000,BIL001_01,ERAB_SR_NUM,1774.0,900,NRCell,Huawei
1696651200000,BIL001_01,INTEGRITY_NGBR_QCI_9,12274211480.0,900,NRCell,Huawei
1696651200000,BIL001_01,INTRA_FREQUENCY_HO_OUT_ATT,127.0,900,NRCell,Huawei
1696651200000,BIL001_01,INTRA_FREQUENCY_HO_OUT_SUCC,127.0,900,NRCell,Huawei
1696651200000,BIL001_01,RRC_SETUP_ATT,1085.0,900,NRCell,Huawei
1696651200000,BIL001_01,RRC_SETUP_SUCC,1081.0,900,NRCell,Huawei
1696651200000,BIL001_01,S1SIG_Connection_Setup_SR_DEN,1081.0,900,NRCell,Huawei
1696651200000,BIL001_01,S1SIG_Connection_Setup_SR_NUM,1081.0,900,NRCell,Huawei
1696651200000,BIL001_01,SERVICE_LATENCY_OVER_AIR_INTERFACE_DEN,445205.0,900,NRCell,Huawei
1696651200000,BIL001_01,SERVICE_LATENCY_OVER_AIR_INTERFACE_NUM,551625.0,900,NRCell,Huawei
1696651200000,BIL001_01,VOICE_TRAFFIC,22393.0,900,NRCell,Huawei
1696651200000,BIL001_01,VOLTE_CALL_SETUP_ATT,10.0,900,NRCell,Huawei
1696651200000,BIL001_01,VOLTE_CALL_SETUP_SUCC,10.0,900,NRCell,Huawei
1696651200000,MAD033_01,DCR_DEN,955.0,900,NRCell,Huawei
1696651200000,MAD033_01,DCR_NUM,0.0,900,NRCell,Huawei
1696651200000,MAD033_01,DROP_CALL_VOLTE_DEN,4.0,900,NRCell,Huawei
1696651200000,MAD033_01,DROP_CALL_VOLTE_NUM,0.0,900,NRCell,Huawei
1696651200000,MAD033_01,ERAB_SR_DEN,940.0,900,NRCell,Huawei
1696651200000,MAD033_01,ERAB_SR_NUM,940.0,900,NRCell,Huawei
1696651200000,MAD033_01,INTEGRITY_NGBR_QCI_9,2556986112.0,900,NRCell,Huawei
1696651200000,MAD033_01,INTRA_FREQUENCY_HO_OUT_ATT,51.0,900,NRCell,Huawei
1696651200000,MAD033_01,INTRA_FREQUENCY_HO_OUT_SUCC,51.0,900,NRCell,Huawei
1696651200000,MAD033_01,RRC_SETUP_ATT,536.0,900,NRCell,Huawei
1696651200000,MAD033_01,RRC_SETUP_SUCC,536.0,900,NRCell,Huawei
1696651200000,MAD033_01,S1SIG_Connection_Setup_SR_DEN,536.0,900,NRCell,Huawei
1696651200000,MAD033_01,S1SIG_Connection_Setup_SR_NUM,536.0,900,NRCell,Huawei
1696651200000,MAD033_01,SERVICE_LATENCY_OVER_AIR_INTERFACE_DEN,64422.0,900,NRCell,Huawei
1696651200000,MAD033_01,SERVICE_LATENCY_OVER_AIR_INTERFACE_NUM,90147.0,900,NRCell,Huawei
1696651200000,MAD033_01,VOICE_TRAFFIC,1614.0,900,NRCell,Huawei
1696651200000,MAD033_01,VOLTE_CALL_SETUP_ATT,3.0,900,NRCell,Huawei
1696651200000,MAD033_01,VOLTE_CALL_SETUP_SUCC,3.0,900,NRCell,Huawei
1696651200000,SAL030_01,DCR_DEN,79.0,900,NRCell,Huawei
1696651200000,SAL030_01,DCR_NUM,1.0,900,NRCell,Huawei
1696651200000,SAL030_01,DROP_CALL_VOLTE_DEN,0.0,900,NRCell,Huawei
1696651200000,SAL030_01,DROP_CALL_VOLTE_NUM,0.0,900,NRCell,Huawei
1696651200000,SAL030_01,ERAB_SR_DEN,64.0,900,NRCell,Huawei
1696651200000,SAL030_01,ERAB_SR_NUM,64.0,900,NRCell,Huawei
1696651200000,SAL030_01,INTEGRITY_NGBR_QCI_9,2330560144.0,900,NRCell,Huawei
1696651200000,SAL030_01,INTRA_FREQUENCY_HO_OUT_ATT,0.0,900,NRCell,Huawei
1696651200000,SAL030_01,INTRA_FREQUENCY_HO_OUT_SUCC,0.0,900,NRCell,Huawei
1696651200000,SAL030_01,RRC_SETUP_ATT,43.0,900,NRCell,Huawei
1696651200000,SAL030_01,RRC_SETUP_SUCC,43.0,900,NRCell,Huawei
1696651200000,SAL030_01,S1SIG_Connection_Setup_SR_DEN,43.0,900,NRCell,Huawei
1696651200000,SAL030_01,S1SIG_Connection_Setup_SR_NUM,43.0,900,NRCell,Huawei
1696651200000,SAL030_01,SERVICE_LATENCY_OVER_AIR_INTERFACE_DEN,23109.0,900,NRCell,Huawei
1696651200000,SAL030_01,SERVICE_LATENCY_OVER_AIR_INTERFACE_NUM,52810.0,900,NRCell,Huawei
1696651200000,SAL030_01,VOICE_TRAFFIC,2696.0,900,NRCell,Huawei
1696651200000,SAL030_01,VOLTE_CALL_SETUP_ATT,0.0,900,NRCell,Huawei
1696651200000,SAL030_01,VOLTE_CALL_SETUP_SUCC,0.0,900,NRCell,Huawei
1696651200000,SEV001_01,DCR_DEN,1515.0,900,NRCell,Huawei
1696651200000,SEV001_01,DCR_NUM,0.0,900,NRCell,Huawei
1696651200000,SEV001_01,DROP_CALL_VOLTE_DEN,4.0,900,NRCell,Huawei
1696651200000,SEV001_01,DROP_CALL_VOLTE_NUM,0.0,900,NRCell,Huawei
1696651200000,SEV001_01,ERAB_SR_DEN,1558.0,900,NRCell,Huawei
1696651200000,SEV001_01,ERAB_SR_NUM,1558.0,900,NRCell,Huawei
1696651200000,SEV001_01,INTEGRITY_NGBR_QCI_9,11854713824.0,900,NRCell,Huawei
1696651200000,SEV001_01,INTRA_FREQUENCY_HO_OUT_ATT,53.0,900,NRCell,Huawei
1696651200000,SEV001_01,INTRA_FREQUENCY_HO_OUT_SUCC,53.0,900,NRCell,Huawei
1696651200000,SEV001_01,RRC_SETUP_ATT,916.0,900,NRCell,Huawei
1696651200000,SEV001_01,RRC_SETUP_SUCC,912.0,900,NRCell,Huawei
1696651200000,SEV001_01,S1SIG_Connection_Setup_SR_DEN,912.0,900,NRCell,Huawei
1696651200000,SEV001_01,S1SIG_Connection_Setup_SR_NUM,912.0,900,NRCell,Huawei
1696651200000,SEV001_01,SERVICE_LATENCY_OVER_AIR_INTERFACE_DEN,458981.0,900,NRCell,Huawei
1696651200000,SEV001_01,SERVICE_LATENCY_OVER_AIR_INTERFACE_NUM,1024765.0,900,NRCell,Huawei
1696651200000,SEV001_01,VOICE_TRAFFIC,24486.0,900,NRCell,Huawei
1696651200000,SEV001_01,VOLTE_CALL_SETUP_ATT,1.0,900,NRCell,Huawei
1696651200000,SEV001_01,VOLTE_CALL_SETUP_SUCC,1.0,900,NRCell,Huawei
1696651200000,SNT002_01,DCR_DEN,881.0,900,NRCell,Huawei
1696651200000,SNT002_01,DCR_NUM,0.0,900,NRCell,Huawei
1696651200000,SNT002_01,DROP_CALL_VOLTE_DEN,6.0,900,NRCell,Huawei
1696651200000,SNT002_01,DROP_CALL_VOLTE_NUM,0.0,900,NRCell,Huawei
1696651200000,SNT002_01,ERAB_SR_DEN,882.0,900,NRCell,Huawei
1696651200000,SNT002_01,ERAB_SR_NUM,882.0,900,NRCell,Huawei
1696651200000,SNT002_01,INTEGRITY_NGBR_QCI_9,8470253472.0,900,NRCell,Huawei
1696651200000,SNT002_01,INTRA_FREQUENCY_HO_OUT_ATT,48.0,900,NRCell,Huawei
1696651200000,SNT002_01,INTRA_FREQUENCY_HO_OUT_SUCC,48.0,900,NRCell,Huawei
1696651200000,SNT002_01,RRC_SETUP_ATT,519.0,900,NRCell,Huawei
1696651200000,SNT002_01,RRC_SETUP_SUCC,519.0,900,NRCell,Huawei
1696651200000,SNT002_01,S1SIG_Connection_Setup_SR_DEN,519.0,900,NRCell,Huawei
1696651200000,SNT002_01,S1SIG_Connection_Setup_SR_NUM,519.0,900,NRCell,Huawei
1696651200000,SNT002_01,SERVICE_LATENCY_OVER_AIR_INTERFACE_DEN,164519.0,900,NRCell,Huawei
1696651200000,SNT002_01,SERVICE_LATENCY_OVER_AIR_INTERFACE_NUM,188523.0,900,NRCell,Huawei
1696651200000,SNT002_01,VOICE_TRAFFIC,2395.0,900,NRCell,Huawei
1696651200000,SNT002_01,VOLTE_CALL_SETUP_ATT,5.0,900,NRCell,Huawei
1696651200000,SNT002_01,VOLTE_CALL_SETUP_SUCC,5.0,900,NRCell,Huawei
1696651200000,TAR015_01,DCR_DEN,2183.0,900,NRCell,Huawei
1696651200000,TAR015_01,DCR_NUM,3.0,900,NRCell,Huawei
1696651200000,TAR015_01,DROP_CALL_VOLTE_DEN,17.0,900,NRCell,Huawei
1696651200000,TAR015_01,DROP_CALL_VOLTE_NUM,0.0,900,NRCell,Huawei
1696651200000,TAR015_01,ERAB_SR_DEN,2126.0,900,NRCell,Huawei
1696651200000,TAR015_01,ERAB_SR_NUM,2125.0,900,NRCell,Huawei
1696651200000,TAR015_01,INTEGRITY_NGBR_QCI_9,14121157336.0,900,NRCell,Huawei
1696651200000,TAR015_01,INTRA_FREQUENCY_HO_OUT_ATT,64.0,900,NRCell,Huawei
1696651200000,TAR015_01,INTRA_FREQUENCY_HO_OUT_SUCC,64.0,900,NRCell,Huawei
1696651200000,TAR015_01,RRC_SETUP_ATT,1233.0,900,NRCell,Huawei
1696651200000,TAR015_01,RRC_SETUP_SUCC,1233.0,900,NRCell,Huawei
1696651200000,TAR015_01,S1SIG_Connection_Setup_SR_DEN,1233.0,900,NRCell,Huawei
1696651200000,TAR015_01,S1SIG_Connection_Setup_SR_NUM,1233.0,900,NRCell,Huawei
1696651200000,TAR015_01,SERVICE_LATENCY_OVER_AIR_INTERFACE_DEN,617086.0,900,NRCell,Huawei
1696651200000,TAR015_01,SERVICE_LATENCY_OVER_AIR_INTERFACE_NUM,1380024.0,900,NRCell,Huawei
1696651200000,TAR015_01,VOICE_TRAFFIC,50003.0,900,NRCell,Huawei
1696651200000,TAR015_01,VOLTE_CALL_SETUP_ATT,13.0,900,NRCell,Huawei
1696651200000,TAR015_01,VOLTE_CALL_SETUP_SUCC,13.0,900,NRCell,Huawei
1696651200000,TOL034_01,DCR_DEN,63.0,900,NRCell,Huawei
1696651200000,TOL034_01,DCR_NUM,0.0,900,NRCell,Huawei
1696651200000,TOL034_01,DROP_CALL_VOLTE_DEN,0.0,900,NRCell,Huawei
1696651200000,TOL034_01,DROP_CALL_VOLTE_NUM,0.0,900,NRCell,Huawei
1696651200000,TOL034_01,ERAB_SR_DEN,58.0,900,NRCell,Huawei
1696651200000,TOL034_01,ERAB_SR_NUM,58.0,900,NRCell,Huawei
1696651200000,TOL034_01,INTEGRITY_NGBR_QCI_9,1644263856.0,900,NRCell,Huawei
1696651200000,TOL034_01,INTRA_FREQUENCY_HO_OUT_ATT,7.0,900,NRCell,Huawei
1696651200000,TOL034_01,INTRA_FREQUENCY_HO_OUT_SUCC,7.0,900,NRCell,Huawei
1696651200000,TOL034_01,RRC_SETUP_ATT,38.0,900,NRCell,Huawei
1696651200000,TOL034_01,RRC_SETUP_SUCC,37.0,900,NRCell,Huawei
1696651200000,TOL034_01,S1SIG_Connection_Setup_SR_DEN,37.0,900,NRCell,Huawei
1696651200000,TOL034_01,S1SIG_Connection_Setup_SR_NUM,37.0,900,NRCell,Huawei
1696651200000,TOL034_01,SERVICE_LATENCY_OVER_AIR_INTERFACE_DEN,18935.0,900,NRCell,Huawei
1696651200000,TOL034_01,SERVICE_LATENCY_OVER_AIR_INTERFACE_NUM,48039.0,900,NRCell,Huawei
1696651200000,TOL034_01,VOICE_TRAFFIC,898.0,900,NRCell,Huawei
1696651200000,TOL034_01,VOLTE_CALL_SETUP_ATT,1.0,900,NRCell,Huawei
1696651200000,TOL034_01,VOLTE_CALL_SETUP_SUCC,1.0,900,NRCell,Huawei
1696651200000,VAL002_01,DCR_DEN,41.0,900,NRCell,Huawei
1696651200000,VAL002_01,DCR_NUM,0.0,900,NRCell,Huawei
1696651200000,VAL002_01,DROP_CALL_VOLTE_DEN,0.0,900,NRCell,Huawei
1696651200000,VAL002_01,DROP_CALL_VOLTE_NUM,0.0,900,NRCell,Huawei
1696651200000,VAL002_01,ERAB_SR_DEN,41.0,900,NRCell,Huawei
1696651200000,VAL002_01,ERAB_SR_NUM,41.0,900,NRCell,Huawei
1696651200000,VAL002_01,INTEGRITY_NGBR_QCI_9,45927584.0,900,NRCell,Huawei
1696651200000,VAL002_01,INTRA_FREQUENCY_HO_OUT_ATT,0.0,900,NRCell,Huawei
1696651200000,VAL002_01,INTRA_FREQUENCY_HO_OUT_SUCC,0.0,900,NRCell,Huawei
1696651200000,VAL002_01,RRC_SETUP_ATT,22.0,900,NRCell,Huawei
1696651200000,VAL002_01,RRC_SETUP_SUCC,22.0,900,NRCell,Huawei
1696651200000,VAL002_01,S1SIG_Connection_Setup_SR_DEN,22.0,900,NRCell,Huawei
1696651200000,VAL002_01,S1SIG_Connection_Setup_SR_NUM,22.0,900,NRCell,Huawei
1696651200000,VAL002_01,SERVICE_LATENCY_OVER_AIR_INTERFACE_DEN,2883.0,900,NRCell,Huawei
1696651200000,VAL002_01,SERVICE_LATENCY_OVER_AIR_INTERFACE_NUM,3574.0,900,NRCell,Huawei
1696651200000,VAL002_01,VOICE_TRAFFIC,0.0,900,NRCell,Huawei
1696651200000,VAL002_01,VOLTE_CALL_SETUP_ATT,0.0,900,NRCell,Huawei
1696651200000,VAL002_01,VOLTE_CALL_SETUP_SUCC,0.0,900,NRCell,Huawei
