startTime,neId,counterCode,counterValue,granularity,neType,vendorName
1696782600000,BCN014_01,DCR_DEN,1961.0,900,NRCell,Huawei
1696782600000,BCN014_01,DCR_NUM,1.0,900,NRCell,Huawei
1696782600000,BCN014_01,DROP_CALL_VOLTE_DEN,14.0,900,NRCell,Huawei
1696782600000,BCN014_01,DROP_CALL_VOLTE_NUM,0.0,900,NRCell,Huawei
1696782600000,BCN014_01,ERAB_SR_DEN,1940.0,900,NRCell,Huawei
1696782600000,BCN014_01,ERAB_SR_NUM,1935.0,900,NRCell,Huawei
1696782600000,BCN014_01,INTEGRITY_NGBR_QCI_9,13166016016.0,900,NRCell,Huawei
1696782600000,BCN014_01,INTRA_FREQUENCY_HO_OUT_ATT,192.0,900,NRCell,Huawei
1696782600000,BCN014_01,INTRA_FREQUENCY_HO_OUT_SUCC,192.0,900,NRCell,Huawei
1696782600000,BCN014_01,RRC_SETUP_ATT,1159.0,900,NRCell,Huawei
1696782600000,BCN014_01,RRC_SETUP_SUCC,1157.0,900,NRCell,Huawei
1696782600000,BCN014_01,S1SIG_Connection_Setup_SR_DEN,1157.0,900,NRCell,Huawei
1696782600000,BCN014_01,S1SIG_Connection_Setup_SR_NUM,1157.0,900,NRCell,Huawei
1696782600000,BCN014_01,SERVICE_LATENCY_OVER_AIR_INTERFACE_DEN,219582.0,900,NRCell,Huawei
1696782600000,BCN014_01,SERVICE_LATENCY_OVER_AIR_INTERFACE_NUM,448014.0,900,NRCell,Huawei
1696782600000,BCN014_01,VOICE_TRAFFIC,9990.0,900,NRCell,Huawei
1696782600000,BCN014_01,VOLTE_CALL_SETUP_ATT,11.0,900,NRCell,Huawei
1696782600000,BCN014_01,VOLTE_CALL_SETUP_SUCC,11.0,900,NRCell,Huawei
1696782600000,BIL001_01,DCR_DEN,1876.0,900,NRCell,Huawei
1696782600000,BIL001_01,DCR_NUM,0.0,900,NRCell,Huawei
1696782600000,BIL001_01,DROP_CALL_VOLTE_DEN,10.0,900,NRCell,Huawei
1696782600000,BIL001_01,DROP_CALL_VOLTE_NUM,0.0,900,NRCell,Huawei
1696782600000,BIL001_01,ERAB_SR_DEN,1875.0,900,NRCell,Huawei
1696782600000,BIL001_01,ERAB_SR_NUM,1873.0,900,NRCell,Huawei
1696782600000,BIL001_01,INTEGRITY_NGBR_QCI_9,14319455296.0,900,NRCell,Huawei
1696782600000,BIL001_01,INTRA_FREQUENCY_HO_OUT_ATT,138.0,900,NRCell,Huawei
1696782600000,BIL001_01,INTRA_FREQUENCY_HO_OUT_SUCC,138.0,900,NRCell,Huawei
1696782600000,BIL001_01,RRC_SETUP_ATT,1151.0,900,NRCell,Huawei
1696782600000,BIL001_01,RRC_SETUP_SUCC,1146.0,900,NRCell,Huawei
1696782600000,BIL001_01,S1SIG_Connection_Setup_SR_DEN,1146.0,900,NRCell,Huawei
1696782600000,BIL001_01,S1SIG_Connection_Setup_SR_NUM,1146.0,900,NRCell,Huawei
1696782600000,BIL001_01,SERVICE_LATENCY_OVER_AIR_INTERFACE_DEN,405650.0,900,NRCell,Huawei
1696782600000,BIL001_01,SERVICE_LATENCY_OVER_AIR_INTERFACE_NUM,713550.0,900,NRCell,Huawei
1696782600000,BIL001_01,VOICE_TRAFFIC,12182.0,900,NRCell,Huawei
1696782600000,BIL001_01,VOLTE_CALL_SETUP_ATT,10.0,900,NRCell,Huawei
1696782600000,BIL001_01,VOLTE_CALL_SETUP_SUCC,10.0,900,NRCell,Huawei
1696782600000,MAD033_01,DCR_DEN,948.0,900,NRCell,Huawei
1696782600000,MAD033_01,DCR_NUM,0.0,900,NRCell,Huawei
1696782600000,MAD033_01,DROP_CALL_VOLTE_DEN,15.0,900,NRCell,Huawei
1696782600000,MAD033_01,DROP_CALL_VOLTE_NUM,0.0,900,NRCell,Huawei
1696782600000,MAD033_01,ERAB_SR_DEN,952.0,900,NRCell,Huawei
1696782600000,MAD033_01,ERAB_SR_NUM,952.0,900,NRCell,Huawei
1696782600000,MAD033_01,INTEGRITY_NGBR_QCI_9,7402261296.0,900,NRCell,Huawei
1696782600000,MAD033_01,INTRA_FREQUENCY_HO_OUT_ATT,79.0,900,NRCell,Huawei
1696782600000,MAD033_01,INTRA_FREQUENCY_HO_OUT_SUCC,79.0,900,NRCell,Huawei
1696782600000,MAD033_01,RRC_SETUP_ATT,544.0,900,NRCell,Huawei
1696782600000,MAD033_01,RRC_SETUP_SUCC,543.0,900,NRCell,Huawei
1696782600000,MAD033_01,S1SIG_Connection_Setup_SR_DEN,543.0,900,NRCell,Huawei
1696782600000,MAD033_01,S1SIG_Connection_Setup_SR_NUM,543.0,900,NRCell,Huawei
1696782600000,MAD033_01,SERVICE_LATENCY_OVER_AIR_INTERFACE_DEN,194726.0,900,NRCell,Huawei
1696782600000,MAD033_01,SERVICE_LATENCY_OVER_AIR_INTERFACE_NUM,221983.0,900,NRCell,Huawei
1696782600000,MAD033_01,VOICE_TRAFFIC,5301.0,900,NRCell,Huawei
1696782600000,MAD033_01,VOLTE_CALL_SETUP_ATT,12.0,900,NRCell,Huawei
1696782600000,MAD033_01,VOLTE_CALL_SETUP_SUCC,12.0,900,NRCell,Huawei
1696782600000,SAL030_01,DCR_DEN,162.0,900,NRCell,Huawei
1696782600000,SAL030_01,DCR_NUM,0.0,900,NRCell,Huawei
1696782600000,SAL030_01,DROP_CALL_VOLTE_DEN,2.0,900,NRCell,Huawei
1696782600000,SAL030_01,DROP_CALL_VOLTE_NUM,0.0,900,NRCell,Huawei
1696782600000,SAL030_01,ERAB_SR_DEN,172.0,900,NRCell,Huawei
1696782600000,SAL030_01,ERAB_SR_NUM,171.0,900,NRCell,Huawei
1696782600000,SAL030_01,INTEGRITY_NGBR_QCI_9,2008934320.0,900,NRCell,Huawei
1696782600000,SAL030_01,INTRA_FREQUENCY_HO_OUT_ATT,14.0,900,NRCell,Huawei
1696782600000,SAL030_01,INTRA_FREQUENCY_HO_OUT_SUCC,14.0,900,NRCell,Huawei
1696782600000,SAL030_01,RRC_SETUP_ATT,103.0,900,NRCell,Huawei
1696782600000,SAL030_01,RRC_SETUP_SUCC,103.0,900,NRCell,Huawei
1696782600000,SAL030_01,S1SIG_Connection_Setup_SR_DEN,103.0,900,NRCell,Huawei
1696782600000,SAL030_01,S1SIG_Connection_Setup_SR_NUM,103.0,900,NRCell,Huawei
1696782600000,SAL030_01,SERVICE_LATENCY_OVER_AIR_INTERFACE_DEN,20069.0,900,NRCell,Huawei
1696782600000,SAL030_01,SERVICE_LATENCY_OVER_AIR_INTERFACE_NUM,44663.0,900,NRCell,Huawei
1696782600000,SAL030_01,VOICE_TRAFFIC,332.0,900,NRCell,Huawei
1696782600000,SAL030_01,VOLTE_CALL_SETUP_ATT,0.0,900,NRCell,Huawei
1696782600000,SAL030_01,VOLTE_CALL_SETUP_SUCC,0.0,900,NRCell,Huawei
1696782600000,SEV001_01,DCR_DEN,2780.0,900,NRCell,Huawei
1696782600000,SEV001_01,DCR_NUM,2.0,900,NRCell,Huawei
1696782600000,SEV001_01,DROP_CALL_VOLTE_DEN,13.0,900,NRCell,Huawei
1696782600000,SEV001_01,DROP_CALL_VOLTE_NUM,0.0,900,NRCell,Huawei
1696782600000,SEV001_01,ERAB_SR_DEN,2758.0,900,NRCell,Huawei
1696782600000,SEV001_01,ERAB_SR_NUM,2756.0,900,NRCell,Huawei
1696782600000,SEV001_01,INTEGRITY_NGBR_QCI_9,11030153824.0,900,NRCell,Huawei
1696782600000,SEV001_01,INTRA_FREQUENCY_HO_OUT_ATT,100.0,900,NRCell,Huawei
1696782600000,SEV001_01,INTRA_FREQUENCY_HO_OUT_SUCC,100.0,900,NRCell,Huawei
1696782600000,SEV001_01,RRC_SETUP_ATT,1535.0,900,NRCell,Huawei
1696782600000,SEV001_01,RRC_SETUP_SUCC,1534.0,900,NRCell,Huawei
1696782600000,SEV001_01,S1SIG_Connection_Setup_SR_DEN,1534.0,900,NRCell,Huawei
1696782600000,SEV001_01,S1SIG_Connection_Setup_SR_NUM,1534.0,900,NRCell,Huawei
1696782600000,SEV001_01,SERVICE_LATENCY_OVER_AIR_INTERFACE_DEN,523345.0,900,NRCell,Huawei
1696782600000,SEV001_01,SERVICE_LATENCY_OVER_AIR_INTERFACE_NUM,1289272.0,900,NRCell,Huawei
1696782600000,SEV001_01,VOICE_TRAFFIC,27873.0,900,NRCell,Huawei
1696782600000,SEV001_01,VOLTE_CALL_SETUP_ATT,12.0,900,NRCell,Huawei
1696782600000,SEV001_01,VOLTE_CALL_SETUP_SUCC,12.0,900,NRCell,Huawei
1696782600000,SNT002_01,DCR_DEN,844.0,900,NRCell,Huawei
1696782600000,SNT002_01,DCR_NUM,0.0,900,NRCell,Huawei
1696782600000,SNT002_01,DROP_CALL_VOLTE_DEN,6.0,900,NRCell,Huawei
1696782600000,SNT002_01,DROP_CALL_VOLTE_NUM,0.0,900,NRCell,Huawei
1696782600000,SNT002_01,ERAB_SR_DEN,863.0,900,NRCell,Huawei
1696782600000,SNT002_01,ERAB_SR_NUM,862.0,900,NRCell,Huawei
1696782600000,SNT002_01,INTEGRITY_NGBR_QCI_9,5430192672.0,900,NRCell,Huawei
1696782600000,SNT002_01,INTRA_FREQUENCY_HO_OUT_ATT,41.0,900,NRCell,Huawei
1696782600000,SNT002_01,INTRA_FREQUENCY_HO_OUT_SUCC,41.0,900,NRCell,Huawei
1696782600000,SNT002_01,RRC_SETUP_ATT,518.0,900,NRCell,Huawei
1696782600000,SNT002_01,RRC_SETUP_SUCC,510.0,900,NRCell,Huawei
1696782600000,SNT002_01,S1SIG_Connection_Setup_SR_DEN,510.0,900,NRCell,Huawei
1696782600000,SNT002_01,S1SIG_Connection_Setup_SR_NUM,510.0,900,NRCell,Huawei
1696782600000,SNT002_01,SERVICE_LATENCY_OVER_AIR_INTERFACE_DEN,173404.0,900,NRCell,Huawei
1696782600000,SNT002_01,SERVICE_LATENCY_OVER_AIR_INTERFACE_NUM,194518.0,900,NRCell,Huawei
1696782600000,SNT002_01,VOICE_TRAFFIC,1557.0,900,NRCell,Huawei
1696782600000,SNT002_01,VOLTE_CALL_SETUP_ATT,5.0,900,NRCell,Huawei
1696782600000,SNT002_01,VOLTE_CALL_SETUP_SUCC,5.0,900,NRCell,Huawei
1696782600000,TAR015_01,DCR_DEN,3340.0,900,NRCell,Huawei
1696782600000,TAR015_01,DCR_NUM,3.0,900,NRCell,Huawei
1696782600000,TAR015_01,DROP_CALL_VOLTE_DEN,16.0,900,NRCell,Huawei
1696782600000,TAR015_01,DROP_CALL_VOLTE_NUM,0.0,900,NRCell,Huawei
1696782600000,TAR015_01,ERAB_SR_DEN,3324.0,900,NRCell,Huawei
1696782600000,TAR015_01,ERAB_SR_NUM,3321.0,900,NRCell,Huawei
1696782600000,TAR015_01,INTEGRITY_NGBR_QCI_9,11358117720.0,900,NRCell,Huawei
1696782600000,TAR015_01,INTRA_FREQUENCY_HO_OUT_ATT,123.0,900,NRCell,Huawei
1696782600000,TAR015_01,INTRA_FREQUENCY_HO_OUT_SUCC,123.0,900,NRCell,Huawei
1696782600000,TAR015_01,RRC_SETUP_ATT,1797.0,900,NRCell,Huawei
1696782600000,TAR015_01,RRC_SETUP_SUCC,1797.0,900,NRCell,Huawei
1696782600000,TAR015_01,S1SIG_Connection_Setup_SR_DEN,1797.0,900,NRCell,Huawei
1696782600000,TAR015_01,S1SIG_Connection_Setup_SR_NUM,1797.0,900,NRCell,Huawei
1696782600000,TAR015_01,SERVICE_LATENCY_OVER_AIR_INTERFACE_DEN,544385.0,900,NRCell,Huawei
1696782600000,TAR015_01,SERVICE_LATENCY_OVER_AIR_INTERFACE_NUM,1550657.0,900,NRCell,Huawei
1696782600000,TAR015_01,VOICE_TRAFFIC,22491.0,900,NRCell,Huawei
1696782600000,TAR015_01,VOLTE_CALL_SETUP_ATT,19.0,900,NRCell,Huawei
1696782600000,TAR015_01,VOLTE_CALL_SETUP_SUCC,19.0,900,NRCell,Huawei
1696782600000,TOL034_01,DCR_DEN,120.0,900,NRCell,Huawei
1696782600000,TOL034_01,DCR_NUM,0.0,900,NRCell,Huawei
1696782600000,TOL034_01,DROP_CALL_VOLTE_DEN,1.0,900,NRCell,Huawei
1696782600000,TOL034_01,DROP_CALL_VOLTE_NUM,0.0,900,NRCell,Huawei
1696782600000,TOL034_01,ERAB_SR_DEN,111.0,900,NRCell,Huawei
1696782600000,TOL034_01,ERAB_SR_NUM,111.0,900,NRCell,Huawei
1696782600000,TOL034_01,INTEGRITY_NGBR_QCI_9,4189893248.0,900,NRCell,Huawei
1696782600000,TOL034_01,INTRA_FREQUENCY_HO_OUT_ATT,14.0,900,NRCell,Huawei
1696782600000,TOL034_01,INTRA_FREQUENCY_HO_OUT_SUCC,14.0,900,NRCell,Huawei
1696782600000,TOL034_01,RRC_SETUP_ATT,80.0,900,NRCell,Huawei
1696782600000,TOL034_01,RRC_SETUP_SUCC,79.0,900,NRCell,Huawei
1696782600000,TOL034_01,S1SIG_Connection_Setup_SR_DEN,79.0,900,NRCell,Huawei
1696782600000,TOL034_01,S1SIG_Connection_Setup_SR_NUM,79.0,900,NRCell,Huawei
1696782600000,TOL034_01,SERVICE_LATENCY_OVER_AIR_INTERFACE_DEN,77483.0,900,NRCell,Huawei
1696782600000,TOL034_01,SERVICE_LATENCY_OVER_AIR_INTERFACE_NUM,123626.0,900,NRCell,Huawei
1696782600000,TOL034_01,VOICE_TRAFFIC,258.0,900,NRCell,Huawei
1696782600000,TOL034_01,VOLTE_CALL_SETUP_ATT,0.0,900,NRCell,Huawei
1696782600000,TOL034_01,VOLTE_CALL_SETUP_SUCC,0.0,900,NRCell,Huawei
1696782600000,VAL002_01,DCR_DEN,9.0,900,NRCell,Huawei
1696782600000,VAL002_01,DCR_NUM,0.0,900,NRCell,Huawei
1696782600000,VAL002_01,DROP_CALL_VOLTE_DEN,0.0,900,NRCell,Huawei
1696782600000,VAL002_01,DROP_CALL_VOLTE_NUM,0.0,900,NRCell,Huawei
1696782600000,VAL002_01,ERAB_SR_DEN,5.0,900,NRCell,Huawei
1696782600000,VAL002_01,ERAB_SR_NUM,5.0,900,NRCell,Huawei
1696782600000,VAL002_01,INTEGRITY_NGBR_QCI_9,652465344.0,900,NRCell,Huawei
1696782600000,VAL002_01,INTRA_FREQUENCY_HO_OUT_ATT,3.0,900,NRCell,Huawei
1696782600000,VAL002_01,INTRA_FREQUENCY_HO_OUT_SUCC,3.0,900,NRCell,Huawei
1696782600000,VAL002_01,RRC_SETUP_ATT,4.0,900,NRCell,Huawei
1696782600000,VAL002_01,RRC_SETUP_SUCC,4.0,900,NRCell,Huawei
1696782600000,VAL002_01,S1SIG_Connection_Setup_SR_DEN,4.0,900,NRCell,Huawei
1696782600000,VAL002_01,S1SIG_Connection_Setup_SR_NUM,4.0,900,NRCell,Huawei
1696782600000,VAL002_01,SERVICE_LATENCY_OVER_AIR_INTERFACE_DEN,9975.0,900,NRCell,Huawei
1696782600000,VAL002_01,SERVICE_LATENCY_OVER_AIR_INTERFACE_NUM,12503.0,900,NRCell,Huawei
1696782600000,VAL002_01,VOICE_TRAFFIC,0.0,900,NRCell,Huawei
1696782600000,VAL002_01,VOLTE_CALL_SETUP_ATT,0.0,900,NRCell,Huawei
1696782600000,VAL002_01,VOLTE_CALL_SETUP_SUCC,0.0,900,NRCell,Huawei
