startTime,neId,counterCode,counterValue,granularity,neType,vendorName
1696604400000,BCN014_01,DCR_DEN,3745.0,900,NRCell,Huawei
1696604400000,BCN014_01,DCR_NUM,1.0,900,NRCell,Huawei
1696604400000,BCN014_01,DROP_CALL_VOLTE_DEN,17.0,900,NRCell,Huawei
1696604400000,BCN014_01,DROP_CALL_VOLTE_NUM,0.0,900,NRCell,Huawei
1696604400000,BCN014_01,ERAB_SR_DEN,3701.0,900,NRCell,Huawei
1696604400000,BCN014_01,ERAB_SR_NUM,3701.0,900,NRCell,Huawei
1696604400000,BCN014_01,INTEGRITY_NGBR_QCI_9,10316818832.0,900,NRCell,Huawei
1696604400000,BCN014_01,INTRA_FREQUENCY_HO_OUT_ATT,254.0,900,NRCell,Huawei
1696604400000,BCN014_01,INTRA_FREQUENCY_HO_OUT_SUCC,254.0,900,NRCell,Huawei
1696604400000,BCN014_01,RRC_SETUP_ATT,2173.0,900,NRCell,Huawei
1696604400000,BCN014_01,RRC_SETUP_SUCC,2169.0,900,NRCell,Huawei
1696604400000,BCN014_01,S1SIG_Connection_Setup_SR_DEN,2169.0,900,NRCell,Huawei
1696604400000,BCN014_01,S1SIG_Connection_Setup_SR_NUM,2169.0,900,NRCell,Huawei
1696604400000,BCN014_01,SERVICE_LATENCY_OVER_AIR_INTERFACE_DEN,317363.0,900,NRCell,Huawei
1696604400000,BCN014_01,SERVICE_LATENCY_OVER_AIR_INTERFACE_NUM,435220.0,900,NRCell,Huawei
1696604400000,BCN014_01,VOICE_TRAFFIC,16164.0,900,NRCell,Huawei
1696604400000,BCN014_01,VOLTE_CALL_SETUP_ATT,20.0,900,NRCell,Huawei
1696604400000,BCN014_01,VOLTE_CALL_SETUP_SUCC,20.0,900,NRCell,Huawei
1696604400000,BIL001_01,DCR_DEN,3562.0,900,NRCell,Huawei
1696604400000,BIL001_01,DCR_NUM,3.0,900,NRCell,Huawei
1696604400000,BIL001_01,DROP_CALL_VOLTE_DEN,24.0,900,NRCell,Huawei
1696604400000,BIL001_01,DROP_CALL_VOLTE_NUM,0.0,900,NRCell,Huawei
1696604400000,BIL001_01,ERAB_SR_DEN,3602.0,900,NRCell,Huawei
1696604400000,BIL001_01,ERAB_SR_NUM,3597.0,900,NRCell,Huawei
1696604400000,BIL001_01,INTEGRITY_NGBR_QCI_9,10399815456.0,900,NRCell,Huawei
1696604400000,BIL001_01,INTRA_FREQUENCY_HO_OUT_ATT,197.0,900,NRCell,Huawei
1696604400000,BIL001_01,INTRA_FREQUENCY_HO_OUT_SUCC,197.0,900,NRCell,Huawei
1696604400000,BIL001_01,RRC_SETUP_ATT,2152.0,900,NRCell,Huawei
1696604400000,BIL001_01,RRC_SETUP_SUCC,2131.0,900,NRCell,Huawei
1696604400000,BIL001_01,S1SIG_Connection_Setup_SR_DEN,2131.0,900,NRCell,Huawei
1696604400000,BIL001_01,S1SIG_Connection_Setup_SR_NUM,2131.0,900,NRCell,Huawei
1696604400000,BIL001_01,SERVICE_LATENCY_OVER_AIR_INTERFACE_DEN,325342.0,900,NRCell,Huawei
1696604400000,BIL001_01,SERVICE_LATENCY_OVER_AIR_INTERFACE_NUM,706453.0,900,NRCell,Huawei
1696604400000,BIL001_01,VOICE_TRAFFIC,27978.0,900,NRCell,Huawei
1696604400000,BIL001_01,VOLTE_CALL_SETUP_ATT,22.0,900,NRCell,Huawei
1696604400000,BIL001_01,VOLTE_CALL_SETUP_SUCC,22.0,900,NRCell,Huawei
1696604400000,MAD033_01,DCR_DEN,2090.0,900,NRCell,Huawei
1696604400000,MAD033_01,DCR_NUM,2.0,900,NRCell,Huawei
1696604400000,MAD033_01,DROP_CALL_VOLTE_DEN,9.0,900,NRCell,Huawei
1696604400000,MAD033_01,DROP_CALL_VOLTE_NUM,0.0,900,NRCell,Huawei
1696604400000,MAD033_01,ERAB_SR_DEN,2074.0,900,NRCell,Huawei
1696604400000,MAD033_01,ERAB_SR_NUM,2074.0,900,NRCell,Huawei
1696604400000,MAD033_01,INTEGRITY_NGBR_QCI_9,6433857416.0,900,NRCell,Huawei
1696604400000,MAD033_01,INTRA_FREQUENCY_HO_OUT_ATT,134.0,900,NRCell,Huawei
1696604400000,MAD033_01,INTRA_FREQUENCY_HO_OUT_SUCC,134.0,900,NRCell,Huawei
1696604400000,MAD033_01,RRC_SETUP_ATT,1174.0,900,NRCell,Huawei
1696604400000,MAD033_01,RRC_SETUP_SUCC,1173.0,900,NRCell,Huawei
1696604400000,MAD033_01,S1SIG_Connection_Setup_SR_DEN,1173.0,900,NRCell,Huawei
1696604400000,MAD033_01,S1SIG_Connection_Setup_SR_NUM,1173.0,900,NRCell,Huawei
1696604400000,MAD033_01,SERVICE_LATENCY_OVER_AIR_INTERFACE_DEN,169697.0,900,NRCell,Huawei
1696604400000,MAD033_01,SERVICE_LATENCY_OVER_AIR_INTERFACE_NUM,204295.0,900,NRCell,Huawei
1696604400000,MAD033_01,VOICE_TRAFFIC,4555.0,900,NRCell,Huawei
1696604400000,MAD033_01,VOLTE_CALL_SETUP_ATT,8.0,900,NRCell,Huawei
1696604400000,MAD033_01,VOLTE_CALL_SETUP_SUCC,8.0,900,NRCell,Huawei
1696604400000,SAL030_01,DCR_DEN,193.0,900,NRCell,Huawei
1696604400000,SAL030_01,DCR_NUM,0.0,900,NRCell,Huawei
1696604400000,SAL030_01,DROP_CALL_VOLTE_DEN,2.0,900,NRCell,Huawei
1696604400000,SAL030_01,DROP_CALL_VOLTE_NUM,0.0,900,NRCell,Huawei
1696604400000,SAL030_01,ERAB_SR_DEN,199.0,900,NRCell,Huawei
1696604400000,SAL030_01,ERAB_SR_NUM,198.0,900,NRCell,Huawei
1696604400000,SAL030_01,INTEGRITY_NGBR_QCI_9,2344887536.0,900,NRCell,Huawei
1696604400000,SAL030_01,INTRA_FREQUENCY_HO_OUT_ATT,10.0,900,NRCell,Huawei
1696604400000,SAL030_01,INTRA_FREQUENCY_HO_OUT_SUCC,9.0,900,NRCell,Huawei
1696604400000,SAL030_01,RRC_SETUP_ATT,114.0,900,NRCell,Huawei
1696604400000,SAL030_01,RRC_SETUP_SUCC,114.0,900,NRCell,Huawei
1696604400000,SAL030_01,S1SIG_Connection_Setup_SR_DEN,114.0,900,NRCell,Huawei
1696604400000,SAL030_01,S1SIG_Connection_Setup_SR_NUM,114.0,900,NRCell,Huawei
1696604400000,SAL030_01,SERVICE_LATENCY_OVER_AIR_INTERFACE_DEN,52974.0,900,NRCell,Huawei
1696604400000,SAL030_01,SERVICE_LATENCY_OVER_AIR_INTERFACE_NUM,82547.0,900,NRCell,Huawei
1696604400000,SAL030_01,VOICE_TRAFFIC,1493.0,900,NRCell,Huawei
1696604400000,SAL030_01,VOLTE_CALL_SETUP_ATT,2.0,900,NRCell,Huawei
1696604400000,SAL030_01,VOLTE_CALL_SETUP_SUCC,2.0,900,NRCell,Huawei
1696604400000,SEV001_01,DCR_DEN,4115.0,900,NRCell,Huawei
1696604400000,SEV001_01,DCR_NUM,4.0,900,NRCell,Huawei
1696604400000,SEV001_01,DROP_CALL_VOLTE_DEN,46.0,900,NRCell,Huawei
1696604400000,SEV001_01,DROP_CALL_VOLTE_NUM,0.0,900,NRCell,Huawei
1696604400000,SEV001_01,ERAB_SR_DEN,4137.0,900,NRCell,Huawei
1696604400000,SEV001_01,ERAB_SR_NUM,4131.0,900,NRCell,Huawei
1696604400000,SEV001_01,INTEGRITY_NGBR_QCI_9,14781086192.0,900,NRCell,Huawei
1696604400000,SEV001_01,INTRA_FREQUENCY_HO_OUT_ATT,139.0,900,NRCell,Huawei
1696604400000,SEV001_01,INTRA_FREQUENCY_HO_OUT_SUCC,139.0,900,NRCell,Huawei
1696604400000,SEV001_01,RRC_SETUP_ATT,2253.0,900,NRCell,Huawei
1696604400000,SEV001_01,RRC_SETUP_SUCC,2248.0,900,NRCell,Huawei
1696604400000,SEV001_01,S1SIG_Connection_Setup_SR_DEN,2248.0,900,NRCell,Huawei
1696604400000,SEV001_01,S1SIG_Connection_Setup_SR_NUM,2248.0,900,NRCell,Huawei
1696604400000,SEV001_01,SERVICE_LATENCY_OVER_AIR_INTERFACE_DEN,529132.0,900,NRCell,Huawei
1696604400000,SEV001_01,SERVICE_LATENCY_OVER_AIR_INTERFACE_NUM,778703.0,900,NRCell,Huawei
1696604400000,SEV001_01,VOICE_TRAFFIC,28413.0,900,NRCell,Huawei
1696604400000,SEV001_01,VOLTE_CALL_SETUP_ATT,41.0,900,NRCell,Huawei
1696604400000,SEV001_01,VOLTE_CALL_SETUP_SUCC,41.0,900,NRCell,Huawei
1696604400000,SNT002_01,DCR_DEN,2048.0,900,NRCell,Huawei
1696604400000,SNT002_01,DCR_NUM,0.0,900,NRCell,Huawei
1696604400000,SNT002_01,DROP_CALL_VOLTE_DEN,11.0,900,NRCell,Huawei
1696604400000,SNT002_01,DROP_CALL_VOLTE_NUM,0.0,900,NRCell,Huawei
1696604400000,SNT002_01,ERAB_SR_DEN,2081.0,900,NRCell,Huawei
1696604400000,SNT002_01,ERAB_SR_NUM,2080.0,900,NRCell,Huawei
1696604400000,SNT002_01,INTEGRITY_NGBR_QCI_9,3554034824.0,900,NRCell,Huawei
1696604400000,SNT002_01,INTRA_FREQUENCY_HO_OUT_ATT,86.0,900,NRCell,Huawei
1696604400000,SNT002_01,INTRA_FREQUENCY_HO_OUT_SUCC,86.0,900,NRCell,Huawei
1696604400000,SNT002_01,RRC_SETUP_ATT,1161.0,900,NRCell,Huawei
1696604400000,SNT002_01,RRC_SETUP_SUCC,1161.0,900,NRCell,Huawei
1696604400000,SNT002_01,S1SIG_Connection_Setup_SR_DEN,1161.0,900,NRCell,Huawei
1696604400000,SNT002_01,S1SIG_Connection_Setup_SR_NUM,1161.0,900,NRCell,Huawei
1696604400000,SNT002_01,SERVICE_LATENCY_OVER_AIR_INTERFACE_DEN,134749.0,900,NRCell,Huawei
1696604400000,SNT002_01,SERVICE_LATENCY_OVER_AIR_INTERFACE_NUM,157199.0,900,NRCell,Huawei
1696604400000,SNT002_01,VOICE_TRAFFIC,17308.0,900,NRCell,Huawei
1696604400000,SNT002_01,VOLTE_CALL_SETUP_ATT,13.0,900,NRCell,Huawei
1696604400000,SNT002_01,VOLTE_CALL_SETUP_SUCC,13.0,900,NRCell,Huawei
1696604400000,TAR015_01,DCR_DEN,4460.0,900,NRCell,Huawei
1696604400000,TAR015_01,DCR_NUM,5.0,900,NRCell,Huawei
1696604400000,TAR015_01,DROP_CALL_VOLTE_DEN,33.0,900,NRCell,Huawei
1696604400000,TAR015_01,DROP_CALL_VOLTE_NUM,0.0,900,NRCell,Huawei
1696604400000,TAR015_01,ERAB_SR_DEN,4422.0,900,NRCell,Huawei
1696604400000,TAR015_01,ERAB_SR_NUM,4422.0,900,NRCell,Huawei
1696604400000,TAR015_01,INTEGRITY_NGBR_QCI_9,13908172920.0,900,NRCell,Huawei
1696604400000,TAR015_01,INTRA_FREQUENCY_HO_OUT_ATT,142.0,900,NRCell,Huawei
1696604400000,TAR015_01,INTRA_FREQUENCY_HO_OUT_SUCC,142.0,900,NRCell,Huawei
1696604400000,TAR015_01,RRC_SETUP_ATT,2386.0,900,NRCell,Huawei
1696604400000,TAR015_01,RRC_SETUP_SUCC,2385.0,900,NRCell,Huawei
1696604400000,TAR015_01,S1SIG_Connection_Setup_SR_DEN,2385.0,900,NRCell,Huawei
1696604400000,TAR015_01,S1SIG_Connection_Setup_SR_NUM,2385.0,900,NRCell,Huawei
1696604400000,TAR015_01,SERVICE_LATENCY_OVER_AIR_INTERFACE_DEN,487146.0,900,NRCell,Huawei
1696604400000,TAR015_01,SERVICE_LATENCY_OVER_AIR_INTERFACE_NUM,783721.0,900,NRCell,Huawei
1696604400000,TAR015_01,VOICE_TRAFFIC,34016.0,900,NRCell,Huawei
1696604400000,TAR015_01,VOLTE_CALL_SETUP_ATT,34.0,900,NRCell,Huawei
1696604400000,TAR015_01,VOLTE_CALL_SETUP_SUCC,34.0,900,NRCell,Huawei
1696604400000,TOL034_01,DCR_DEN,245.0,900,NRCell,Huawei
1696604400000,TOL034_01,DCR_NUM,0.0,900,NRCell,Huawei
1696604400000,TOL034_01,DROP_CALL_VOLTE_DEN,1.0,900,NRCell,Huawei
1696604400000,TOL034_01,DROP_CALL_VOLTE_NUM,0.0,900,NRCell,Huawei
1696604400000,TOL034_01,ERAB_SR_DEN,237.0,900,NRCell,Huawei
1696604400000,TOL034_01,ERAB_SR_NUM,235.0,900,NRCell,Huawei
1696604400000,TOL034_01,INTEGRITY_NGBR_QCI_9,917343696.0,900,NRCell,Huawei
1696604400000,TOL034_01,INTRA_FREQUENCY_HO_OUT_ATT,18.0,900,NRCell,Huawei
1696604400000,TOL034_01,INTRA_FREQUENCY_HO_OUT_SUCC,18.0,900,NRCell,Huawei
1696604400000,TOL034_01,RRC_SETUP_ATT,154.0,900,NRCell,Huawei
1696604400000,TOL034_01,RRC_SETUP_SUCC,154.0,900,NRCell,Huawei
1696604400000,TOL034_01,S1SIG_Connection_Setup_SR_DEN,154.0,900,NRCell,Huawei
1696604400000,TOL034_01,S1SIG_Connection_Setup_SR_NUM,154.0,900,NRCell,Huawei
1696604400000,TOL034_01,SERVICE_LATENCY_OVER_AIR_INTERFACE_DEN,59387.0,900,NRCell,Huawei
1696604400000,TOL034_01,SERVICE_LATENCY_OVER_AIR_INTERFACE_NUM,90726.0,900,NRCell,Huawei
1696604400000,TOL034_01,VOICE_TRAFFIC,1567.0,900,NRCell,Huawei
1696604400000,TOL034_01,VOLTE_CALL_SETUP_ATT,0.0,900,NRCell,Huawei
1696604400000,TOL034_01,VOLTE_CALL_SETUP_SUCC,0.0,900,NRCell,Huawei
1696604400000,VAL002_01,DCR_DEN,50.0,900,NRCell,Huawei
1696604400000,VAL002_01,DCR_NUM,0.0,900,NRCell,Huawei
1696604400000,VAL002_01,DROP_CALL_VOLTE_DEN,0.0,900,NRCell,Huawei
1696604400000,VAL002_01,DROP_CALL_VOLTE_NUM,0.0,900,NRCell,Huawei
1696604400000,VAL002_01,ERAB_SR_DEN,51.0,900,NRCell,Huawei
1696604400000,VAL002_01,ERAB_SR_NUM,51.0,900,NRCell,Huawei
1696604400000,VAL002_01,INTEGRITY_NGBR_QCI_9,732651392.0,900,NRCell,Huawei
1696604400000,VAL002_01,INTRA_FREQUENCY_HO_OUT_ATT,8.0,900,NRCell,Huawei
1696604400000,VAL002_01,INTRA_FREQUENCY_HO_OUT_SUCC,8.0,900,NRCell,Huawei
1696604400000,VAL002_01,RRC_SETUP_ATT,30.0,900,NRCell,Huawei
1696604400000,VAL002_01,RRC_SETUP_SUCC,30.0,900,NRCell,Huawei
1696604400000,VAL002_01,S1SIG_Connection_Setup_SR_DEN,30.0,900,NRCell,Huawei
1696604400000,VAL002_01,S1SIG_Connection_Setup_SR_NUM,30.0,900,NRCell,Huawei
1696604400000,VAL002_01,SERVICE_LATENCY_OVER_AIR_INTERFACE_DEN,7663.0,900,NRCell,Huawei
1696604400000,VAL002_01,SERVICE_LATENCY_OVER_AIR_INTERFACE_NUM,9917.0,900,NRCell,Huawei
1696604400000,VAL002_01,VOICE_TRAFFIC,263.0,900,NRCell,Huawei
1696604400000,VAL002_01,VOLTE_CALL_SETUP_ATT,0.0,900,NRCell,Huawei
1696604400000,VAL002_01,VOLTE_CALL_SETUP_SUCC,0.0,900,NRCell,Huawei
