startTime,neId,counterCode,counterValue,granularity,neType,vendorName
1696647600000,BCN014_01,DCR_DEN,2274.0,900,NRCell,Huawei
1696647600000,BCN014_01,DCR_NUM,0.0,900,NRCell,Huawei
1696647600000,BCN014_01,DROP_CALL_VOLTE_DEN,17.0,900,NRCell,Huawei
1696647600000,BCN014_01,DROP_CALL_VOLTE_NUM,0.0,900,NRCell,Huawei
1696647600000,BCN014_01,ERAB_SR_DEN,2239.0,900,NRCell,Huawei
1696647600000,BCN014_01,ERAB_SR_NUM,2239.0,900,NRCell,Huawei
1696647600000,BCN014_01,INTEGRITY_NGBR_QCI_9,9295853680.0,900,NRCell,Huawei
1696647600000,BCN014_01,INTRA_FREQUENCY_HO_OUT_ATT,168.0,900,NRCell,Huawei
1696647600000,BCN014_01,INTRA_FREQUENCY_HO_OUT_SUCC,168.0,900,NRCell,Huawei
1696647600000,BCN014_01,RRC_SETUP_ATT,1230.0,900,NRCell,Huawei
1696647600000,BCN014_01,RRC_SETUP_SUCC,1226.0,900,NRCell,Huawei
1696647600000,BCN014_01,S1SIG_Connection_Setup_SR_DEN,1226.0,900,NRCell,Huawei
1696647600000,BCN014_01,S1SIG_Connection_Setup_SR_NUM,1226.0,900,NRCell,Huawei
1696647600000,BCN014_01,SERVICE_LATENCY_OVER_AIR_INTERFACE_DEN,437753.0,900,NRCell,Huawei
1696647600000,BCN014_01,SERVICE_LATENCY_OVER_AIR_INTERFACE_NUM,627899.0,900,NRCell,Huawei
1696647600000,BCN014_01,VOICE_TRAFFIC,15078.0,900,NRCell,Huawei
1696647600000,BCN014_01,VOLTE_CALL_SETUP_ATT,13.0,900,NRCell,Huawei
1696647600000,BCN014_01,VOLTE_CALL_SETUP_SUCC,13.0,900,NRCell,Huawei
1696647600000,BIL001_01,DCR_DEN,2252.0,900,NRCell,Huawei
1696647600000,BIL001_01,DCR_NUM,0.0,900,NRCell,Huawei
1696647600000,BIL001_01,DROP_CALL_VOLTE_DEN,19.0,900,NRCell,Huawei
1696647600000,BIL001_01,DROP_CALL_VOLTE_NUM,0.0,900,NRCell,Huawei
1696647600000,BIL001_01,ERAB_SR_DEN,2315.0,900,NRCell,Huawei
1696647600000,BIL001_01,ERAB_SR_NUM,2312.0,900,NRCell,Huawei
1696647600000,BIL001_01,INTEGRITY_NGBR_QCI_9,13753295032.0,900,NRCell,Huawei
1696647600000,BIL001_01,INTRA_FREQUENCY_HO_OUT_ATT,185.0,900,NRCell,Huawei
1696647600000,BIL001_01,INTRA_FREQUENCY_HO_OUT_SUCC,185.0,900,NRCell,Huawei
1696647600000,BIL001_01,RRC_SETUP_ATT,1303.0,900,NRCell,Huawei
1696647600000,BIL001_01,RRC_SETUP_SUCC,1300.0,900,NRCell,Huawei
1696647600000,BIL001_01,S1SIG_Connection_Setup_SR_DEN,1300.0,900,NRCell,Huawei
1696647600000,BIL001_01,S1SIG_Connection_Setup_SR_NUM,1299.0,900,NRCell,Huawei
1696647600000,BIL001_01,SERVICE_LATENCY_OVER_AIR_INTERFACE_DEN,395194.0,900,NRCell,Huawei
1696647600000,BIL001_01,SERVICE_LATENCY_OVER_AIR_INTERFACE_NUM,643076.0,900,NRCell,Huawei
1696647600000,BIL001_01,VOICE_TRAFFIC,19763.0,900,NRCell,Huawei
1696647600000,BIL001_01,VOLTE_CALL_SETUP_ATT,19.0,900,NRCell,Huawei
1696647600000,BIL001_01,VOLTE_CALL_SETUP_SUCC,19.0,900,NRCell,Huawei
1696647600000,MAD033_01,DCR_DEN,1042.0,900,NRCell,Huawei
1696647600000,MAD033_01,DCR_NUM,2.0,900,NRCell,Huawei
1696647600000,MAD033_01,DROP_CALL_VOLTE_DEN,10.0,900,NRCell,Huawei
1696647600000,MAD033_01,DROP_CALL_VOLTE_NUM,0.0,900,NRCell,Huawei
1696647600000,MAD033_01,ERAB_SR_DEN,1034.0,900,NRCell,Huawei
1696647600000,MAD033_01,ERAB_SR_NUM,1034.0,900,NRCell,Huawei
1696647600000,MAD033_01,INTEGRITY_NGBR_QCI_9,5095712096.0,900,NRCell,Huawei
1696647600000,MAD033_01,INTRA_FREQUENCY_HO_OUT_ATT,66.0,900,NRCell,Huawei
1696647600000,MAD033_01,INTRA_FREQUENCY_HO_OUT_SUCC,65.0,900,NRCell,Huawei
1696647600000,MAD033_01,RRC_SETUP_ATT,582.0,900,NRCell,Huawei
1696647600000,MAD033_01,RRC_SETUP_SUCC,581.0,900,NRCell,Huawei
1696647600000,MAD033_01,S1SIG_Connection_Setup_SR_DEN,581.0,900,NRCell,Huawei
1696647600000,MAD033_01,S1SIG_Connection_Setup_SR_NUM,581.0,900,NRCell,Huawei
1696647600000,MAD033_01,SERVICE_LATENCY_OVER_AIR_INTERFACE_DEN,133140.0,900,NRCell,Huawei
1696647600000,MAD033_01,SERVICE_LATENCY_OVER_AIR_INTERFACE_NUM,161328.0,900,NRCell,Huawei
1696647600000,MAD033_01,VOICE_TRAFFIC,3001.0,900,NRCell,Huawei
1696647600000,MAD033_01,VOLTE_CALL_SETUP_ATT,11.0,900,NRCell,Huawei
1696647600000,MAD033_01,VOLTE_CALL_SETUP_SUCC,11.0,900,NRCell,Huawei
1696647600000,SAL030_01,DCR_DEN,191.0,900,NRCell,Huawei
1696647600000,SAL030_01,DCR_NUM,0.0,900,NRCell,Huawei
1696647600000,SAL030_01,DROP_CALL_VOLTE_DEN,2.0,900,NRCell,Huawei
1696647600000,SAL030_01,DROP_CALL_VOLTE_NUM,0.0,900,NRCell,Huawei
1696647600000,SAL030_01,ERAB_SR_DEN,195.0,900,NRCell,Huawei
1696647600000,SAL030_01,ERAB_SR_NUM,195.0,900,NRCell,Huawei
1696647600000,SAL030_01,INTEGRITY_NGBR_QCI_9,1525529288.0,900,NRCell,Huawei
1696647600000,SAL030_01,INTRA_FREQUENCY_HO_OUT_ATT,10.0,900,NRCell,Huawei
1696647600000,SAL030_01,INTRA_FREQUENCY_HO_OUT_SUCC,10.0,900,NRCell,Huawei
1696647600000,SAL030_01,RRC_SETUP_ATT,112.0,900,NRCell,Huawei
1696647600000,SAL030_01,RRC_SETUP_SUCC,112.0,900,NRCell,Huawei
1696647600000,SAL030_01,S1SIG_Connection_Setup_SR_DEN,112.0,900,NRCell,Huawei
1696647600000,SAL030_01,S1SIG_Connection_Setup_SR_NUM,112.0,900,NRCell,Huawei
1696647600000,SAL030_01,SERVICE_LATENCY_OVER_AIR_INTERFACE_DEN,45121.0,900,NRCell,Huawei
1696647600000,SAL030_01,SERVICE_LATENCY_OVER_AIR_INTERFACE_NUM,80267.0,900,NRCell,Huawei
1696647600000,SAL030_01,VOICE_TRAFFIC,2607.0,900,NRCell,Huawei
1696647600000,SAL030_01,VOLTE_CALL_SETUP_ATT,2.0,900,NRCell,Huawei
1696647600000,SAL030_01,VOLTE_CALL_SETUP_SUCC,2.0,900,NRCell,Huawei
1696647600000,SEV001_01,DCR_DEN,1892.0,900,NRCell,Huawei
1696647600000,SEV001_01,DCR_NUM,6.0,900,NRCell,Huawei
1696647600000,SEV001_01,DROP_CALL_VOLTE_DEN,12.0,900,NRCell,Huawei
1696647600000,SEV001_01,DROP_CALL_VOLTE_NUM,0.0,900,NRCell,Huawei
1696647600000,SEV001_01,ERAB_SR_DEN,1852.0,900,NRCell,Huawei
1696647600000,SEV001_01,ERAB_SR_NUM,1851.0,900,NRCell,Huawei
1696647600000,SEV001_01,INTEGRITY_NGBR_QCI_9,10383486344.0,900,NRCell,Huawei
1696647600000,SEV001_01,INTRA_FREQUENCY_HO_OUT_ATT,81.0,900,NRCell,Huawei
1696647600000,SEV001_01,INTRA_FREQUENCY_HO_OUT_SUCC,81.0,900,NRCell,Huawei
1696647600000,SEV001_01,RRC_SETUP_ATT,1043.0,900,NRCell,Huawei
1696647600000,SEV001_01,RRC_SETUP_SUCC,1039.0,900,NRCell,Huawei
1696647600000,SEV001_01,S1SIG_Connection_Setup_SR_DEN,1039.0,900,NRCell,Huawei
1696647600000,SEV001_01,S1SIG_Connection_Setup_SR_NUM,1037.0,900,NRCell,Huawei
1696647600000,SEV001_01,SERVICE_LATENCY_OVER_AIR_INTERFACE_DEN,357525.0,900,NRCell,Huawei
1696647600000,SEV001_01,SERVICE_LATENCY_OVER_AIR_INTERFACE_NUM,709614.0,900,NRCell,Huawei
1696647600000,SEV001_01,VOICE_TRAFFIC,22370.0,900,NRCell,Huawei
1696647600000,SEV001_01,VOLTE_CALL_SETUP_ATT,12.0,900,NRCell,Huawei
1696647600000,SEV001_01,VOLTE_CALL_SETUP_SUCC,12.0,900,NRCell,Huawei
1696647600000,SNT002_01,DCR_DEN,936.0,900,NRCell,Huawei
1696647600000,SNT002_01,DCR_NUM,1.0,900,NRCell,Huawei
1696647600000,SNT002_01,DROP_CALL_VOLTE_DEN,8.0,900,NRCell,Huawei
1696647600000,SNT002_01,DROP_CALL_VOLTE_NUM,0.0,900,NRCell,Huawei
1696647600000,SNT002_01,ERAB_SR_DEN,926.0,900,NRCell,Huawei
1696647600000,SNT002_01,ERAB_SR_NUM,926.0,900,NRCell,Huawei
1696647600000,SNT002_01,INTEGRITY_NGBR_QCI_9,8744424496.0,900,NRCell,Huawei
1696647600000,SNT002_01,INTRA_FREQUENCY_HO_OUT_ATT,49.0,900,NRCell,Huawei
1696647600000,SNT002_01,INTRA_FREQUENCY_HO_OUT_SUCC,49.0,900,NRCell,Huawei
1696647600000,SNT002_01,RRC_SETUP_ATT,525.0,900,NRCell,Huawei
1696647600000,SNT002_01,RRC_SETUP_SUCC,524.0,900,NRCell,Huawei
1696647600000,SNT002_01,S1SIG_Connection_Setup_SR_DEN,524.0,900,NRCell,Huawei
1696647600000,SNT002_01,S1SIG_Connection_Setup_SR_NUM,524.0,900,NRCell,Huawei
1696647600000,SNT002_01,SERVICE_LATENCY_OVER_AIR_INTERFACE_DEN,372164.0,900,NRCell,Huawei
1696647600000,SNT002_01,SERVICE_LATENCY_OVER_AIR_INTERFACE_NUM,431955.0,900,NRCell,Huawei
1696647600000,SNT002_01,VOICE_TRAFFIC,15035.0,900,NRCell,Huawei
1696647600000,SNT002_01,VOLTE_CALL_SETUP_ATT,10.0,900,NRCell,Huawei
1696647600000,SNT002_01,VOLTE_CALL_SETUP_SUCC,10.0,900,NRCell,Huawei
1696647600000,TAR015_01,DCR_DEN,2593.0,900,NRCell,Huawei
1696647600000,TAR015_01,DCR_NUM,5.0,900,NRCell,Huawei
1696647600000,TAR015_01,DROP_CALL_VOLTE_DEN,14.0,900,NRCell,Huawei
1696647600000,TAR015_01,DROP_CALL_VOLTE_NUM,0.0,900,NRCell,Huawei
1696647600000,TAR015_01,ERAB_SR_DEN,2578.0,900,NRCell,Huawei
1696647600000,TAR015_01,ERAB_SR_NUM,2578.0,900,NRCell,Huawei
1696647600000,TAR015_01,INTEGRITY_NGBR_QCI_9,15435577296.0,900,NRCell,Huawei
1696647600000,TAR015_01,INTRA_FREQUENCY_HO_OUT_ATT,103.0,900,NRCell,Huawei
1696647600000,TAR015_01,INTRA_FREQUENCY_HO_OUT_SUCC,103.0,900,NRCell,Huawei
1696647600000,TAR015_01,RRC_SETUP_ATT,1441.0,900,NRCell,Huawei
1696647600000,TAR015_01,RRC_SETUP_SUCC,1441.0,900,NRCell,Huawei
1696647600000,TAR015_01,S1SIG_Connection_Setup_SR_DEN,1441.0,900,NRCell,Huawei
1696647600000,TAR015_01,S1SIG_Connection_Setup_SR_NUM,1440.0,900,NRCell,Huawei
1696647600000,TAR015_01,SERVICE_LATENCY_OVER_AIR_INTERFACE_DEN,457469.0,900,NRCell,Huawei
1696647600000,TAR015_01,SERVICE_LATENCY_OVER_AIR_INTERFACE_NUM,1332931.0,900,NRCell,Huawei
1696647600000,TAR015_01,VOICE_TRAFFIC,28058.0,900,NRCell,Huawei
1696647600000,TAR015_01,VOLTE_CALL_SETUP_ATT,6.0,900,NRCell,Huawei
1696647600000,TAR015_01,VOLTE_CALL_SETUP_SUCC,6.0,900,NRCell,Huawei
1696647600000,TOL034_01,DCR_DEN,110.0,900,NRCell,Huawei
1696647600000,TOL034_01,DCR_NUM,0.0,900,NRCell,Huawei
1696647600000,TOL034_01,DROP_CALL_VOLTE_DEN,2.0,900,NRCell,Huawei
1696647600000,TOL034_01,DROP_CALL_VOLTE_NUM,0.0,900,NRCell,Huawei
1696647600000,TOL034_01,ERAB_SR_DEN,86.0,900,NRCell,Huawei
1696647600000,TOL034_01,ERAB_SR_NUM,86.0,900,NRCell,Huawei
1696647600000,TOL034_01,INTEGRITY_NGBR_QCI_9,2843161520.0,900,NRCell,Huawei
1696647600000,TOL034_01,INTRA_FREQUENCY_HO_OUT_ATT,16.0,900,NRCell,Huawei
1696647600000,TOL034_01,INTRA_FREQUENCY_HO_OUT_SUCC,16.0,900,NRCell,Huawei
1696647600000,TOL034_01,RRC_SETUP_ATT,61.0,900,NRCell,Huawei
1696647600000,TOL034_01,RRC_SETUP_SUCC,61.0,900,NRCell,Huawei
1696647600000,TOL034_01,S1SIG_Connection_Setup_SR_DEN,61.0,900,NRCell,Huawei
1696647600000,TOL034_01,S1SIG_Connection_Setup_SR_NUM,59.0,900,NRCell,Huawei
1696647600000,TOL034_01,SERVICE_LATENCY_OVER_AIR_INTERFACE_DEN,58600.0,900,NRCell,Huawei
1696647600000,TOL034_01,SERVICE_LATENCY_OVER_AIR_INTERFACE_NUM,76352.0,900,NRCell,Huawei
1696647600000,TOL034_01,VOICE_TRAFFIC,1074.0,900,NRCell,Huawei
1696647600000,TOL034_01,VOLTE_CALL_SETUP_ATT,1.0,900,NRCell,Huawei
1696647600000,TOL034_01,VOLTE_CALL_SETUP_SUCC,1.0,900,NRCell,Huawei
1696647600000,VAL002_01,DCR_DEN,13.0,900,NRCell,Huawei
1696647600000,VAL002_01,DCR_NUM,0.0,900,NRCell,Huawei
1696647600000,VAL002_01,DROP_CALL_VOLTE_DEN,0.0,900,NRCell,Huawei
1696647600000,VAL002_01,DROP_CALL_VOLTE_NUM,0.0,900,NRCell,Huawei
1696647600000,VAL002_01,ERAB_SR_DEN,13.0,900,NRCell,Huawei
1696647600000,VAL002_01,ERAB_SR_NUM,13.0,900,NRCell,Huawei
1696647600000,VAL002_01,INTEGRITY_NGBR_QCI_9,2493632232.0,900,NRCell,Huawei
1696647600000,VAL002_01,INTRA_FREQUENCY_HO_OUT_ATT,2.0,900,NRCell,Huawei
1696647600000,VAL002_01,INTRA_FREQUENCY_HO_OUT_SUCC,2.0,900,NRCell,Huawei
1696647600000,VAL002_01,RRC_SETUP_ATT,8.0,900,NRCell,Huawei
1696647600000,VAL002_01,RRC_SETUP_SUCC,8.0,900,NRCell,Huawei
1696647600000,VAL002_01,S1SIG_Connection_Setup_SR_DEN,8.0,900,NRCell,Huawei
1696647600000,VAL002_01,S1SIG_Connection_Setup_SR_NUM,8.0,900,NRCell,Huawei
1696647600000,VAL002_01,SERVICE_LATENCY_OVER_AIR_INTERFACE_DEN,85954.0,900,NRCell,Huawei
1696647600000,VAL002_01,SERVICE_LATENCY_OVER_AIR_INTERFACE_NUM,100555.0,900,NRCell,Huawei
1696647600000,VAL002_01,VOICE_TRAFFIC,0.0,900,NRCell,Huawei
1696647600000,VAL002_01,VOLTE_CALL_SETUP_ATT,0.0,900,NRCell,Huawei
1696647600000,VAL002_01,VOLTE_CALL_SETUP_SUCC,0.0,900,NRCell,Huawei
