startTime,neId,counterCode,counterValue,granularity,neType,vendorName
1696503600000,BCN014_01,DCR_DEN,1044.0,900,NRCell,Huawei
1696503600000,BCN014_01,DCR_NUM,0.0,900,NRCell,Huawei
1696503600000,BCN014_01,DROP_CALL_VOLTE_DEN,0.0,900,NRCell,Huawei
1696503600000,BCN014_01,DROP_CALL_VOLTE_NUM,0.0,900,NRCell,Huawei
1696503600000,BCN014_01,ERAB_SR_DEN,1054.0,900,NRCell,Huawei
1696503600000,BCN014_01,ERAB_SR_NUM,1054.0,900,NRCell,Huawei
1696503600000,BCN014_01,INTEGRITY_NGBR_QCI_9,1554537416.0,900,NRCell,Huawei
1696503600000,BCN014_01,INTRA_FREQUENCY_HO_OUT_ATT,11.0,900,NRCell,Huawei
1696503600000,BCN014_01,INTRA_FREQUENCY_HO_OUT_SUCC,11.0,900,NRCell,Huawei
1696503600000,BCN014_01,RRC_SETUP_ATT,677.0,900,NRCell,Huawei
1696503600000,BCN014_01,RRC_SETUP_SUCC,677.0,900,NRCell,Huawei
1696503600000,BCN014_01,S1SIG_Connection_Setup_SR_DEN,677.0,900,NRCell,Huawei
1696503600000,BCN014_01,S1SIG_Connection_Setup_SR_NUM,677.0,900,NRCell,Huawei
1696503600000,BCN014_01,SERVICE_LATENCY_OVER_AIR_INTERFACE_DEN,83380.0,900,NRCell,Huawei
1696503600000,BCN014_01,SERVICE_LATENCY_OVER_AIR_INTERFACE_NUM,118259.0,900,NRCell,Huawei
1696503600000,BCN014_01,VOICE_TRAFFIC,6189.0,900,NRCell,Huawei
1696503600000,BCN014_01,VOLTE_CALL_SETUP_ATT,1.0,900,NRCell,Huawei
1696503600000,BCN014_01,VOLTE_CALL_SETUP_SUCC,1.0,900,NRCell,Huawei
1696503600000,BIL001_01,DCR_DEN,1299.0,900,NRCell,Huawei
1696503600000,BIL001_01,DCR_NUM,0.0,900,NRCell,Huawei
1696503600000,BIL001_01,DROP_CALL_VOLTE_DEN,3.0,900,NRCell,Huawei
1696503600000,BIL001_01,DROP_CALL_VOLTE_NUM,0.0,900,NRCell,Huawei
1696503600000,BIL001_01,ERAB_SR_DEN,1305.0,900,NRCell,Huawei
1696503600000,BIL001_01,ERAB_SR_NUM,1305.0,900,NRCell,Huawei
1696503600000,BIL001_01,INTEGRITY_NGBR_QCI_9,1154250864.0,900,NRCell,Huawei
1696503600000,BIL001_01,INTRA_FREQUENCY_HO_OUT_ATT,3.0,900,NRCell,Huawei
1696503600000,BIL001_01,INTRA_FREQUENCY_HO_OUT_SUCC,3.0,900,NRCell,Huawei
1696503600000,BIL001_01,RRC_SETUP_ATT,559.0,900,NRCell,Huawei
1696503600000,BIL001_01,RRC_SETUP_SUCC,559.0,900,NRCell,Huawei
1696503600000,BIL001_01,S1SIG_Connection_Setup_SR_DEN,559.0,900,NRCell,Huawei
1696503600000,BIL001_01,S1SIG_Connection_Setup_SR_NUM,559.0,900,NRCell,Huawei
1696503600000,BIL001_01,SERVICE_LATENCY_OVER_AIR_INTERFACE_DEN,41916.0,900,NRCell,Huawei
1696503600000,BIL001_01,SERVICE_LATENCY_OVER_AIR_INTERFACE_NUM,49177.0,900,NRCell,Huawei
1696503600000,BIL001_01,VOICE_TRAFFIC,627.0,900,NRCell,Huawei
1696503600000,BIL001_01,VOLTE_CALL_SETUP_ATT,3.0,900,NRCell,Huawei
1696503600000,BIL001_01,VOLTE_CALL_SETUP_SUCC,3.0,900,NRCell,Huawei
1696503600000,MAD033_01,DCR_DEN,866.0,900,NRCell,Huawei
1696503600000,MAD033_01,DCR_NUM,0.0,900,NRCell,Huawei
1696503600000,MAD033_01,DROP_CALL_VOLTE_DEN,1.0,900,NRCell,Huawei
1696503600000,MAD033_01,DROP_CALL_VOLTE_NUM,0.0,900,NRCell,Huawei
1696503600000,MAD033_01,ERAB_SR_DEN,873.0,900,NRCell,Huawei
1696503600000,MAD033_01,ERAB_SR_NUM,873.0,900,NRCell,Huawei
1696503600000,MAD033_01,INTEGRITY_NGBR_QCI_9,774553480.0,900,NRCell,Huawei
1696503600000,MAD033_01,INTRA_FREQUENCY_HO_OUT_ATT,3.0,900,NRCell,Huawei
1696503600000,MAD033_01,INTRA_FREQUENCY_HO_OUT_SUCC,3.0,900,NRCell,Huawei
1696503600000,MAD033_01,RRC_SETUP_ATT,544.0,900,NRCell,Huawei
1696503600000,MAD033_01,RRC_SETUP_SUCC,544.0,900,NRCell,Huawei
1696503600000,MAD033_01,S1SIG_Connection_Setup_SR_DEN,544.0,900,NRCell,Huawei
1696503600000,MAD033_01,S1SIG_Connection_Setup_SR_NUM,544.0,900,NRCell,Huawei
1696503600000,MAD033_01,SERVICE_LATENCY_OVER_AIR_INTERFACE_DEN,20487.0,900,NRCell,Huawei
1696503600000,MAD033_01,SERVICE_LATENCY_OVER_AIR_INTERFACE_NUM,24361.0,900,NRCell,Huawei
1696503600000,MAD033_01,VOICE_TRAFFIC,0.0,900,NRCell,Huawei
1696503600000,MAD033_01,VOLTE_CALL_SETUP_ATT,1.0,900,NRCell,Huawei
1696503600000,MAD033_01,VOLTE_CALL_SETUP_SUCC,1.0,900,NRCell,Huawei
1696503600000,SAL030_01,DCR_DEN,104.0,900,NRCell,Huawei
1696503600000,SAL030_01,DCR_NUM,0.0,900,NRCell,Huawei
1696503600000,SAL030_01,DROP_CALL_VOLTE_DEN,0.0,900,NRCell,Huawei
1696503600000,SAL030_01,DROP_CALL_VOLTE_NUM,0.0,900,NRCell,Huawei
1696503600000,SAL030_01,ERAB_SR_DEN,110.0,900,NRCell,Huawei
1696503600000,SAL030_01,ERAB_SR_NUM,110.0,900,NRCell,Huawei
1696503600000,SAL030_01,INTEGRITY_NGBR_QCI_9,363436680.0,900,NRCell,Huawei
1696503600000,SAL030_01,INTRA_FREQUENCY_HO_OUT_ATT,4.0,900,NRCell,Huawei
1696503600000,SAL030_01,INTRA_FREQUENCY_HO_OUT_SUCC,4.0,900,NRCell,Huawei
1696503600000,SAL030_01,RRC_SETUP_ATT,78.0,900,NRCell,Huawei
1696503600000,SAL030_01,RRC_SETUP_SUCC,78.0,900,NRCell,Huawei
1696503600000,SAL030_01,S1SIG_Connection_Setup_SR_DEN,78.0,900,NRCell,Huawei
1696503600000,SAL030_01,S1SIG_Connection_Setup_SR_NUM,78.0,900,NRCell,Huawei
1696503600000,SAL030_01,SERVICE_LATENCY_OVER_AIR_INTERFACE_DEN,6683.0,900,NRCell,Huawei
1696503600000,SAL030_01,SERVICE_LATENCY_OVER_AIR_INTERFACE_NUM,17392.0,900,NRCell,Huawei
1696503600000,SAL030_01,VOICE_TRAFFIC,0.0,900,NRCell,Huawei
1696503600000,SAL030_01,VOLTE_CALL_SETUP_ATT,0.0,900,NRCell,Huawei
1696503600000,SAL030_01,VOLTE_CALL_SETUP_SUCC,0.0,900,NRCell,Huawei
1696503600000,SEV001_01,DCR_DEN,2585.0,900,NRCell,Huawei
1696503600000,SEV001_01,DCR_NUM,2.0,900,NRCell,Huawei
1696503600000,SEV001_01,DROP_CALL_VOLTE_DEN,0.0,900,NRCell,Huawei
1696503600000,SEV001_01,DROP_CALL_VOLTE_NUM,0.0,900,NRCell,Huawei
1696503600000,SEV001_01,ERAB_SR_DEN,2593.0,900,NRCell,Huawei
1696503600000,SEV001_01,ERAB_SR_NUM,2592.0,900,NRCell,Huawei
1696503600000,SEV001_01,INTEGRITY_NGBR_QCI_9,3235535496.0,900,NRCell,Huawei
1696503600000,SEV001_01,INTRA_FREQUENCY_HO_OUT_ATT,28.0,900,NRCell,Huawei
1696503600000,SEV001_01,INTRA_FREQUENCY_HO_OUT_SUCC,28.0,900,NRCell,Huawei
1696503600000,SEV001_01,RRC_SETUP_ATT,1513.0,900,NRCell,Huawei
1696503600000,SEV001_01,RRC_SETUP_SUCC,1510.0,900,NRCell,Huawei
1696503600000,SEV001_01,S1SIG_Connection_Setup_SR_DEN,1510.0,900,NRCell,Huawei
1696503600000,SEV001_01,S1SIG_Connection_Setup_SR_NUM,1510.0,900,NRCell,Huawei
1696503600000,SEV001_01,SERVICE_LATENCY_OVER_AIR_INTERFACE_DEN,140189.0,900,NRCell,Huawei
1696503600000,SEV001_01,SERVICE_LATENCY_OVER_AIR_INTERFACE_NUM,235163.0,900,NRCell,Huawei
1696503600000,SEV001_01,VOICE_TRAFFIC,0.0,900,NRCell,Huawei
1696503600000,SEV001_01,VOLTE_CALL_SETUP_ATT,0.0,900,NRCell,Huawei
1696503600000,SEV001_01,VOLTE_CALL_SETUP_SUCC,0.0,900,NRCell,Huawei
1696503600000,SNT002_01,DCR_DEN,716.0,900,NRCell,Huawei
1696503600000,SNT002_01,DCR_NUM,0.0,900,NRCell,Huawei
1696503600000,SNT002_01,DROP_CALL_VOLTE_DEN,1.0,900,NRCell,Huawei
1696503600000,SNT002_01,DROP_CALL_VOLTE_NUM,0.0,900,NRCell,Huawei
1696503600000,SNT002_01,ERAB_SR_DEN,711.0,900,NRCell,Huawei
1696503600000,SNT002_01,ERAB_SR_NUM,711.0,900,NRCell,Huawei
1696503600000,SNT002_01,INTEGRITY_NGBR_QCI_9,1198050344.0,900,NRCell,Huawei
1696503600000,SNT002_01,INTRA_FREQUENCY_HO_OUT_ATT,2.0,900,NRCell,Huawei
1696503600000,SNT002_01,INTRA_FREQUENCY_HO_OUT_SUCC,2.0,900,NRCell,Huawei
1696503600000,SNT002_01,RRC_SETUP_ATT,446.0,900,NRCell,Huawei
1696503600000,SNT002_01,RRC_SETUP_SUCC,446.0,900,NRCell,Huawei
1696503600000,SNT002_01,S1SIG_Connection_Setup_SR_DEN,446.0,900,NRCell,Huawei
1696503600000,SNT002_01,S1SIG_Connection_Setup_SR_NUM,446.0,900,NRCell,Huawei
1696503600000,SNT002_01,SERVICE_LATENCY_OVER_AIR_INTERFACE_DEN,46686.0,900,NRCell,Huawei
1696503600000,SNT002_01,SERVICE_LATENCY_OVER_AIR_INTERFACE_NUM,47796.0,900,NRCell,Huawei
1696503600000,SNT002_01,VOICE_TRAFFIC,0.0,900,NRCell,Huawei
1696503600000,SNT002_01,VOLTE_CALL_SETUP_ATT,1.0,900,NRCell,Huawei
1696503600000,SNT002_01,VOLTE_CALL_SETUP_SUCC,1.0,900,NRCell,Huawei
1696503600000,TAR015_01,DCR_DEN,2867.0,900,NRCell,Huawei
1696503600000,TAR015_01,DCR_NUM,2.0,900,NRCell,Huawei
1696503600000,TAR015_01,DROP_CALL_VOLTE_DEN,2.0,900,NRCell,Huawei
1696503600000,TAR015_01,DROP_CALL_VOLTE_NUM,0.0,900,NRCell,Huawei
1696503600000,TAR015_01,ERAB_SR_DEN,2888.0,900,NRCell,Huawei
1696503600000,TAR015_01,ERAB_SR_NUM,2884.0,900,NRCell,Huawei
1696503600000,TAR015_01,INTEGRITY_NGBR_QCI_9,7178904224.0,900,NRCell,Huawei
1696503600000,TAR015_01,INTRA_FREQUENCY_HO_OUT_ATT,35.0,900,NRCell,Huawei
1696503600000,TAR015_01,INTRA_FREQUENCY_HO_OUT_SUCC,35.0,900,NRCell,Huawei
1696503600000,TAR015_01,RRC_SETUP_ATT,1618.0,900,NRCell,Huawei
1696503600000,TAR015_01,RRC_SETUP_SUCC,1618.0,900,NRCell,Huawei
1696503600000,TAR015_01,S1SIG_Connection_Setup_SR_DEN,1618.0,900,NRCell,Huawei
1696503600000,TAR015_01,S1SIG_Connection_Setup_SR_NUM,1618.0,900,NRCell,Huawei
1696503600000,TAR015_01,SERVICE_LATENCY_OVER_AIR_INTERFACE_DEN,96882.0,900,NRCell,Huawei
1696503600000,TAR015_01,SERVICE_LATENCY_OVER_AIR_INTERFACE_NUM,178973.0,900,NRCell,Huawei
1696503600000,TAR015_01,VOICE_TRAFFIC,435.0,900,NRCell,Huawei
1696503600000,TAR015_01,VOLTE_CALL_SETUP_ATT,1.0,900,NRCell,Huawei
1696503600000,TAR015_01,VOLTE_CALL_SETUP_SUCC,1.0,900,NRCell,Huawei
1696503600000,TOL034_01,DCR_DEN,16.0,900,NRCell,Huawei
1696503600000,TOL034_01,DCR_NUM,0.0,900,NRCell,Huawei
1696503600000,TOL034_01,DROP_CALL_VOLTE_DEN,0.0,900,NRCell,Huawei
1696503600000,TOL034_01,DROP_CALL_VOLTE_NUM,0.0,900,NRCell,Huawei
1696503600000,TOL034_01,ERAB_SR_DEN,14.0,900,NRCell,Huawei
1696503600000,TOL034_01,ERAB_SR_NUM,14.0,900,NRCell,Huawei
1696503600000,TOL034_01,INTEGRITY_NGBR_QCI_9,392420728.0,900,NRCell,Huawei
1696503600000,TOL034_01,INTRA_FREQUENCY_HO_OUT_ATT,0.0,900,NRCell,Huawei
1696503600000,TOL034_01,INTRA_FREQUENCY_HO_OUT_SUCC,0.0,900,NRCell,Huawei
1696503600000,TOL034_01,RRC_SETUP_ATT,12.0,900,NRCell,Huawei
1696503600000,TOL034_01,RRC_SETUP_SUCC,12.0,900,NRCell,Huawei
1696503600000,TOL034_01,S1SIG_Connection_Setup_SR_DEN,12.0,900,NRCell,Huawei
1696503600000,TOL034_01,S1SIG_Connection_Setup_SR_NUM,12.0,900,NRCell,Huawei
1696503600000,TOL034_01,SERVICE_LATENCY_OVER_AIR_INTERFACE_DEN,5358.0,900,NRCell,Huawei
1696503600000,TOL034_01,SERVICE_LATENCY_OVER_AIR_INTERFACE_NUM,5518.0,900,NRCell,Huawei
1696503600000,TOL034_01,VOICE_TRAFFIC,0.0,900,NRCell,Huawei
1696503600000,TOL034_01,VOLTE_CALL_SETUP_ATT,0.0,900,NRCell,Huawei
1696503600000,TOL034_01,VOLTE_CALL_SETUP_SUCC,0.0,900,NRCell,Huawei
1696503600000,VAL002_01,DCR_DEN,24.0,900,NRCell,Huawei
1696503600000,VAL002_01,DCR_NUM,0.0,900,NRCell,Huawei
1696503600000,VAL002_01,DROP_CALL_VOLTE_DEN,0.0,900,NRCell,Huawei
1696503600000,VAL002_01,DROP_CALL_VOLTE_NUM,0.0,900,NRCell,Huawei
1696503600000,VAL002_01,ERAB_SR_DEN,26.0,900,NRCell,Huawei
1696503600000,VAL002_01,ERAB_SR_NUM,26.0,900,NRCell,Huawei
1696503600000,VAL002_01,INTEGRITY_NGBR_QCI_9,1569040.0,900,NRCell,Huawei
1696503600000,VAL002_01,INTRA_FREQUENCY_HO_OUT_ATT,0.0,900,NRCell,Huawei
1696503600000,VAL002_01,INTRA_FREQUENCY_HO_OUT_SUCC,0.0,900,NRCell,Huawei
1696503600000,VAL002_01,RRC_SETUP_ATT,14.0,900,NRCell,Huawei
1696503600000,VAL002_01,RRC_SETUP_SUCC,14.0,900,NRCell,Huawei
1696503600000,VAL002_01,S1SIG_Connection_Setup_SR_DEN,14.0,900,NRCell,Huawei
1696503600000,VAL002_01,S1SIG_Connection_Setup_SR_NUM,14.0,900,NRCell,Huawei
1696503600000,VAL002_01,SERVICE_LATENCY_OVER_AIR_INTERFACE_DEN,200.0,900,NRCell,Huawei
1696503600000,VAL002_01,SERVICE_LATENCY_OVER_AIR_INTERFACE_NUM,378.0,900,NRCell,Huawei
1696503600000,VAL002_01,VOICE_TRAFFIC,0.0,900,NRCell,Huawei
1696503600000,VAL002_01,VOLTE_CALL_SETUP_ATT,0.0,900,NRCell,Huawei
1696503600000,VAL002_01,VOLTE_CALL_SETUP_SUCC,0.0,900,NRCell,Huawei
