startTime,neId,counterCode,counterValue,granularity,neType,vendorName
1696565700000,BCN014_01,DCR_DEN,1485.0,900,NRCell,Huawei
1696565700000,BCN014_01,DCR_NUM,1.0,900,NRCell,Huawei
1696565700000,BCN014_01,DROP_CALL_VOLTE_DEN,6.0,900,NRCell,Huawei
1696565700000,BCN014_01,DROP_CALL_VOLTE_NUM,0.0,900,NRCell,Huawei
1696565700000,BCN014_01,ERAB_SR_DEN,1465.0,900,NRCell,Huawei
1696565700000,BCN014_01,ERAB_SR_NUM,1465.0,900,NRCell,Huawei
1696565700000,BCN014_01,INTEGRITY_NGBR_QCI_9,11394370016.0,900,NRCell,Huawei
1696565700000,BCN014_01,INTRA_FREQUENCY_HO_OUT_ATT,116.0,900,NRCell,Huawei
1696565700000,BCN014_01,INTRA_FREQUENCY_HO_OUT_SUCC,116.0,900,NRCell,Huawei
1696565700000,BCN014_01,RRC_SETUP_ATT,855.0,900,NRCell,Huawei
1696565700000,BCN014_01,RRC_SETUP_SUCC,855.0,900,NRCell,Huawei
1696565700000,BCN014_01,S1SIG_Connection_Setup_SR_DEN,855.0,900,NRCell,Huawei
1696565700000,BCN014_01,S1SIG_Connection_Setup_SR_NUM,855.0,900,NRCell,Huawei
1696565700000,BCN014_01,SERVICE_LATENCY_OVER_AIR_INTERFACE_DEN,256252.0,900,NRCell,Huawei
1696565700000,BCN014_01,SERVICE_LATENCY_OVER_AIR_INTERFACE_NUM,363447.0,900,NRCell,Huawei
1696565700000,BCN014_01,VOICE_TRAFFIC,11413.0,900,NRCell,Huawei
1696565700000,BCN014_01,VOLTE_CALL_SETUP_ATT,8.0,900,NRCell,Huawei
1696565700000,BCN014_01,VOLTE_CALL_SETUP_SUCC,8.0,900,NRCell,Huawei
1696565700000,BIL001_01,DCR_DEN,1292.0,900,NRCell,Huawei
1696565700000,BIL001_01,DCR_NUM,0.0,900,NRCell,Huawei
1696565700000,BIL001_01,DROP_CALL_VOLTE_DEN,6.0,900,NRCell,Huawei
1696565700000,BIL001_01,DROP_CALL_VOLTE_NUM,0.0,900,NRCell,Huawei
1696565700000,BIL001_01,ERAB_SR_DEN,1308.0,900,NRCell,Huawei
1696565700000,BIL001_01,ERAB_SR_NUM,1306.0,900,NRCell,Huawei
1696565700000,BIL001_01,INTEGRITY_NGBR_QCI_9,12764507088.0,900,NRCell,Huawei
1696565700000,BIL001_01,INTRA_FREQUENCY_HO_OUT_ATT,61.0,900,NRCell,Huawei
1696565700000,BIL001_01,INTRA_FREQUENCY_HO_OUT_SUCC,61.0,900,NRCell,Huawei
1696565700000,BIL001_01,RRC_SETUP_ATT,771.0,900,NRCell,Huawei
1696565700000,BIL001_01,RRC_SETUP_SUCC,766.0,900,NRCell,Huawei
1696565700000,BIL001_01,S1SIG_Connection_Setup_SR_DEN,766.0,900,NRCell,Huawei
1696565700000,BIL001_01,S1SIG_Connection_Setup_SR_NUM,766.0,900,NRCell,Huawei
1696565700000,BIL001_01,SERVICE_LATENCY_OVER_AIR_INTERFACE_DEN,362253.0,900,NRCell,Huawei
1696565700000,BIL001_01,SERVICE_LATENCY_OVER_AIR_INTERFACE_NUM,563632.0,900,NRCell,Huawei
1696565700000,BIL001_01,VOICE_TRAFFIC,17934.0,900,NRCell,Huawei
1696565700000,BIL001_01,VOLTE_CALL_SETUP_ATT,5.0,900,NRCell,Huawei
1696565700000,BIL001_01,VOLTE_CALL_SETUP_SUCC,5.0,900,NRCell,Huawei
1696565700000,MAD033_01,DCR_DEN,716.0,900,NRCell,Huawei
1696565700000,MAD033_01,DCR_NUM,0.0,900,NRCell,Huawei
1696565700000,MAD033_01,DROP_CALL_VOLTE_DEN,3.0,900,NRCell,Huawei
1696565700000,MAD033_01,DROP_CALL_VOLTE_NUM,0.0,900,NRCell,Huawei
1696565700000,MAD033_01,ERAB_SR_DEN,741.0,900,NRCell,Huawei
1696565700000,MAD033_01,ERAB_SR_NUM,741.0,900,NRCell,Huawei
1696565700000,MAD033_01,INTEGRITY_NGBR_QCI_9,7214277904.0,900,NRCell,Huawei
1696565700000,MAD033_01,INTRA_FREQUENCY_HO_OUT_ATT,56.0,900,NRCell,Huawei
1696565700000,MAD033_01,INTRA_FREQUENCY_HO_OUT_SUCC,56.0,900,NRCell,Huawei
1696565700000,MAD033_01,RRC_SETUP_ATT,458.0,900,NRCell,Huawei
1696565700000,MAD033_01,RRC_SETUP_SUCC,457.0,900,NRCell,Huawei
1696565700000,MAD033_01,S1SIG_Connection_Setup_SR_DEN,457.0,900,NRCell,Huawei
1696565700000,MAD033_01,S1SIG_Connection_Setup_SR_NUM,457.0,900,NRCell,Huawei
1696565700000,MAD033_01,SERVICE_LATENCY_OVER_AIR_INTERFACE_DEN,102921.0,900,NRCell,Huawei
1696565700000,MAD033_01,SERVICE_LATENCY_OVER_AIR_INTERFACE_NUM,144572.0,900,NRCell,Huawei
1696565700000,MAD033_01,VOICE_TRAFFIC,7799.0,900,NRCell,Huawei
1696565700000,MAD033_01,VOLTE_CALL_SETUP_ATT,5.0,900,NRCell,Huawei
1696565700000,MAD033_01,VOLTE_CALL_SETUP_SUCC,5.0,900,NRCell,Huawei
1696565700000,SAL030_01,DCR_DEN,180.0,900,NRCell,Huawei
1696565700000,SAL030_01,DCR_NUM,0.0,900,NRCell,Huawei
1696565700000,SAL030_01,DROP_CALL_VOLTE_DEN,0.0,900,NRCell,Huawei
1696565700000,SAL030_01,DROP_CALL_VOLTE_NUM,0.0,900,NRCell,Huawei
1696565700000,SAL030_01,ERAB_SR_DEN,182.0,900,NRCell,Huawei
1696565700000,SAL030_01,ERAB_SR_NUM,182.0,900,NRCell,Huawei
1696565700000,SAL030_01,INTEGRITY_NGBR_QCI_9,1963900432.0,900,NRCell,Huawei
1696565700000,SAL030_01,INTRA_FREQUENCY_HO_OUT_ATT,7.0,900,NRCell,Huawei
1696565700000,SAL030_01,INTRA_FREQUENCY_HO_OUT_SUCC,7.0,900,NRCell,Huawei
1696565700000,SAL030_01,RRC_SETUP_ATT,107.0,900,NRCell,Huawei
1696565700000,SAL030_01,RRC_SETUP_SUCC,107.0,900,NRCell,Huawei
1696565700000,SAL030_01,S1SIG_Connection_Setup_SR_DEN,107.0,900,NRCell,Huawei
1696565700000,SAL030_01,S1SIG_Connection_Setup_SR_NUM,107.0,900,NRCell,Huawei
1696565700000,SAL030_01,SERVICE_LATENCY_OVER_AIR_INTERFACE_DEN,20849.0,900,NRCell,Huawei
1696565700000,SAL030_01,SERVICE_LATENCY_OVER_AIR_INTERFACE_NUM,44141.0,900,NRCell,Huawei
1696565700000,SAL030_01,VOICE_TRAFFIC,0.0,900,NRCell,Huawei
1696565700000,SAL030_01,VOLTE_CALL_SETUP_ATT,0.0,900,NRCell,Huawei
1696565700000,SAL030_01,VOLTE_CALL_SETUP_SUCC,0.0,900,NRCell,Huawei
1696565700000,SEV001_01,DCR_DEN,2232.0,900,NRCell,Huawei
1696565700000,SEV001_01,DCR_NUM,4.0,900,NRCell,Huawei
1696565700000,SEV001_01,DROP_CALL_VOLTE_DEN,5.0,900,NRCell,Huawei
1696565700000,SEV001_01,DROP_CALL_VOLTE_NUM,0.0,900,NRCell,Huawei
1696565700000,SEV001_01,ERAB_SR_DEN,2242.0,900,NRCell,Huawei
1696565700000,SEV001_01,ERAB_SR_NUM,2240.0,900,NRCell,Huawei
1696565700000,SEV001_01,INTEGRITY_NGBR_QCI_9,17646165832.0,900,NRCell,Huawei
1696565700000,SEV001_01,INTRA_FREQUENCY_HO_OUT_ATT,81.0,900,NRCell,Huawei
1696565700000,SEV001_01,INTRA_FREQUENCY_HO_OUT_SUCC,81.0,900,NRCell,Huawei
1696565700000,SEV001_01,RRC_SETUP_ATT,1251.0,900,NRCell,Huawei
1696565700000,SEV001_01,RRC_SETUP_SUCC,1248.0,900,NRCell,Huawei
1696565700000,SEV001_01,S1SIG_Connection_Setup_SR_DEN,1248.0,900,NRCell,Huawei
1696565700000,SEV001_01,S1SIG_Connection_Setup_SR_NUM,1248.0,900,NRCell,Huawei
1696565700000,SEV001_01,SERVICE_LATENCY_OVER_AIR_INTERFACE_DEN,500987.0,900,NRCell,Huawei
1696565700000,SEV001_01,SERVICE_LATENCY_OVER_AIR_INTERFACE_NUM,1153662.0,900,NRCell,Huawei
1696565700000,SEV001_01,VOICE_TRAFFIC,17511.0,900,NRCell,Huawei
1696565700000,SEV001_01,VOLTE_CALL_SETUP_ATT,9.0,900,NRCell,Huawei
1696565700000,SEV001_01,VOLTE_CALL_SETUP_SUCC,9.0,900,NRCell,Huawei
1696565700000,SNT002_01,DCR_DEN,810.0,900,NRCell,Huawei
1696565700000,SNT002_01,DCR_NUM,1.0,900,NRCell,Huawei
1696565700000,SNT002_01,DROP_CALL_VOLTE_DEN,4.0,900,NRCell,Huawei
1696565700000,SNT002_01,DROP_CALL_VOLTE_NUM,0.0,900,NRCell,Huawei
1696565700000,SNT002_01,ERAB_SR_DEN,818.0,900,NRCell,Huawei
1696565700000,SNT002_01,ERAB_SR_NUM,818.0,900,NRCell,Huawei
1696565700000,SNT002_01,INTEGRITY_NGBR_QCI_9,7966209728.0,900,NRCell,Huawei
1696565700000,SNT002_01,INTRA_FREQUENCY_HO_OUT_ATT,29.0,900,NRCell,Huawei
1696565700000,SNT002_01,INTRA_FREQUENCY_HO_OUT_SUCC,29.0,900,NRCell,Huawei
1696565700000,SNT002_01,RRC_SETUP_ATT,492.0,900,NRCell,Huawei
1696565700000,SNT002_01,RRC_SETUP_SUCC,492.0,900,NRCell,Huawei
1696565700000,SNT002_01,S1SIG_Connection_Setup_SR_DEN,492.0,900,NRCell,Huawei
1696565700000,SNT002_01,S1SIG_Connection_Setup_SR_NUM,492.0,900,NRCell,Huawei
1696565700000,SNT002_01,SERVICE_LATENCY_OVER_AIR_INTERFACE_DEN,217558.0,900,NRCell,Huawei
1696565700000,SNT002_01,SERVICE_LATENCY_OVER_AIR_INTERFACE_NUM,270409.0,900,NRCell,Huawei
1696565700000,SNT002_01,VOICE_TRAFFIC,10142.0,900,NRCell,Huawei
1696565700000,SNT002_01,VOLTE_CALL_SETUP_ATT,3.0,900,NRCell,Huawei
1696565700000,SNT002_01,VOLTE_CALL_SETUP_SUCC,3.0,900,NRCell,Huawei
1696565700000,TAR015_01,DCR_DEN,3082.0,900,NRCell,Huawei
1696565700000,TAR015_01,DCR_NUM,4.0,900,NRCell,Huawei
1696565700000,TAR015_01,DROP_CALL_VOLTE_DEN,12.0,900,NRCell,Huawei
1696565700000,TAR015_01,DROP_CALL_VOLTE_NUM,0.0,900,NRCell,Huawei
1696565700000,TAR015_01,ERAB_SR_DEN,3039.0,900,NRCell,Huawei
1696565700000,TAR015_01,ERAB_SR_NUM,3038.0,900,NRCell,Huawei
1696565700000,TAR015_01,INTEGRITY_NGBR_QCI_9,15582975208.0,900,NRCell,Huawei
1696565700000,TAR015_01,INTRA_FREQUENCY_HO_OUT_ATT,83.0,900,NRCell,Huawei
1696565700000,TAR015_01,INTRA_FREQUENCY_HO_OUT_SUCC,83.0,900,NRCell,Huawei
1696565700000,TAR015_01,RRC_SETUP_ATT,1685.0,900,NRCell,Huawei
1696565700000,TAR015_01,RRC_SETUP_SUCC,1685.0,900,NRCell,Huawei
1696565700000,TAR015_01,S1SIG_Connection_Setup_SR_DEN,1685.0,900,NRCell,Huawei
1696565700000,TAR015_01,S1SIG_Connection_Setup_SR_NUM,1685.0,900,NRCell,Huawei
1696565700000,TAR015_01,SERVICE_LATENCY_OVER_AIR_INTERFACE_DEN,524932.0,900,NRCell,Huawei
1696565700000,TAR015_01,SERVICE_LATENCY_OVER_AIR_INTERFACE_NUM,3330980.0,900,NRCell,Huawei
1696565700000,TAR015_01,VOICE_TRAFFIC,58921.0,900,NRCell,Huawei
1696565700000,TAR015_01,VOLTE_CALL_SETUP_ATT,6.0,900,NRCell,Huawei
1696565700000,TAR015_01,VOLTE_CALL_SETUP_SUCC,6.0,900,NRCell,Huawei
1696565700000,TOL034_01,DCR_DEN,106.0,900,NRCell,Huawei
1696565700000,TOL034_01,DCR_NUM,0.0,900,NRCell,Huawei
1696565700000,TOL034_01,DROP_CALL_VOLTE_DEN,0.0,900,NRCell,Huawei
1696565700000,TOL034_01,DROP_CALL_VOLTE_NUM,0.0,900,NRCell,Huawei
1696565700000,TOL034_01,ERAB_SR_DEN,105.0,900,NRCell,Huawei
1696565700000,TOL034_01,ERAB_SR_NUM,105.0,900,NRCell,Huawei
1696565700000,TOL034_01,INTEGRITY_NGBR_QCI_9,2164791712.0,900,NRCell,Huawei
1696565700000,TOL034_01,INTRA_FREQUENCY_HO_OUT_ATT,5.0,900,NRCell,Huawei
1696565700000,TOL034_01,INTRA_FREQUENCY_HO_OUT_SUCC,5.0,900,NRCell,Huawei
1696565700000,TOL034_01,RRC_SETUP_ATT,68.0,900,NRCell,Huawei
1696565700000,TOL034_01,RRC_SETUP_SUCC,68.0,900,NRCell,Huawei
1696565700000,TOL034_01,S1SIG_Connection_Setup_SR_DEN,68.0,900,NRCell,Huawei
1696565700000,TOL034_01,S1SIG_Connection_Setup_SR_NUM,68.0,900,NRCell,Huawei
1696565700000,TOL034_01,SERVICE_LATENCY_OVER_AIR_INTERFACE_DEN,66836.0,900,NRCell,Huawei
1696565700000,TOL034_01,SERVICE_LATENCY_OVER_AIR_INTERFACE_NUM,94880.0,900,NRCell,Huawei
1696565700000,TOL034_01,VOICE_TRAFFIC,299.0,900,NRCell,Huawei
1696565700000,TOL034_01,VOLTE_CALL_SETUP_ATT,1.0,900,NRCell,Huawei
1696565700000,TOL034_01,VOLTE_CALL_SETUP_SUCC,1.0,900,NRCell,Huawei
1696565700000,VAL002_01,DCR_DEN,24.0,900,NRCell,Huawei
1696565700000,VAL002_01,DCR_NUM,0.0,900,NRCell,Huawei
1696565700000,VAL002_01,DROP_CALL_VOLTE_DEN,0.0,900,NRCell,Huawei
1696565700000,VAL002_01,DROP_CALL_VOLTE_NUM,0.0,900,NRCell,Huawei
1696565700000,VAL002_01,ERAB_SR_DEN,21.0,900,NRCell,Huawei
1696565700000,VAL002_01,ERAB_SR_NUM,21.0,900,NRCell,Huawei
1696565700000,VAL002_01,INTEGRITY_NGBR_QCI_9,1649265888.0,900,NRCell,Huawei
1696565700000,VAL002_01,INTRA_FREQUENCY_HO_OUT_ATT,3.0,900,NRCell,Huawei
1696565700000,VAL002_01,INTRA_FREQUENCY_HO_OUT_SUCC,3.0,900,NRCell,Huawei
1696565700000,VAL002_01,RRC_SETUP_ATT,16.0,900,NRCell,Huawei
1696565700000,VAL002_01,RRC_SETUP_SUCC,16.0,900,NRCell,Huawei
1696565700000,VAL002_01,S1SIG_Connection_Setup_SR_DEN,16.0,900,NRCell,Huawei
1696565700000,VAL002_01,S1SIG_Connection_Setup_SR_NUM,16.0,900,NRCell,Huawei
1696565700000,VAL002_01,SERVICE_LATENCY_OVER_AIR_INTERFACE_DEN,61228.0,900,NRCell,Huawei
1696565700000,VAL002_01,SERVICE_LATENCY_OVER_AIR_INTERFACE_NUM,66983.0,900,NRCell,Huawei
1696565700000,VAL002_01,VOICE_TRAFFIC,0.0,900,NRCell,Huawei
1696565700000,VAL002_01,VOLTE_CALL_SETUP_ATT,0.0,900,NRCell,Huawei
1696565700000,VAL002_01,VOLTE_CALL_SETUP_SUCC,0.0,900,NRCell,Huawei
