startTime,neId,counterCode,counterValue,granularity,neType,vendorName
1696473900000,BCN014_01,DCR_DEN,1811.0,900,NRCell,Huawei
1696473900000,BCN014_01,DCR_NUM,2.0,900,NRCell,Huawei
1696473900000,BCN014_01,DROP_CALL_VOLTE_DEN,21.0,900,NRCell,Huawei
1696473900000,BCN014_01,DROP_CALL_VOLTE_NUM,0.0,900,NRCell,Huawei
1696473900000,BCN014_01,ERAB_SR_DEN,1819.0,900,NRCell,Huawei
1696473900000,BCN014_01,ERAB_SR_NUM,1818.0,900,NRCell,Huawei
1696473900000,BCN014_01,INTEGRITY_NGBR_QCI_9,14336947992.0,900,NRCell,Huawei
1696473900000,BCN014_01,INTRA_FREQUENCY_HO_OUT_ATT,163.0,900,NRCell,Huawei
1696473900000,BCN014_01,INTRA_FREQUENCY_HO_OUT_SUCC,163.0,900,NRCell,Huawei
1696473900000,BCN014_01,RRC_SETUP_ATT,1071.0,900,NRCell,Huawei
1696473900000,BCN014_01,RRC_SETUP_SUCC,1069.0,900,NRCell,Huawei
1696473900000,BCN014_01,S1SIG_Connection_Setup_SR_DEN,1069.0,900,NRCell,Huawei
1696473900000,BCN014_01,S1SIG_Connection_Setup_SR_NUM,1069.0,900,NRCell,Huawei
1696473900000,BCN014_01,SERVICE_LATENCY_OVER_AIR_INTERFACE_DEN,446117.0,900,NRCell,Huawei
1696473900000,BCN014_01,SERVICE_LATENCY_OVER_AIR_INTERFACE_NUM,750460.0,900,NRCell,Huawei
1696473900000,BCN014_01,VOICE_TRAFFIC,14879.0,900,NRCell,Huawei
1696473900000,BCN014_01,VOLTE_CALL_SETUP_ATT,16.0,900,NRCell,Huawei
1696473900000,BCN014_01,VOLTE_CALL_SETUP_SUCC,16.0,900,NRCell,Huawei
1696473900000,BIL001_01,DCR_DEN,1694.0,900,NRCell,Huawei
1696473900000,BIL001_01,DCR_NUM,3.0,900,NRCell,Huawei
1696473900000,BIL001_01,DROP_CALL_VOLTE_DEN,30.0,900,NRCell,Huawei
1696473900000,BIL001_01,DROP_CALL_VOLTE_NUM,0.0,900,NRCell,Huawei
1696473900000,BIL001_01,ERAB_SR_DEN,1692.0,900,NRCell,Huawei
1696473900000,BIL001_01,ERAB_SR_NUM,1687.0,900,NRCell,Huawei
1696473900000,BIL001_01,INTEGRITY_NGBR_QCI_9,14971796360.0,900,NRCell,Huawei
1696473900000,BIL001_01,INTRA_FREQUENCY_HO_OUT_ATT,117.0,900,NRCell,Huawei
1696473900000,BIL001_01,INTRA_FREQUENCY_HO_OUT_SUCC,117.0,900,NRCell,Huawei
1696473900000,BIL001_01,RRC_SETUP_ATT,1023.0,900,NRCell,Huawei
1696473900000,BIL001_01,RRC_SETUP_SUCC,1009.0,900,NRCell,Huawei
1696473900000,BIL001_01,S1SIG_Connection_Setup_SR_DEN,1009.0,900,NRCell,Huawei
1696473900000,BIL001_01,S1SIG_Connection_Setup_SR_NUM,1009.0,900,NRCell,Huawei
1696473900000,BIL001_01,SERVICE_LATENCY_OVER_AIR_INTERFACE_DEN,497492.0,900,NRCell,Huawei
1696473900000,BIL001_01,SERVICE_LATENCY_OVER_AIR_INTERFACE_NUM,731649.0,900,NRCell,Huawei
1696473900000,BIL001_01,VOICE_TRAFFIC,25087.0,900,NRCell,Huawei
1696473900000,BIL001_01,VOLTE_CALL_SETUP_ATT,24.0,900,NRCell,Huawei
1696473900000,BIL001_01,VOLTE_CALL_SETUP_SUCC,24.0,900,NRCell,Huawei
1696473900000,MAD033_01,DCR_DEN,914.0,900,NRCell,Huawei
1696473900000,MAD033_01,DCR_NUM,3.0,900,NRCell,Huawei
1696473900000,MAD033_01,DROP_CALL_VOLTE_DEN,5.0,900,NRCell,Huawei
1696473900000,MAD033_01,DROP_CALL_VOLTE_NUM,0.0,900,NRCell,Huawei
1696473900000,MAD033_01,ERAB_SR_DEN,929.0,900,NRCell,Huawei
1696473900000,MAD033_01,ERAB_SR_NUM,929.0,900,NRCell,Huawei
1696473900000,MAD033_01,INTEGRITY_NGBR_QCI_9,6972408152.0,900,NRCell,Huawei
1696473900000,MAD033_01,INTRA_FREQUENCY_HO_OUT_ATT,104.0,900,NRCell,Huawei
1696473900000,MAD033_01,INTRA_FREQUENCY_HO_OUT_SUCC,104.0,900,NRCell,Huawei
1696473900000,MAD033_01,RRC_SETUP_ATT,651.0,900,NRCell,Huawei
1696473900000,MAD033_01,RRC_SETUP_SUCC,651.0,900,NRCell,Huawei
1696473900000,MAD033_01,S1SIG_Connection_Setup_SR_DEN,651.0,900,NRCell,Huawei
1696473900000,MAD033_01,S1SIG_Connection_Setup_SR_NUM,651.0,900,NRCell,Huawei
1696473900000,MAD033_01,SERVICE_LATENCY_OVER_AIR_INTERFACE_DEN,162483.0,900,NRCell,Huawei
1696473900000,MAD033_01,SERVICE_LATENCY_OVER_AIR_INTERFACE_NUM,211165.0,900,NRCell,Huawei
1696473900000,MAD033_01,VOICE_TRAFFIC,9785.0,900,NRCell,Huawei
1696473900000,MAD033_01,VOLTE_CALL_SETUP_ATT,6.0,900,NRCell,Huawei
1696473900000,MAD033_01,VOLTE_CALL_SETUP_SUCC,6.0,900,NRCell,Huawei
1696473900000,SAL030_01,DCR_DEN,161.0,900,NRCell,Huawei
1696473900000,SAL030_01,DCR_NUM,4.0,900,NRCell,Huawei
1696473900000,SAL030_01,DROP_CALL_VOLTE_DEN,1.0,900,NRCell,Huawei
1696473900000,SAL030_01,DROP_CALL_VOLTE_NUM,0.0,900,NRCell,Huawei
1696473900000,SAL030_01,ERAB_SR_DEN,153.0,900,NRCell,Huawei
1696473900000,SAL030_01,ERAB_SR_NUM,153.0,900,NRCell,Huawei
1696473900000,SAL030_01,INTEGRITY_NGBR_QCI_9,4602134496.0,900,NRCell,Huawei
1696473900000,SAL030_01,INTRA_FREQUENCY_HO_OUT_ATT,11.0,900,NRCell,Huawei
1696473900000,SAL030_01,INTRA_FREQUENCY_HO_OUT_SUCC,11.0,900,NRCell,Huawei
1696473900000,SAL030_01,RRC_SETUP_ATT,102.0,900,NRCell,Huawei
1696473900000,SAL030_01,RRC_SETUP_SUCC,102.0,900,NRCell,Huawei
1696473900000,SAL030_01,S1SIG_Connection_Setup_SR_DEN,102.0,900,NRCell,Huawei
1696473900000,SAL030_01,S1SIG_Connection_Setup_SR_NUM,102.0,900,NRCell,Huawei
1696473900000,SAL030_01,SERVICE_LATENCY_OVER_AIR_INTERFACE_DEN,31735.0,900,NRCell,Huawei
1696473900000,SAL030_01,SERVICE_LATENCY_OVER_AIR_INTERFACE_NUM,63801.0,900,NRCell,Huawei
1696473900000,SAL030_01,VOICE_TRAFFIC,2910.0,900,NRCell,Huawei
1696473900000,SAL030_01,VOLTE_CALL_SETUP_ATT,2.0,900,NRCell,Huawei
1696473900000,SAL030_01,VOLTE_CALL_SETUP_SUCC,2.0,900,NRCell,Huawei
1696473900000,SEV001_01,DCR_DEN,2633.0,900,NRCell,Huawei
1696473900000,SEV001_01,DCR_NUM,6.0,900,NRCell,Huawei
1696473900000,SEV001_01,DROP_CALL_VOLTE_DEN,18.0,900,NRCell,Huawei
1696473900000,SEV001_01,DROP_CALL_VOLTE_NUM,0.0,900,NRCell,Huawei
1696473900000,SEV001_01,ERAB_SR_DEN,2645.0,900,NRCell,Huawei
1696473900000,SEV001_01,ERAB_SR_NUM,2644.0,900,NRCell,Huawei
1696473900000,SEV001_01,INTEGRITY_NGBR_QCI_9,17268156528.0,900,NRCell,Huawei
1696473900000,SEV001_01,INTRA_FREQUENCY_HO_OUT_ATT,109.0,900,NRCell,Huawei
1696473900000,SEV001_01,INTRA_FREQUENCY_HO_OUT_SUCC,109.0,900,NRCell,Huawei
1696473900000,SEV001_01,RRC_SETUP_ATT,1457.0,900,NRCell,Huawei
1696473900000,SEV001_01,RRC_SETUP_SUCC,1452.0,900,NRCell,Huawei
1696473900000,SEV001_01,S1SIG_Connection_Setup_SR_DEN,1451.0,900,NRCell,Huawei
1696473900000,SEV001_01,S1SIG_Connection_Setup_SR_NUM,1451.0,900,NRCell,Huawei
1696473900000,SEV001_01,SERVICE_LATENCY_OVER_AIR_INTERFACE_DEN,639480.0,900,NRCell,Huawei
1696473900000,SEV001_01,SERVICE_LATENCY_OVER_AIR_INTERFACE_NUM,1723520.0,900,NRCell,Huawei
1696473900000,SEV001_01,VOICE_TRAFFIC,66346.0,900,NRCell,Huawei
1696473900000,SEV001_01,VOLTE_CALL_SETUP_ATT,17.0,900,NRCell,Huawei
1696473900000,SEV001_01,VOLTE_CALL_SETUP_SUCC,17.0,900,NRCell,Huawei
1696473900000,SNT002_01,DCR_DEN,1065.0,900,NRCell,Huawei
1696473900000,SNT002_01,DCR_NUM,0.0,900,NRCell,Huawei
1696473900000,SNT002_01,DROP_CALL_VOLTE_DEN,7.0,900,NRCell,Huawei
1696473900000,SNT002_01,DROP_CALL_VOLTE_NUM,0.0,900,NRCell,Huawei
1696473900000,SNT002_01,ERAB_SR_DEN,1093.0,900,NRCell,Huawei
1696473900000,SNT002_01,ERAB_SR_NUM,1093.0,900,NRCell,Huawei
1696473900000,SNT002_01,INTEGRITY_NGBR_QCI_9,5242187456.0,900,NRCell,Huawei
1696473900000,SNT002_01,INTRA_FREQUENCY_HO_OUT_ATT,57.0,900,NRCell,Huawei
1696473900000,SNT002_01,INTRA_FREQUENCY_HO_OUT_SUCC,57.0,900,NRCell,Huawei
1696473900000,SNT002_01,RRC_SETUP_ATT,633.0,900,NRCell,Huawei
1696473900000,SNT002_01,RRC_SETUP_SUCC,632.0,900,NRCell,Huawei
1696473900000,SNT002_01,S1SIG_Connection_Setup_SR_DEN,632.0,900,NRCell,Huawei
1696473900000,SNT002_01,S1SIG_Connection_Setup_SR_NUM,632.0,900,NRCell,Huawei
1696473900000,SNT002_01,SERVICE_LATENCY_OVER_AIR_INTERFACE_DEN,238831.0,900,NRCell,Huawei
1696473900000,SNT002_01,SERVICE_LATENCY_OVER_AIR_INTERFACE_NUM,268234.0,900,NRCell,Huawei
1696473900000,SNT002_01,VOICE_TRAFFIC,10422.0,900,NRCell,Huawei
1696473900000,SNT002_01,VOLTE_CALL_SETUP_ATT,10.0,900,NRCell,Huawei
1696473900000,SNT002_01,VOLTE_CALL_SETUP_SUCC,10.0,900,NRCell,Huawei
1696473900000,TAR015_01,DCR_DEN,3278.0,900,NRCell,Huawei
1696473900000,TAR015_01,DCR_NUM,14.0,900,NRCell,Huawei
1696473900000,TAR015_01,DROP_CALL_VOLTE_DEN,36.0,900,NRCell,Huawei
1696473900000,TAR015_01,DROP_CALL_VOLTE_NUM,0.0,900,NRCell,Huawei
1696473900000,TAR015_01,ERAB_SR_DEN,3245.0,900,NRCell,Huawei
1696473900000,TAR015_01,ERAB_SR_NUM,3240.0,900,NRCell,Huawei
1696473900000,TAR015_01,INTEGRITY_NGBR_QCI_9,18334927512.0,900,NRCell,Huawei
1696473900000,TAR015_01,INTRA_FREQUENCY_HO_OUT_ATT,124.0,900,NRCell,Huawei
1696473900000,TAR015_01,INTRA_FREQUENCY_HO_OUT_SUCC,124.0,900,NRCell,Huawei
1696473900000,TAR015_01,RRC_SETUP_ATT,1769.0,900,NRCell,Huawei
1696473900000,TAR015_01,RRC_SETUP_SUCC,1769.0,900,NRCell,Huawei
1696473900000,TAR015_01,S1SIG_Connection_Setup_SR_DEN,1770.0,900,NRCell,Huawei
1696473900000,TAR015_01,S1SIG_Connection_Setup_SR_NUM,1770.0,900,NRCell,Huawei
1696473900000,TAR015_01,SERVICE_LATENCY_OVER_AIR_INTERFACE_DEN,678748.0,900,NRCell,Huawei
1696473900000,TAR015_01,SERVICE_LATENCY_OVER_AIR_INTERFACE_NUM,2460572.0,900,NRCell,Huawei
1696473900000,TAR015_01,VOICE_TRAFFIC,66987.0,900,NRCell,Huawei
1696473900000,TAR015_01,VOLTE_CALL_SETUP_ATT,37.0,900,NRCell,Huawei
1696473900000,TAR015_01,VOLTE_CALL_SETUP_SUCC,37.0,900,NRCell,Huawei
1696473900000,TOL034_01,DCR_DEN,87.0,900,NRCell,Huawei
1696473900000,TOL034_01,DCR_NUM,0.0,900,NRCell,Huawei
1696473900000,TOL034_01,DROP_CALL_VOLTE_DEN,1.0,900,NRCell,Huawei
1696473900000,TOL034_01,DROP_CALL_VOLTE_NUM,0.0,900,NRCell,Huawei
1696473900000,TOL034_01,ERAB_SR_DEN,70.0,900,NRCell,Huawei
1696473900000,TOL034_01,ERAB_SR_NUM,70.0,900,NRCell,Huawei
1696473900000,TOL034_01,INTEGRITY_NGBR_QCI_9,2706349056.0,900,NRCell,Huawei
1696473900000,TOL034_01,INTRA_FREQUENCY_HO_OUT_ATT,6.0,900,NRCell,Huawei
1696473900000,TOL034_01,INTRA_FREQUENCY_HO_OUT_SUCC,6.0,900,NRCell,Huawei
1696473900000,TOL034_01,RRC_SETUP_ATT,56.0,900,NRCell,Huawei
1696473900000,TOL034_01,RRC_SETUP_SUCC,53.0,900,NRCell,Huawei
1696473900000,TOL034_01,S1SIG_Connection_Setup_SR_DEN,53.0,900,NRCell,Huawei
1696473900000,TOL034_01,S1SIG_Connection_Setup_SR_NUM,53.0,900,NRCell,Huawei
1696473900000,TOL034_01,SERVICE_LATENCY_OVER_AIR_INTERFACE_DEN,56995.0,900,NRCell,Huawei
1696473900000,TOL034_01,SERVICE_LATENCY_OVER_AIR_INTERFACE_NUM,122027.0,900,NRCell,Huawei
1696473900000,TOL034_01,VOICE_TRAFFIC,141.0,900,NRCell,Huawei
1696473900000,TOL034_01,VOLTE_CALL_SETUP_ATT,1.0,900,NRCell,Huawei
1696473900000,TOL034_01,VOLTE_CALL_SETUP_SUCC,1.0,900,NRCell,Huawei
1696473900000,VAL002_01,DCR_DEN,34.0,900,NRCell,Huawei
1696473900000,VAL002_01,DCR_NUM,0.0,900,NRCell,Huawei
1696473900000,VAL002_01,DROP_CALL_VOLTE_DEN,0.0,900,NRCell,Huawei
1696473900000,VAL002_01,DROP_CALL_VOLTE_NUM,0.0,900,NRCell,Huawei
1696473900000,VAL002_01,ERAB_SR_DEN,27.0,900,NRCell,Huawei
1696473900000,VAL002_01,ERAB_SR_NUM,27.0,900,NRCell,Huawei
1696473900000,VAL002_01,INTEGRITY_NGBR_QCI_9,335021024.0,900,NRCell,Huawei
1696473900000,VAL002_01,INTRA_FREQUENCY_HO_OUT_ATT,0.0,900,NRCell,Huawei
1696473900000,VAL002_01,INTRA_FREQUENCY_HO_OUT_SUCC,0.0,900,NRCell,Huawei
1696473900000,VAL002_01,RRC_SETUP_ATT,19.0,900,NRCell,Huawei
1696473900000,VAL002_01,RRC_SETUP_SUCC,19.0,900,NRCell,Huawei
1696473900000,VAL002_01,S1SIG_Connection_Setup_SR_DEN,19.0,900,NRCell,Huawei
1696473900000,VAL002_01,S1SIG_Connection_Setup_SR_NUM,19.0,900,NRCell,Huawei
1696473900000,VAL002_01,SERVICE_LATENCY_OVER_AIR_INTERFACE_DEN,4506.0,900,NRCell,Huawei
1696473900000,VAL002_01,SERVICE_LATENCY_OVER_AIR_INTERFACE_NUM,9322.0,900,NRCell,Huawei
1696473900000,VAL002_01,VOICE_TRAFFIC,47.0,900,NRCell,Huawei
1696473900000,VAL002_01,VOLTE_CALL_SETUP_ATT,1.0,900,NRCell,Huawei
1696473900000,VAL002_01,VOLTE_CALL_SETUP_SUCC,1.0,900,NRCell,Huawei
