startTime,neId,counterCode,counterValue,granularity,neType,vendorName
1696863600000,BCN014_01,DCR_DEN,4049.0,900,NRCell,Huawei
1696863600000,BCN014_01,DCR_NUM,4.0,900,NRCell,Huawei
1696863600000,BCN014_01,DROP_CALL_VOLTE_DEN,27.0,900,NRCell,Huawei
1696863600000,BCN014_01,DROP_CALL_VOLTE_NUM,0.0,900,NRCell,Huawei
1696863600000,BCN014_01,ERAB_SR_DEN,4070.0,900,NRCell,Huawei
1696863600000,BCN014_01,ERAB_SR_NUM,4068.0,900,NRCell,Huawei
1696863600000,BCN014_01,INTEGRITY_NGBR_QCI_9,12696953952.0,900,NRCell,Huawei
1696863600000,BCN014_01,INTRA_FREQUENCY_HO_OUT_ATT,245.0,900,NRCell,Huawei
1696863600000,BCN014_01,INTRA_FREQUENCY_HO_OUT_SUCC,245.0,900,NRCell,Huawei
1696863600000,BCN014_01,RRC_SETUP_ATT,2318.0,900,NRCell,Huawei
1696863600000,BCN014_01,RRC_SETUP_SUCC,2311.0,900,NRCell,Huawei
1696863600000,BCN014_01,S1SIG_Connection_Setup_SR_DEN,2311.0,900,NRCell,Huawei
1696863600000,BCN014_01,S1SIG_Connection_Setup_SR_NUM,2311.0,900,NRCell,Huawei
1696863600000,BCN014_01,SERVICE_LATENCY_OVER_AIR_INTERFACE_DEN,306297.0,900,NRCell,Huawei
1696863600000,BCN014_01,SERVICE_LATENCY_OVER_AIR_INTERFACE_NUM,556970.0,900,NRCell,Huawei
1696863600000,BCN014_01,VOICE_TRAFFIC,16795.0,900,NRCell,Huawei
1696863600000,BCN014_01,VOLTE_CALL_SETUP_ATT,26.0,900,NRCell,Huawei
1696863600000,BCN014_01,VOLTE_CALL_SETUP_SUCC,26.0,900,NRCell,Huawei
1696863600000,BIL001_01,DCR_DEN,3421.0,900,NRCell,Huawei
1696863600000,BIL001_01,DCR_NUM,4.0,900,NRCell,Huawei
1696863600000,BIL001_01,DROP_CALL_VOLTE_DEN,20.0,900,NRCell,Huawei
1696863600000,BIL001_01,DROP_CALL_VOLTE_NUM,0.0,900,NRCell,Huawei
1696863600000,BIL001_01,ERAB_SR_DEN,3460.0,900,NRCell,Huawei
1696863600000,BIL001_01,ERAB_SR_NUM,3454.0,900,NRCell,Huawei
1696863600000,BIL001_01,INTEGRITY_NGBR_QCI_9,13674556016.0,900,NRCell,Huawei
1696863600000,BIL001_01,INTRA_FREQUENCY_HO_OUT_ATT,225.0,900,NRCell,Huawei
1696863600000,BIL001_01,INTRA_FREQUENCY_HO_OUT_SUCC,225.0,900,NRCell,Huawei
1696863600000,BIL001_01,RRC_SETUP_ATT,2021.0,900,NRCell,Huawei
1696863600000,BIL001_01,RRC_SETUP_SUCC,2004.0,900,NRCell,Huawei
1696863600000,BIL001_01,S1SIG_Connection_Setup_SR_DEN,2004.0,900,NRCell,Huawei
1696863600000,BIL001_01,S1SIG_Connection_Setup_SR_NUM,2004.0,900,NRCell,Huawei
1696863600000,BIL001_01,SERVICE_LATENCY_OVER_AIR_INTERFACE_DEN,328060.0,900,NRCell,Huawei
1696863600000,BIL001_01,SERVICE_LATENCY_OVER_AIR_INTERFACE_NUM,667529.0,900,NRCell,Huawei
1696863600000,BIL001_01,VOICE_TRAFFIC,15371.0,900,NRCell,Huawei
1696863600000,BIL001_01,VOLTE_CALL_SETUP_ATT,21.0,900,NRCell,Huawei
1696863600000,BIL001_01,VOLTE_CALL_SETUP_SUCC,21.0,900,NRCell,Huawei
1696863600000,MAD033_01,DCR_DEN,1890.0,900,NRCell,Huawei
1696863600000,MAD033_01,DCR_NUM,0.0,900,NRCell,Huawei
1696863600000,MAD033_01,DROP_CALL_VOLTE_DEN,16.0,900,NRCell,Huawei
1696863600000,MAD033_01,DROP_CALL_VOLTE_NUM,0.0,900,NRCell,Huawei
1696863600000,MAD033_01,ERAB_SR_DEN,1861.0,900,NRCell,Huawei
1696863600000,MAD033_01,ERAB_SR_NUM,1857.0,900,NRCell,Huawei
1696863600000,MAD033_01,INTEGRITY_NGBR_QCI_9,6370380872.0,900,NRCell,Huawei
1696863600000,MAD033_01,INTRA_FREQUENCY_HO_OUT_ATT,111.0,900,NRCell,Huawei
1696863600000,MAD033_01,INTRA_FREQUENCY_HO_OUT_SUCC,110.0,900,NRCell,Huawei
1696863600000,MAD033_01,RRC_SETUP_ATT,1057.0,900,NRCell,Huawei
1696863600000,MAD033_01,RRC_SETUP_SUCC,1054.0,900,NRCell,Huawei
1696863600000,MAD033_01,S1SIG_Connection_Setup_SR_DEN,1054.0,900,NRCell,Huawei
1696863600000,MAD033_01,S1SIG_Connection_Setup_SR_NUM,1054.0,900,NRCell,Huawei
1696863600000,MAD033_01,SERVICE_LATENCY_OVER_AIR_INTERFACE_DEN,192128.0,900,NRCell,Huawei
1696863600000,MAD033_01,SERVICE_LATENCY_OVER_AIR_INTERFACE_NUM,235817.0,900,NRCell,Huawei
1696863600000,MAD033_01,VOICE_TRAFFIC,22505.0,900,NRCell,Huawei
1696863600000,MAD033_01,VOLTE_CALL_SETUP_ATT,17.0,900,NRCell,Huawei
1696863600000,MAD033_01,VOLTE_CALL_SETUP_SUCC,17.0,900,NRCell,Huawei
1696863600000,SAL030_01,DCR_DEN,173.0,900,NRCell,Huawei
1696863600000,SAL030_01,DCR_NUM,0.0,900,NRCell,Huawei
1696863600000,SAL030_01,DROP_CALL_VOLTE_DEN,1.0,900,NRCell,Huawei
1696863600000,SAL030_01,DROP_CALL_VOLTE_NUM,0.0,900,NRCell,Huawei
1696863600000,SAL030_01,ERAB_SR_DEN,155.0,900,NRCell,Huawei
1696863600000,SAL030_01,ERAB_SR_NUM,155.0,900,NRCell,Huawei
1696863600000,SAL030_01,INTEGRITY_NGBR_QCI_9,457223936.0,900,NRCell,Huawei
1696863600000,SAL030_01,INTRA_FREQUENCY_HO_OUT_ATT,8.0,900,NRCell,Huawei
1696863600000,SAL030_01,INTRA_FREQUENCY_HO_OUT_SUCC,8.0,900,NRCell,Huawei
1696863600000,SAL030_01,RRC_SETUP_ATT,109.0,900,NRCell,Huawei
1696863600000,SAL030_01,RRC_SETUP_SUCC,108.0,900,NRCell,Huawei
1696863600000,SAL030_01,S1SIG_Connection_Setup_SR_DEN,108.0,900,NRCell,Huawei
1696863600000,SAL030_01,S1SIG_Connection_Setup_SR_NUM,108.0,900,NRCell,Huawei
1696863600000,SAL030_01,SERVICE_LATENCY_OVER_AIR_INTERFACE_DEN,36385.0,900,NRCell,Huawei
1696863600000,SAL030_01,SERVICE_LATENCY_OVER_AIR_INTERFACE_NUM,49979.0,900,NRCell,Huawei
1696863600000,SAL030_01,VOICE_TRAFFIC,673.0,900,NRCell,Huawei
1696863600000,SAL030_01,VOLTE_CALL_SETUP_ATT,1.0,900,NRCell,Huawei
1696863600000,SAL030_01,VOLTE_CALL_SETUP_SUCC,1.0,900,NRCell,Huawei
1696863600000,SEV001_01,DCR_DEN,3973.0,900,NRCell,Huawei
1696863600000,SEV001_01,DCR_NUM,6.0,900,NRCell,Huawei
1696863600000,SEV001_01,DROP_CALL_VOLTE_DEN,27.0,900,NRCell,Huawei
1696863600000,SEV001_01,DROP_CALL_VOLTE_NUM,0.0,900,NRCell,Huawei
1696863600000,SEV001_01,ERAB_SR_DEN,3982.0,900,NRCell,Huawei
1696863600000,SEV001_01,ERAB_SR_NUM,3977.0,900,NRCell,Huawei
1696863600000,SEV001_01,INTEGRITY_NGBR_QCI_9,12040801584.0,900,NRCell,Huawei
1696863600000,SEV001_01,INTRA_FREQUENCY_HO_OUT_ATT,153.0,900,NRCell,Huawei
1696863600000,SEV001_01,INTRA_FREQUENCY_HO_OUT_SUCC,152.0,900,NRCell,Huawei
1696863600000,SEV001_01,RRC_SETUP_ATT,2202.0,900,NRCell,Huawei
1696863600000,SEV001_01,RRC_SETUP_SUCC,2196.0,900,NRCell,Huawei
1696863600000,SEV001_01,S1SIG_Connection_Setup_SR_DEN,2196.0,900,NRCell,Huawei
1696863600000,SEV001_01,S1SIG_Connection_Setup_SR_NUM,2196.0,900,NRCell,Huawei
1696863600000,SEV001_01,SERVICE_LATENCY_OVER_AIR_INTERFACE_DEN,475405.0,900,NRCell,Huawei
1696863600000,SEV001_01,SERVICE_LATENCY_OVER_AIR_INTERFACE_NUM,676058.0,900,NRCell,Huawei
1696863600000,SEV001_01,VOICE_TRAFFIC,12993.0,900,NRCell,Huawei
1696863600000,SEV001_01,VOLTE_CALL_SETUP_ATT,25.0,900,NRCell,Huawei
1696863600000,SEV001_01,VOLTE_CALL_SETUP_SUCC,25.0,900,NRCell,Huawei
1696863600000,SNT002_01,DCR_DEN,1854.0,900,NRCell,Huawei
1696863600000,SNT002_01,DCR_NUM,2.0,900,NRCell,Huawei
1696863600000,SNT002_01,DROP_CALL_VOLTE_DEN,10.0,900,NRCell,Huawei
1696863600000,SNT002_01,DROP_CALL_VOLTE_NUM,0.0,900,NRCell,Huawei
1696863600000,SNT002_01,ERAB_SR_DEN,1849.0,900,NRCell,Huawei
1696863600000,SNT002_01,ERAB_SR_NUM,1847.0,900,NRCell,Huawei
1696863600000,SNT002_01,INTEGRITY_NGBR_QCI_9,3793929472.0,900,NRCell,Huawei
1696863600000,SNT002_01,INTRA_FREQUENCY_HO_OUT_ATT,81.0,900,NRCell,Huawei
1696863600000,SNT002_01,INTRA_FREQUENCY_HO_OUT_SUCC,81.0,900,NRCell,Huawei
1696863600000,SNT002_01,RRC_SETUP_ATT,1031.0,900,NRCell,Huawei
1696863600000,SNT002_01,RRC_SETUP_SUCC,1029.0,900,NRCell,Huawei
1696863600000,SNT002_01,S1SIG_Connection_Setup_SR_DEN,1029.0,900,NRCell,Huawei
1696863600000,SNT002_01,S1SIG_Connection_Setup_SR_NUM,1029.0,900,NRCell,Huawei
1696863600000,SNT002_01,SERVICE_LATENCY_OVER_AIR_INTERFACE_DEN,146122.0,900,NRCell,Huawei
1696863600000,SNT002_01,SERVICE_LATENCY_OVER_AIR_INTERFACE_NUM,174467.0,900,NRCell,Huawei
1696863600000,SNT002_01,VOICE_TRAFFIC,17444.0,900,NRCell,Huawei
1696863600000,SNT002_01,VOLTE_CALL_SETUP_ATT,12.0,900,NRCell,Huawei
1696863600000,SNT002_01,VOLTE_CALL_SETUP_SUCC,12.0,900,NRCell,Huawei
1696863600000,TAR015_01,DCR_DEN,4422.0,900,NRCell,Huawei
1696863600000,TAR015_01,DCR_NUM,6.0,900,NRCell,Huawei
1696863600000,TAR015_01,DROP_CALL_VOLTE_DEN,49.0,900,NRCell,Huawei
1696863600000,TAR015_01,DROP_CALL_VOLTE_NUM,0.0,900,NRCell,Huawei
1696863600000,TAR015_01,ERAB_SR_DEN,4373.0,900,NRCell,Huawei
1696863600000,TAR015_01,ERAB_SR_NUM,4362.0,900,NRCell,Huawei
1696863600000,TAR015_01,INTEGRITY_NGBR_QCI_9,12612576136.0,900,NRCell,Huawei
1696863600000,TAR015_01,INTRA_FREQUENCY_HO_OUT_ATT,178.0,900,NRCell,Huawei
1696863600000,TAR015_01,INTRA_FREQUENCY_HO_OUT_SUCC,178.0,900,NRCell,Huawei
1696863600000,TAR015_01,RRC_SETUP_ATT,2384.0,900,NRCell,Huawei
1696863600000,TAR015_01,RRC_SETUP_SUCC,2383.0,900,NRCell,Huawei
1696863600000,TAR015_01,S1SIG_Connection_Setup_SR_DEN,2383.0,900,NRCell,Huawei
1696863600000,TAR015_01,S1SIG_Connection_Setup_SR_NUM,2383.0,900,NRCell,Huawei
1696863600000,TAR015_01,SERVICE_LATENCY_OVER_AIR_INTERFACE_DEN,468300.0,900,NRCell,Huawei
1696863600000,TAR015_01,SERVICE_LATENCY_OVER_AIR_INTERFACE_NUM,759555.0,900,NRCell,Huawei
1696863600000,TAR015_01,VOICE_TRAFFIC,41394.0,900,NRCell,Huawei
1696863600000,TAR015_01,VOLTE_CALL_SETUP_ATT,52.0,900,NRCell,Huawei
1696863600000,TAR015_01,VOLTE_CALL_SETUP_SUCC,52.0,900,NRCell,Huawei
1696863600000,TOL034_01,DCR_DEN,264.0,900,NRCell,Huawei
1696863600000,TOL034_01,DCR_NUM,0.0,900,NRCell,Huawei
1696863600000,TOL034_01,DROP_CALL_VOLTE_DEN,1.0,900,NRCell,Huawei
1696863600000,TOL034_01,DROP_CALL_VOLTE_NUM,0.0,900,NRCell,Huawei
1696863600000,TOL034_01,ERAB_SR_DEN,250.0,900,NRCell,Huawei
1696863600000,TOL034_01,ERAB_SR_NUM,250.0,900,NRCell,Huawei
1696863600000,TOL034_01,INTEGRITY_NGBR_QCI_9,2280805128.0,900,NRCell,Huawei
1696863600000,TOL034_01,INTRA_FREQUENCY_HO_OUT_ATT,17.0,900,NRCell,Huawei
1696863600000,TOL034_01,INTRA_FREQUENCY_HO_OUT_SUCC,17.0,900,NRCell,Huawei
1696863600000,TOL034_01,RRC_SETUP_ATT,166.0,900,NRCell,Huawei
1696863600000,TOL034_01,RRC_SETUP_SUCC,166.0,900,NRCell,Huawei
1696863600000,TOL034_01,S1SIG_Connection_Setup_SR_DEN,166.0,900,NRCell,Huawei
1696863600000,TOL034_01,S1SIG_Connection_Setup_SR_NUM,166.0,900,NRCell,Huawei
1696863600000,TOL034_01,SERVICE_LATENCY_OVER_AIR_INTERFACE_DEN,43582.0,900,NRCell,Huawei
1696863600000,TOL034_01,SERVICE_LATENCY_OVER_AIR_INTERFACE_NUM,54041.0,900,NRCell,Huawei
1696863600000,TOL034_01,VOICE_TRAFFIC,150.0,900,NRCell,Huawei
1696863600000,TOL034_01,VOLTE_CALL_SETUP_ATT,0.0,900,NRCell,Huawei
1696863600000,TOL034_01,VOLTE_CALL_SETUP_SUCC,0.0,900,NRCell,Huawei
1696863600000,VAL002_01,DCR_DEN,63.0,900,NRCell,Huawei
1696863600000,VAL002_01,DCR_NUM,0.0,900,NRCell,Huawei
1696863600000,VAL002_01,DROP_CALL_VOLTE_DEN,0.0,900,NRCell,Huawei
1696863600000,VAL002_01,DROP_CALL_VOLTE_NUM,0.0,900,NRCell,Huawei
1696863600000,VAL002_01,ERAB_SR_DEN,44.0,900,NRCell,Huawei
1696863600000,VAL002_01,ERAB_SR_NUM,44.0,900,NRCell,Huawei
1696863600000,VAL002_01,INTEGRITY_NGBR_QCI_9,97844112.0,900,NRCell,Huawei
1696863600000,VAL002_01,INTRA_FREQUENCY_HO_OUT_ATT,10.0,900,NRCell,Huawei
1696863600000,VAL002_01,INTRA_FREQUENCY_HO_OUT_SUCC,10.0,900,NRCell,Huawei
1696863600000,VAL002_01,RRC_SETUP_ATT,36.0,900,NRCell,Huawei
1696863600000,VAL002_01,RRC_SETUP_SUCC,36.0,900,NRCell,Huawei
1696863600000,VAL002_01,S1SIG_Connection_Setup_SR_DEN,36.0,900,NRCell,Huawei
1696863600000,VAL002_01,S1SIG_Connection_Setup_SR_NUM,36.0,900,NRCell,Huawei
1696863600000,VAL002_01,SERVICE_LATENCY_OVER_AIR_INTERFACE_DEN,2483.0,900,NRCell,Huawei
1696863600000,VAL002_01,SERVICE_LATENCY_OVER_AIR_INTERFACE_NUM,4652.0,900,NRCell,Huawei
1696863600000,VAL002_01,VOICE_TRAFFIC,3.0,900,NRCell,Huawei
1696863600000,VAL002_01,VOLTE_CALL_SETUP_ATT,1.0,900,NRCell,Huawei
1696863600000,VAL002_01,VOLTE_CALL_SETUP_SUCC,1.0,900,NRCell,Huawei
