startTime,neId,counterCode,counterValue,granularity,neType,vendorName
1696689000000,BCN014_01,DCR_DEN,2192.0,900,NRCell,Huawei
1696689000000,BCN014_01,DCR_NUM,0.0,900,NRCell,Huawei
1696689000000,BCN014_01,DROP_CALL_VOLTE_DEN,19.0,900,NRCell,Huawei
1696689000000,BCN014_01,DROP_CALL_VOLTE_NUM,0.0,900,NRCell,Huawei
1696689000000,BCN014_01,ERAB_SR_DEN,2196.0,900,NRCell,Huawei
1696689000000,BCN014_01,ERAB_SR_NUM,2196.0,900,NRCell,Huawei
1696689000000,BCN014_01,INTEGRITY_NGBR_QCI_9,8911823128.0,900,NRCell,Huawei
1696689000000,BCN014_01,INTRA_FREQUENCY_HO_OUT_ATT,180.0,900,NRCell,Huawei
1696689000000,BCN014_01,INTRA_FREQUENCY_HO_OUT_SUCC,180.0,900,NRCell,Huawei
1696689000000,BCN014_01,RRC_SETUP_ATT,1307.0,900,NRCell,Huawei
1696689000000,BCN014_01,RRC_SETUP_SUCC,1306.0,900,NRCell,Huawei
1696689000000,BCN014_01,S1SIG_Connection_Setup_SR_DEN,1306.0,900,NRCell,Huawei
1696689000000,BCN014_01,S1SIG_Connection_Setup_SR_NUM,1306.0,900,NRCell,Huawei
1696689000000,BCN014_01,SERVICE_LATENCY_OVER_AIR_INTERFACE_DEN,327732.0,900,NRCell,Huawei
1696689000000,BCN014_01,SERVICE_LATENCY_OVER_AIR_INTERFACE_NUM,415436.0,900,NRCell,Huawei
1696689000000,BCN014_01,VOICE_TRAFFIC,27839.0,900,NRCell,Huawei
1696689000000,BCN014_01,VOLTE_CALL_SETUP_ATT,15.0,900,NRCell,Huawei
1696689000000,BCN014_01,VOLTE_CALL_SETUP_SUCC,15.0,900,NRCell,Huawei
1696689000000,BIL001_01,DCR_DEN,2062.0,900,NRCell,Huawei
1696689000000,BIL001_01,DCR_NUM,0.0,900,NRCell,Huawei
1696689000000,BIL001_01,DROP_CALL_VOLTE_DEN,9.0,900,NRCell,Huawei
1696689000000,BIL001_01,DROP_CALL_VOLTE_NUM,0.0,900,NRCell,Huawei
1696689000000,BIL001_01,ERAB_SR_DEN,2068.0,900,NRCell,Huawei
1696689000000,BIL001_01,ERAB_SR_NUM,2068.0,900,NRCell,Huawei
1696689000000,BIL001_01,INTEGRITY_NGBR_QCI_9,12753430592.0,900,NRCell,Huawei
1696689000000,BIL001_01,INTRA_FREQUENCY_HO_OUT_ATT,139.0,900,NRCell,Huawei
1696689000000,BIL001_01,INTRA_FREQUENCY_HO_OUT_SUCC,139.0,900,NRCell,Huawei
1696689000000,BIL001_01,RRC_SETUP_ATT,1242.0,900,NRCell,Huawei
1696689000000,BIL001_01,RRC_SETUP_SUCC,1240.0,900,NRCell,Huawei
1696689000000,BIL001_01,S1SIG_Connection_Setup_SR_DEN,1240.0,900,NRCell,Huawei
1696689000000,BIL001_01,S1SIG_Connection_Setup_SR_NUM,1240.0,900,NRCell,Huawei
1696689000000,BIL001_01,SERVICE_LATENCY_OVER_AIR_INTERFACE_DEN,254871.0,900,NRCell,Huawei
1696689000000,BIL001_01,SERVICE_LATENCY_OVER_AIR_INTERFACE_NUM,303213.0,900,NRCell,Huawei
1696689000000,BIL001_01,VOICE_TRAFFIC,6772.0,900,NRCell,Huawei
1696689000000,BIL001_01,VOLTE_CALL_SETUP_ATT,8.0,900,NRCell,Huawei
1696689000000,BIL001_01,VOLTE_CALL_SETUP_SUCC,8.0,900,NRCell,Huawei
1696689000000,MAD033_01,DCR_DEN,1410.0,900,NRCell,Huawei
1696689000000,MAD033_01,DCR_NUM,0.0,900,NRCell,Huawei
1696689000000,MAD033_01,DROP_CALL_VOLTE_DEN,12.0,900,NRCell,Huawei
1696689000000,MAD033_01,DROP_CALL_VOLTE_NUM,0.0,900,NRCell,Huawei
1696689000000,MAD033_01,ERAB_SR_DEN,1403.0,900,NRCell,Huawei
1696689000000,MAD033_01,ERAB_SR_NUM,1403.0,900,NRCell,Huawei
1696689000000,MAD033_01,INTEGRITY_NGBR_QCI_9,5119523296.0,900,NRCell,Huawei
1696689000000,MAD033_01,INTRA_FREQUENCY_HO_OUT_ATT,94.0,900,NRCell,Huawei
1696689000000,MAD033_01,INTRA_FREQUENCY_HO_OUT_SUCC,94.0,900,NRCell,Huawei
1696689000000,MAD033_01,RRC_SETUP_ATT,793.0,900,NRCell,Huawei
1696689000000,MAD033_01,RRC_SETUP_SUCC,793.0,900,NRCell,Huawei
1696689000000,MAD033_01,S1SIG_Connection_Setup_SR_DEN,793.0,900,NRCell,Huawei
1696689000000,MAD033_01,S1SIG_Connection_Setup_SR_NUM,793.0,900,NRCell,Huawei
1696689000000,MAD033_01,SERVICE_LATENCY_OVER_AIR_INTERFACE_DEN,117014.0,900,NRCell,Huawei
1696689000000,MAD033_01,SERVICE_LATENCY_OVER_AIR_INTERFACE_NUM,143455.0,900,NRCell,Huawei
1696689000000,MAD033_01,VOICE_TRAFFIC,4746.0,900,NRCell,Huawei
1696689000000,MAD033_01,VOLTE_CALL_SETUP_ATT,11.0,900,NRCell,Huawei
1696689000000,MAD033_01,VOLTE_CALL_SETUP_SUCC,11.0,900,NRCell,Huawei
1696689000000,SAL030_01,DCR_DEN,208.0,900,NRCell,Huawei
1696689000000,SAL030_01,DCR_NUM,4.0,900,NRCell,Huawei
1696689000000,SAL030_01,DROP_CALL_VOLTE_DEN,1.0,900,NRCell,Huawei
1696689000000,SAL030_01,DROP_CALL_VOLTE_NUM,0.0,900,NRCell,Huawei
1696689000000,SAL030_01,ERAB_SR_DEN,188.0,900,NRCell,Huawei
1696689000000,SAL030_01,ERAB_SR_NUM,188.0,900,NRCell,Huawei
1696689000000,SAL030_01,INTEGRITY_NGBR_QCI_9,1299624712.0,900,NRCell,Huawei
1696689000000,SAL030_01,INTRA_FREQUENCY_HO_OUT_ATT,5.0,900,NRCell,Huawei
1696689000000,SAL030_01,INTRA_FREQUENCY_HO_OUT_SUCC,5.0,900,NRCell,Huawei
1696689000000,SAL030_01,RRC_SETUP_ATT,131.0,900,NRCell,Huawei
1696689000000,SAL030_01,RRC_SETUP_SUCC,131.0,900,NRCell,Huawei
1696689000000,SAL030_01,S1SIG_Connection_Setup_SR_DEN,131.0,900,NRCell,Huawei
1696689000000,SAL030_01,S1SIG_Connection_Setup_SR_NUM,131.0,900,NRCell,Huawei
1696689000000,SAL030_01,SERVICE_LATENCY_OVER_AIR_INTERFACE_DEN,38604.0,900,NRCell,Huawei
1696689000000,SAL030_01,SERVICE_LATENCY_OVER_AIR_INTERFACE_NUM,84767.0,900,NRCell,Huawei
1696689000000,SAL030_01,VOICE_TRAFFIC,664.0,900,NRCell,Huawei
1696689000000,SAL030_01,VOLTE_CALL_SETUP_ATT,1.0,900,NRCell,Huawei
1696689000000,SAL030_01,VOLTE_CALL_SETUP_SUCC,1.0,900,NRCell,Huawei
1696689000000,SEV001_01,DCR_DEN,2643.0,900,NRCell,Huawei
1696689000000,SEV001_01,DCR_NUM,7.0,900,NRCell,Huawei
1696689000000,SEV001_01,DROP_CALL_VOLTE_DEN,15.0,900,NRCell,Huawei
1696689000000,SEV001_01,DROP_CALL_VOLTE_NUM,0.0,900,NRCell,Huawei
1696689000000,SEV001_01,ERAB_SR_DEN,2650.0,900,NRCell,Huawei
1696689000000,SEV001_01,ERAB_SR_NUM,2643.0,900,NRCell,Huawei
1696689000000,SEV001_01,INTEGRITY_NGBR_QCI_9,10529614424.0,900,NRCell,Huawei
1696689000000,SEV001_01,INTRA_FREQUENCY_HO_OUT_ATT,102.0,900,NRCell,Huawei
1696689000000,SEV001_01,INTRA_FREQUENCY_HO_OUT_SUCC,102.0,900,NRCell,Huawei
1696689000000,SEV001_01,RRC_SETUP_ATT,1461.0,900,NRCell,Huawei
1696689000000,SEV001_01,RRC_SETUP_SUCC,1461.0,900,NRCell,Huawei
1696689000000,SEV001_01,S1SIG_Connection_Setup_SR_DEN,1462.0,900,NRCell,Huawei
1696689000000,SEV001_01,S1SIG_Connection_Setup_SR_NUM,1462.0,900,NRCell,Huawei
1696689000000,SEV001_01,SERVICE_LATENCY_OVER_AIR_INTERFACE_DEN,363896.0,900,NRCell,Huawei
1696689000000,SEV001_01,SERVICE_LATENCY_OVER_AIR_INTERFACE_NUM,591770.0,900,NRCell,Huawei
1696689000000,SEV001_01,VOICE_TRAFFIC,24344.0,900,NRCell,Huawei
1696689000000,SEV001_01,VOLTE_CALL_SETUP_ATT,16.0,900,NRCell,Huawei
1696689000000,SEV001_01,VOLTE_CALL_SETUP_SUCC,16.0,900,NRCell,Huawei
1696689000000,SNT002_01,DCR_DEN,1248.0,900,NRCell,Huawei
1696689000000,SNT002_01,DCR_NUM,0.0,900,NRCell,Huawei
1696689000000,SNT002_01,DROP_CALL_VOLTE_DEN,9.0,900,NRCell,Huawei
1696689000000,SNT002_01,DROP_CALL_VOLTE_NUM,0.0,900,NRCell,Huawei
1696689000000,SNT002_01,ERAB_SR_DEN,1273.0,900,NRCell,Huawei
1696689000000,SNT002_01,ERAB_SR_NUM,1273.0,900,NRCell,Huawei
1696689000000,SNT002_01,INTEGRITY_NGBR_QCI_9,3029913720.0,900,NRCell,Huawei
1696689000000,SNT002_01,INTRA_FREQUENCY_HO_OUT_ATT,82.0,900,NRCell,Huawei
1696689000000,SNT002_01,INTRA_FREQUENCY_HO_OUT_SUCC,82.0,900,NRCell,Huawei
1696689000000,SNT002_01,RRC_SETUP_ATT,720.0,900,NRCell,Huawei
1696689000000,SNT002_01,RRC_SETUP_SUCC,719.0,900,NRCell,Huawei
1696689000000,SNT002_01,S1SIG_Connection_Setup_SR_DEN,719.0,900,NRCell,Huawei
1696689000000,SNT002_01,S1SIG_Connection_Setup_SR_NUM,719.0,900,NRCell,Huawei
1696689000000,SNT002_01,SERVICE_LATENCY_OVER_AIR_INTERFACE_DEN,132872.0,900,NRCell,Huawei
1696689000000,SNT002_01,SERVICE_LATENCY_OVER_AIR_INTERFACE_NUM,167535.0,900,NRCell,Huawei
1696689000000,SNT002_01,VOICE_TRAFFIC,9884.0,900,NRCell,Huawei
1696689000000,SNT002_01,VOLTE_CALL_SETUP_ATT,12.0,900,NRCell,Huawei
1696689000000,SNT002_01,VOLTE_CALL_SETUP_SUCC,12.0,900,NRCell,Huawei
1696689000000,TAR015_01,DCR_DEN,3202.0,900,NRCell,Huawei
1696689000000,TAR015_01,DCR_NUM,7.0,900,NRCell,Huawei
1696689000000,TAR015_01,DROP_CALL_VOLTE_DEN,18.0,900,NRCell,Huawei
1696689000000,TAR015_01,DROP_CALL_VOLTE_NUM,0.0,900,NRCell,Huawei
1696689000000,TAR015_01,ERAB_SR_DEN,3139.0,900,NRCell,Huawei
1696689000000,TAR015_01,ERAB_SR_NUM,3137.0,900,NRCell,Huawei
1696689000000,TAR015_01,INTEGRITY_NGBR_QCI_9,11481658144.0,900,NRCell,Huawei
1696689000000,TAR015_01,INTRA_FREQUENCY_HO_OUT_ATT,126.0,900,NRCell,Huawei
1696689000000,TAR015_01,INTRA_FREQUENCY_HO_OUT_SUCC,126.0,900,NRCell,Huawei
1696689000000,TAR015_01,RRC_SETUP_ATT,1721.0,900,NRCell,Huawei
1696689000000,TAR015_01,RRC_SETUP_SUCC,1720.0,900,NRCell,Huawei
1696689000000,TAR015_01,S1SIG_Connection_Setup_SR_DEN,1719.0,900,NRCell,Huawei
1696689000000,TAR015_01,S1SIG_Connection_Setup_SR_NUM,1719.0,900,NRCell,Huawei
1696689000000,TAR015_01,SERVICE_LATENCY_OVER_AIR_INTERFACE_DEN,285168.0,900,NRCell,Huawei
1696689000000,TAR015_01,SERVICE_LATENCY_OVER_AIR_INTERFACE_NUM,476329.0,900,NRCell,Huawei
1696689000000,TAR015_01,VOICE_TRAFFIC,18948.0,900,NRCell,Huawei
1696689000000,TAR015_01,VOLTE_CALL_SETUP_ATT,16.0,900,NRCell,Huawei
1696689000000,TAR015_01,VOLTE_CALL_SETUP_SUCC,16.0,900,NRCell,Huawei
1696689000000,TOL034_01,DCR_DEN,79.0,900,NRCell,Huawei
1696689000000,TOL034_01,DCR_NUM,0.0,900,NRCell,Huawei
1696689000000,TOL034_01,DROP_CALL_VOLTE_DEN,0.0,900,NRCell,Huawei
1696689000000,TOL034_01,DROP_CALL_VOLTE_NUM,0.0,900,NRCell,Huawei
1696689000000,TOL034_01,ERAB_SR_DEN,67.0,900,NRCell,Huawei
1696689000000,TOL034_01,ERAB_SR_NUM,67.0,900,NRCell,Huawei
1696689000000,TOL034_01,INTEGRITY_NGBR_QCI_9,439281936.0,900,NRCell,Huawei
1696689000000,TOL034_01,INTRA_FREQUENCY_HO_OUT_ATT,15.0,900,NRCell,Huawei
1696689000000,TOL034_01,INTRA_FREQUENCY_HO_OUT_SUCC,15.0,900,NRCell,Huawei
1696689000000,TOL034_01,RRC_SETUP_ATT,48.0,900,NRCell,Huawei
1696689000000,TOL034_01,RRC_SETUP_SUCC,48.0,900,NRCell,Huawei
1696689000000,TOL034_01,S1SIG_Connection_Setup_SR_DEN,48.0,900,NRCell,Huawei
1696689000000,TOL034_01,S1SIG_Connection_Setup_SR_NUM,48.0,900,NRCell,Huawei
1696689000000,TOL034_01,SERVICE_LATENCY_OVER_AIR_INTERFACE_DEN,8618.0,900,NRCell,Huawei
1696689000000,TOL034_01,SERVICE_LATENCY_OVER_AIR_INTERFACE_NUM,11277.0,900,NRCell,Huawei
1696689000000,TOL034_01,VOICE_TRAFFIC,0.0,900,NRCell,Huawei
1696689000000,TOL034_01,VOLTE_CALL_SETUP_ATT,0.0,900,NRCell,Huawei
1696689000000,TOL034_01,VOLTE_CALL_SETUP_SUCC,0.0,900,NRCell,Huawei
1696689000000,VAL002_01,DCR_DEN,33.0,900,NRCell,Huawei
1696689000000,VAL002_01,DCR_NUM,0.0,900,NRCell,Huawei
1696689000000,VAL002_01,DROP_CALL_VOLTE_DEN,0.0,900,NRCell,Huawei
1696689000000,VAL002_01,DROP_CALL_VOLTE_NUM,0.0,900,NRCell,Huawei
1696689000000,VAL002_01,ERAB_SR_DEN,28.0,900,NRCell,Huawei
1696689000000,VAL002_01,ERAB_SR_NUM,28.0,900,NRCell,Huawei
1696689000000,VAL002_01,INTEGRITY_NGBR_QCI_9,59183408.0,900,NRCell,Huawei
1696689000000,VAL002_01,INTRA_FREQUENCY_HO_OUT_ATT,7.0,900,NRCell,Huawei
1696689000000,VAL002_01,INTRA_FREQUENCY_HO_OUT_SUCC,7.0,900,NRCell,Huawei
1696689000000,VAL002_01,RRC_SETUP_ATT,24.0,900,NRCell,Huawei
1696689000000,VAL002_01,RRC_SETUP_SUCC,23.0,900,NRCell,Huawei
1696689000000,VAL002_01,S1SIG_Connection_Setup_SR_DEN,23.0,900,NRCell,Huawei
1696689000000,VAL002_01,S1SIG_Connection_Setup_SR_NUM,23.0,900,NRCell,Huawei
1696689000000,VAL002_01,SERVICE_LATENCY_OVER_AIR_INTERFACE_DEN,1855.0,900,NRCell,Huawei
1696689000000,VAL002_01,SERVICE_LATENCY_OVER_AIR_INTERFACE_NUM,3513.0,900,NRCell,Huawei
1696689000000,VAL002_01,VOICE_TRAFFIC,214.0,900,NRCell,Huawei
1696689000000,VAL002_01,VOLTE_CALL_SETUP_ATT,0.0,900,NRCell,Huawei
1696689000000,VAL002_01,VOLTE_CALL_SETUP_SUCC,0.0,900,NRCell,Huawei
