startTime,neId,counterCode,counterValue,granularity,neType,vendorName
1696494600000,BCN014_01,DCR_DEN,904.0,900,NRCell,Huawei
1696494600000,BCN014_01,DCR_NUM,0.0,900,NRCell,Huawei
1696494600000,BCN014_01,DROP_CALL_VOLTE_DEN,0.0,900,NRCell,Huawei
1696494600000,BCN014_01,DROP_CALL_VOLTE_NUM,0.0,900,NRCell,Huawei
1696494600000,BCN014_01,ERAB_SR_DEN,916.0,900,NRCell,Huawei
1696494600000,BCN014_01,ERAB_SR_NUM,916.0,900,NRCell,Huawei
1696494600000,BCN014_01,INTEGRITY_NGBR_QCI_9,3348238680.0,900,NRCell,Huawei
1696494600000,BCN014_01,INTRA_FREQUENCY_HO_OUT_ATT,2.0,900,NRCell,Huawei
1696494600000,BCN014_01,INTRA_FREQUENCY_HO_OUT_SUCC,2.0,900,NRCell,Huawei
1696494600000,BCN014_01,RRC_SETUP_ATT,591.0,900,NRCell,Huawei
1696494600000,BCN014_01,RRC_SETUP_SUCC,591.0,900,NRCell,Huawei
1696494600000,BCN014_01,S1SIG_Connection_Setup_SR_DEN,591.0,900,NRCell,Huawei
1696494600000,BCN014_01,S1SIG_Connection_Setup_SR_NUM,591.0,900,NRCell,Huawei
1696494600000,BCN014_01,SERVICE_LATENCY_OVER_AIR_INTERFACE_DEN,37882.0,900,NRCell,Huawei
1696494600000,BCN014_01,SERVICE_LATENCY_OVER_AIR_INTERFACE_NUM,55464.0,900,NRCell,Huawei
1696494600000,BCN014_01,VOICE_TRAFFIC,0.0,900,NRCell,Huawei
1696494600000,BCN014_01,VOLTE_CALL_SETUP_ATT,0.0,900,NRCell,Huawei
1696494600000,BCN014_01,VOLTE_CALL_SETUP_SUCC,0.0,900,NRCell,Huawei
1696494600000,BIL001_01,DCR_DEN,828.0,900,NRCell,Huawei
1696494600000,BIL001_01,DCR_NUM,0.0,900,NRCell,Huawei
1696494600000,BIL001_01,DROP_CALL_VOLTE_DEN,0.0,900,NRCell,Huawei
1696494600000,BIL001_01,DROP_CALL_VOLTE_NUM,0.0,900,NRCell,Huawei
1696494600000,BIL001_01,ERAB_SR_DEN,827.0,900,NRCell,Huawei
1696494600000,BIL001_01,ERAB_SR_NUM,827.0,900,NRCell,Huawei
1696494600000,BIL001_01,INTEGRITY_NGBR_QCI_9,2200507968.0,900,NRCell,Huawei
1696494600000,BIL001_01,INTRA_FREQUENCY_HO_OUT_ATT,4.0,900,NRCell,Huawei
1696494600000,BIL001_01,INTRA_FREQUENCY_HO_OUT_SUCC,4.0,900,NRCell,Huawei
1696494600000,BIL001_01,RRC_SETUP_ATT,574.0,900,NRCell,Huawei
1696494600000,BIL001_01,RRC_SETUP_SUCC,574.0,900,NRCell,Huawei
1696494600000,BIL001_01,S1SIG_Connection_Setup_SR_DEN,574.0,900,NRCell,Huawei
1696494600000,BIL001_01,S1SIG_Connection_Setup_SR_NUM,574.0,900,NRCell,Huawei
1696494600000,BIL001_01,SERVICE_LATENCY_OVER_AIR_INTERFACE_DEN,87638.0,900,NRCell,Huawei
1696494600000,BIL001_01,SERVICE_LATENCY_OVER_AIR_INTERFACE_NUM,90623.0,900,NRCell,Huawei
1696494600000,BIL001_01,VOICE_TRAFFIC,0.0,900,NRCell,Huawei
1696494600000,BIL001_01,VOLTE_CALL_SETUP_ATT,0.0,900,NRCell,Huawei
1696494600000,BIL001_01,VOLTE_CALL_SETUP_SUCC,0.0,900,NRCell,Huawei
1696494600000,MAD033_01,DCR_DEN,737.0,900,NRCell,Huawei
1696494600000,MAD033_01,DCR_NUM,0.0,900,NRCell,Huawei
1696494600000,MAD033_01,DROP_CALL_VOLTE_DEN,2.0,900,NRCell,Huawei
1696494600000,MAD033_01,DROP_CALL_VOLTE_NUM,0.0,900,NRCell,Huawei
1696494600000,MAD033_01,ERAB_SR_DEN,737.0,900,NRCell,Huawei
1696494600000,MAD033_01,ERAB_SR_NUM,737.0,900,NRCell,Huawei
1696494600000,MAD033_01,INTEGRITY_NGBR_QCI_9,2833242312.0,900,NRCell,Huawei
1696494600000,MAD033_01,INTRA_FREQUENCY_HO_OUT_ATT,1.0,900,NRCell,Huawei
1696494600000,MAD033_01,INTRA_FREQUENCY_HO_OUT_SUCC,1.0,900,NRCell,Huawei
1696494600000,MAD033_01,RRC_SETUP_ATT,466.0,900,NRCell,Huawei
1696494600000,MAD033_01,RRC_SETUP_SUCC,464.0,900,NRCell,Huawei
1696494600000,MAD033_01,S1SIG_Connection_Setup_SR_DEN,464.0,900,NRCell,Huawei
1696494600000,MAD033_01,S1SIG_Connection_Setup_SR_NUM,464.0,900,NRCell,Huawei
1696494600000,MAD033_01,SERVICE_LATENCY_OVER_AIR_INTERFACE_DEN,67413.0,900,NRCell,Huawei
1696494600000,MAD033_01,SERVICE_LATENCY_OVER_AIR_INTERFACE_NUM,69789.0,900,NRCell,Huawei
1696494600000,MAD033_01,VOICE_TRAFFIC,134.0,900,NRCell,Huawei
1696494600000,MAD033_01,VOLTE_CALL_SETUP_ATT,2.0,900,NRCell,Huawei
1696494600000,MAD033_01,VOLTE_CALL_SETUP_SUCC,2.0,900,NRCell,Huawei
1696494600000,SAL030_01,DCR_DEN,162.0,900,NRCell,Huawei
1696494600000,SAL030_01,DCR_NUM,0.0,900,NRCell,Huawei
1696494600000,SAL030_01,DROP_CALL_VOLTE_DEN,0.0,900,NRCell,Huawei
1696494600000,SAL030_01,DROP_CALL_VOLTE_NUM,0.0,900,NRCell,Huawei
1696494600000,SAL030_01,ERAB_SR_DEN,173.0,900,NRCell,Huawei
1696494600000,SAL030_01,ERAB_SR_NUM,173.0,900,NRCell,Huawei
1696494600000,SAL030_01,INTEGRITY_NGBR_QCI_9,12989352.0,900,NRCell,Huawei
1696494600000,SAL030_01,INTRA_FREQUENCY_HO_OUT_ATT,1.0,900,NRCell,Huawei
1696494600000,SAL030_01,INTRA_FREQUENCY_HO_OUT_SUCC,1.0,900,NRCell,Huawei
1696494600000,SAL030_01,RRC_SETUP_ATT,114.0,900,NRCell,Huawei
1696494600000,SAL030_01,RRC_SETUP_SUCC,114.0,900,NRCell,Huawei
1696494600000,SAL030_01,S1SIG_Connection_Setup_SR_DEN,114.0,900,NRCell,Huawei
1696494600000,SAL030_01,S1SIG_Connection_Setup_SR_NUM,114.0,900,NRCell,Huawei
1696494600000,SAL030_01,SERVICE_LATENCY_OVER_AIR_INTERFACE_DEN,2032.0,900,NRCell,Huawei
1696494600000,SAL030_01,SERVICE_LATENCY_OVER_AIR_INTERFACE_NUM,3437.0,900,NRCell,Huawei
1696494600000,SAL030_01,VOICE_TRAFFIC,0.0,900,NRCell,Huawei
1696494600000,SAL030_01,VOLTE_CALL_SETUP_ATT,0.0,900,NRCell,Huawei
1696494600000,SAL030_01,VOLTE_CALL_SETUP_SUCC,0.0,900,NRCell,Huawei
1696494600000,SEV001_01,DCR_DEN,2538.0,900,NRCell,Huawei
1696494600000,SEV001_01,DCR_NUM,0.0,900,NRCell,Huawei
1696494600000,SEV001_01,DROP_CALL_VOLTE_DEN,1.0,900,NRCell,Huawei
1696494600000,SEV001_01,DROP_CALL_VOLTE_NUM,0.0,900,NRCell,Huawei
1696494600000,SEV001_01,ERAB_SR_DEN,2519.0,900,NRCell,Huawei
1696494600000,SEV001_01,ERAB_SR_NUM,2519.0,900,NRCell,Huawei
1696494600000,SEV001_01,INTEGRITY_NGBR_QCI_9,4772224552.0,900,NRCell,Huawei
1696494600000,SEV001_01,INTRA_FREQUENCY_HO_OUT_ATT,7.0,900,NRCell,Huawei
1696494600000,SEV001_01,INTRA_FREQUENCY_HO_OUT_SUCC,7.0,900,NRCell,Huawei
1696494600000,SEV001_01,RRC_SETUP_ATT,1429.0,900,NRCell,Huawei
1696494600000,SEV001_01,RRC_SETUP_SUCC,1429.0,900,NRCell,Huawei
1696494600000,SEV001_01,S1SIG_Connection_Setup_SR_DEN,1429.0,900,NRCell,Huawei
1696494600000,SEV001_01,S1SIG_Connection_Setup_SR_NUM,1429.0,900,NRCell,Huawei
1696494600000,SEV001_01,SERVICE_LATENCY_OVER_AIR_INTERFACE_DEN,102713.0,900,NRCell,Huawei
1696494600000,SEV001_01,SERVICE_LATENCY_OVER_AIR_INTERFACE_NUM,133595.0,900,NRCell,Huawei
1696494600000,SEV001_01,VOICE_TRAFFIC,235.0,900,NRCell,Huawei
1696494600000,SEV001_01,VOLTE_CALL_SETUP_ATT,0.0,900,NRCell,Huawei
1696494600000,SEV001_01,VOLTE_CALL_SETUP_SUCC,0.0,900,NRCell,Huawei
1696494600000,SNT002_01,DCR_DEN,666.0,900,NRCell,Huawei
1696494600000,SNT002_01,DCR_NUM,0.0,900,NRCell,Huawei
1696494600000,SNT002_01,DROP_CALL_VOLTE_DEN,1.0,900,NRCell,Huawei
1696494600000,SNT002_01,DROP_CALL_VOLTE_NUM,0.0,900,NRCell,Huawei
1696494600000,SNT002_01,ERAB_SR_DEN,662.0,900,NRCell,Huawei
1696494600000,SNT002_01,ERAB_SR_NUM,662.0,900,NRCell,Huawei
1696494600000,SNT002_01,INTEGRITY_NGBR_QCI_9,588895672.0,900,NRCell,Huawei
1696494600000,SNT002_01,INTRA_FREQUENCY_HO_OUT_ATT,1.0,900,NRCell,Huawei
1696494600000,SNT002_01,INTRA_FREQUENCY_HO_OUT_SUCC,1.0,900,NRCell,Huawei
1696494600000,SNT002_01,RRC_SETUP_ATT,416.0,900,NRCell,Huawei
1696494600000,SNT002_01,RRC_SETUP_SUCC,416.0,900,NRCell,Huawei
1696494600000,SNT002_01,S1SIG_Connection_Setup_SR_DEN,416.0,900,NRCell,Huawei
1696494600000,SNT002_01,S1SIG_Connection_Setup_SR_NUM,416.0,900,NRCell,Huawei
1696494600000,SNT002_01,SERVICE_LATENCY_OVER_AIR_INTERFACE_DEN,21958.0,900,NRCell,Huawei
1696494600000,SNT002_01,SERVICE_LATENCY_OVER_AIR_INTERFACE_NUM,22681.0,900,NRCell,Huawei
1696494600000,SNT002_01,VOICE_TRAFFIC,0.0,900,NRCell,Huawei
1696494600000,SNT002_01,VOLTE_CALL_SETUP_ATT,0.0,900,NRCell,Huawei
1696494600000,SNT002_01,VOLTE_CALL_SETUP_SUCC,0.0,900,NRCell,Huawei
1696494600000,TAR015_01,DCR_DEN,2496.0,900,NRCell,Huawei
1696494600000,TAR015_01,DCR_NUM,0.0,900,NRCell,Huawei
1696494600000,TAR015_01,DROP_CALL_VOLTE_DEN,2.0,900,NRCell,Huawei
1696494600000,TAR015_01,DROP_CALL_VOLTE_NUM,0.0,900,NRCell,Huawei
1696494600000,TAR015_01,ERAB_SR_DEN,2511.0,900,NRCell,Huawei
1696494600000,TAR015_01,ERAB_SR_NUM,2511.0,900,NRCell,Huawei
1696494600000,TAR015_01,INTEGRITY_NGBR_QCI_9,3387553864.0,900,NRCell,Huawei
1696494600000,TAR015_01,INTRA_FREQUENCY_HO_OUT_ATT,8.0,900,NRCell,Huawei
1696494600000,TAR015_01,INTRA_FREQUENCY_HO_OUT_SUCC,8.0,900,NRCell,Huawei
1696494600000,TAR015_01,RRC_SETUP_ATT,1415.0,900,NRCell,Huawei
1696494600000,TAR015_01,RRC_SETUP_SUCC,1415.0,900,NRCell,Huawei
1696494600000,TAR015_01,S1SIG_Connection_Setup_SR_DEN,1415.0,900,NRCell,Huawei
1696494600000,TAR015_01,S1SIG_Connection_Setup_SR_NUM,1415.0,900,NRCell,Huawei
1696494600000,TAR015_01,SERVICE_LATENCY_OVER_AIR_INTERFACE_DEN,119247.0,900,NRCell,Huawei
1696494600000,TAR015_01,SERVICE_LATENCY_OVER_AIR_INTERFACE_NUM,136508.0,900,NRCell,Huawei
1696494600000,TAR015_01,VOICE_TRAFFIC,123.0,900,NRCell,Huawei
1696494600000,TAR015_01,VOLTE_CALL_SETUP_ATT,1.0,900,NRCell,Huawei
1696494600000,TAR015_01,VOLTE_CALL_SETUP_SUCC,1.0,900,NRCell,Huawei
1696494600000,TOL034_01,DCR_DEN,128.0,900,NRCell,Huawei
1696494600000,TOL034_01,DCR_NUM,0.0,900,NRCell,Huawei
1696494600000,TOL034_01,DROP_CALL_VOLTE_DEN,0.0,900,NRCell,Huawei
1696494600000,TOL034_01,DROP_CALL_VOLTE_NUM,0.0,900,NRCell,Huawei
1696494600000,TOL034_01,ERAB_SR_DEN,128.0,900,NRCell,Huawei
1696494600000,TOL034_01,ERAB_SR_NUM,128.0,900,NRCell,Huawei
1696494600000,TOL034_01,INTEGRITY_NGBR_QCI_9,10418160.0,900,NRCell,Huawei
1696494600000,TOL034_01,INTRA_FREQUENCY_HO_OUT_ATT,0.0,900,NRCell,Huawei
1696494600000,TOL034_01,INTRA_FREQUENCY_HO_OUT_SUCC,0.0,900,NRCell,Huawei
1696494600000,TOL034_01,RRC_SETUP_ATT,68.0,900,NRCell,Huawei
1696494600000,TOL034_01,RRC_SETUP_SUCC,68.0,900,NRCell,Huawei
1696494600000,TOL034_01,S1SIG_Connection_Setup_SR_DEN,68.0,900,NRCell,Huawei
1696494600000,TOL034_01,S1SIG_Connection_Setup_SR_NUM,68.0,900,NRCell,Huawei
1696494600000,TOL034_01,SERVICE_LATENCY_OVER_AIR_INTERFACE_DEN,1377.0,900,NRCell,Huawei
1696494600000,TOL034_01,SERVICE_LATENCY_OVER_AIR_INTERFACE_NUM,2966.0,900,NRCell,Huawei
1696494600000,TOL034_01,VOICE_TRAFFIC,0.0,900,NRCell,Huawei
1696494600000,TOL034_01,VOLTE_CALL_SETUP_ATT,0.0,900,NRCell,Huawei
1696494600000,TOL034_01,VOLTE_CALL_SETUP_SUCC,0.0,900,NRCell,Huawei
1696494600000,VAL002_01,DCR_DEN,0.0,900,NRCell,Huawei
1696494600000,VAL002_01,DCR_NUM,0.0,900,NRCell,Huawei
1696494600000,VAL002_01,DROP_CALL_VOLTE_DEN,0.0,900,NRCell,Huawei
1696494600000,VAL002_01,DROP_CALL_VOLTE_NUM,0.0,900,NRCell,Huawei
1696494600000,VAL002_01,ERAB_SR_DEN,0.0,900,NRCell,Huawei
1696494600000,VAL002_01,ERAB_SR_NUM,0.0,900,NRCell,Huawei
1696494600000,VAL002_01,INTEGRITY_NGBR_QCI_9,0.0,900,NRCell,Huawei
1696494600000,VAL002_01,INTRA_FREQUENCY_HO_OUT_ATT,0.0,900,NRCell,Huawei
1696494600000,VAL002_01,INTRA_FREQUENCY_HO_OUT_SUCC,0.0,900,NRCell,Huawei
1696494600000,VAL002_01,RRC_SETUP_ATT,3.0,900,NRCell,Huawei
1696494600000,VAL002_01,RRC_SETUP_SUCC,3.0,900,NRCell,Huawei
1696494600000,VAL002_01,S1SIG_Connection_Setup_SR_DEN,3.0,900,NRCell,Huawei
1696494600000,VAL002_01,S1SIG_Connection_Setup_SR_NUM,3.0,900,NRCell,Huawei
1696494600000,VAL002_01,SERVICE_LATENCY_OVER_AIR_INTERFACE_DEN,0.0,900,NRCell,Huawei
1696494600000,VAL002_01,SERVICE_LATENCY_OVER_AIR_INTERFACE_NUM,0.0,900,NRCell,Huawei
1696494600000,VAL002_01,VOICE_TRAFFIC,0.0,900,NRCell,Huawei
1696494600000,VAL002_01,VOLTE_CALL_SETUP_ATT,0.0,900,NRCell,Huawei
1696494600000,VAL002_01,VOLTE_CALL_SETUP_SUCC,0.0,900,NRCell,Huawei
