startTime,neId,counterCode,counterValue,granularity,neType,vendorName
1696878000000,BCN014_01,DCR_DEN,4642.0,900,NRCell,Huawei
1696878000000,BCN014_01,DCR_NUM,6.0,900,NRCell,Huawei
1696878000000,BCN014_01,DROP_CALL_VOLTE_DEN,40.0,900,NRCell,Huawei
1696878000000,BCN014_01,DROP_CALL_VOLTE_NUM,0.0,900,NRCell,Huawei
1696878000000,BCN014_01,ERAB_SR_DEN,4556.0,900,NRCell,Huawei
1696878000000,BCN014_01,ERAB_SR_NUM,4554.0,900,NRCell,Huawei
1696878000000,BCN014_01,INTEGRITY_NGBR_QCI_9,13963876624.0,900,NRCell,Huawei
1696878000000,BCN014_01,INTRA_FREQUENCY_HO_OUT_ATT,258.0,900,NRCell,Huawei
1696878000000,BCN014_01,INTRA_FREQUENCY_HO_OUT_SUCC,257.0,900,NRCell,Huawei
1696878000000,BCN014_01,RRC_SETUP_ATT,2579.0,900,NRCell,Huawei
1696878000000,BCN014_01,RRC_SETUP_SUCC,2573.0,900,NRCell,Huawei
1696878000000,BCN014_01,S1SIG_Connection_Setup_SR_DEN,2573.0,900,NRCell,Huawei
1696878000000,BCN014_01,S1SIG_Connection_Setup_SR_NUM,2573.0,900,NRCell,Huawei
1696878000000,BCN014_01,SERVICE_LATENCY_OVER_AIR_INTERFACE_DEN,501195.0,900,NRCell,Huawei
1696878000000,BCN014_01,SERVICE_LATENCY_OVER_AIR_INTERFACE_NUM,1664016.0,900,NRCell,Huawei
1696878000000,BCN014_01,VOICE_TRAFFIC,37542.0,900,NRCell,Huawei
1696878000000,BCN014_01,VOLTE_CALL_SETUP_ATT,38.0,900,NRCell,Huawei
1696878000000,BCN014_01,VOLTE_CALL_SETUP_SUCC,38.0,900,NRCell,Huawei
1696878000000,BIL001_01,DCR_DEN,3976.0,900,NRCell,Huawei
1696878000000,BIL001_01,DCR_NUM,2.0,900,NRCell,Huawei
1696878000000,BIL001_01,DROP_CALL_VOLTE_DEN,42.0,900,NRCell,Huawei
1696878000000,BIL001_01,DROP_CALL_VOLTE_NUM,0.0,900,NRCell,Huawei
1696878000000,BIL001_01,ERAB_SR_DEN,4072.0,900,NRCell,Huawei
1696878000000,BIL001_01,ERAB_SR_NUM,4066.0,900,NRCell,Huawei
1696878000000,BIL001_01,INTEGRITY_NGBR_QCI_9,18798459184.0,900,NRCell,Huawei
1696878000000,BIL001_01,INTRA_FREQUENCY_HO_OUT_ATT,252.0,900,NRCell,Huawei
1696878000000,BIL001_01,INTRA_FREQUENCY_HO_OUT_SUCC,252.0,900,NRCell,Huawei
1696878000000,BIL001_01,RRC_SETUP_ATT,2336.0,900,NRCell,Huawei
1696878000000,BIL001_01,RRC_SETUP_SUCC,2304.0,900,NRCell,Huawei
1696878000000,BIL001_01,S1SIG_Connection_Setup_SR_DEN,2304.0,900,NRCell,Huawei
1696878000000,BIL001_01,S1SIG_Connection_Setup_SR_NUM,2304.0,900,NRCell,Huawei
1696878000000,BIL001_01,SERVICE_LATENCY_OVER_AIR_INTERFACE_DEN,563355.0,900,NRCell,Huawei
1696878000000,BIL001_01,SERVICE_LATENCY_OVER_AIR_INTERFACE_NUM,1769818.0,900,NRCell,Huawei
1696878000000,BIL001_01,VOICE_TRAFFIC,24828.0,900,NRCell,Huawei
1696878000000,BIL001_01,VOLTE_CALL_SETUP_ATT,44.0,900,NRCell,Huawei
1696878000000,BIL001_01,VOLTE_CALL_SETUP_SUCC,44.0,900,NRCell,Huawei
1696878000000,MAD033_01,DCR_DEN,2906.0,900,NRCell,Huawei
1696878000000,MAD033_01,DCR_NUM,4.0,900,NRCell,Huawei
1696878000000,MAD033_01,DROP_CALL_VOLTE_DEN,37.0,900,NRCell,Huawei
1696878000000,MAD033_01,DROP_CALL_VOLTE_NUM,0.0,900,NRCell,Huawei
1696878000000,MAD033_01,ERAB_SR_DEN,2944.0,900,NRCell,Huawei
1696878000000,MAD033_01,ERAB_SR_NUM,2939.0,900,NRCell,Huawei
1696878000000,MAD033_01,INTEGRITY_NGBR_QCI_9,6948758936.0,900,NRCell,Huawei
1696878000000,MAD033_01,INTRA_FREQUENCY_HO_OUT_ATT,165.0,900,NRCell,Huawei
1696878000000,MAD033_01,INTRA_FREQUENCY_HO_OUT_SUCC,165.0,900,NRCell,Huawei
1696878000000,MAD033_01,RRC_SETUP_ATT,1578.0,900,NRCell,Huawei
1696878000000,MAD033_01,RRC_SETUP_SUCC,1576.0,900,NRCell,Huawei
1696878000000,MAD033_01,S1SIG_Connection_Setup_SR_DEN,1576.0,900,NRCell,Huawei
1696878000000,MAD033_01,S1SIG_Connection_Setup_SR_NUM,1576.0,900,NRCell,Huawei
1696878000000,MAD033_01,SERVICE_LATENCY_OVER_AIR_INTERFACE_DEN,229851.0,900,NRCell,Huawei
1696878000000,MAD033_01,SERVICE_LATENCY_OVER_AIR_INTERFACE_NUM,339618.0,900,NRCell,Huawei
1696878000000,MAD033_01,VOICE_TRAFFIC,29904.0,900,NRCell,Huawei
1696878000000,MAD033_01,VOLTE_CALL_SETUP_ATT,40.0,900,NRCell,Huawei
1696878000000,MAD033_01,VOLTE_CALL_SETUP_SUCC,40.0,900,NRCell,Huawei
1696878000000,SAL030_01,DCR_DEN,188.0,900,NRCell,Huawei
1696878000000,SAL030_01,DCR_NUM,2.0,900,NRCell,Huawei
1696878000000,SAL030_01,DROP_CALL_VOLTE_DEN,4.0,900,NRCell,Huawei
1696878000000,SAL030_01,DROP_CALL_VOLTE_NUM,0.0,900,NRCell,Huawei
1696878000000,SAL030_01,ERAB_SR_DEN,186.0,900,NRCell,Huawei
1696878000000,SAL030_01,ERAB_SR_NUM,183.0,900,NRCell,Huawei
1696878000000,SAL030_01,INTEGRITY_NGBR_QCI_9,1510613552.0,900,NRCell,Huawei
1696878000000,SAL030_01,INTRA_FREQUENCY_HO_OUT_ATT,8.0,900,NRCell,Huawei
1696878000000,SAL030_01,INTRA_FREQUENCY_HO_OUT_SUCC,8.0,900,NRCell,Huawei
1696878000000,SAL030_01,RRC_SETUP_ATT,111.0,900,NRCell,Huawei
1696878000000,SAL030_01,RRC_SETUP_SUCC,110.0,900,NRCell,Huawei
1696878000000,SAL030_01,S1SIG_Connection_Setup_SR_DEN,110.0,900,NRCell,Huawei
1696878000000,SAL030_01,S1SIG_Connection_Setup_SR_NUM,110.0,900,NRCell,Huawei
1696878000000,SAL030_01,SERVICE_LATENCY_OVER_AIR_INTERFACE_DEN,81345.0,900,NRCell,Huawei
1696878000000,SAL030_01,SERVICE_LATENCY_OVER_AIR_INTERFACE_NUM,117706.0,900,NRCell,Huawei
1696878000000,SAL030_01,VOICE_TRAFFIC,895.0,900,NRCell,Huawei
1696878000000,SAL030_01,VOLTE_CALL_SETUP_ATT,3.0,900,NRCell,Huawei
1696878000000,SAL030_01,VOLTE_CALL_SETUP_SUCC,3.0,900,NRCell,Huawei
1696878000000,SEV001_01,DCR_DEN,3941.0,900,NRCell,Huawei
1696878000000,SEV001_01,DCR_NUM,11.0,900,NRCell,Huawei
1696878000000,SEV001_01,DROP_CALL_VOLTE_DEN,51.0,900,NRCell,Huawei
1696878000000,SEV001_01,DROP_CALL_VOLTE_NUM,0.0,900,NRCell,Huawei
1696878000000,SEV001_01,ERAB_SR_DEN,3944.0,900,NRCell,Huawei
1696878000000,SEV001_01,ERAB_SR_NUM,3938.0,900,NRCell,Huawei
1696878000000,SEV001_01,INTEGRITY_NGBR_QCI_9,15763388008.0,900,NRCell,Huawei
1696878000000,SEV001_01,INTRA_FREQUENCY_HO_OUT_ATT,132.0,900,NRCell,Huawei
1696878000000,SEV001_01,INTRA_FREQUENCY_HO_OUT_SUCC,132.0,900,NRCell,Huawei
1696878000000,SEV001_01,RRC_SETUP_ATT,2138.0,900,NRCell,Huawei
1696878000000,SEV001_01,RRC_SETUP_SUCC,2135.0,900,NRCell,Huawei
1696878000000,SEV001_01,S1SIG_Connection_Setup_SR_DEN,2135.0,900,NRCell,Huawei
1696878000000,SEV001_01,S1SIG_Connection_Setup_SR_NUM,2135.0,900,NRCell,Huawei
1696878000000,SEV001_01,SERVICE_LATENCY_OVER_AIR_INTERFACE_DEN,567579.0,900,NRCell,Huawei
1696878000000,SEV001_01,SERVICE_LATENCY_OVER_AIR_INTERFACE_NUM,1039874.0,900,NRCell,Huawei
1696878000000,SEV001_01,VOICE_TRAFFIC,46446.0,900,NRCell,Huawei
1696878000000,SEV001_01,VOLTE_CALL_SETUP_ATT,50.0,900,NRCell,Huawei
1696878000000,SEV001_01,VOLTE_CALL_SETUP_SUCC,50.0,900,NRCell,Huawei
1696878000000,SNT002_01,DCR_DEN,2646.0,900,NRCell,Huawei
1696878000000,SNT002_01,DCR_NUM,0.0,900,NRCell,Huawei
1696878000000,SNT002_01,DROP_CALL_VOLTE_DEN,21.0,900,NRCell,Huawei
1696878000000,SNT002_01,DROP_CALL_VOLTE_NUM,0.0,900,NRCell,Huawei
1696878000000,SNT002_01,ERAB_SR_DEN,2654.0,900,NRCell,Huawei
1696878000000,SNT002_01,ERAB_SR_NUM,2648.0,900,NRCell,Huawei
1696878000000,SNT002_01,INTEGRITY_NGBR_QCI_9,9730283728.0,900,NRCell,Huawei
1696878000000,SNT002_01,INTRA_FREQUENCY_HO_OUT_ATT,140.0,900,NRCell,Huawei
1696878000000,SNT002_01,INTRA_FREQUENCY_HO_OUT_SUCC,140.0,900,NRCell,Huawei
1696878000000,SNT002_01,RRC_SETUP_ATT,1463.0,900,NRCell,Huawei
1696878000000,SNT002_01,RRC_SETUP_SUCC,1460.0,900,NRCell,Huawei
1696878000000,SNT002_01,S1SIG_Connection_Setup_SR_DEN,1460.0,900,NRCell,Huawei
1696878000000,SNT002_01,S1SIG_Connection_Setup_SR_NUM,1460.0,900,NRCell,Huawei
1696878000000,SNT002_01,SERVICE_LATENCY_OVER_AIR_INTERFACE_DEN,256303.0,900,NRCell,Huawei
1696878000000,SNT002_01,SERVICE_LATENCY_OVER_AIR_INTERFACE_NUM,368619.0,900,NRCell,Huawei
1696878000000,SNT002_01,VOICE_TRAFFIC,20719.0,900,NRCell,Huawei
1696878000000,SNT002_01,VOLTE_CALL_SETUP_ATT,18.0,900,NRCell,Huawei
1696878000000,SNT002_01,VOLTE_CALL_SETUP_SUCC,18.0,900,NRCell,Huawei
1696878000000,TAR015_01,DCR_DEN,4572.0,900,NRCell,Huawei
1696878000000,TAR015_01,DCR_NUM,7.0,900,NRCell,Huawei
1696878000000,TAR015_01,DROP_CALL_VOLTE_DEN,35.0,900,NRCell,Huawei
1696878000000,TAR015_01,DROP_CALL_VOLTE_NUM,0.0,900,NRCell,Huawei
1696878000000,TAR015_01,ERAB_SR_DEN,4599.0,900,NRCell,Huawei
1696878000000,TAR015_01,ERAB_SR_NUM,4590.0,900,NRCell,Huawei
1696878000000,TAR015_01,INTEGRITY_NGBR_QCI_9,13643210040.0,900,NRCell,Huawei
1696878000000,TAR015_01,INTRA_FREQUENCY_HO_OUT_ATT,135.0,900,NRCell,Huawei
1696878000000,TAR015_01,INTRA_FREQUENCY_HO_OUT_SUCC,135.0,900,NRCell,Huawei
1696878000000,TAR015_01,RRC_SETUP_ATT,2484.0,900,NRCell,Huawei
1696878000000,TAR015_01,RRC_SETUP_SUCC,2483.0,900,NRCell,Huawei
1696878000000,TAR015_01,S1SIG_Connection_Setup_SR_DEN,2483.0,900,NRCell,Huawei
1696878000000,TAR015_01,S1SIG_Connection_Setup_SR_NUM,2483.0,900,NRCell,Huawei
1696878000000,TAR015_01,SERVICE_LATENCY_OVER_AIR_INTERFACE_DEN,394282.0,900,NRCell,Huawei
1696878000000,TAR015_01,SERVICE_LATENCY_OVER_AIR_INTERFACE_NUM,864964.0,900,NRCell,Huawei
1696878000000,TAR015_01,VOICE_TRAFFIC,28848.0,900,NRCell,Huawei
1696878000000,TAR015_01,VOLTE_CALL_SETUP_ATT,41.0,900,NRCell,Huawei
1696878000000,TAR015_01,VOLTE_CALL_SETUP_SUCC,41.0,900,NRCell,Huawei
1696878000000,TOL034_01,DCR_DEN,432.0,900,NRCell,Huawei
1696878000000,TOL034_01,DCR_NUM,2.0,900,NRCell,Huawei
1696878000000,TOL034_01,DROP_CALL_VOLTE_DEN,3.0,900,NRCell,Huawei
1696878000000,TOL034_01,DROP_CALL_VOLTE_NUM,0.0,900,NRCell,Huawei
1696878000000,TOL034_01,ERAB_SR_DEN,425.0,900,NRCell,Huawei
1696878000000,TOL034_01,ERAB_SR_NUM,425.0,900,NRCell,Huawei
1696878000000,TOL034_01,INTEGRITY_NGBR_QCI_9,3145190096.0,900,NRCell,Huawei
1696878000000,TOL034_01,INTRA_FREQUENCY_HO_OUT_ATT,21.0,900,NRCell,Huawei
1696878000000,TOL034_01,INTRA_FREQUENCY_HO_OUT_SUCC,21.0,900,NRCell,Huawei
1696878000000,TOL034_01,RRC_SETUP_ATT,262.0,900,NRCell,Huawei
1696878000000,TOL034_01,RRC_SETUP_SUCC,262.0,900,NRCell,Huawei
1696878000000,TOL034_01,S1SIG_Connection_Setup_SR_DEN,262.0,900,NRCell,Huawei
1696878000000,TOL034_01,S1SIG_Connection_Setup_SR_NUM,262.0,900,NRCell,Huawei
1696878000000,TOL034_01,SERVICE_LATENCY_OVER_AIR_INTERFACE_DEN,72562.0,900,NRCell,Huawei
1696878000000,TOL034_01,SERVICE_LATENCY_OVER_AIR_INTERFACE_NUM,160533.0,900,NRCell,Huawei
1696878000000,TOL034_01,VOICE_TRAFFIC,5764.0,900,NRCell,Huawei
1696878000000,TOL034_01,VOLTE_CALL_SETUP_ATT,2.0,900,NRCell,Huawei
1696878000000,TOL034_01,VOLTE_CALL_SETUP_SUCC,2.0,900,NRCell,Huawei
1696878000000,VAL002_01,DCR_DEN,86.0,900,NRCell,Huawei
1696878000000,VAL002_01,DCR_NUM,0.0,900,NRCell,Huawei
1696878000000,VAL002_01,DROP_CALL_VOLTE_DEN,0.0,900,NRCell,Huawei
1696878000000,VAL002_01,DROP_CALL_VOLTE_NUM,0.0,900,NRCell,Huawei
1696878000000,VAL002_01,ERAB_SR_DEN,102.0,900,NRCell,Huawei
1696878000000,VAL002_01,ERAB_SR_NUM,102.0,900,NRCell,Huawei
1696878000000,VAL002_01,INTEGRITY_NGBR_QCI_9,251932344.0,900,NRCell,Huawei
1696878000000,VAL002_01,INTRA_FREQUENCY_HO_OUT_ATT,17.0,900,NRCell,Huawei
1696878000000,VAL002_01,INTRA_FREQUENCY_HO_OUT_SUCC,17.0,900,NRCell,Huawei
1696878000000,VAL002_01,RRC_SETUP_ATT,62.0,900,NRCell,Huawei
1696878000000,VAL002_01,RRC_SETUP_SUCC,62.0,900,NRCell,Huawei
1696878000000,VAL002_01,S1SIG_Connection_Setup_SR_DEN,62.0,900,NRCell,Huawei
1696878000000,VAL002_01,S1SIG_Connection_Setup_SR_NUM,62.0,900,NRCell,Huawei
1696878000000,VAL002_01,SERVICE_LATENCY_OVER_AIR_INTERFACE_DEN,8516.0,900,NRCell,Huawei
1696878000000,VAL002_01,SERVICE_LATENCY_OVER_AIR_INTERFACE_NUM,14640.0,900,NRCell,Huawei
1696878000000,VAL002_01,VOICE_TRAFFIC,73.0,900,NRCell,Huawei
1696878000000,VAL002_01,VOLTE_CALL_SETUP_ATT,1.0,900,NRCell,Huawei
1696878000000,VAL002_01,VOLTE_CALL_SETUP_SUCC,1.0,900,NRCell,Huawei
