startTime,neId,counterCode,counterValue,granularity,neType,vendorName
1696477500000,BCN014_01,DCR_DEN,1776.0,900,NRCell,Huawei
1696477500000,BCN014_01,DCR_NUM,1.0,900,NRCell,Huawei
1696477500000,BCN014_01,DROP_CALL_VOLTE_DEN,6.0,900,NRCell,Huawei
1696477500000,BCN014_01,DROP_CALL_VOLTE_NUM,0.0,900,NRCell,Huawei
1696477500000,BCN014_01,ERAB_SR_DEN,1764.0,900,NRCell,Huawei
1696477500000,BCN014_01,ERAB_SR_NUM,1761.0,900,NRCell,Huawei
1696477500000,BCN014_01,INTEGRITY_NGBR_QCI_9,12145670296.0,900,NRCell,Huawei
1696477500000,BCN014_01,INTRA_FREQUENCY_HO_OUT_ATT,107.0,900,NRCell,Huawei
1696477500000,BCN014_01,INTRA_FREQUENCY_HO_OUT_SUCC,107.0,900,NRCell,Huawei
1696477500000,BCN014_01,RRC_SETUP_ATT,1015.0,900,NRCell,Huawei
1696477500000,BCN014_01,RRC_SETUP_SUCC,1014.0,900,NRCell,Huawei
1696477500000,BCN014_01,S1SIG_Connection_Setup_SR_DEN,1014.0,900,NRCell,Huawei
1696477500000,BCN014_01,S1SIG_Connection_Setup_SR_NUM,1014.0,900,NRCell,Huawei
1696477500000,BCN014_01,SERVICE_LATENCY_OVER_AIR_INTERFACE_DEN,363237.0,900,NRCell,Huawei
1696477500000,BCN014_01,SERVICE_LATENCY_OVER_AIR_INTERFACE_NUM,535229.0,900,NRCell,Huawei
1696477500000,BCN014_01,VOICE_TRAFFIC,10196.0,900,NRCell,Huawei
1696477500000,BCN014_01,VOLTE_CALL_SETUP_ATT,5.0,900,NRCell,Huawei
1696477500000,BCN014_01,VOLTE_CALL_SETUP_SUCC,5.0,900,NRCell,Huawei
1696477500000,BIL001_01,DCR_DEN,1539.0,900,NRCell,Huawei
1696477500000,BIL001_01,DCR_NUM,0.0,900,NRCell,Huawei
1696477500000,BIL001_01,DROP_CALL_VOLTE_DEN,8.0,900,NRCell,Huawei
1696477500000,BIL001_01,DROP_CALL_VOLTE_NUM,0.0,900,NRCell,Huawei
1696477500000,BIL001_01,ERAB_SR_DEN,1551.0,900,NRCell,Huawei
1696477500000,BIL001_01,ERAB_SR_NUM,1546.0,900,NRCell,Huawei
1696477500000,BIL001_01,INTEGRITY_NGBR_QCI_9,14143504664.0,900,NRCell,Huawei
1696477500000,BIL001_01,INTRA_FREQUENCY_HO_OUT_ATT,77.0,900,NRCell,Huawei
1696477500000,BIL001_01,INTRA_FREQUENCY_HO_OUT_SUCC,77.0,900,NRCell,Huawei
1696477500000,BIL001_01,RRC_SETUP_ATT,944.0,900,NRCell,Huawei
1696477500000,BIL001_01,RRC_SETUP_SUCC,944.0,900,NRCell,Huawei
1696477500000,BIL001_01,S1SIG_Connection_Setup_SR_DEN,944.0,900,NRCell,Huawei
1696477500000,BIL001_01,S1SIG_Connection_Setup_SR_NUM,944.0,900,NRCell,Huawei
1696477500000,BIL001_01,SERVICE_LATENCY_OVER_AIR_INTERFACE_DEN,503874.0,900,NRCell,Huawei
1696477500000,BIL001_01,SERVICE_LATENCY_OVER_AIR_INTERFACE_NUM,727616.0,900,NRCell,Huawei
1696477500000,BIL001_01,VOICE_TRAFFIC,24414.0,900,NRCell,Huawei
1696477500000,BIL001_01,VOLTE_CALL_SETUP_ATT,10.0,900,NRCell,Huawei
1696477500000,BIL001_01,VOLTE_CALL_SETUP_SUCC,10.0,900,NRCell,Huawei
1696477500000,MAD033_01,DCR_DEN,903.0,900,NRCell,Huawei
1696477500000,MAD033_01,DCR_NUM,0.0,900,NRCell,Huawei
1696477500000,MAD033_01,DROP_CALL_VOLTE_DEN,4.0,900,NRCell,Huawei
1696477500000,MAD033_01,DROP_CALL_VOLTE_NUM,0.0,900,NRCell,Huawei
1696477500000,MAD033_01,ERAB_SR_DEN,875.0,900,NRCell,Huawei
1696477500000,MAD033_01,ERAB_SR_NUM,875.0,900,NRCell,Huawei
1696477500000,MAD033_01,INTEGRITY_NGBR_QCI_9,6199669368.0,900,NRCell,Huawei
1696477500000,MAD033_01,INTRA_FREQUENCY_HO_OUT_ATT,51.0,900,NRCell,Huawei
1696477500000,MAD033_01,INTRA_FREQUENCY_HO_OUT_SUCC,51.0,900,NRCell,Huawei
1696477500000,MAD033_01,RRC_SETUP_ATT,561.0,900,NRCell,Huawei
1696477500000,MAD033_01,RRC_SETUP_SUCC,561.0,900,NRCell,Huawei
1696477500000,MAD033_01,S1SIG_Connection_Setup_SR_DEN,561.0,900,NRCell,Huawei
1696477500000,MAD033_01,S1SIG_Connection_Setup_SR_NUM,561.0,900,NRCell,Huawei
1696477500000,MAD033_01,SERVICE_LATENCY_OVER_AIR_INTERFACE_DEN,195136.0,900,NRCell,Huawei
1696477500000,MAD033_01,SERVICE_LATENCY_OVER_AIR_INTERFACE_NUM,228851.0,900,NRCell,Huawei
1696477500000,MAD033_01,VOICE_TRAFFIC,21495.0,900,NRCell,Huawei
1696477500000,MAD033_01,VOLTE_CALL_SETUP_ATT,3.0,900,NRCell,Huawei
1696477500000,MAD033_01,VOLTE_CALL_SETUP_SUCC,3.0,900,NRCell,Huawei
1696477500000,SAL030_01,DCR_DEN,231.0,900,NRCell,Huawei
1696477500000,SAL030_01,DCR_NUM,1.0,900,NRCell,Huawei
1696477500000,SAL030_01,DROP_CALL_VOLTE_DEN,1.0,900,NRCell,Huawei
1696477500000,SAL030_01,DROP_CALL_VOLTE_NUM,0.0,900,NRCell,Huawei
1696477500000,SAL030_01,ERAB_SR_DEN,223.0,900,NRCell,Huawei
1696477500000,SAL030_01,ERAB_SR_NUM,223.0,900,NRCell,Huawei
1696477500000,SAL030_01,INTEGRITY_NGBR_QCI_9,4503569976.0,900,NRCell,Huawei
1696477500000,SAL030_01,INTRA_FREQUENCY_HO_OUT_ATT,7.0,900,NRCell,Huawei
1696477500000,SAL030_01,INTRA_FREQUENCY_HO_OUT_SUCC,7.0,900,NRCell,Huawei
1696477500000,SAL030_01,RRC_SETUP_ATT,117.0,900,NRCell,Huawei
1696477500000,SAL030_01,RRC_SETUP_SUCC,117.0,900,NRCell,Huawei
1696477500000,SAL030_01,S1SIG_Connection_Setup_SR_DEN,117.0,900,NRCell,Huawei
1696477500000,SAL030_01,S1SIG_Connection_Setup_SR_NUM,117.0,900,NRCell,Huawei
1696477500000,SAL030_01,SERVICE_LATENCY_OVER_AIR_INTERFACE_DEN,41894.0,900,NRCell,Huawei
1696477500000,SAL030_01,SERVICE_LATENCY_OVER_AIR_INTERFACE_NUM,113577.0,900,NRCell,Huawei
1696477500000,SAL030_01,VOICE_TRAFFIC,2219.0,900,NRCell,Huawei
1696477500000,SAL030_01,VOLTE_CALL_SETUP_ATT,0.0,900,NRCell,Huawei
1696477500000,SAL030_01,VOLTE_CALL_SETUP_SUCC,0.0,900,NRCell,Huawei
1696477500000,SEV001_01,DCR_DEN,2385.0,900,NRCell,Huawei
1696477500000,SEV001_01,DCR_NUM,3.0,900,NRCell,Huawei
1696477500000,SEV001_01,DROP_CALL_VOLTE_DEN,22.0,900,NRCell,Huawei
1696477500000,SEV001_01,DROP_CALL_VOLTE_NUM,0.0,900,NRCell,Huawei
1696477500000,SEV001_01,ERAB_SR_DEN,2382.0,900,NRCell,Huawei
1696477500000,SEV001_01,ERAB_SR_NUM,2381.0,900,NRCell,Huawei
1696477500000,SEV001_01,INTEGRITY_NGBR_QCI_9,17275719576.0,900,NRCell,Huawei
1696477500000,SEV001_01,INTRA_FREQUENCY_HO_OUT_ATT,68.0,900,NRCell,Huawei
1696477500000,SEV001_01,INTRA_FREQUENCY_HO_OUT_SUCC,68.0,900,NRCell,Huawei
1696477500000,SEV001_01,RRC_SETUP_ATT,1354.0,900,NRCell,Huawei
1696477500000,SEV001_01,RRC_SETUP_SUCC,1346.0,900,NRCell,Huawei
1696477500000,SEV001_01,S1SIG_Connection_Setup_SR_DEN,1346.0,900,NRCell,Huawei
1696477500000,SEV001_01,S1SIG_Connection_Setup_SR_NUM,1346.0,900,NRCell,Huawei
1696477500000,SEV001_01,SERVICE_LATENCY_OVER_AIR_INTERFACE_DEN,462463.0,900,NRCell,Huawei
1696477500000,SEV001_01,SERVICE_LATENCY_OVER_AIR_INTERFACE_NUM,1847181.0,900,NRCell,Huawei
1696477500000,SEV001_01,VOICE_TRAFFIC,31232.0,900,NRCell,Huawei
1696477500000,SEV001_01,VOLTE_CALL_SETUP_ATT,20.0,900,NRCell,Huawei
1696477500000,SEV001_01,VOLTE_CALL_SETUP_SUCC,20.0,900,NRCell,Huawei
1696477500000,SNT002_01,DCR_DEN,967.0,900,NRCell,Huawei
1696477500000,SNT002_01,DCR_NUM,0.0,900,NRCell,Huawei
1696477500000,SNT002_01,DROP_CALL_VOLTE_DEN,6.0,900,NRCell,Huawei
1696477500000,SNT002_01,DROP_CALL_VOLTE_NUM,0.0,900,NRCell,Huawei
1696477500000,SNT002_01,ERAB_SR_DEN,995.0,900,NRCell,Huawei
1696477500000,SNT002_01,ERAB_SR_NUM,995.0,900,NRCell,Huawei
1696477500000,SNT002_01,INTEGRITY_NGBR_QCI_9,5532025216.0,900,NRCell,Huawei
1696477500000,SNT002_01,INTRA_FREQUENCY_HO_OUT_ATT,42.0,900,NRCell,Huawei
1696477500000,SNT002_01,INTRA_FREQUENCY_HO_OUT_SUCC,42.0,900,NRCell,Huawei
1696477500000,SNT002_01,RRC_SETUP_ATT,600.0,900,NRCell,Huawei
1696477500000,SNT002_01,RRC_SETUP_SUCC,600.0,900,NRCell,Huawei
1696477500000,SNT002_01,S1SIG_Connection_Setup_SR_DEN,600.0,900,NRCell,Huawei
1696477500000,SNT002_01,S1SIG_Connection_Setup_SR_NUM,600.0,900,NRCell,Huawei
1696477500000,SNT002_01,SERVICE_LATENCY_OVER_AIR_INTERFACE_DEN,128964.0,900,NRCell,Huawei
1696477500000,SNT002_01,SERVICE_LATENCY_OVER_AIR_INTERFACE_NUM,152943.0,900,NRCell,Huawei
1696477500000,SNT002_01,VOICE_TRAFFIC,2819.0,900,NRCell,Huawei
1696477500000,SNT002_01,VOLTE_CALL_SETUP_ATT,6.0,900,NRCell,Huawei
1696477500000,SNT002_01,VOLTE_CALL_SETUP_SUCC,6.0,900,NRCell,Huawei
1696477500000,TAR015_01,DCR_DEN,2754.0,900,NRCell,Huawei
1696477500000,TAR015_01,DCR_NUM,2.0,900,NRCell,Huawei
1696477500000,TAR015_01,DROP_CALL_VOLTE_DEN,24.0,900,NRCell,Huawei
1696477500000,TAR015_01,DROP_CALL_VOLTE_NUM,0.0,900,NRCell,Huawei
1696477500000,TAR015_01,ERAB_SR_DEN,2714.0,900,NRCell,Huawei
1696477500000,TAR015_01,ERAB_SR_NUM,2704.0,900,NRCell,Huawei
1696477500000,TAR015_01,INTEGRITY_NGBR_QCI_9,17811200600.0,900,NRCell,Huawei
1696477500000,TAR015_01,INTRA_FREQUENCY_HO_OUT_ATT,101.0,900,NRCell,Huawei
1696477500000,TAR015_01,INTRA_FREQUENCY_HO_OUT_SUCC,100.0,900,NRCell,Huawei
1696477500000,TAR015_01,RRC_SETUP_ATT,1497.0,900,NRCell,Huawei
1696477500000,TAR015_01,RRC_SETUP_SUCC,1496.0,900,NRCell,Huawei
1696477500000,TAR015_01,S1SIG_Connection_Setup_SR_DEN,1496.0,900,NRCell,Huawei
1696477500000,TAR015_01,S1SIG_Connection_Setup_SR_NUM,1496.0,900,NRCell,Huawei
1696477500000,TAR015_01,SERVICE_LATENCY_OVER_AIR_INTERFACE_DEN,595906.0,900,NRCell,Huawei
1696477500000,TAR015_01,SERVICE_LATENCY_OVER_AIR_INTERFACE_NUM,3501648.0,900,NRCell,Huawei
1696477500000,TAR015_01,VOICE_TRAFFIC,37818.0,900,NRCell,Huawei
1696477500000,TAR015_01,VOLTE_CALL_SETUP_ATT,23.0,900,NRCell,Huawei
1696477500000,TAR015_01,VOLTE_CALL_SETUP_SUCC,23.0,900,NRCell,Huawei
1696477500000,TOL034_01,DCR_DEN,51.0,900,NRCell,Huawei
1696477500000,TOL034_01,DCR_NUM,0.0,900,NRCell,Huawei
1696477500000,TOL034_01,DROP_CALL_VOLTE_DEN,0.0,900,NRCell,Huawei
1696477500000,TOL034_01,DROP_CALL_VOLTE_NUM,0.0,900,NRCell,Huawei
1696477500000,TOL034_01,ERAB_SR_DEN,44.0,900,NRCell,Huawei
1696477500000,TOL034_01,ERAB_SR_NUM,44.0,900,NRCell,Huawei
1696477500000,TOL034_01,INTEGRITY_NGBR_QCI_9,2305021248.0,900,NRCell,Huawei
1696477500000,TOL034_01,INTRA_FREQUENCY_HO_OUT_ATT,3.0,900,NRCell,Huawei
1696477500000,TOL034_01,INTRA_FREQUENCY_HO_OUT_SUCC,3.0,900,NRCell,Huawei
1696477500000,TOL034_01,RRC_SETUP_ATT,32.0,900,NRCell,Huawei
1696477500000,TOL034_01,RRC_SETUP_SUCC,32.0,900,NRCell,Huawei
1696477500000,TOL034_01,S1SIG_Connection_Setup_SR_DEN,32.0,900,NRCell,Huawei
1696477500000,TOL034_01,S1SIG_Connection_Setup_SR_NUM,32.0,900,NRCell,Huawei
1696477500000,TOL034_01,SERVICE_LATENCY_OVER_AIR_INTERFACE_DEN,49428.0,900,NRCell,Huawei
1696477500000,TOL034_01,SERVICE_LATENCY_OVER_AIR_INTERFACE_NUM,68211.0,900,NRCell,Huawei
1696477500000,TOL034_01,VOICE_TRAFFIC,131.0,900,NRCell,Huawei
1696477500000,TOL034_01,VOLTE_CALL_SETUP_ATT,0.0,900,NRCell,Huawei
1696477500000,TOL034_01,VOLTE_CALL_SETUP_SUCC,0.0,900,NRCell,Huawei
1696477500000,VAL002_01,DCR_DEN,25.0,900,NRCell,Huawei
1696477500000,VAL002_01,DCR_NUM,0.0,900,NRCell,Huawei
1696477500000,VAL002_01,DROP_CALL_VOLTE_DEN,0.0,900,NRCell,Huawei
1696477500000,VAL002_01,DROP_CALL_VOLTE_NUM,0.0,900,NRCell,Huawei
1696477500000,VAL002_01,ERAB_SR_DEN,21.0,900,NRCell,Huawei
1696477500000,VAL002_01,ERAB_SR_NUM,21.0,900,NRCell,Huawei
1696477500000,VAL002_01,INTEGRITY_NGBR_QCI_9,9663528.0,900,NRCell,Huawei
1696477500000,VAL002_01,INTRA_FREQUENCY_HO_OUT_ATT,1.0,900,NRCell,Huawei
1696477500000,VAL002_01,INTRA_FREQUENCY_HO_OUT_SUCC,1.0,900,NRCell,Huawei
1696477500000,VAL002_01,RRC_SETUP_ATT,11.0,900,NRCell,Huawei
1696477500000,VAL002_01,RRC_SETUP_SUCC,11.0,900,NRCell,Huawei
1696477500000,VAL002_01,S1SIG_Connection_Setup_SR_DEN,11.0,900,NRCell,Huawei
1696477500000,VAL002_01,S1SIG_Connection_Setup_SR_NUM,11.0,900,NRCell,Huawei
1696477500000,VAL002_01,SERVICE_LATENCY_OVER_AIR_INTERFACE_DEN,792.0,900,NRCell,Huawei
1696477500000,VAL002_01,SERVICE_LATENCY_OVER_AIR_INTERFACE_NUM,1325.0,900,NRCell,Huawei
1696477500000,VAL002_01,VOICE_TRAFFIC,0.0,900,NRCell,Huawei
1696477500000,VAL002_01,VOLTE_CALL_SETUP_ATT,0.0,900,NRCell,Huawei
1696477500000,VAL002_01,VOLTE_CALL_SETUP_SUCC,0.0,900,NRCell,Huawei
