startTime,neId,counterCode,counterValue,granularity,neType,vendorName
1696470300000,BCN014_01,DCR_DEN,2771.0,900,NRCell,Huawei
1696470300000,BCN014_01,DCR_NUM,0.0,900,NRCell,Huawei
1696470300000,BCN014_01,DROP_CALL_VOLTE_DEN,21.0,900,NRCell,Huawei
1696470300000,BCN014_01,DROP_CALL_VOLTE_NUM,0.0,900,NRCell,Huawei
1696470300000,BCN014_01,ERAB_SR_DEN,2819.0,900,NRCell,Huawei
1696470300000,BCN014_01,ERAB_SR_NUM,2819.0,900,NRCell,Huawei
1696470300000,BCN014_01,INTEGRITY_NGBR_QCI_9,11131010024.0,900,NRCell,Huawei
1696470300000,BCN014_01,INTRA_FREQUENCY_HO_OUT_ATT,210.0,900,NRCell,Huawei
1696470300000,BCN014_01,INTRA_FREQUENCY_HO_OUT_SUCC,210.0,900,NRCell,Huawei
1696470300000,BCN014_01,RRC_SETUP_ATT,1635.0,900,NRCell,Huawei
1696470300000,BCN014_01,RRC_SETUP_SUCC,1632.0,900,NRCell,Huawei
1696470300000,BCN014_01,S1SIG_Connection_Setup_SR_DEN,1632.0,900,NRCell,Huawei
1696470300000,BCN014_01,S1SIG_Connection_Setup_SR_NUM,1632.0,900,NRCell,Huawei
1696470300000,BCN014_01,SERVICE_LATENCY_OVER_AIR_INTERFACE_DEN,363167.0,900,NRCell,Huawei
1696470300000,BCN014_01,SERVICE_LATENCY_OVER_AIR_INTERFACE_NUM,629856.0,900,NRCell,Huawei
1696470300000,BCN014_01,VOICE_TRAFFIC,31157.0,900,NRCell,Huawei
1696470300000,BCN014_01,VOLTE_CALL_SETUP_ATT,21.0,900,NRCell,Huawei
1696470300000,BCN014_01,VOLTE_CALL_SETUP_SUCC,21.0,900,NRCell,Huawei
1696470300000,BIL001_01,DCR_DEN,2412.0,900,NRCell,Huawei
1696470300000,BIL001_01,DCR_NUM,2.0,900,NRCell,Huawei
1696470300000,BIL001_01,DROP_CALL_VOLTE_DEN,21.0,900,NRCell,Huawei
1696470300000,BIL001_01,DROP_CALL_VOLTE_NUM,0.0,900,NRCell,Huawei
1696470300000,BIL001_01,ERAB_SR_DEN,2462.0,900,NRCell,Huawei
1696470300000,BIL001_01,ERAB_SR_NUM,2460.0,900,NRCell,Huawei
1696470300000,BIL001_01,INTEGRITY_NGBR_QCI_9,10500052312.0,900,NRCell,Huawei
1696470300000,BIL001_01,INTRA_FREQUENCY_HO_OUT_ATT,138.0,900,NRCell,Huawei
1696470300000,BIL001_01,INTRA_FREQUENCY_HO_OUT_SUCC,137.0,900,NRCell,Huawei
1696470300000,BIL001_01,RRC_SETUP_ATT,1461.0,900,NRCell,Huawei
1696470300000,BIL001_01,RRC_SETUP_SUCC,1447.0,900,NRCell,Huawei
1696470300000,BIL001_01,S1SIG_Connection_Setup_SR_DEN,1447.0,900,NRCell,Huawei
1696470300000,BIL001_01,S1SIG_Connection_Setup_SR_NUM,1447.0,900,NRCell,Huawei
1696470300000,BIL001_01,SERVICE_LATENCY_OVER_AIR_INTERFACE_DEN,384787.0,900,NRCell,Huawei
1696470300000,BIL001_01,SERVICE_LATENCY_OVER_AIR_INTERFACE_NUM,518297.0,900,NRCell,Huawei
1696470300000,BIL001_01,VOICE_TRAFFIC,11212.0,900,NRCell,Huawei
1696470300000,BIL001_01,VOLTE_CALL_SETUP_ATT,23.0,900,NRCell,Huawei
1696470300000,BIL001_01,VOLTE_CALL_SETUP_SUCC,23.0,900,NRCell,Huawei
1696470300000,MAD033_01,DCR_DEN,1439.0,900,NRCell,Huawei
1696470300000,MAD033_01,DCR_NUM,0.0,900,NRCell,Huawei
1696470300000,MAD033_01,DROP_CALL_VOLTE_DEN,10.0,900,NRCell,Huawei
1696470300000,MAD033_01,DROP_CALL_VOLTE_NUM,0.0,900,NRCell,Huawei
1696470300000,MAD033_01,ERAB_SR_DEN,1485.0,900,NRCell,Huawei
1696470300000,MAD033_01,ERAB_SR_NUM,1485.0,900,NRCell,Huawei
1696470300000,MAD033_01,INTEGRITY_NGBR_QCI_9,9185681880.0,900,NRCell,Huawei
1696470300000,MAD033_01,INTRA_FREQUENCY_HO_OUT_ATT,182.0,900,NRCell,Huawei
1696470300000,MAD033_01,INTRA_FREQUENCY_HO_OUT_SUCC,182.0,900,NRCell,Huawei
1696470300000,MAD033_01,RRC_SETUP_ATT,924.0,900,NRCell,Huawei
1696470300000,MAD033_01,RRC_SETUP_SUCC,920.0,900,NRCell,Huawei
1696470300000,MAD033_01,S1SIG_Connection_Setup_SR_DEN,920.0,900,NRCell,Huawei
1696470300000,MAD033_01,S1SIG_Connection_Setup_SR_NUM,920.0,900,NRCell,Huawei
1696470300000,MAD033_01,SERVICE_LATENCY_OVER_AIR_INTERFACE_DEN,225451.0,900,NRCell,Huawei
1696470300000,MAD033_01,SERVICE_LATENCY_OVER_AIR_INTERFACE_NUM,323243.0,900,NRCell,Huawei
1696470300000,MAD033_01,VOICE_TRAFFIC,16983.0,900,NRCell,Huawei
1696470300000,MAD033_01,VOLTE_CALL_SETUP_ATT,12.0,900,NRCell,Huawei
1696470300000,MAD033_01,VOLTE_CALL_SETUP_SUCC,12.0,900,NRCell,Huawei
1696470300000,SAL030_01,DCR_DEN,297.0,900,NRCell,Huawei
1696470300000,SAL030_01,DCR_NUM,0.0,900,NRCell,Huawei
1696470300000,SAL030_01,DROP_CALL_VOLTE_DEN,0.0,900,NRCell,Huawei
1696470300000,SAL030_01,DROP_CALL_VOLTE_NUM,0.0,900,NRCell,Huawei
1696470300000,SAL030_01,ERAB_SR_DEN,283.0,900,NRCell,Huawei
1696470300000,SAL030_01,ERAB_SR_NUM,281.0,900,NRCell,Huawei
1696470300000,SAL030_01,INTEGRITY_NGBR_QCI_9,2259506120.0,900,NRCell,Huawei
1696470300000,SAL030_01,INTRA_FREQUENCY_HO_OUT_ATT,14.0,900,NRCell,Huawei
1696470300000,SAL030_01,INTRA_FREQUENCY_HO_OUT_SUCC,14.0,900,NRCell,Huawei
1696470300000,SAL030_01,RRC_SETUP_ATT,162.0,900,NRCell,Huawei
1696470300000,SAL030_01,RRC_SETUP_SUCC,161.0,900,NRCell,Huawei
1696470300000,SAL030_01,S1SIG_Connection_Setup_SR_DEN,161.0,900,NRCell,Huawei
1696470300000,SAL030_01,S1SIG_Connection_Setup_SR_NUM,161.0,900,NRCell,Huawei
1696470300000,SAL030_01,SERVICE_LATENCY_OVER_AIR_INTERFACE_DEN,56213.0,900,NRCell,Huawei
1696470300000,SAL030_01,SERVICE_LATENCY_OVER_AIR_INTERFACE_NUM,115137.0,900,NRCell,Huawei
1696470300000,SAL030_01,VOICE_TRAFFIC,2012.0,900,NRCell,Huawei
1696470300000,SAL030_01,VOLTE_CALL_SETUP_ATT,0.0,900,NRCell,Huawei
1696470300000,SAL030_01,VOLTE_CALL_SETUP_SUCC,0.0,900,NRCell,Huawei
1696470300000,SEV001_01,DCR_DEN,3192.0,900,NRCell,Huawei
1696470300000,SEV001_01,DCR_NUM,3.0,900,NRCell,Huawei
1696470300000,SEV001_01,DROP_CALL_VOLTE_DEN,28.0,900,NRCell,Huawei
1696470300000,SEV001_01,DROP_CALL_VOLTE_NUM,0.0,900,NRCell,Huawei
1696470300000,SEV001_01,ERAB_SR_DEN,3256.0,900,NRCell,Huawei
1696470300000,SEV001_01,ERAB_SR_NUM,3253.0,900,NRCell,Huawei
1696470300000,SEV001_01,INTEGRITY_NGBR_QCI_9,16813341712.0,900,NRCell,Huawei
1696470300000,SEV001_01,INTRA_FREQUENCY_HO_OUT_ATT,138.0,900,NRCell,Huawei
1696470300000,SEV001_01,INTRA_FREQUENCY_HO_OUT_SUCC,138.0,900,NRCell,Huawei
1696470300000,SEV001_01,RRC_SETUP_ATT,1754.0,900,NRCell,Huawei
1696470300000,SEV001_01,RRC_SETUP_SUCC,1753.0,900,NRCell,Huawei
1696470300000,SEV001_01,S1SIG_Connection_Setup_SR_DEN,1753.0,900,NRCell,Huawei
1696470300000,SEV001_01,S1SIG_Connection_Setup_SR_NUM,1753.0,900,NRCell,Huawei
1696470300000,SEV001_01,SERVICE_LATENCY_OVER_AIR_INTERFACE_DEN,580395.0,900,NRCell,Huawei
1696470300000,SEV001_01,SERVICE_LATENCY_OVER_AIR_INTERFACE_NUM,1631861.0,900,NRCell,Huawei
1696470300000,SEV001_01,VOICE_TRAFFIC,30240.0,900,NRCell,Huawei
1696470300000,SEV001_01,VOLTE_CALL_SETUP_ATT,22.0,900,NRCell,Huawei
1696470300000,SEV001_01,VOLTE_CALL_SETUP_SUCC,22.0,900,NRCell,Huawei
1696470300000,SNT002_01,DCR_DEN,1487.0,900,NRCell,Huawei
1696470300000,SNT002_01,DCR_NUM,1.0,900,NRCell,Huawei
1696470300000,SNT002_01,DROP_CALL_VOLTE_DEN,13.0,900,NRCell,Huawei
1696470300000,SNT002_01,DROP_CALL_VOLTE_NUM,0.0,900,NRCell,Huawei
1696470300000,SNT002_01,ERAB_SR_DEN,1543.0,900,NRCell,Huawei
1696470300000,SNT002_01,ERAB_SR_NUM,1543.0,900,NRCell,Huawei
1696470300000,SNT002_01,INTEGRITY_NGBR_QCI_9,10453729488.0,900,NRCell,Huawei
1696470300000,SNT002_01,INTRA_FREQUENCY_HO_OUT_ATT,122.0,900,NRCell,Huawei
1696470300000,SNT002_01,INTRA_FREQUENCY_HO_OUT_SUCC,122.0,900,NRCell,Huawei
1696470300000,SNT002_01,RRC_SETUP_ATT,912.0,900,NRCell,Huawei
1696470300000,SNT002_01,RRC_SETUP_SUCC,909.0,900,NRCell,Huawei
1696470300000,SNT002_01,S1SIG_Connection_Setup_SR_DEN,909.0,900,NRCell,Huawei
1696470300000,SNT002_01,S1SIG_Connection_Setup_SR_NUM,909.0,900,NRCell,Huawei
1696470300000,SNT002_01,SERVICE_LATENCY_OVER_AIR_INTERFACE_DEN,237804.0,900,NRCell,Huawei
1696470300000,SNT002_01,SERVICE_LATENCY_OVER_AIR_INTERFACE_NUM,327321.0,900,NRCell,Huawei
1696470300000,SNT002_01,VOICE_TRAFFIC,4487.0,900,NRCell,Huawei
1696470300000,SNT002_01,VOLTE_CALL_SETUP_ATT,17.0,900,NRCell,Huawei
1696470300000,SNT002_01,VOLTE_CALL_SETUP_SUCC,17.0,900,NRCell,Huawei
1696470300000,TAR015_01,DCR_DEN,3483.0,900,NRCell,Huawei
1696470300000,TAR015_01,DCR_NUM,2.0,900,NRCell,Huawei
1696470300000,TAR015_01,DROP_CALL_VOLTE_DEN,34.0,900,NRCell,Huawei
1696470300000,TAR015_01,DROP_CALL_VOLTE_NUM,0.0,900,NRCell,Huawei
1696470300000,TAR015_01,ERAB_SR_DEN,3356.0,900,NRCell,Huawei
1696470300000,TAR015_01,ERAB_SR_NUM,3350.0,900,NRCell,Huawei
1696470300000,TAR015_01,INTEGRITY_NGBR_QCI_9,14127737928.0,900,NRCell,Huawei
1696470300000,TAR015_01,INTRA_FREQUENCY_HO_OUT_ATT,156.0,900,NRCell,Huawei
1696470300000,TAR015_01,INTRA_FREQUENCY_HO_OUT_SUCC,155.0,900,NRCell,Huawei
1696470300000,TAR015_01,RRC_SETUP_ATT,1823.0,900,NRCell,Huawei
1696470300000,TAR015_01,RRC_SETUP_SUCC,1819.0,900,NRCell,Huawei
1696470300000,TAR015_01,S1SIG_Connection_Setup_SR_DEN,1819.0,900,NRCell,Huawei
1696470300000,TAR015_01,S1SIG_Connection_Setup_SR_NUM,1816.0,900,NRCell,Huawei
1696470300000,TAR015_01,SERVICE_LATENCY_OVER_AIR_INTERFACE_DEN,625035.0,900,NRCell,Huawei
1696470300000,TAR015_01,SERVICE_LATENCY_OVER_AIR_INTERFACE_NUM,1904672.0,900,NRCell,Huawei
1696470300000,TAR015_01,VOICE_TRAFFIC,49613.0,900,NRCell,Huawei
1696470300000,TAR015_01,VOLTE_CALL_SETUP_ATT,26.0,900,NRCell,Huawei
1696470300000,TAR015_01,VOLTE_CALL_SETUP_SUCC,26.0,900,NRCell,Huawei
1696470300000,TOL034_01,DCR_DEN,168.0,900,NRCell,Huawei
1696470300000,TOL034_01,DCR_NUM,0.0,900,NRCell,Huawei
1696470300000,TOL034_01,DROP_CALL_VOLTE_DEN,0.0,900,NRCell,Huawei
1696470300000,TOL034_01,DROP_CALL_VOLTE_NUM,0.0,900,NRCell,Huawei
1696470300000,TOL034_01,ERAB_SR_DEN,185.0,900,NRCell,Huawei
1696470300000,TOL034_01,ERAB_SR_NUM,185.0,900,NRCell,Huawei
1696470300000,TOL034_01,INTEGRITY_NGBR_QCI_9,3591368368.0,900,NRCell,Huawei
1696470300000,TOL034_01,INTRA_FREQUENCY_HO_OUT_ATT,16.0,900,NRCell,Huawei
1696470300000,TOL034_01,INTRA_FREQUENCY_HO_OUT_SUCC,16.0,900,NRCell,Huawei
1696470300000,TOL034_01,RRC_SETUP_ATT,123.0,900,NRCell,Huawei
1696470300000,TOL034_01,RRC_SETUP_SUCC,119.0,900,NRCell,Huawei
1696470300000,TOL034_01,S1SIG_Connection_Setup_SR_DEN,118.0,900,NRCell,Huawei
1696470300000,TOL034_01,S1SIG_Connection_Setup_SR_NUM,118.0,900,NRCell,Huawei
1696470300000,TOL034_01,SERVICE_LATENCY_OVER_AIR_INTERFACE_DEN,108169.0,900,NRCell,Huawei
1696470300000,TOL034_01,SERVICE_LATENCY_OVER_AIR_INTERFACE_NUM,156584.0,900,NRCell,Huawei
1696470300000,TOL034_01,VOICE_TRAFFIC,6088.0,900,NRCell,Huawei
1696470300000,TOL034_01,VOLTE_CALL_SETUP_ATT,2.0,900,NRCell,Huawei
1696470300000,TOL034_01,VOLTE_CALL_SETUP_SUCC,2.0,900,NRCell,Huawei
1696470300000,VAL002_01,DCR_DEN,43.0,900,NRCell,Huawei
1696470300000,VAL002_01,DCR_NUM,1.0,900,NRCell,Huawei
1696470300000,VAL002_01,DROP_CALL_VOLTE_DEN,0.0,900,NRCell,Huawei
1696470300000,VAL002_01,DROP_CALL_VOLTE_NUM,0.0,900,NRCell,Huawei
1696470300000,VAL002_01,ERAB_SR_DEN,43.0,900,NRCell,Huawei
1696470300000,VAL002_01,ERAB_SR_NUM,43.0,900,NRCell,Huawei
1696470300000,VAL002_01,INTEGRITY_NGBR_QCI_9,2030822144.0,900,NRCell,Huawei
1696470300000,VAL002_01,INTRA_FREQUENCY_HO_OUT_ATT,5.0,900,NRCell,Huawei
1696470300000,VAL002_01,INTRA_FREQUENCY_HO_OUT_SUCC,5.0,900,NRCell,Huawei
1696470300000,VAL002_01,RRC_SETUP_ATT,32.0,900,NRCell,Huawei
1696470300000,VAL002_01,RRC_SETUP_SUCC,30.0,900,NRCell,Huawei
1696470300000,VAL002_01,S1SIG_Connection_Setup_SR_DEN,31.0,900,NRCell,Huawei
1696470300000,VAL002_01,S1SIG_Connection_Setup_SR_NUM,31.0,900,NRCell,Huawei
1696470300000,VAL002_01,SERVICE_LATENCY_OVER_AIR_INTERFACE_DEN,22402.0,900,NRCell,Huawei
1696470300000,VAL002_01,SERVICE_LATENCY_OVER_AIR_INTERFACE_NUM,35541.0,900,NRCell,Huawei
1696470300000,VAL002_01,VOICE_TRAFFIC,68.0,900,NRCell,Huawei
1696470300000,VAL002_01,VOLTE_CALL_SETUP_ATT,0.0,900,NRCell,Huawei
1696470300000,VAL002_01,VOLTE_CALL_SETUP_SUCC,0.0,900,NRCell,Huawei
