startTime,neId,counterCode,counterValue,granularity,neType,vendorName
1696468500000,BCN014_01,DCR_DEN,3119.0,900,NRCell,Huawei
1696468500000,BCN014_01,DCR_NUM,4.0,900,NRCell,Huawei
1696468500000,BCN014_01,DROP_CALL_VOLTE_DEN,21.0,900,NRCell,Huawei
1696468500000,BCN014_01,DROP_CALL_VOLTE_NUM,0.0,900,NRCell,Huawei
1696468500000,BCN014_01,ERAB_SR_DEN,3107.0,900,NRCell,Huawei
1696468500000,BCN014_01,ERAB_SR_NUM,3099.0,900,NRCell,Huawei
1696468500000,BCN014_01,INTEGRITY_NGBR_QCI_9,15523691232.0,900,NRCell,Huawei
1696468500000,BCN014_01,INTRA_FREQUENCY_HO_OUT_ATT,274.0,900,NRCell,Huawei
1696468500000,BCN014_01,INTRA_FREQUENCY_HO_OUT_SUCC,274.0,900,NRCell,Huawei
1696468500000,BCN014_01,RRC_SETUP_ATT,1771.0,900,NRCell,Huawei
1696468500000,BCN014_01,RRC_SETUP_SUCC,1769.0,900,NRCell,Huawei
1696468500000,BCN014_01,S1SIG_Connection_Setup_SR_DEN,1769.0,900,NRCell,Huawei
1696468500000,BCN014_01,S1SIG_Connection_Setup_SR_NUM,1769.0,900,NRCell,Huawei
1696468500000,BCN014_01,SERVICE_LATENCY_OVER_AIR_INTERFACE_DEN,448390.0,900,NRCell,Huawei
1696468500000,BCN014_01,SERVICE_LATENCY_OVER_AIR_INTERFACE_NUM,952566.0,900,NRCell,Huawei
1696468500000,BCN014_01,VOICE_TRAFFIC,25078.0,900,NRCell,Huawei
1696468500000,BCN014_01,VOLTE_CALL_SETUP_ATT,19.0,900,NRCell,Huawei
1696468500000,BCN014_01,VOLTE_CALL_SETUP_SUCC,19.0,900,NRCell,Huawei
1696468500000,BIL001_01,DCR_DEN,2527.0,900,NRCell,Huawei
1696468500000,BIL001_01,DCR_NUM,3.0,900,NRCell,Huawei
1696468500000,BIL001_01,DROP_CALL_VOLTE_DEN,19.0,900,NRCell,Huawei
1696468500000,BIL001_01,DROP_CALL_VOLTE_NUM,0.0,900,NRCell,Huawei
1696468500000,BIL001_01,ERAB_SR_DEN,2606.0,900,NRCell,Huawei
1696468500000,BIL001_01,ERAB_SR_NUM,2604.0,900,NRCell,Huawei
1696468500000,BIL001_01,INTEGRITY_NGBR_QCI_9,14880611696.0,900,NRCell,Huawei
1696468500000,BIL001_01,INTRA_FREQUENCY_HO_OUT_ATT,197.0,900,NRCell,Huawei
1696468500000,BIL001_01,INTRA_FREQUENCY_HO_OUT_SUCC,197.0,900,NRCell,Huawei
1696468500000,BIL001_01,RRC_SETUP_ATT,1503.0,900,NRCell,Huawei
1696468500000,BIL001_01,RRC_SETUP_SUCC,1494.0,900,NRCell,Huawei
1696468500000,BIL001_01,S1SIG_Connection_Setup_SR_DEN,1494.0,900,NRCell,Huawei
1696468500000,BIL001_01,S1SIG_Connection_Setup_SR_NUM,1493.0,900,NRCell,Huawei
1696468500000,BIL001_01,SERVICE_LATENCY_OVER_AIR_INTERFACE_DEN,392095.0,900,NRCell,Huawei
1696468500000,BIL001_01,SERVICE_LATENCY_OVER_AIR_INTERFACE_NUM,769847.0,900,NRCell,Huawei
1696468500000,BIL001_01,VOICE_TRAFFIC,30346.0,900,NRCell,Huawei
1696468500000,BIL001_01,VOLTE_CALL_SETUP_ATT,24.0,900,NRCell,Huawei
1696468500000,BIL001_01,VOLTE_CALL_SETUP_SUCC,24.0,900,NRCell,Huawei
1696468500000,MAD033_01,DCR_DEN,1496.0,900,NRCell,Huawei
1696468500000,MAD033_01,DCR_NUM,0.0,900,NRCell,Huawei
1696468500000,MAD033_01,DROP_CALL_VOLTE_DEN,19.0,900,NRCell,Huawei
1696468500000,MAD033_01,DROP_CALL_VOLTE_NUM,0.0,900,NRCell,Huawei
1696468500000,MAD033_01,ERAB_SR_DEN,1462.0,900,NRCell,Huawei
1696468500000,MAD033_01,ERAB_SR_NUM,1460.0,900,NRCell,Huawei
1696468500000,MAD033_01,INTEGRITY_NGBR_QCI_9,7431046632.0,900,NRCell,Huawei
1696468500000,MAD033_01,INTRA_FREQUENCY_HO_OUT_ATT,177.0,900,NRCell,Huawei
1696468500000,MAD033_01,INTRA_FREQUENCY_HO_OUT_SUCC,177.0,900,NRCell,Huawei
1696468500000,MAD033_01,RRC_SETUP_ATT,986.0,900,NRCell,Huawei
1696468500000,MAD033_01,RRC_SETUP_SUCC,985.0,900,NRCell,Huawei
1696468500000,MAD033_01,S1SIG_Connection_Setup_SR_DEN,985.0,900,NRCell,Huawei
1696468500000,MAD033_01,S1SIG_Connection_Setup_SR_NUM,984.0,900,NRCell,Huawei
1696468500000,MAD033_01,SERVICE_LATENCY_OVER_AIR_INTERFACE_DEN,224286.0,900,NRCell,Huawei
1696468500000,MAD033_01,SERVICE_LATENCY_OVER_AIR_INTERFACE_NUM,344697.0,900,NRCell,Huawei
1696468500000,MAD033_01,VOICE_TRAFFIC,22199.0,900,NRCell,Huawei
1696468500000,MAD033_01,VOLTE_CALL_SETUP_ATT,23.0,900,NRCell,Huawei
1696468500000,MAD033_01,VOLTE_CALL_SETUP_SUCC,23.0,900,NRCell,Huawei
1696468500000,SAL030_01,DCR_DEN,211.0,900,NRCell,Huawei
1696468500000,SAL030_01,DCR_NUM,1.0,900,NRCell,Huawei
1696468500000,SAL030_01,DROP_CALL_VOLTE_DEN,3.0,900,NRCell,Huawei
1696468500000,SAL030_01,DROP_CALL_VOLTE_NUM,0.0,900,NRCell,Huawei
1696468500000,SAL030_01,ERAB_SR_DEN,224.0,900,NRCell,Huawei
1696468500000,SAL030_01,ERAB_SR_NUM,223.0,900,NRCell,Huawei
1696468500000,SAL030_01,INTEGRITY_NGBR_QCI_9,3671484464.0,900,NRCell,Huawei
1696468500000,SAL030_01,INTRA_FREQUENCY_HO_OUT_ATT,15.0,900,NRCell,Huawei
1696468500000,SAL030_01,INTRA_FREQUENCY_HO_OUT_SUCC,15.0,900,NRCell,Huawei
1696468500000,SAL030_01,RRC_SETUP_ATT,125.0,900,NRCell,Huawei
1696468500000,SAL030_01,RRC_SETUP_SUCC,123.0,900,NRCell,Huawei
1696468500000,SAL030_01,S1SIG_Connection_Setup_SR_DEN,123.0,900,NRCell,Huawei
1696468500000,SAL030_01,S1SIG_Connection_Setup_SR_NUM,123.0,900,NRCell,Huawei
1696468500000,SAL030_01,SERVICE_LATENCY_OVER_AIR_INTERFACE_DEN,59399.0,900,NRCell,Huawei
1696468500000,SAL030_01,SERVICE_LATENCY_OVER_AIR_INTERFACE_NUM,111841.0,900,NRCell,Huawei
1696468500000,SAL030_01,VOICE_TRAFFIC,1241.0,900,NRCell,Huawei
1696468500000,SAL030_01,VOLTE_CALL_SETUP_ATT,4.0,900,NRCell,Huawei
1696468500000,SAL030_01,VOLTE_CALL_SETUP_SUCC,4.0,900,NRCell,Huawei
1696468500000,SEV001_01,DCR_DEN,3438.0,900,NRCell,Huawei
1696468500000,SEV001_01,DCR_NUM,6.0,900,NRCell,Huawei
1696468500000,SEV001_01,DROP_CALL_VOLTE_DEN,29.0,900,NRCell,Huawei
1696468500000,SEV001_01,DROP_CALL_VOLTE_NUM,0.0,900,NRCell,Huawei
1696468500000,SEV001_01,ERAB_SR_DEN,3500.0,900,NRCell,Huawei
1696468500000,SEV001_01,ERAB_SR_NUM,3495.0,900,NRCell,Huawei
1696468500000,SEV001_01,INTEGRITY_NGBR_QCI_9,16414424288.0,900,NRCell,Huawei
1696468500000,SEV001_01,INTRA_FREQUENCY_HO_OUT_ATT,156.0,900,NRCell,Huawei
1696468500000,SEV001_01,INTRA_FREQUENCY_HO_OUT_SUCC,156.0,900,NRCell,Huawei
1696468500000,SEV001_01,RRC_SETUP_ATT,1905.0,900,NRCell,Huawei
1696468500000,SEV001_01,RRC_SETUP_SUCC,1902.0,900,NRCell,Huawei
1696468500000,SEV001_01,S1SIG_Connection_Setup_SR_DEN,1902.0,900,NRCell,Huawei
1696468500000,SEV001_01,S1SIG_Connection_Setup_SR_NUM,1902.0,900,NRCell,Huawei
1696468500000,SEV001_01,SERVICE_LATENCY_OVER_AIR_INTERFACE_DEN,768084.0,900,NRCell,Huawei
1696468500000,SEV001_01,SERVICE_LATENCY_OVER_AIR_INTERFACE_NUM,1554182.0,900,NRCell,Huawei
1696468500000,SEV001_01,VOICE_TRAFFIC,55908.0,900,NRCell,Huawei
1696468500000,SEV001_01,VOLTE_CALL_SETUP_ATT,30.0,900,NRCell,Huawei
1696468500000,SEV001_01,VOLTE_CALL_SETUP_SUCC,30.0,900,NRCell,Huawei
1696468500000,SNT002_01,DCR_DEN,1429.0,900,NRCell,Huawei
1696468500000,SNT002_01,DCR_NUM,1.0,900,NRCell,Huawei
1696468500000,SNT002_01,DROP_CALL_VOLTE_DEN,16.0,900,NRCell,Huawei
1696468500000,SNT002_01,DROP_CALL_VOLTE_NUM,0.0,900,NRCell,Huawei
1696468500000,SNT002_01,ERAB_SR_DEN,1466.0,900,NRCell,Huawei
1696468500000,SNT002_01,ERAB_SR_NUM,1465.0,900,NRCell,Huawei
1696468500000,SNT002_01,INTEGRITY_NGBR_QCI_9,9195811384.0,900,NRCell,Huawei
1696468500000,SNT002_01,INTRA_FREQUENCY_HO_OUT_ATT,142.0,900,NRCell,Huawei
1696468500000,SNT002_01,INTRA_FREQUENCY_HO_OUT_SUCC,142.0,900,NRCell,Huawei
1696468500000,SNT002_01,RRC_SETUP_ATT,864.0,900,NRCell,Huawei
1696468500000,SNT002_01,RRC_SETUP_SUCC,863.0,900,NRCell,Huawei
1696468500000,SNT002_01,S1SIG_Connection_Setup_SR_DEN,863.0,900,NRCell,Huawei
1696468500000,SNT002_01,S1SIG_Connection_Setup_SR_NUM,863.0,900,NRCell,Huawei
1696468500000,SNT002_01,SERVICE_LATENCY_OVER_AIR_INTERFACE_DEN,209552.0,900,NRCell,Huawei
1696468500000,SNT002_01,SERVICE_LATENCY_OVER_AIR_INTERFACE_NUM,336581.0,900,NRCell,Huawei
1696468500000,SNT002_01,VOICE_TRAFFIC,18376.0,900,NRCell,Huawei
1696468500000,SNT002_01,VOLTE_CALL_SETUP_ATT,16.0,900,NRCell,Huawei
1696468500000,SNT002_01,VOLTE_CALL_SETUP_SUCC,16.0,900,NRCell,Huawei
1696468500000,TAR015_01,DCR_DEN,3941.0,900,NRCell,Huawei
1696468500000,TAR015_01,DCR_NUM,5.0,900,NRCell,Huawei
1696468500000,TAR015_01,DROP_CALL_VOLTE_DEN,38.0,900,NRCell,Huawei
1696468500000,TAR015_01,DROP_CALL_VOLTE_NUM,0.0,900,NRCell,Huawei
1696468500000,TAR015_01,ERAB_SR_DEN,3854.0,900,NRCell,Huawei
1696468500000,TAR015_01,ERAB_SR_NUM,3849.0,900,NRCell,Huawei
1696468500000,TAR015_01,INTEGRITY_NGBR_QCI_9,17285924600.0,900,NRCell,Huawei
1696468500000,TAR015_01,INTRA_FREQUENCY_HO_OUT_ATT,188.0,900,NRCell,Huawei
1696468500000,TAR015_01,INTRA_FREQUENCY_HO_OUT_SUCC,188.0,900,NRCell,Huawei
1696468500000,TAR015_01,RRC_SETUP_ATT,2124.0,900,NRCell,Huawei
1696468500000,TAR015_01,RRC_SETUP_SUCC,2118.0,900,NRCell,Huawei
1696468500000,TAR015_01,S1SIG_Connection_Setup_SR_DEN,2118.0,900,NRCell,Huawei
1696468500000,TAR015_01,S1SIG_Connection_Setup_SR_NUM,2117.0,900,NRCell,Huawei
1696468500000,TAR015_01,SERVICE_LATENCY_OVER_AIR_INTERFACE_DEN,743353.0,900,NRCell,Huawei
1696468500000,TAR015_01,SERVICE_LATENCY_OVER_AIR_INTERFACE_NUM,2208055.0,900,NRCell,Huawei
1696468500000,TAR015_01,VOICE_TRAFFIC,77713.0,900,NRCell,Huawei
1696468500000,TAR015_01,VOLTE_CALL_SETUP_ATT,31.0,900,NRCell,Huawei
1696468500000,TAR015_01,VOLTE_CALL_SETUP_SUCC,31.0,900,NRCell,Huawei
1696468500000,TOL034_01,DCR_DEN,200.0,900,NRCell,Huawei
1696468500000,TOL034_01,DCR_NUM,1.0,900,NRCell,Huawei
1696468500000,TOL034_01,DROP_CALL_VOLTE_DEN,2.0,900,NRCell,Huawei
1696468500000,TOL034_01,DROP_CALL_VOLTE_NUM,0.0,900,NRCell,Huawei
1696468500000,TOL034_01,ERAB_SR_DEN,201.0,900,NRCell,Huawei
1696468500000,TOL034_01,ERAB_SR_NUM,201.0,900,NRCell,Huawei
1696468500000,TOL034_01,INTEGRITY_NGBR_QCI_9,2175693240.0,900,NRCell,Huawei
1696468500000,TOL034_01,INTRA_FREQUENCY_HO_OUT_ATT,15.0,900,NRCell,Huawei
1696468500000,TOL034_01,INTRA_FREQUENCY_HO_OUT_SUCC,15.0,900,NRCell,Huawei
1696468500000,TOL034_01,RRC_SETUP_ATT,129.0,900,NRCell,Huawei
1696468500000,TOL034_01,RRC_SETUP_SUCC,128.0,900,NRCell,Huawei
1696468500000,TOL034_01,S1SIG_Connection_Setup_SR_DEN,128.0,900,NRCell,Huawei
1696468500000,TOL034_01,S1SIG_Connection_Setup_SR_NUM,128.0,900,NRCell,Huawei
1696468500000,TOL034_01,SERVICE_LATENCY_OVER_AIR_INTERFACE_DEN,53367.0,900,NRCell,Huawei
1696468500000,TOL034_01,SERVICE_LATENCY_OVER_AIR_INTERFACE_NUM,79337.0,900,NRCell,Huawei
1696468500000,TOL034_01,VOICE_TRAFFIC,1232.0,900,NRCell,Huawei
1696468500000,TOL034_01,VOLTE_CALL_SETUP_ATT,1.0,900,NRCell,Huawei
1696468500000,TOL034_01,VOLTE_CALL_SETUP_SUCC,1.0,900,NRCell,Huawei
1696468500000,VAL002_01,DCR_DEN,109.0,900,NRCell,Huawei
1696468500000,VAL002_01,DCR_NUM,0.0,900,NRCell,Huawei
1696468500000,VAL002_01,DROP_CALL_VOLTE_DEN,1.0,900,NRCell,Huawei
1696468500000,VAL002_01,DROP_CALL_VOLTE_NUM,0.0,900,NRCell,Huawei
1696468500000,VAL002_01,ERAB_SR_DEN,93.0,900,NRCell,Huawei
1696468500000,VAL002_01,ERAB_SR_NUM,93.0,900,NRCell,Huawei
1696468500000,VAL002_01,INTEGRITY_NGBR_QCI_9,2239760328.0,900,NRCell,Huawei
1696468500000,VAL002_01,INTRA_FREQUENCY_HO_OUT_ATT,12.0,900,NRCell,Huawei
1696468500000,VAL002_01,INTRA_FREQUENCY_HO_OUT_SUCC,12.0,900,NRCell,Huawei
1696468500000,VAL002_01,RRC_SETUP_ATT,63.0,900,NRCell,Huawei
1696468500000,VAL002_01,RRC_SETUP_SUCC,62.0,900,NRCell,Huawei
1696468500000,VAL002_01,S1SIG_Connection_Setup_SR_DEN,62.0,900,NRCell,Huawei
1696468500000,VAL002_01,S1SIG_Connection_Setup_SR_NUM,62.0,900,NRCell,Huawei
1696468500000,VAL002_01,SERVICE_LATENCY_OVER_AIR_INTERFACE_DEN,35244.0,900,NRCell,Huawei
1696468500000,VAL002_01,SERVICE_LATENCY_OVER_AIR_INTERFACE_NUM,59712.0,900,NRCell,Huawei
1696468500000,VAL002_01,VOICE_TRAFFIC,21.0,900,NRCell,Huawei
1696468500000,VAL002_01,VOLTE_CALL_SETUP_ATT,0.0,900,NRCell,Huawei
1696468500000,VAL002_01,VOLTE_CALL_SETUP_SUCC,0.0,900,NRCell,Huawei
