startTime,neId,counterCode,counterValue,granularity,neType,vendorName
1696874400000,BCN014_01,DCR_DEN,4310.0,900,NRCell,Huawei
1696874400000,BCN014_01,DCR_NUM,1.0,900,NRCell,Huawei
1696874400000,BCN014_01,DROP_CALL_VOLTE_DEN,33.0,900,NRCell,Huawei
1696874400000,BCN014_01,DROP_CALL_VOLTE_NUM,0.0,900,NRCell,Huawei
1696874400000,BCN014_01,ERAB_SR_DEN,4321.0,900,NRCell,Huawei
1696874400000,BCN014_01,ERAB_SR_NUM,4318.0,900,NRCell,Huawei
1696874400000,BCN014_01,INTEGRITY_NGBR_QCI_9,13539051904.0,900,NRCell,Huawei
1696874400000,BCN014_01,INTRA_FREQUENCY_HO_OUT_ATT,244.0,900,NRCell,Huawei
1696874400000,BCN014_01,INTRA_FREQUENCY_HO_OUT_SUCC,244.0,900,NRCell,Huawei
1696874400000,BCN014_01,RRC_SETUP_ATT,2474.0,900,NRCell,Huawei
1696874400000,BCN014_01,RRC_SETUP_SUCC,2461.0,900,NRCell,Huawei
1696874400000,BCN014_01,S1SIG_Connection_Setup_SR_DEN,2461.0,900,NRCell,Huawei
1696874400000,BCN014_01,S1SIG_Connection_Setup_SR_NUM,2461.0,900,NRCell,Huawei
1696874400000,BCN014_01,SERVICE_LATENCY_OVER_AIR_INTERFACE_DEN,435033.0,900,NRCell,Huawei
1696874400000,BCN014_01,SERVICE_LATENCY_OVER_AIR_INTERFACE_NUM,924789.0,900,NRCell,Huawei
1696874400000,BCN014_01,VOICE_TRAFFIC,30168.0,900,NRCell,Huawei
1696874400000,BCN014_01,VOLTE_CALL_SETUP_ATT,25.0,900,NRCell,Huawei
1696874400000,BCN014_01,VOLTE_CALL_SETUP_SUCC,25.0,900,NRCell,Huawei
1696874400000,BIL001_01,DCR_DEN,3628.0,900,NRCell,Huawei
1696874400000,BIL001_01,DCR_NUM,1.0,900,NRCell,Huawei
1696874400000,BIL001_01,DROP_CALL_VOLTE_DEN,30.0,900,NRCell,Huawei
1696874400000,BIL001_01,DROP_CALL_VOLTE_NUM,0.0,900,NRCell,Huawei
1696874400000,BIL001_01,ERAB_SR_DEN,3654.0,900,NRCell,Huawei
1696874400000,BIL001_01,ERAB_SR_NUM,3653.0,900,NRCell,Huawei
1696874400000,BIL001_01,INTEGRITY_NGBR_QCI_9,16301896992.0,900,NRCell,Huawei
1696874400000,BIL001_01,INTRA_FREQUENCY_HO_OUT_ATT,180.0,900,NRCell,Huawei
1696874400000,BIL001_01,INTRA_FREQUENCY_HO_OUT_SUCC,180.0,900,NRCell,Huawei
1696874400000,BIL001_01,RRC_SETUP_ATT,2123.0,900,NRCell,Huawei
1696874400000,BIL001_01,RRC_SETUP_SUCC,2113.0,900,NRCell,Huawei
1696874400000,BIL001_01,S1SIG_Connection_Setup_SR_DEN,2113.0,900,NRCell,Huawei
1696874400000,BIL001_01,S1SIG_Connection_Setup_SR_NUM,2113.0,900,NRCell,Huawei
1696874400000,BIL001_01,SERVICE_LATENCY_OVER_AIR_INTERFACE_DEN,617272.0,900,NRCell,Huawei
1696874400000,BIL001_01,SERVICE_LATENCY_OVER_AIR_INTERFACE_NUM,1457441.0,900,NRCell,Huawei
1696874400000,BIL001_01,VOICE_TRAFFIC,38310.0,900,NRCell,Huawei
1696874400000,BIL001_01,VOLTE_CALL_SETUP_ATT,31.0,900,NRCell,Huawei
1696874400000,BIL001_01,VOLTE_CALL_SETUP_SUCC,31.0,900,NRCell,Huawei
1696874400000,MAD033_01,DCR_DEN,1997.0,900,NRCell,Huawei
1696874400000,MAD033_01,DCR_NUM,0.0,900,NRCell,Huawei
1696874400000,MAD033_01,DROP_CALL_VOLTE_DEN,14.0,900,NRCell,Huawei
1696874400000,MAD033_01,DROP_CALL_VOLTE_NUM,0.0,900,NRCell,Huawei
1696874400000,MAD033_01,ERAB_SR_DEN,2004.0,900,NRCell,Huawei
1696874400000,MAD033_01,ERAB_SR_NUM,2002.0,900,NRCell,Huawei
1696874400000,MAD033_01,INTEGRITY_NGBR_QCI_9,5075485120.0,900,NRCell,Huawei
1696874400000,MAD033_01,INTRA_FREQUENCY_HO_OUT_ATT,115.0,900,NRCell,Huawei
1696874400000,MAD033_01,INTRA_FREQUENCY_HO_OUT_SUCC,115.0,900,NRCell,Huawei
1696874400000,MAD033_01,RRC_SETUP_ATT,1091.0,900,NRCell,Huawei
1696874400000,MAD033_01,RRC_SETUP_SUCC,1091.0,900,NRCell,Huawei
1696874400000,MAD033_01,S1SIG_Connection_Setup_SR_DEN,1091.0,900,NRCell,Huawei
1696874400000,MAD033_01,S1SIG_Connection_Setup_SR_NUM,1091.0,900,NRCell,Huawei
1696874400000,MAD033_01,SERVICE_LATENCY_OVER_AIR_INTERFACE_DEN,158844.0,900,NRCell,Huawei
1696874400000,MAD033_01,SERVICE_LATENCY_OVER_AIR_INTERFACE_NUM,212035.0,900,NRCell,Huawei
1696874400000,MAD033_01,VOICE_TRAFFIC,11708.0,900,NRCell,Huawei
1696874400000,MAD033_01,VOLTE_CALL_SETUP_ATT,13.0,900,NRCell,Huawei
1696874400000,MAD033_01,VOLTE_CALL_SETUP_SUCC,13.0,900,NRCell,Huawei
1696874400000,SAL030_01,DCR_DEN,129.0,900,NRCell,Huawei
1696874400000,SAL030_01,DCR_NUM,0.0,900,NRCell,Huawei
1696874400000,SAL030_01,DROP_CALL_VOLTE_DEN,0.0,900,NRCell,Huawei
1696874400000,SAL030_01,DROP_CALL_VOLTE_NUM,0.0,900,NRCell,Huawei
1696874400000,SAL030_01,ERAB_SR_DEN,109.0,900,NRCell,Huawei
1696874400000,SAL030_01,ERAB_SR_NUM,108.0,900,NRCell,Huawei
1696874400000,SAL030_01,INTEGRITY_NGBR_QCI_9,3572856488.0,900,NRCell,Huawei
1696874400000,SAL030_01,INTRA_FREQUENCY_HO_OUT_ATT,6.0,900,NRCell,Huawei
1696874400000,SAL030_01,INTRA_FREQUENCY_HO_OUT_SUCC,6.0,900,NRCell,Huawei
1696874400000,SAL030_01,RRC_SETUP_ATT,65.0,900,NRCell,Huawei
1696874400000,SAL030_01,RRC_SETUP_SUCC,65.0,900,NRCell,Huawei
1696874400000,SAL030_01,S1SIG_Connection_Setup_SR_DEN,65.0,900,NRCell,Huawei
1696874400000,SAL030_01,S1SIG_Connection_Setup_SR_NUM,65.0,900,NRCell,Huawei
1696874400000,SAL030_01,SERVICE_LATENCY_OVER_AIR_INTERFACE_DEN,81794.0,900,NRCell,Huawei
1696874400000,SAL030_01,SERVICE_LATENCY_OVER_AIR_INTERFACE_NUM,128647.0,900,NRCell,Huawei
1696874400000,SAL030_01,VOICE_TRAFFIC,0.0,900,NRCell,Huawei
1696874400000,SAL030_01,VOLTE_CALL_SETUP_ATT,0.0,900,NRCell,Huawei
1696874400000,SAL030_01,VOLTE_CALL_SETUP_SUCC,0.0,900,NRCell,Huawei
1696874400000,SEV001_01,DCR_DEN,3826.0,900,NRCell,Huawei
1696874400000,SEV001_01,DCR_NUM,3.0,900,NRCell,Huawei
1696874400000,SEV001_01,DROP_CALL_VOLTE_DEN,28.0,900,NRCell,Huawei
1696874400000,SEV001_01,DROP_CALL_VOLTE_NUM,0.0,900,NRCell,Huawei
1696874400000,SEV001_01,ERAB_SR_DEN,3851.0,900,NRCell,Huawei
1696874400000,SEV001_01,ERAB_SR_NUM,3845.0,900,NRCell,Huawei
1696874400000,SEV001_01,INTEGRITY_NGBR_QCI_9,19136946200.0,900,NRCell,Huawei
1696874400000,SEV001_01,INTRA_FREQUENCY_HO_OUT_ATT,135.0,900,NRCell,Huawei
1696874400000,SEV001_01,INTRA_FREQUENCY_HO_OUT_SUCC,135.0,900,NRCell,Huawei
1696874400000,SEV001_01,RRC_SETUP_ATT,2084.0,900,NRCell,Huawei
1696874400000,SEV001_01,RRC_SETUP_SUCC,2081.0,900,NRCell,Huawei
1696874400000,SEV001_01,S1SIG_Connection_Setup_SR_DEN,2081.0,900,NRCell,Huawei
1696874400000,SEV001_01,S1SIG_Connection_Setup_SR_NUM,2081.0,900,NRCell,Huawei
1696874400000,SEV001_01,SERVICE_LATENCY_OVER_AIR_INTERFACE_DEN,621303.0,900,NRCell,Huawei
1696874400000,SEV001_01,SERVICE_LATENCY_OVER_AIR_INTERFACE_NUM,2122995.0,900,NRCell,Huawei
1696874400000,SEV001_01,VOICE_TRAFFIC,13188.0,900,NRCell,Huawei
1696874400000,SEV001_01,VOLTE_CALL_SETUP_ATT,30.0,900,NRCell,Huawei
1696874400000,SEV001_01,VOLTE_CALL_SETUP_SUCC,30.0,900,NRCell,Huawei
1696874400000,SNT002_01,DCR_DEN,1894.0,900,NRCell,Huawei
1696874400000,SNT002_01,DCR_NUM,6.0,900,NRCell,Huawei
1696874400000,SNT002_01,DROP_CALL_VOLTE_DEN,15.0,900,NRCell,Huawei
1696874400000,SNT002_01,DROP_CALL_VOLTE_NUM,0.0,900,NRCell,Huawei
1696874400000,SNT002_01,ERAB_SR_DEN,1897.0,900,NRCell,Huawei
1696874400000,SNT002_01,ERAB_SR_NUM,1896.0,900,NRCell,Huawei
1696874400000,SNT002_01,INTEGRITY_NGBR_QCI_9,4445348544.0,900,NRCell,Huawei
1696874400000,SNT002_01,INTRA_FREQUENCY_HO_OUT_ATT,72.0,900,NRCell,Huawei
1696874400000,SNT002_01,INTRA_FREQUENCY_HO_OUT_SUCC,72.0,900,NRCell,Huawei
1696874400000,SNT002_01,RRC_SETUP_ATT,1044.0,900,NRCell,Huawei
1696874400000,SNT002_01,RRC_SETUP_SUCC,1043.0,900,NRCell,Huawei
1696874400000,SNT002_01,S1SIG_Connection_Setup_SR_DEN,1043.0,900,NRCell,Huawei
1696874400000,SNT002_01,S1SIG_Connection_Setup_SR_NUM,1043.0,900,NRCell,Huawei
1696874400000,SNT002_01,SERVICE_LATENCY_OVER_AIR_INTERFACE_DEN,147152.0,900,NRCell,Huawei
1696874400000,SNT002_01,SERVICE_LATENCY_OVER_AIR_INTERFACE_NUM,188024.0,900,NRCell,Huawei
1696874400000,SNT002_01,VOICE_TRAFFIC,19250.0,900,NRCell,Huawei
1696874400000,SNT002_01,VOLTE_CALL_SETUP_ATT,15.0,900,NRCell,Huawei
1696874400000,SNT002_01,VOLTE_CALL_SETUP_SUCC,15.0,900,NRCell,Huawei
1696874400000,TAR015_01,DCR_DEN,4498.0,900,NRCell,Huawei
1696874400000,TAR015_01,DCR_NUM,3.0,900,NRCell,Huawei
1696874400000,TAR015_01,DROP_CALL_VOLTE_DEN,50.0,900,NRCell,Huawei
1696874400000,TAR015_01,DROP_CALL_VOLTE_NUM,0.0,900,NRCell,Huawei
1696874400000,TAR015_01,ERAB_SR_DEN,4517.0,900,NRCell,Huawei
1696874400000,TAR015_01,ERAB_SR_NUM,4508.0,900,NRCell,Huawei
1696874400000,TAR015_01,INTEGRITY_NGBR_QCI_9,17760169760.0,900,NRCell,Huawei
1696874400000,TAR015_01,INTRA_FREQUENCY_HO_OUT_ATT,140.0,900,NRCell,Huawei
1696874400000,TAR015_01,INTRA_FREQUENCY_HO_OUT_SUCC,140.0,900,NRCell,Huawei
1696874400000,TAR015_01,RRC_SETUP_ATT,2461.0,900,NRCell,Huawei
1696874400000,TAR015_01,RRC_SETUP_SUCC,2460.0,900,NRCell,Huawei
1696874400000,TAR015_01,S1SIG_Connection_Setup_SR_DEN,2460.0,900,NRCell,Huawei
1696874400000,TAR015_01,S1SIG_Connection_Setup_SR_NUM,2460.0,900,NRCell,Huawei
1696874400000,TAR015_01,SERVICE_LATENCY_OVER_AIR_INTERFACE_DEN,526669.0,900,NRCell,Huawei
1696874400000,TAR015_01,SERVICE_LATENCY_OVER_AIR_INTERFACE_NUM,945740.0,900,NRCell,Huawei
1696874400000,TAR015_01,VOICE_TRAFFIC,29395.0,900,NRCell,Huawei
1696874400000,TAR015_01,VOLTE_CALL_SETUP_ATT,42.0,900,NRCell,Huawei
1696874400000,TAR015_01,VOLTE_CALL_SETUP_SUCC,42.0,900,NRCell,Huawei
1696874400000,TOL034_01,DCR_DEN,221.0,900,NRCell,Huawei
1696874400000,TOL034_01,DCR_NUM,0.0,900,NRCell,Huawei
1696874400000,TOL034_01,DROP_CALL_VOLTE_DEN,2.0,900,NRCell,Huawei
1696874400000,TOL034_01,DROP_CALL_VOLTE_NUM,0.0,900,NRCell,Huawei
1696874400000,TOL034_01,ERAB_SR_DEN,208.0,900,NRCell,Huawei
1696874400000,TOL034_01,ERAB_SR_NUM,208.0,900,NRCell,Huawei
1696874400000,TOL034_01,INTEGRITY_NGBR_QCI_9,4333641856.0,900,NRCell,Huawei
1696874400000,TOL034_01,INTRA_FREQUENCY_HO_OUT_ATT,24.0,900,NRCell,Huawei
1696874400000,TOL034_01,INTRA_FREQUENCY_HO_OUT_SUCC,24.0,900,NRCell,Huawei
1696874400000,TOL034_01,RRC_SETUP_ATT,143.0,900,NRCell,Huawei
1696874400000,TOL034_01,RRC_SETUP_SUCC,141.0,900,NRCell,Huawei
1696874400000,TOL034_01,S1SIG_Connection_Setup_SR_DEN,141.0,900,NRCell,Huawei
1696874400000,TOL034_01,S1SIG_Connection_Setup_SR_NUM,141.0,900,NRCell,Huawei
1696874400000,TOL034_01,SERVICE_LATENCY_OVER_AIR_INTERFACE_DEN,71829.0,900,NRCell,Huawei
1696874400000,TOL034_01,SERVICE_LATENCY_OVER_AIR_INTERFACE_NUM,116011.0,900,NRCell,Huawei
1696874400000,TOL034_01,VOICE_TRAFFIC,825.0,900,NRCell,Huawei
1696874400000,TOL034_01,VOLTE_CALL_SETUP_ATT,2.0,900,NRCell,Huawei
1696874400000,TOL034_01,VOLTE_CALL_SETUP_SUCC,2.0,900,NRCell,Huawei
1696874400000,VAL002_01,DCR_DEN,48.0,900,NRCell,Huawei
1696874400000,VAL002_01,DCR_NUM,1.0,900,NRCell,Huawei
1696874400000,VAL002_01,DROP_CALL_VOLTE_DEN,0.0,900,NRCell,Huawei
1696874400000,VAL002_01,DROP_CALL_VOLTE_NUM,0.0,900,NRCell,Huawei
1696874400000,VAL002_01,ERAB_SR_DEN,52.0,900,NRCell,Huawei
1696874400000,VAL002_01,ERAB_SR_NUM,52.0,900,NRCell,Huawei
1696874400000,VAL002_01,INTEGRITY_NGBR_QCI_9,757059144.0,900,NRCell,Huawei
1696874400000,VAL002_01,INTRA_FREQUENCY_HO_OUT_ATT,3.0,900,NRCell,Huawei
1696874400000,VAL002_01,INTRA_FREQUENCY_HO_OUT_SUCC,3.0,900,NRCell,Huawei
1696874400000,VAL002_01,RRC_SETUP_ATT,32.0,900,NRCell,Huawei
1696874400000,VAL002_01,RRC_SETUP_SUCC,32.0,900,NRCell,Huawei
1696874400000,VAL002_01,S1SIG_Connection_Setup_SR_DEN,32.0,900,NRCell,Huawei
1696874400000,VAL002_01,S1SIG_Connection_Setup_SR_NUM,32.0,900,NRCell,Huawei
1696874400000,VAL002_01,SERVICE_LATENCY_OVER_AIR_INTERFACE_DEN,5488.0,900,NRCell,Huawei
1696874400000,VAL002_01,SERVICE_LATENCY_OVER_AIR_INTERFACE_NUM,9779.0,900,NRCell,Huawei
1696874400000,VAL002_01,VOICE_TRAFFIC,35.0,900,NRCell,Huawei
1696874400000,VAL002_01,VOLTE_CALL_SETUP_ATT,0.0,900,NRCell,Huawei
1696874400000,VAL002_01,VOLTE_CALL_SETUP_SUCC,0.0,900,NRCell,Huawei
