startTime,neId,counterCode,counterValue,granularity,neType,vendorName
1696642200000,BCN014_01,DCR_DEN,2986.0,900,NRCell,Huawei
1696642200000,BCN014_01,DCR_NUM,0.0,900,NRCell,Huawei
1696642200000,BCN014_01,DROP_CALL_VOLTE_DEN,33.0,900,NRCell,Huawei
1696642200000,BCN014_01,DROP_CALL_VOLTE_NUM,0.0,900,NRCell,Huawei
1696642200000,BCN014_01,ERAB_SR_DEN,3054.0,900,NRCell,Huawei
1696642200000,BCN014_01,ERAB_SR_NUM,3053.0,900,NRCell,Huawei
1696642200000,BCN014_01,INTEGRITY_NGBR_QCI_9,13691165288.0,900,NRCell,Huawei
1696642200000,BCN014_01,INTRA_FREQUENCY_HO_OUT_ATT,314.0,900,NRCell,Huawei
1696642200000,BCN014_01,INTRA_FREQUENCY_HO_OUT_SUCC,314.0,900,NRCell,Huawei
1696642200000,BCN014_01,RRC_SETUP_ATT,1804.0,900,NRCell,Huawei
1696642200000,BCN014_01,RRC_SETUP_SUCC,1798.0,900,NRCell,Huawei
1696642200000,BCN014_01,S1SIG_Connection_Setup_SR_DEN,1798.0,900,NRCell,Huawei
1696642200000,BCN014_01,S1SIG_Connection_Setup_SR_NUM,1796.0,900,NRCell,Huawei
1696642200000,BCN014_01,SERVICE_LATENCY_OVER_AIR_INTERFACE_DEN,508227.0,900,NRCell,Huawei
1696642200000,BCN014_01,SERVICE_LATENCY_OVER_AIR_INTERFACE_NUM,943640.0,900,NRCell,Huawei
1696642200000,BCN014_01,VOICE_TRAFFIC,22260.0,900,NRCell,Huawei
1696642200000,BCN014_01,VOLTE_CALL_SETUP_ATT,35.0,900,NRCell,Huawei
1696642200000,BCN014_01,VOLTE_CALL_SETUP_SUCC,35.0,900,NRCell,Huawei
1696642200000,BIL001_01,DCR_DEN,2531.0,900,NRCell,Huawei
1696642200000,BIL001_01,DCR_NUM,2.0,900,NRCell,Huawei
1696642200000,BIL001_01,DROP_CALL_VOLTE_DEN,14.0,900,NRCell,Huawei
1696642200000,BIL001_01,DROP_CALL_VOLTE_NUM,0.0,900,NRCell,Huawei
1696642200000,BIL001_01,ERAB_SR_DEN,2556.0,900,NRCell,Huawei
1696642200000,BIL001_01,ERAB_SR_NUM,2552.0,900,NRCell,Huawei
1696642200000,BIL001_01,INTEGRITY_NGBR_QCI_9,14213077992.0,900,NRCell,Huawei
1696642200000,BIL001_01,INTRA_FREQUENCY_HO_OUT_ATT,260.0,900,NRCell,Huawei
1696642200000,BIL001_01,INTRA_FREQUENCY_HO_OUT_SUCC,260.0,900,NRCell,Huawei
1696642200000,BIL001_01,RRC_SETUP_ATT,1588.0,900,NRCell,Huawei
1696642200000,BIL001_01,RRC_SETUP_SUCC,1574.0,900,NRCell,Huawei
1696642200000,BIL001_01,S1SIG_Connection_Setup_SR_DEN,1574.0,900,NRCell,Huawei
1696642200000,BIL001_01,S1SIG_Connection_Setup_SR_NUM,1573.0,900,NRCell,Huawei
1696642200000,BIL001_01,SERVICE_LATENCY_OVER_AIR_INTERFACE_DEN,377603.0,900,NRCell,Huawei
1696642200000,BIL001_01,SERVICE_LATENCY_OVER_AIR_INTERFACE_NUM,654813.0,900,NRCell,Huawei
1696642200000,BIL001_01,VOICE_TRAFFIC,10153.0,900,NRCell,Huawei
1696642200000,BIL001_01,VOLTE_CALL_SETUP_ATT,14.0,900,NRCell,Huawei
1696642200000,BIL001_01,VOLTE_CALL_SETUP_SUCC,14.0,900,NRCell,Huawei
1696642200000,MAD033_01,DCR_DEN,1308.0,900,NRCell,Huawei
1696642200000,MAD033_01,DCR_NUM,1.0,900,NRCell,Huawei
1696642200000,MAD033_01,DROP_CALL_VOLTE_DEN,21.0,900,NRCell,Huawei
1696642200000,MAD033_01,DROP_CALL_VOLTE_NUM,0.0,900,NRCell,Huawei
1696642200000,MAD033_01,ERAB_SR_DEN,1333.0,900,NRCell,Huawei
1696642200000,MAD033_01,ERAB_SR_NUM,1333.0,900,NRCell,Huawei
1696642200000,MAD033_01,INTEGRITY_NGBR_QCI_9,9073161208.0,900,NRCell,Huawei
1696642200000,MAD033_01,INTRA_FREQUENCY_HO_OUT_ATT,127.0,900,NRCell,Huawei
1696642200000,MAD033_01,INTRA_FREQUENCY_HO_OUT_SUCC,127.0,900,NRCell,Huawei
1696642200000,MAD033_01,RRC_SETUP_ATT,770.0,900,NRCell,Huawei
1696642200000,MAD033_01,RRC_SETUP_SUCC,768.0,900,NRCell,Huawei
1696642200000,MAD033_01,S1SIG_Connection_Setup_SR_DEN,768.0,900,NRCell,Huawei
1696642200000,MAD033_01,S1SIG_Connection_Setup_SR_NUM,768.0,900,NRCell,Huawei
1696642200000,MAD033_01,SERVICE_LATENCY_OVER_AIR_INTERFACE_DEN,160745.0,900,NRCell,Huawei
1696642200000,MAD033_01,SERVICE_LATENCY_OVER_AIR_INTERFACE_NUM,249494.0,900,NRCell,Huawei
1696642200000,MAD033_01,VOICE_TRAFFIC,16422.0,900,NRCell,Huawei
1696642200000,MAD033_01,VOLTE_CALL_SETUP_ATT,19.0,900,NRCell,Huawei
1696642200000,MAD033_01,VOLTE_CALL_SETUP_SUCC,19.0,900,NRCell,Huawei
1696642200000,SAL030_01,DCR_DEN,213.0,900,NRCell,Huawei
1696642200000,SAL030_01,DCR_NUM,0.0,900,NRCell,Huawei
1696642200000,SAL030_01,DROP_CALL_VOLTE_DEN,1.0,900,NRCell,Huawei
1696642200000,SAL030_01,DROP_CALL_VOLTE_NUM,0.0,900,NRCell,Huawei
1696642200000,SAL030_01,ERAB_SR_DEN,207.0,900,NRCell,Huawei
1696642200000,SAL030_01,ERAB_SR_NUM,207.0,900,NRCell,Huawei
1696642200000,SAL030_01,INTEGRITY_NGBR_QCI_9,2349641080.0,900,NRCell,Huawei
1696642200000,SAL030_01,INTRA_FREQUENCY_HO_OUT_ATT,11.0,900,NRCell,Huawei
1696642200000,SAL030_01,INTRA_FREQUENCY_HO_OUT_SUCC,11.0,900,NRCell,Huawei
1696642200000,SAL030_01,RRC_SETUP_ATT,125.0,900,NRCell,Huawei
1696642200000,SAL030_01,RRC_SETUP_SUCC,125.0,900,NRCell,Huawei
1696642200000,SAL030_01,S1SIG_Connection_Setup_SR_DEN,125.0,900,NRCell,Huawei
1696642200000,SAL030_01,S1SIG_Connection_Setup_SR_NUM,124.0,900,NRCell,Huawei
1696642200000,SAL030_01,SERVICE_LATENCY_OVER_AIR_INTERFACE_DEN,26420.0,900,NRCell,Huawei
1696642200000,SAL030_01,SERVICE_LATENCY_OVER_AIR_INTERFACE_NUM,67217.0,900,NRCell,Huawei
1696642200000,SAL030_01,VOICE_TRAFFIC,520.0,900,NRCell,Huawei
1696642200000,SAL030_01,VOLTE_CALL_SETUP_ATT,1.0,900,NRCell,Huawei
1696642200000,SAL030_01,VOLTE_CALL_SETUP_SUCC,1.0,900,NRCell,Huawei
1696642200000,SEV001_01,DCR_DEN,2224.0,900,NRCell,Huawei
1696642200000,SEV001_01,DCR_NUM,2.0,900,NRCell,Huawei
1696642200000,SEV001_01,DROP_CALL_VOLTE_DEN,21.0,900,NRCell,Huawei
1696642200000,SEV001_01,DROP_CALL_VOLTE_NUM,0.0,900,NRCell,Huawei
1696642200000,SEV001_01,ERAB_SR_DEN,2260.0,900,NRCell,Huawei
1696642200000,SEV001_01,ERAB_SR_NUM,2255.0,900,NRCell,Huawei
1696642200000,SEV001_01,INTEGRITY_NGBR_QCI_9,11481599624.0,900,NRCell,Huawei
1696642200000,SEV001_01,INTRA_FREQUENCY_HO_OUT_ATT,112.0,900,NRCell,Huawei
1696642200000,SEV001_01,INTRA_FREQUENCY_HO_OUT_SUCC,112.0,900,NRCell,Huawei
1696642200000,SEV001_01,RRC_SETUP_ATT,1243.0,900,NRCell,Huawei
1696642200000,SEV001_01,RRC_SETUP_SUCC,1241.0,900,NRCell,Huawei
1696642200000,SEV001_01,S1SIG_Connection_Setup_SR_DEN,1241.0,900,NRCell,Huawei
1696642200000,SEV001_01,S1SIG_Connection_Setup_SR_NUM,1241.0,900,NRCell,Huawei
1696642200000,SEV001_01,SERVICE_LATENCY_OVER_AIR_INTERFACE_DEN,367608.0,900,NRCell,Huawei
1696642200000,SEV001_01,SERVICE_LATENCY_OVER_AIR_INTERFACE_NUM,954723.0,900,NRCell,Huawei
1696642200000,SEV001_01,VOICE_TRAFFIC,36034.0,900,NRCell,Huawei
1696642200000,SEV001_01,VOLTE_CALL_SETUP_ATT,20.0,900,NRCell,Huawei
1696642200000,SEV001_01,VOLTE_CALL_SETUP_SUCC,20.0,900,NRCell,Huawei
1696642200000,SNT002_01,DCR_DEN,1036.0,900,NRCell,Huawei
1696642200000,SNT002_01,DCR_NUM,0.0,900,NRCell,Huawei
1696642200000,SNT002_01,DROP_CALL_VOLTE_DEN,7.0,900,NRCell,Huawei
1696642200000,SNT002_01,DROP_CALL_VOLTE_NUM,0.0,900,NRCell,Huawei
1696642200000,SNT002_01,ERAB_SR_DEN,1070.0,900,NRCell,Huawei
1696642200000,SNT002_01,ERAB_SR_NUM,1070.0,900,NRCell,Huawei
1696642200000,SNT002_01,INTEGRITY_NGBR_QCI_9,10474674880.0,900,NRCell,Huawei
1696642200000,SNT002_01,INTRA_FREQUENCY_HO_OUT_ATT,125.0,900,NRCell,Huawei
1696642200000,SNT002_01,INTRA_FREQUENCY_HO_OUT_SUCC,124.0,900,NRCell,Huawei
1696642200000,SNT002_01,RRC_SETUP_ATT,678.0,900,NRCell,Huawei
1696642200000,SNT002_01,RRC_SETUP_SUCC,676.0,900,NRCell,Huawei
1696642200000,SNT002_01,S1SIG_Connection_Setup_SR_DEN,676.0,900,NRCell,Huawei
1696642200000,SNT002_01,S1SIG_Connection_Setup_SR_NUM,676.0,900,NRCell,Huawei
1696642200000,SNT002_01,SERVICE_LATENCY_OVER_AIR_INTERFACE_DEN,208389.0,900,NRCell,Huawei
1696642200000,SNT002_01,SERVICE_LATENCY_OVER_AIR_INTERFACE_NUM,266699.0,900,NRCell,Huawei
1696642200000,SNT002_01,VOICE_TRAFFIC,8935.0,900,NRCell,Huawei
1696642200000,SNT002_01,VOLTE_CALL_SETUP_ATT,8.0,900,NRCell,Huawei
1696642200000,SNT002_01,VOLTE_CALL_SETUP_SUCC,8.0,900,NRCell,Huawei
1696642200000,TAR015_01,DCR_DEN,2924.0,900,NRCell,Huawei
1696642200000,TAR015_01,DCR_NUM,8.0,900,NRCell,Huawei
1696642200000,TAR015_01,DROP_CALL_VOLTE_DEN,23.0,900,NRCell,Huawei
1696642200000,TAR015_01,DROP_CALL_VOLTE_NUM,1.0,900,NRCell,Huawei
1696642200000,TAR015_01,ERAB_SR_DEN,2845.0,900,NRCell,Huawei
1696642200000,TAR015_01,ERAB_SR_NUM,2844.0,900,NRCell,Huawei
1696642200000,TAR015_01,INTEGRITY_NGBR_QCI_9,17085281672.0,900,NRCell,Huawei
1696642200000,TAR015_01,INTRA_FREQUENCY_HO_OUT_ATT,133.0,900,NRCell,Huawei
1696642200000,TAR015_01,INTRA_FREQUENCY_HO_OUT_SUCC,133.0,900,NRCell,Huawei
1696642200000,TAR015_01,RRC_SETUP_ATT,1574.0,900,NRCell,Huawei
1696642200000,TAR015_01,RRC_SETUP_SUCC,1574.0,900,NRCell,Huawei
1696642200000,TAR015_01,S1SIG_Connection_Setup_SR_DEN,1574.0,900,NRCell,Huawei
1696642200000,TAR015_01,S1SIG_Connection_Setup_SR_NUM,1574.0,900,NRCell,Huawei
1696642200000,TAR015_01,SERVICE_LATENCY_OVER_AIR_INTERFACE_DEN,445327.0,900,NRCell,Huawei
1696642200000,TAR015_01,SERVICE_LATENCY_OVER_AIR_INTERFACE_NUM,2543141.0,900,NRCell,Huawei
1696642200000,TAR015_01,VOICE_TRAFFIC,27254.0,900,NRCell,Huawei
1696642200000,TAR015_01,VOLTE_CALL_SETUP_ATT,26.0,900,NRCell,Huawei
1696642200000,TAR015_01,VOLTE_CALL_SETUP_SUCC,26.0,900,NRCell,Huawei
1696642200000,TOL034_01,DCR_DEN,134.0,900,NRCell,Huawei
1696642200000,TOL034_01,DCR_NUM,0.0,900,NRCell,Huawei
1696642200000,TOL034_01,DROP_CALL_VOLTE_DEN,0.0,900,NRCell,Huawei
1696642200000,TOL034_01,DROP_CALL_VOLTE_NUM,0.0,900,NRCell,Huawei
1696642200000,TOL034_01,ERAB_SR_DEN,126.0,900,NRCell,Huawei
1696642200000,TOL034_01,ERAB_SR_NUM,125.0,900,NRCell,Huawei
1696642200000,TOL034_01,INTEGRITY_NGBR_QCI_9,3945346816.0,900,NRCell,Huawei
1696642200000,TOL034_01,INTRA_FREQUENCY_HO_OUT_ATT,20.0,900,NRCell,Huawei
1696642200000,TOL034_01,INTRA_FREQUENCY_HO_OUT_SUCC,20.0,900,NRCell,Huawei
1696642200000,TOL034_01,RRC_SETUP_ATT,102.0,900,NRCell,Huawei
1696642200000,TOL034_01,RRC_SETUP_SUCC,102.0,900,NRCell,Huawei
1696642200000,TOL034_01,S1SIG_Connection_Setup_SR_DEN,102.0,900,NRCell,Huawei
1696642200000,TOL034_01,S1SIG_Connection_Setup_SR_NUM,101.0,900,NRCell,Huawei
1696642200000,TOL034_01,SERVICE_LATENCY_OVER_AIR_INTERFACE_DEN,48459.0,900,NRCell,Huawei
1696642200000,TOL034_01,SERVICE_LATENCY_OVER_AIR_INTERFACE_NUM,63422.0,900,NRCell,Huawei
1696642200000,TOL034_01,VOICE_TRAFFIC,94.0,900,NRCell,Huawei
1696642200000,TOL034_01,VOLTE_CALL_SETUP_ATT,0.0,900,NRCell,Huawei
1696642200000,TOL034_01,VOLTE_CALL_SETUP_SUCC,0.0,900,NRCell,Huawei
1696642200000,VAL002_01,DCR_DEN,46.0,900,NRCell,Huawei
1696642200000,VAL002_01,DCR_NUM,0.0,900,NRCell,Huawei
1696642200000,VAL002_01,DROP_CALL_VOLTE_DEN,2.0,900,NRCell,Huawei
1696642200000,VAL002_01,DROP_CALL_VOLTE_NUM,0.0,900,NRCell,Huawei
1696642200000,VAL002_01,ERAB_SR_DEN,45.0,900,NRCell,Huawei
1696642200000,VAL002_01,ERAB_SR_NUM,45.0,900,NRCell,Huawei
1696642200000,VAL002_01,INTEGRITY_NGBR_QCI_9,94634288.0,900,NRCell,Huawei
1696642200000,VAL002_01,INTRA_FREQUENCY_HO_OUT_ATT,5.0,900,NRCell,Huawei
1696642200000,VAL002_01,INTRA_FREQUENCY_HO_OUT_SUCC,5.0,900,NRCell,Huawei
1696642200000,VAL002_01,RRC_SETUP_ATT,32.0,900,NRCell,Huawei
1696642200000,VAL002_01,RRC_SETUP_SUCC,31.0,900,NRCell,Huawei
1696642200000,VAL002_01,S1SIG_Connection_Setup_SR_DEN,31.0,900,NRCell,Huawei
1696642200000,VAL002_01,S1SIG_Connection_Setup_SR_NUM,31.0,900,NRCell,Huawei
1696642200000,VAL002_01,SERVICE_LATENCY_OVER_AIR_INTERFACE_DEN,5640.0,900,NRCell,Huawei
1696642200000,VAL002_01,SERVICE_LATENCY_OVER_AIR_INTERFACE_NUM,11363.0,900,NRCell,Huawei
1696642200000,VAL002_01,VOICE_TRAFFIC,1186.0,900,NRCell,Huawei
1696642200000,VAL002_01,VOLTE_CALL_SETUP_ATT,0.0,900,NRCell,Huawei
1696642200000,VAL002_01,VOLTE_CALL_SETUP_SUCC,0.0,900,NRCell,Huawei
