startTime,neId,counterCode,counterValue,granularity,neType,vendorName
1696777200000,BCN014_01,DCR_DEN,1637.0,900,NRCell,Huawei
1696777200000,BCN014_01,DCR_NUM,2.0,900,NRCell,Huawei
1696777200000,BCN014_01,DROP_CALL_VOLTE_DEN,16.0,900,NRCell,Huawei
1696777200000,BCN014_01,DROP_CALL_VOLTE_NUM,0.0,900,NRCell,Huawei
1696777200000,BCN014_01,ERAB_SR_DEN,1617.0,900,NRCell,Huawei
1696777200000,BCN014_01,ERAB_SR_NUM,1617.0,900,NRCell,Huawei
1696777200000,BCN014_01,INTEGRITY_NGBR_QCI_9,13092492376.0,900,NRCell,Huawei
1696777200000,BCN014_01,INTRA_FREQUENCY_HO_OUT_ATT,103.0,900,NRCell,Huawei
1696777200000,BCN014_01,INTRA_FREQUENCY_HO_OUT_SUCC,103.0,900,NRCell,Huawei
1696777200000,BCN014_01,RRC_SETUP_ATT,980.0,900,NRCell,Huawei
1696777200000,BCN014_01,RRC_SETUP_SUCC,980.0,900,NRCell,Huawei
1696777200000,BCN014_01,S1SIG_Connection_Setup_SR_DEN,980.0,900,NRCell,Huawei
1696777200000,BCN014_01,S1SIG_Connection_Setup_SR_NUM,980.0,900,NRCell,Huawei
1696777200000,BCN014_01,SERVICE_LATENCY_OVER_AIR_INTERFACE_DEN,327395.0,900,NRCell,Huawei
1696777200000,BCN014_01,SERVICE_LATENCY_OVER_AIR_INTERFACE_NUM,450140.0,900,NRCell,Huawei
1696777200000,BCN014_01,VOICE_TRAFFIC,9363.0,900,NRCell,Huawei
1696777200000,BCN014_01,VOLTE_CALL_SETUP_ATT,17.0,900,NRCell,Huawei
1696777200000,BCN014_01,VOLTE_CALL_SETUP_SUCC,17.0,900,NRCell,Huawei
1696777200000,BIL001_01,DCR_DEN,1703.0,900,NRCell,Huawei
1696777200000,BIL001_01,DCR_NUM,0.0,900,NRCell,Huawei
1696777200000,BIL001_01,DROP_CALL_VOLTE_DEN,11.0,900,NRCell,Huawei
1696777200000,BIL001_01,DROP_CALL_VOLTE_NUM,0.0,900,NRCell,Huawei
1696777200000,BIL001_01,ERAB_SR_DEN,1729.0,900,NRCell,Huawei
1696777200000,BIL001_01,ERAB_SR_NUM,1729.0,900,NRCell,Huawei
1696777200000,BIL001_01,INTEGRITY_NGBR_QCI_9,13119588272.0,900,NRCell,Huawei
1696777200000,BIL001_01,INTRA_FREQUENCY_HO_OUT_ATT,113.0,900,NRCell,Huawei
1696777200000,BIL001_01,INTRA_FREQUENCY_HO_OUT_SUCC,112.0,900,NRCell,Huawei
1696777200000,BIL001_01,RRC_SETUP_ATT,1042.0,900,NRCell,Huawei
1696777200000,BIL001_01,RRC_SETUP_SUCC,1041.0,900,NRCell,Huawei
1696777200000,BIL001_01,S1SIG_Connection_Setup_SR_DEN,1041.0,900,NRCell,Huawei
1696777200000,BIL001_01,S1SIG_Connection_Setup_SR_NUM,1041.0,900,NRCell,Huawei
1696777200000,BIL001_01,SERVICE_LATENCY_OVER_AIR_INTERFACE_DEN,385121.0,900,NRCell,Huawei
1696777200000,BIL001_01,SERVICE_LATENCY_OVER_AIR_INTERFACE_NUM,482232.0,900,NRCell,Huawei
1696777200000,BIL001_01,VOICE_TRAFFIC,5200.0,900,NRCell,Huawei
1696777200000,BIL001_01,VOLTE_CALL_SETUP_ATT,10.0,900,NRCell,Huawei
1696777200000,BIL001_01,VOLTE_CALL_SETUP_SUCC,10.0,900,NRCell,Huawei
1696777200000,MAD033_01,DCR_DEN,906.0,900,NRCell,Huawei
1696777200000,MAD033_01,DCR_NUM,0.0,900,NRCell,Huawei
1696777200000,MAD033_01,DROP_CALL_VOLTE_DEN,8.0,900,NRCell,Huawei
1696777200000,MAD033_01,DROP_CALL_VOLTE_NUM,0.0,900,NRCell,Huawei
1696777200000,MAD033_01,ERAB_SR_DEN,856.0,900,NRCell,Huawei
1696777200000,MAD033_01,ERAB_SR_NUM,856.0,900,NRCell,Huawei
1696777200000,MAD033_01,INTEGRITY_NGBR_QCI_9,1463234416.0,900,NRCell,Huawei
1696777200000,MAD033_01,INTRA_FREQUENCY_HO_OUT_ATT,55.0,900,NRCell,Huawei
1696777200000,MAD033_01,INTRA_FREQUENCY_HO_OUT_SUCC,55.0,900,NRCell,Huawei
1696777200000,MAD033_01,RRC_SETUP_ATT,488.0,900,NRCell,Huawei
1696777200000,MAD033_01,RRC_SETUP_SUCC,488.0,900,NRCell,Huawei
1696777200000,MAD033_01,S1SIG_Connection_Setup_SR_DEN,488.0,900,NRCell,Huawei
1696777200000,MAD033_01,S1SIG_Connection_Setup_SR_NUM,488.0,900,NRCell,Huawei
1696777200000,MAD033_01,SERVICE_LATENCY_OVER_AIR_INTERFACE_DEN,59727.0,900,NRCell,Huawei
1696777200000,MAD033_01,SERVICE_LATENCY_OVER_AIR_INTERFACE_NUM,70046.0,900,NRCell,Huawei
1696777200000,MAD033_01,VOICE_TRAFFIC,7867.0,900,NRCell,Huawei
1696777200000,MAD033_01,VOLTE_CALL_SETUP_ATT,7.0,900,NRCell,Huawei
1696777200000,MAD033_01,VOLTE_CALL_SETUP_SUCC,7.0,900,NRCell,Huawei
1696777200000,SAL030_01,DCR_DEN,97.0,900,NRCell,Huawei
1696777200000,SAL030_01,DCR_NUM,0.0,900,NRCell,Huawei
1696777200000,SAL030_01,DROP_CALL_VOLTE_DEN,1.0,900,NRCell,Huawei
1696777200000,SAL030_01,DROP_CALL_VOLTE_NUM,0.0,900,NRCell,Huawei
1696777200000,SAL030_01,ERAB_SR_DEN,98.0,900,NRCell,Huawei
1696777200000,SAL030_01,ERAB_SR_NUM,98.0,900,NRCell,Huawei
1696777200000,SAL030_01,INTEGRITY_NGBR_QCI_9,3895874584.0,900,NRCell,Huawei
1696777200000,SAL030_01,INTRA_FREQUENCY_HO_OUT_ATT,5.0,900,NRCell,Huawei
1696777200000,SAL030_01,INTRA_FREQUENCY_HO_OUT_SUCC,5.0,900,NRCell,Huawei
1696777200000,SAL030_01,RRC_SETUP_ATT,58.0,900,NRCell,Huawei
1696777200000,SAL030_01,RRC_SETUP_SUCC,57.0,900,NRCell,Huawei
1696777200000,SAL030_01,S1SIG_Connection_Setup_SR_DEN,57.0,900,NRCell,Huawei
1696777200000,SAL030_01,S1SIG_Connection_Setup_SR_NUM,57.0,900,NRCell,Huawei
1696777200000,SAL030_01,SERVICE_LATENCY_OVER_AIR_INTERFACE_DEN,67124.0,900,NRCell,Huawei
1696777200000,SAL030_01,SERVICE_LATENCY_OVER_AIR_INTERFACE_NUM,119752.0,900,NRCell,Huawei
1696777200000,SAL030_01,VOICE_TRAFFIC,278.0,900,NRCell,Huawei
1696777200000,SAL030_01,VOLTE_CALL_SETUP_ATT,2.0,900,NRCell,Huawei
1696777200000,SAL030_01,VOLTE_CALL_SETUP_SUCC,2.0,900,NRCell,Huawei
1696777200000,SEV001_01,DCR_DEN,3100.0,900,NRCell,Huawei
1696777200000,SEV001_01,DCR_NUM,0.0,900,NRCell,Huawei
1696777200000,SEV001_01,DROP_CALL_VOLTE_DEN,22.0,900,NRCell,Huawei
1696777200000,SEV001_01,DROP_CALL_VOLTE_NUM,0.0,900,NRCell,Huawei
1696777200000,SEV001_01,ERAB_SR_DEN,3082.0,900,NRCell,Huawei
1696777200000,SEV001_01,ERAB_SR_NUM,3082.0,900,NRCell,Huawei
1696777200000,SEV001_01,INTEGRITY_NGBR_QCI_9,12386810128.0,900,NRCell,Huawei
1696777200000,SEV001_01,INTRA_FREQUENCY_HO_OUT_ATT,80.0,900,NRCell,Huawei
1696777200000,SEV001_01,INTRA_FREQUENCY_HO_OUT_SUCC,80.0,900,NRCell,Huawei
1696777200000,SEV001_01,RRC_SETUP_ATT,1685.0,900,NRCell,Huawei
1696777200000,SEV001_01,RRC_SETUP_SUCC,1685.0,900,NRCell,Huawei
1696777200000,SEV001_01,S1SIG_Connection_Setup_SR_DEN,1685.0,900,NRCell,Huawei
1696777200000,SEV001_01,S1SIG_Connection_Setup_SR_NUM,1685.0,900,NRCell,Huawei
1696777200000,SEV001_01,SERVICE_LATENCY_OVER_AIR_INTERFACE_DEN,372889.0,900,NRCell,Huawei
1696777200000,SEV001_01,SERVICE_LATENCY_OVER_AIR_INTERFACE_NUM,792856.0,900,NRCell,Huawei
1696777200000,SEV001_01,VOICE_TRAFFIC,17680.0,900,NRCell,Huawei
1696777200000,SEV001_01,VOLTE_CALL_SETUP_ATT,23.0,900,NRCell,Huawei
1696777200000,SEV001_01,VOLTE_CALL_SETUP_SUCC,23.0,900,NRCell,Huawei
1696777200000,SNT002_01,DCR_DEN,917.0,900,NRCell,Huawei
1696777200000,SNT002_01,DCR_NUM,0.0,900,NRCell,Huawei
1696777200000,SNT002_01,DROP_CALL_VOLTE_DEN,8.0,900,NRCell,Huawei
1696777200000,SNT002_01,DROP_CALL_VOLTE_NUM,0.0,900,NRCell,Huawei
1696777200000,SNT002_01,ERAB_SR_DEN,940.0,900,NRCell,Huawei
1696777200000,SNT002_01,ERAB_SR_NUM,938.0,900,NRCell,Huawei
1696777200000,SNT002_01,INTEGRITY_NGBR_QCI_9,4414473352.0,900,NRCell,Huawei
1696777200000,SNT002_01,INTRA_FREQUENCY_HO_OUT_ATT,46.0,900,NRCell,Huawei
1696777200000,SNT002_01,INTRA_FREQUENCY_HO_OUT_SUCC,46.0,900,NRCell,Huawei
1696777200000,SNT002_01,RRC_SETUP_ATT,533.0,900,NRCell,Huawei
1696777200000,SNT002_01,RRC_SETUP_SUCC,533.0,900,NRCell,Huawei
1696777200000,SNT002_01,S1SIG_Connection_Setup_SR_DEN,533.0,900,NRCell,Huawei
1696777200000,SNT002_01,S1SIG_Connection_Setup_SR_NUM,533.0,900,NRCell,Huawei
1696777200000,SNT002_01,SERVICE_LATENCY_OVER_AIR_INTERFACE_DEN,113158.0,900,NRCell,Huawei
1696777200000,SNT002_01,SERVICE_LATENCY_OVER_AIR_INTERFACE_NUM,123542.0,900,NRCell,Huawei
1696777200000,SNT002_01,VOICE_TRAFFIC,1291.0,900,NRCell,Huawei
1696777200000,SNT002_01,VOLTE_CALL_SETUP_ATT,8.0,900,NRCell,Huawei
1696777200000,SNT002_01,VOLTE_CALL_SETUP_SUCC,8.0,900,NRCell,Huawei
1696777200000,TAR015_01,DCR_DEN,2992.0,900,NRCell,Huawei
1696777200000,TAR015_01,DCR_NUM,1.0,900,NRCell,Huawei
1696777200000,TAR015_01,DROP_CALL_VOLTE_DEN,15.0,900,NRCell,Huawei
1696777200000,TAR015_01,DROP_CALL_VOLTE_NUM,0.0,900,NRCell,Huawei
1696777200000,TAR015_01,ERAB_SR_DEN,2965.0,900,NRCell,Huawei
1696777200000,TAR015_01,ERAB_SR_NUM,2965.0,900,NRCell,Huawei
1696777200000,TAR015_01,INTEGRITY_NGBR_QCI_9,17413191680.0,900,NRCell,Huawei
1696777200000,TAR015_01,INTRA_FREQUENCY_HO_OUT_ATT,95.0,900,NRCell,Huawei
1696777200000,TAR015_01,INTRA_FREQUENCY_HO_OUT_SUCC,95.0,900,NRCell,Huawei
1696777200000,TAR015_01,RRC_SETUP_ATT,1661.0,900,NRCell,Huawei
1696777200000,TAR015_01,RRC_SETUP_SUCC,1660.0,900,NRCell,Huawei
1696777200000,TAR015_01,S1SIG_Connection_Setup_SR_DEN,1660.0,900,NRCell,Huawei
1696777200000,TAR015_01,S1SIG_Connection_Setup_SR_NUM,1660.0,900,NRCell,Huawei
1696777200000,TAR015_01,SERVICE_LATENCY_OVER_AIR_INTERFACE_DEN,429525.0,900,NRCell,Huawei
1696777200000,TAR015_01,SERVICE_LATENCY_OVER_AIR_INTERFACE_NUM,1065598.0,900,NRCell,Huawei
1696777200000,TAR015_01,VOICE_TRAFFIC,15981.0,900,NRCell,Huawei
1696777200000,TAR015_01,VOLTE_CALL_SETUP_ATT,16.0,900,NRCell,Huawei
1696777200000,TAR015_01,VOLTE_CALL_SETUP_SUCC,16.0,900,NRCell,Huawei
1696777200000,TOL034_01,DCR_DEN,160.0,900,NRCell,Huawei
1696777200000,TOL034_01,DCR_NUM,0.0,900,NRCell,Huawei
1696777200000,TOL034_01,DROP_CALL_VOLTE_DEN,0.0,900,NRCell,Huawei
1696777200000,TOL034_01,DROP_CALL_VOLTE_NUM,0.0,900,NRCell,Huawei
1696777200000,TOL034_01,ERAB_SR_DEN,159.0,900,NRCell,Huawei
1696777200000,TOL034_01,ERAB_SR_NUM,159.0,900,NRCell,Huawei
1696777200000,TOL034_01,INTEGRITY_NGBR_QCI_9,2026449128.0,900,NRCell,Huawei
1696777200000,TOL034_01,INTRA_FREQUENCY_HO_OUT_ATT,8.0,900,NRCell,Huawei
1696777200000,TOL034_01,INTRA_FREQUENCY_HO_OUT_SUCC,8.0,900,NRCell,Huawei
1696777200000,TOL034_01,RRC_SETUP_ATT,112.0,900,NRCell,Huawei
1696777200000,TOL034_01,RRC_SETUP_SUCC,112.0,900,NRCell,Huawei
1696777200000,TOL034_01,S1SIG_Connection_Setup_SR_DEN,112.0,900,NRCell,Huawei
1696777200000,TOL034_01,S1SIG_Connection_Setup_SR_NUM,112.0,900,NRCell,Huawei
1696777200000,TOL034_01,SERVICE_LATENCY_OVER_AIR_INTERFACE_DEN,46133.0,900,NRCell,Huawei
1696777200000,TOL034_01,SERVICE_LATENCY_OVER_AIR_INTERFACE_NUM,52054.0,900,NRCell,Huawei
1696777200000,TOL034_01,VOICE_TRAFFIC,0.0,900,NRCell,Huawei
1696777200000,TOL034_01,VOLTE_CALL_SETUP_ATT,0.0,900,NRCell,Huawei
1696777200000,TOL034_01,VOLTE_CALL_SETUP_SUCC,0.0,900,NRCell,Huawei
1696777200000,VAL002_01,DCR_DEN,17.0,900,NRCell,Huawei
1696777200000,VAL002_01,DCR_NUM,0.0,900,NRCell,Huawei
1696777200000,VAL002_01,DROP_CALL_VOLTE_DEN,0.0,900,NRCell,Huawei
1696777200000,VAL002_01,DROP_CALL_VOLTE_NUM,0.0,900,NRCell,Huawei
1696777200000,VAL002_01,ERAB_SR_DEN,18.0,900,NRCell,Huawei
1696777200000,VAL002_01,ERAB_SR_NUM,18.0,900,NRCell,Huawei
1696777200000,VAL002_01,INTEGRITY_NGBR_QCI_9,2606632.0,900,NRCell,Huawei
1696777200000,VAL002_01,INTRA_FREQUENCY_HO_OUT_ATT,1.0,900,NRCell,Huawei
1696777200000,VAL002_01,INTRA_FREQUENCY_HO_OUT_SUCC,1.0,900,NRCell,Huawei
1696777200000,VAL002_01,RRC_SETUP_ATT,18.0,900,NRCell,Huawei
1696777200000,VAL002_01,RRC_SETUP_SUCC,18.0,900,NRCell,Huawei
1696777200000,VAL002_01,S1SIG_Connection_Setup_SR_DEN,18.0,900,NRCell,Huawei
1696777200000,VAL002_01,S1SIG_Connection_Setup_SR_NUM,18.0,900,NRCell,Huawei
1696777200000,VAL002_01,SERVICE_LATENCY_OVER_AIR_INTERFACE_DEN,256.0,900,NRCell,Huawei
1696777200000,VAL002_01,SERVICE_LATENCY_OVER_AIR_INTERFACE_NUM,277.0,900,NRCell,Huawei
1696777200000,VAL002_01,VOICE_TRAFFIC,0.0,900,NRCell,Huawei
1696777200000,VAL002_01,VOLTE_CALL_SETUP_ATT,0.0,900,NRCell,Huawei
1696777200000,VAL002_01,VOLTE_CALL_SETUP_SUCC,0.0,900,NRCell,Huawei
