startTime,neId,counterCode,counterValue,granularity,neType,vendorName
1696843800000,BCN014_01,DCR_DEN,781.0,900,NRCell,Huawei
1696843800000,BCN014_01,DCR_NUM,0.0,900,NRCell,Huawei
1696843800000,BCN014_01,DROP_CALL_VOLTE_DEN,1.0,900,NRCell,Huawei
1696843800000,BCN014_01,DROP_CALL_VOLTE_NUM,0.0,900,NRCell,Huawei
1696843800000,BCN014_01,ERAB_SR_DEN,783.0,900,NRCell,Huawei
1696843800000,BCN014_01,ERAB_SR_NUM,783.0,900,NRCell,Huawei
1696843800000,BCN014_01,INTEGRITY_NGBR_QCI_9,1593417632.0,900,NRCell,Huawei
1696843800000,BCN014_01,INTRA_FREQUENCY_HO_OUT_ATT,2.0,900,NRCell,Huawei
1696843800000,BCN014_01,INTRA_FREQUENCY_HO_OUT_SUCC,2.0,900,NRCell,Huawei
1696843800000,BCN014_01,RRC_SETUP_ATT,539.0,900,NRCell,Huawei
1696843800000,BCN014_01,RRC_SETUP_SUCC,539.0,900,NRCell,Huawei
1696843800000,BCN014_01,S1SIG_Connection_Setup_SR_DEN,539.0,900,NRCell,Huawei
1696843800000,BCN014_01,S1SIG_Connection_Setup_SR_NUM,539.0,900,NRCell,Huawei
1696843800000,BCN014_01,SERVICE_LATENCY_OVER_AIR_INTERFACE_DEN,89108.0,900,NRCell,Huawei
1696843800000,BCN014_01,SERVICE_LATENCY_OVER_AIR_INTERFACE_NUM,93570.0,900,NRCell,Huawei
1696843800000,BCN014_01,VOICE_TRAFFIC,126.0,900,NRCell,Huawei
1696843800000,BCN014_01,VOLTE_CALL_SETUP_ATT,1.0,900,NRCell,Huawei
1696843800000,BCN014_01,VOLTE_CALL_SETUP_SUCC,1.0,900,NRCell,Huawei
1696843800000,BIL001_01,DCR_DEN,755.0,900,NRCell,Huawei
1696843800000,BIL001_01,DCR_NUM,0.0,900,NRCell,Huawei
1696843800000,BIL001_01,DROP_CALL_VOLTE_DEN,2.0,900,NRCell,Huawei
1696843800000,BIL001_01,DROP_CALL_VOLTE_NUM,0.0,900,NRCell,Huawei
1696843800000,BIL001_01,ERAB_SR_DEN,744.0,900,NRCell,Huawei
1696843800000,BIL001_01,ERAB_SR_NUM,744.0,900,NRCell,Huawei
1696843800000,BIL001_01,INTEGRITY_NGBR_QCI_9,1814602056.0,900,NRCell,Huawei
1696843800000,BIL001_01,INTRA_FREQUENCY_HO_OUT_ATT,10.0,900,NRCell,Huawei
1696843800000,BIL001_01,INTRA_FREQUENCY_HO_OUT_SUCC,10.0,900,NRCell,Huawei
1696843800000,BIL001_01,RRC_SETUP_ATT,505.0,900,NRCell,Huawei
1696843800000,BIL001_01,RRC_SETUP_SUCC,505.0,900,NRCell,Huawei
1696843800000,BIL001_01,S1SIG_Connection_Setup_SR_DEN,505.0,900,NRCell,Huawei
1696843800000,BIL001_01,S1SIG_Connection_Setup_SR_NUM,505.0,900,NRCell,Huawei
1696843800000,BIL001_01,SERVICE_LATENCY_OVER_AIR_INTERFACE_DEN,72164.0,900,NRCell,Huawei
1696843800000,BIL001_01,SERVICE_LATENCY_OVER_AIR_INTERFACE_NUM,78198.0,900,NRCell,Huawei
1696843800000,BIL001_01,VOICE_TRAFFIC,0.0,900,NRCell,Huawei
1696843800000,BIL001_01,VOLTE_CALL_SETUP_ATT,2.0,900,NRCell,Huawei
1696843800000,BIL001_01,VOLTE_CALL_SETUP_SUCC,2.0,900,NRCell,Huawei
1696843800000,MAD033_01,DCR_DEN,526.0,900,NRCell,Huawei
1696843800000,MAD033_01,DCR_NUM,0.0,900,NRCell,Huawei
1696843800000,MAD033_01,DROP_CALL_VOLTE_DEN,0.0,900,NRCell,Huawei
1696843800000,MAD033_01,DROP_CALL_VOLTE_NUM,0.0,900,NRCell,Huawei
1696843800000,MAD033_01,ERAB_SR_DEN,527.0,900,NRCell,Huawei
1696843800000,MAD033_01,ERAB_SR_NUM,527.0,900,NRCell,Huawei
1696843800000,MAD033_01,INTEGRITY_NGBR_QCI_9,33563000.0,900,NRCell,Huawei
1696843800000,MAD033_01,INTRA_FREQUENCY_HO_OUT_ATT,1.0,900,NRCell,Huawei
1696843800000,MAD033_01,INTRA_FREQUENCY_HO_OUT_SUCC,1.0,900,NRCell,Huawei
1696843800000,MAD033_01,RRC_SETUP_ATT,333.0,900,NRCell,Huawei
1696843800000,MAD033_01,RRC_SETUP_SUCC,333.0,900,NRCell,Huawei
1696843800000,MAD033_01,S1SIG_Connection_Setup_SR_DEN,333.0,900,NRCell,Huawei
1696843800000,MAD033_01,S1SIG_Connection_Setup_SR_NUM,333.0,900,NRCell,Huawei
1696843800000,MAD033_01,SERVICE_LATENCY_OVER_AIR_INTERFACE_DEN,6610.0,900,NRCell,Huawei
1696843800000,MAD033_01,SERVICE_LATENCY_OVER_AIR_INTERFACE_NUM,7359.0,900,NRCell,Huawei
1696843800000,MAD033_01,VOICE_TRAFFIC,0.0,900,NRCell,Huawei
1696843800000,MAD033_01,VOLTE_CALL_SETUP_ATT,0.0,900,NRCell,Huawei
1696843800000,MAD033_01,VOLTE_CALL_SETUP_SUCC,0.0,900,NRCell,Huawei
1696843800000,SAL030_01,DCR_DEN,139.0,900,NRCell,Huawei
1696843800000,SAL030_01,DCR_NUM,0.0,900,NRCell,Huawei
1696843800000,SAL030_01,DROP_CALL_VOLTE_DEN,0.0,900,NRCell,Huawei
1696843800000,SAL030_01,DROP_CALL_VOLTE_NUM,0.0,900,NRCell,Huawei
1696843800000,SAL030_01,ERAB_SR_DEN,138.0,900,NRCell,Huawei
1696843800000,SAL030_01,ERAB_SR_NUM,138.0,900,NRCell,Huawei
1696843800000,SAL030_01,INTEGRITY_NGBR_QCI_9,176205488.0,900,NRCell,Huawei
1696843800000,SAL030_01,INTRA_FREQUENCY_HO_OUT_ATT,0.0,900,NRCell,Huawei
1696843800000,SAL030_01,INTRA_FREQUENCY_HO_OUT_SUCC,0.0,900,NRCell,Huawei
1696843800000,SAL030_01,RRC_SETUP_ATT,86.0,900,NRCell,Huawei
1696843800000,SAL030_01,RRC_SETUP_SUCC,86.0,900,NRCell,Huawei
1696843800000,SAL030_01,S1SIG_Connection_Setup_SR_DEN,86.0,900,NRCell,Huawei
1696843800000,SAL030_01,S1SIG_Connection_Setup_SR_NUM,86.0,900,NRCell,Huawei
1696843800000,SAL030_01,SERVICE_LATENCY_OVER_AIR_INTERFACE_DEN,16886.0,900,NRCell,Huawei
1696843800000,SAL030_01,SERVICE_LATENCY_OVER_AIR_INTERFACE_NUM,42866.0,900,NRCell,Huawei
1696843800000,SAL030_01,VOICE_TRAFFIC,0.0,900,NRCell,Huawei
1696843800000,SAL030_01,VOLTE_CALL_SETUP_ATT,0.0,900,NRCell,Huawei
1696843800000,SAL030_01,VOLTE_CALL_SETUP_SUCC,0.0,900,NRCell,Huawei
1696843800000,SEV001_01,DCR_DEN,1870.0,900,NRCell,Huawei
1696843800000,SEV001_01,DCR_NUM,0.0,900,NRCell,Huawei
1696843800000,SEV001_01,DROP_CALL_VOLTE_DEN,5.0,900,NRCell,Huawei
1696843800000,SEV001_01,DROP_CALL_VOLTE_NUM,0.0,900,NRCell,Huawei
1696843800000,SEV001_01,ERAB_SR_DEN,1863.0,900,NRCell,Huawei
1696843800000,SEV001_01,ERAB_SR_NUM,1863.0,900,NRCell,Huawei
1696843800000,SEV001_01,INTEGRITY_NGBR_QCI_9,1190189832.0,900,NRCell,Huawei
1696843800000,SEV001_01,INTRA_FREQUENCY_HO_OUT_ATT,5.0,900,NRCell,Huawei
1696843800000,SEV001_01,INTRA_FREQUENCY_HO_OUT_SUCC,5.0,900,NRCell,Huawei
1696843800000,SEV001_01,RRC_SETUP_ATT,1067.0,900,NRCell,Huawei
1696843800000,SEV001_01,RRC_SETUP_SUCC,1067.0,900,NRCell,Huawei
1696843800000,SEV001_01,S1SIG_Connection_Setup_SR_DEN,1067.0,900,NRCell,Huawei
1696843800000,SEV001_01,S1SIG_Connection_Setup_SR_NUM,1067.0,900,NRCell,Huawei
1696843800000,SEV001_01,SERVICE_LATENCY_OVER_AIR_INTERFACE_DEN,53896.0,900,NRCell,Huawei
1696843800000,SEV001_01,SERVICE_LATENCY_OVER_AIR_INTERFACE_NUM,70438.0,900,NRCell,Huawei
1696843800000,SEV001_01,VOICE_TRAFFIC,0.0,900,NRCell,Huawei
1696843800000,SEV001_01,VOLTE_CALL_SETUP_ATT,4.0,900,NRCell,Huawei
1696843800000,SEV001_01,VOLTE_CALL_SETUP_SUCC,4.0,900,NRCell,Huawei
1696843800000,SNT002_01,DCR_DEN,484.0,900,NRCell,Huawei
1696843800000,SNT002_01,DCR_NUM,0.0,900,NRCell,Huawei
1696843800000,SNT002_01,DROP_CALL_VOLTE_DEN,0.0,900,NRCell,Huawei
1696843800000,SNT002_01,DROP_CALL_VOLTE_NUM,0.0,900,NRCell,Huawei
1696843800000,SNT002_01,ERAB_SR_DEN,484.0,900,NRCell,Huawei
1696843800000,SNT002_01,ERAB_SR_NUM,484.0,900,NRCell,Huawei
1696843800000,SNT002_01,INTEGRITY_NGBR_QCI_9,138144096.0,900,NRCell,Huawei
1696843800000,SNT002_01,INTRA_FREQUENCY_HO_OUT_ATT,3.0,900,NRCell,Huawei
1696843800000,SNT002_01,INTRA_FREQUENCY_HO_OUT_SUCC,3.0,900,NRCell,Huawei
1696843800000,SNT002_01,RRC_SETUP_ATT,307.0,900,NRCell,Huawei
1696843800000,SNT002_01,RRC_SETUP_SUCC,307.0,900,NRCell,Huawei
1696843800000,SNT002_01,S1SIG_Connection_Setup_SR_DEN,307.0,900,NRCell,Huawei
1696843800000,SNT002_01,S1SIG_Connection_Setup_SR_NUM,307.0,900,NRCell,Huawei
1696843800000,SNT002_01,SERVICE_LATENCY_OVER_AIR_INTERFACE_DEN,13412.0,900,NRCell,Huawei
1696843800000,SNT002_01,SERVICE_LATENCY_OVER_AIR_INTERFACE_NUM,13737.0,900,NRCell,Huawei
1696843800000,SNT002_01,VOICE_TRAFFIC,0.0,900,NRCell,Huawei
1696843800000,SNT002_01,VOLTE_CALL_SETUP_ATT,0.0,900,NRCell,Huawei
1696843800000,SNT002_01,VOLTE_CALL_SETUP_SUCC,0.0,900,NRCell,Huawei
1696843800000,TAR015_01,DCR_DEN,2202.0,900,NRCell,Huawei
1696843800000,TAR015_01,DCR_NUM,0.0,900,NRCell,Huawei
1696843800000,TAR015_01,DROP_CALL_VOLTE_DEN,3.0,900,NRCell,Huawei
1696843800000,TAR015_01,DROP_CALL_VOLTE_NUM,0.0,900,NRCell,Huawei
1696843800000,TAR015_01,ERAB_SR_DEN,2192.0,900,NRCell,Huawei
1696843800000,TAR015_01,ERAB_SR_NUM,2191.0,900,NRCell,Huawei
1696843800000,TAR015_01,INTEGRITY_NGBR_QCI_9,2149949504.0,900,NRCell,Huawei
1696843800000,TAR015_01,INTRA_FREQUENCY_HO_OUT_ATT,3.0,900,NRCell,Huawei
1696843800000,TAR015_01,INTRA_FREQUENCY_HO_OUT_SUCC,3.0,900,NRCell,Huawei
1696843800000,TAR015_01,RRC_SETUP_ATT,1264.0,900,NRCell,Huawei
1696843800000,TAR015_01,RRC_SETUP_SUCC,1264.0,900,NRCell,Huawei
1696843800000,TAR015_01,S1SIG_Connection_Setup_SR_DEN,1264.0,900,NRCell,Huawei
1696843800000,TAR015_01,S1SIG_Connection_Setup_SR_NUM,1264.0,900,NRCell,Huawei
1696843800000,TAR015_01,SERVICE_LATENCY_OVER_AIR_INTERFACE_DEN,123127.0,900,NRCell,Huawei
1696843800000,TAR015_01,SERVICE_LATENCY_OVER_AIR_INTERFACE_NUM,140470.0,900,NRCell,Huawei
1696843800000,TAR015_01,VOICE_TRAFFIC,1640.0,900,NRCell,Huawei
1696843800000,TAR015_01,VOLTE_CALL_SETUP_ATT,3.0,900,NRCell,Huawei
1696843800000,TAR015_01,VOLTE_CALL_SETUP_SUCC,3.0,900,NRCell,Huawei
1696843800000,TOL034_01,DCR_DEN,15.0,900,NRCell,Huawei
1696843800000,TOL034_01,DCR_NUM,0.0,900,NRCell,Huawei
1696843800000,TOL034_01,DROP_CALL_VOLTE_DEN,0.0,900,NRCell,Huawei
1696843800000,TOL034_01,DROP_CALL_VOLTE_NUM,0.0,900,NRCell,Huawei
1696843800000,TOL034_01,ERAB_SR_DEN,14.0,900,NRCell,Huawei
1696843800000,TOL034_01,ERAB_SR_NUM,14.0,900,NRCell,Huawei
1696843800000,TOL034_01,INTEGRITY_NGBR_QCI_9,1098138744.0,900,NRCell,Huawei
1696843800000,TOL034_01,INTRA_FREQUENCY_HO_OUT_ATT,0.0,900,NRCell,Huawei
1696843800000,TOL034_01,INTRA_FREQUENCY_HO_OUT_SUCC,0.0,900,NRCell,Huawei
1696843800000,TOL034_01,RRC_SETUP_ATT,16.0,900,NRCell,Huawei
1696843800000,TOL034_01,RRC_SETUP_SUCC,16.0,900,NRCell,Huawei
1696843800000,TOL034_01,S1SIG_Connection_Setup_SR_DEN,16.0,900,NRCell,Huawei
1696843800000,TOL034_01,S1SIG_Connection_Setup_SR_NUM,16.0,900,NRCell,Huawei
1696843800000,TOL034_01,SERVICE_LATENCY_OVER_AIR_INTERFACE_DEN,35240.0,900,NRCell,Huawei
1696843800000,TOL034_01,SERVICE_LATENCY_OVER_AIR_INTERFACE_NUM,36128.0,900,NRCell,Huawei
1696843800000,TOL034_01,VOICE_TRAFFIC,0.0,900,NRCell,Huawei
1696843800000,TOL034_01,VOLTE_CALL_SETUP_ATT,0.0,900,NRCell,Huawei
1696843800000,TOL034_01,VOLTE_CALL_SETUP_SUCC,0.0,900,NRCell,Huawei
1696843800000,VAL002_01,DCR_DEN,0.0,900,NRCell,Huawei
1696843800000,VAL002_01,DCR_NUM,0.0,900,NRCell,Huawei
1696843800000,VAL002_01,DROP_CALL_VOLTE_DEN,0.0,900,NRCell,Huawei
1696843800000,VAL002_01,DROP_CALL_VOLTE_NUM,0.0,900,NRCell,Huawei
1696843800000,VAL002_01,ERAB_SR_DEN,0.0,900,NRCell,Huawei
1696843800000,VAL002_01,ERAB_SR_NUM,0.0,900,NRCell,Huawei
1696843800000,VAL002_01,INTEGRITY_NGBR_QCI_9,0.0,900,NRCell,Huawei
1696843800000,VAL002_01,INTRA_FREQUENCY_HO_OUT_ATT,0.0,900,NRCell,Huawei
1696843800000,VAL002_01,INTRA_FREQUENCY_HO_OUT_SUCC,0.0,900,NRCell,Huawei
1696843800000,VAL002_01,RRC_SETUP_ATT,0.0,900,NRCell,Huawei
1696843800000,VAL002_01,RRC_SETUP_SUCC,0.0,900,NRCell,Huawei
1696843800000,VAL002_01,S1SIG_Connection_Setup_SR_DEN,0.0,900,NRCell,Huawei
1696843800000,VAL002_01,S1SIG_Connection_Setup_SR_NUM,0.0,900,NRCell,Huawei
1696843800000,VAL002_01,SERVICE_LATENCY_OVER_AIR_INTERFACE_DEN,0.0,900,NRCell,Huawei
1696843800000,VAL002_01,SERVICE_LATENCY_OVER_AIR_INTERFACE_NUM,0.0,900,NRCell,Huawei
1696843800000,VAL002_01,VOICE_TRAFFIC,0.0,900,NRCell,Huawei
1696843800000,VAL002_01,VOLTE_CALL_SETUP_ATT,0.0,900,NRCell,Huawei
1696843800000,VAL002_01,VOLTE_CALL_SETUP_SUCC,0.0,900,NRCell,Huawei
