startTime,neId,counterCode,counterValue,granularity,neType,vendorName
1696903200000,BCN014_01,DCR_DEN,2239.0,900,NRCell,Huawei
1696903200000,BCN014_01,DCR_NUM,2.0,900,NRCell,Huawei
1696903200000,BCN014_01,DROP_CALL_VOLTE_DEN,9.0,900,NRCell,Huawei
1696903200000,BCN014_01,DROP_CALL_VOLTE_NUM,0.0,900,NRCell,Huawei
1696903200000,BCN014_01,ERAB_SR_DEN,2254.0,900,NRCell,Huawei
1696903200000,BCN014_01,ERAB_SR_NUM,2254.0,900,NRCell,Huawei
1696903200000,BCN014_01,INTEGRITY_NGBR_QCI_9,13691257096.0,900,NRCell,Huawei
1696903200000,BCN014_01,INTRA_FREQUENCY_HO_OUT_ATT,173.0,900,NRCell,Huawei
1696903200000,BCN014_01,INTRA_FREQUENCY_HO_OUT_SUCC,173.0,900,NRCell,Huawei
1696903200000,BCN014_01,RRC_SETUP_ATT,1315.0,900,NRCell,Huawei
1696903200000,BCN014_01,RRC_SETUP_SUCC,1312.0,900,NRCell,Huawei
1696903200000,BCN014_01,S1SIG_Connection_Setup_SR_DEN,1312.0,900,NRCell,Huawei
1696903200000,BCN014_01,S1SIG_Connection_Setup_SR_NUM,1312.0,900,NRCell,Huawei
1696903200000,BCN014_01,SERVICE_LATENCY_OVER_AIR_INTERFACE_DEN,458182.0,900,NRCell,Huawei
1696903200000,BCN014_01,SERVICE_LATENCY_OVER_AIR_INTERFACE_NUM,761922.0,900,NRCell,Huawei
1696903200000,BCN014_01,VOICE_TRAFFIC,46567.0,900,NRCell,Huawei
1696903200000,BCN014_01,VOLTE_CALL_SETUP_ATT,17.0,900,NRCell,Huawei
1696903200000,BCN014_01,VOLTE_CALL_SETUP_SUCC,17.0,900,NRCell,Huawei
1696903200000,BIL001_01,DCR_DEN,2008.0,900,NRCell,Huawei
1696903200000,BIL001_01,DCR_NUM,5.0,900,NRCell,Huawei
1696903200000,BIL001_01,DROP_CALL_VOLTE_DEN,11.0,900,NRCell,Huawei
1696903200000,BIL001_01,DROP_CALL_VOLTE_NUM,0.0,900,NRCell,Huawei
1696903200000,BIL001_01,ERAB_SR_DEN,1992.0,900,NRCell,Huawei
1696903200000,BIL001_01,ERAB_SR_NUM,1992.0,900,NRCell,Huawei
1696903200000,BIL001_01,INTEGRITY_NGBR_QCI_9,13968598112.0,900,NRCell,Huawei
1696903200000,BIL001_01,INTRA_FREQUENCY_HO_OUT_ATT,165.0,900,NRCell,Huawei
1696903200000,BIL001_01,INTRA_FREQUENCY_HO_OUT_SUCC,165.0,900,NRCell,Huawei
1696903200000,BIL001_01,RRC_SETUP_ATT,1193.0,900,NRCell,Huawei
1696903200000,BIL001_01,RRC_SETUP_SUCC,1189.0,900,NRCell,Huawei
1696903200000,BIL001_01,S1SIG_Connection_Setup_SR_DEN,1189.0,900,NRCell,Huawei
1696903200000,BIL001_01,S1SIG_Connection_Setup_SR_NUM,1189.0,900,NRCell,Huawei
1696903200000,BIL001_01,SERVICE_LATENCY_OVER_AIR_INTERFACE_DEN,414024.0,900,NRCell,Huawei
1696903200000,BIL001_01,SERVICE_LATENCY_OVER_AIR_INTERFACE_NUM,698094.0,900,NRCell,Huawei
1696903200000,BIL001_01,VOICE_TRAFFIC,24128.0,900,NRCell,Huawei
1696903200000,BIL001_01,VOLTE_CALL_SETUP_ATT,10.0,900,NRCell,Huawei
1696903200000,BIL001_01,VOLTE_CALL_SETUP_SUCC,10.0,900,NRCell,Huawei
1696903200000,MAD033_01,DCR_DEN,988.0,900,NRCell,Huawei
1696903200000,MAD033_01,DCR_NUM,0.0,900,NRCell,Huawei
1696903200000,MAD033_01,DROP_CALL_VOLTE_DEN,22.0,900,NRCell,Huawei
1696903200000,MAD033_01,DROP_CALL_VOLTE_NUM,0.0,900,NRCell,Huawei
1696903200000,MAD033_01,ERAB_SR_DEN,984.0,900,NRCell,Huawei
1696903200000,MAD033_01,ERAB_SR_NUM,984.0,900,NRCell,Huawei
1696903200000,MAD033_01,INTEGRITY_NGBR_QCI_9,5413699848.0,900,NRCell,Huawei
1696903200000,MAD033_01,INTRA_FREQUENCY_HO_OUT_ATT,123.0,900,NRCell,Huawei
1696903200000,MAD033_01,INTRA_FREQUENCY_HO_OUT_SUCC,123.0,900,NRCell,Huawei
1696903200000,MAD033_01,RRC_SETUP_ATT,588.0,900,NRCell,Huawei
1696903200000,MAD033_01,RRC_SETUP_SUCC,587.0,900,NRCell,Huawei
1696903200000,MAD033_01,S1SIG_Connection_Setup_SR_DEN,587.0,900,NRCell,Huawei
1696903200000,MAD033_01,S1SIG_Connection_Setup_SR_NUM,587.0,900,NRCell,Huawei
1696903200000,MAD033_01,SERVICE_LATENCY_OVER_AIR_INTERFACE_DEN,139429.0,900,NRCell,Huawei
1696903200000,MAD033_01,SERVICE_LATENCY_OVER_AIR_INTERFACE_NUM,182910.0,900,NRCell,Huawei
1696903200000,MAD033_01,VOICE_TRAFFIC,15526.0,900,NRCell,Huawei
1696903200000,MAD033_01,VOLTE_CALL_SETUP_ATT,24.0,900,NRCell,Huawei
1696903200000,MAD033_01,VOLTE_CALL_SETUP_SUCC,24.0,900,NRCell,Huawei
1696903200000,SAL030_01,DCR_DEN,209.0,900,NRCell,Huawei
1696903200000,SAL030_01,DCR_NUM,1.0,900,NRCell,Huawei
1696903200000,SAL030_01,DROP_CALL_VOLTE_DEN,1.0,900,NRCell,Huawei
1696903200000,SAL030_01,DROP_CALL_VOLTE_NUM,0.0,900,NRCell,Huawei
1696903200000,SAL030_01,ERAB_SR_DEN,189.0,900,NRCell,Huawei
1696903200000,SAL030_01,ERAB_SR_NUM,189.0,900,NRCell,Huawei
1696903200000,SAL030_01,INTEGRITY_NGBR_QCI_9,2092610360.0,900,NRCell,Huawei
1696903200000,SAL030_01,INTRA_FREQUENCY_HO_OUT_ATT,2.0,900,NRCell,Huawei
1696903200000,SAL030_01,INTRA_FREQUENCY_HO_OUT_SUCC,2.0,900,NRCell,Huawei
1696903200000,SAL030_01,RRC_SETUP_ATT,109.0,900,NRCell,Huawei
1696903200000,SAL030_01,RRC_SETUP_SUCC,108.0,900,NRCell,Huawei
1696903200000,SAL030_01,S1SIG_Connection_Setup_SR_DEN,108.0,900,NRCell,Huawei
1696903200000,SAL030_01,S1SIG_Connection_Setup_SR_NUM,108.0,900,NRCell,Huawei
1696903200000,SAL030_01,SERVICE_LATENCY_OVER_AIR_INTERFACE_DEN,80785.0,900,NRCell,Huawei
1696903200000,SAL030_01,SERVICE_LATENCY_OVER_AIR_INTERFACE_NUM,157684.0,900,NRCell,Huawei
1696903200000,SAL030_01,VOICE_TRAFFIC,2737.0,900,NRCell,Huawei
1696903200000,SAL030_01,VOLTE_CALL_SETUP_ATT,1.0,900,NRCell,Huawei
1696903200000,SAL030_01,VOLTE_CALL_SETUP_SUCC,1.0,900,NRCell,Huawei
1696903200000,SEV001_01,DCR_DEN,2569.0,900,NRCell,Huawei
1696903200000,SEV001_01,DCR_NUM,7.0,900,NRCell,Huawei
1696903200000,SEV001_01,DROP_CALL_VOLTE_DEN,22.0,900,NRCell,Huawei
1696903200000,SEV001_01,DROP_CALL_VOLTE_NUM,0.0,900,NRCell,Huawei
1696903200000,SEV001_01,ERAB_SR_DEN,2555.0,900,NRCell,Huawei
1696903200000,SEV001_01,ERAB_SR_NUM,2551.0,900,NRCell,Huawei
1696903200000,SEV001_01,INTEGRITY_NGBR_QCI_9,13195886320.0,900,NRCell,Huawei
1696903200000,SEV001_01,INTRA_FREQUENCY_HO_OUT_ATT,91.0,900,NRCell,Huawei
1696903200000,SEV001_01,INTRA_FREQUENCY_HO_OUT_SUCC,91.0,900,NRCell,Huawei
1696903200000,SEV001_01,RRC_SETUP_ATT,1416.0,900,NRCell,Huawei
1696903200000,SEV001_01,RRC_SETUP_SUCC,1416.0,900,NRCell,Huawei
1696903200000,SEV001_01,S1SIG_Connection_Setup_SR_DEN,1416.0,900,NRCell,Huawei
1696903200000,SEV001_01,S1SIG_Connection_Setup_SR_NUM,1416.0,900,NRCell,Huawei
1696903200000,SEV001_01,SERVICE_LATENCY_OVER_AIR_INTERFACE_DEN,591628.0,900,NRCell,Huawei
1696903200000,SEV001_01,SERVICE_LATENCY_OVER_AIR_INTERFACE_NUM,1319405.0,900,NRCell,Huawei
1696903200000,SEV001_01,VOICE_TRAFFIC,75870.0,900,NRCell,Huawei
1696903200000,SEV001_01,VOLTE_CALL_SETUP_ATT,23.0,900,NRCell,Huawei
1696903200000,SEV001_01,VOLTE_CALL_SETUP_SUCC,23.0,900,NRCell,Huawei
1696903200000,SNT002_01,DCR_DEN,977.0,900,NRCell,Huawei
1696903200000,SNT002_01,DCR_NUM,0.0,900,NRCell,Huawei
1696903200000,SNT002_01,DROP_CALL_VOLTE_DEN,9.0,900,NRCell,Huawei
1696903200000,SNT002_01,DROP_CALL_VOLTE_NUM,0.0,900,NRCell,Huawei
1696903200000,SNT002_01,ERAB_SR_DEN,1012.0,900,NRCell,Huawei
1696903200000,SNT002_01,ERAB_SR_NUM,1012.0,900,NRCell,Huawei
1696903200000,SNT002_01,INTEGRITY_NGBR_QCI_9,2555686584.0,900,NRCell,Huawei
1696903200000,SNT002_01,INTRA_FREQUENCY_HO_OUT_ATT,97.0,900,NRCell,Huawei
1696903200000,SNT002_01,INTRA_FREQUENCY_HO_OUT_SUCC,97.0,900,NRCell,Huawei
1696903200000,SNT002_01,RRC_SETUP_ATT,611.0,900,NRCell,Huawei
1696903200000,SNT002_01,RRC_SETUP_SUCC,610.0,900,NRCell,Huawei
1696903200000,SNT002_01,S1SIG_Connection_Setup_SR_DEN,610.0,900,NRCell,Huawei
1696903200000,SNT002_01,S1SIG_Connection_Setup_SR_NUM,610.0,900,NRCell,Huawei
1696903200000,SNT002_01,SERVICE_LATENCY_OVER_AIR_INTERFACE_DEN,139216.0,900,NRCell,Huawei
1696903200000,SNT002_01,SERVICE_LATENCY_OVER_AIR_INTERFACE_NUM,157053.0,900,NRCell,Huawei
1696903200000,SNT002_01,VOICE_TRAFFIC,5270.0,900,NRCell,Huawei
1696903200000,SNT002_01,VOLTE_CALL_SETUP_ATT,12.0,900,NRCell,Huawei
1696903200000,SNT002_01,VOLTE_CALL_SETUP_SUCC,12.0,900,NRCell,Huawei
1696903200000,TAR015_01,DCR_DEN,2756.0,900,NRCell,Huawei
1696903200000,TAR015_01,DCR_NUM,5.0,900,NRCell,Huawei
1696903200000,TAR015_01,DROP_CALL_VOLTE_DEN,33.0,900,NRCell,Huawei
1696903200000,TAR015_01,DROP_CALL_VOLTE_NUM,0.0,900,NRCell,Huawei
1696903200000,TAR015_01,ERAB_SR_DEN,2762.0,900,NRCell,Huawei
1696903200000,TAR015_01,ERAB_SR_NUM,2757.0,900,NRCell,Huawei
1696903200000,TAR015_01,INTEGRITY_NGBR_QCI_9,13669696936.0,900,NRCell,Huawei
1696903200000,TAR015_01,INTRA_FREQUENCY_HO_OUT_ATT,95.0,900,NRCell,Huawei
1696903200000,TAR015_01,INTRA_FREQUENCY_HO_OUT_SUCC,95.0,900,NRCell,Huawei
1696903200000,TAR015_01,RRC_SETUP_ATT,1555.0,900,NRCell,Huawei
1696903200000,TAR015_01,RRC_SETUP_SUCC,1555.0,900,NRCell,Huawei
1696903200000,TAR015_01,S1SIG_Connection_Setup_SR_DEN,1555.0,900,NRCell,Huawei
1696903200000,TAR015_01,S1SIG_Connection_Setup_SR_NUM,1555.0,900,NRCell,Huawei
1696903200000,TAR015_01,SERVICE_LATENCY_OVER_AIR_INTERFACE_DEN,414073.0,900,NRCell,Huawei
1696903200000,TAR015_01,SERVICE_LATENCY_OVER_AIR_INTERFACE_NUM,1533765.0,900,NRCell,Huawei
1696903200000,TAR015_01,VOICE_TRAFFIC,38829.0,900,NRCell,Huawei
1696903200000,TAR015_01,VOLTE_CALL_SETUP_ATT,35.0,900,NRCell,Huawei
1696903200000,TAR015_01,VOLTE_CALL_SETUP_SUCC,35.0,900,NRCell,Huawei
1696903200000,TOL034_01,DCR_DEN,94.0,900,NRCell,Huawei
1696903200000,TOL034_01,DCR_NUM,0.0,900,NRCell,Huawei
1696903200000,TOL034_01,DROP_CALL_VOLTE_DEN,0.0,900,NRCell,Huawei
1696903200000,TOL034_01,DROP_CALL_VOLTE_NUM,0.0,900,NRCell,Huawei
1696903200000,TOL034_01,ERAB_SR_DEN,96.0,900,NRCell,Huawei
1696903200000,TOL034_01,ERAB_SR_NUM,96.0,900,NRCell,Huawei
1696903200000,TOL034_01,INTEGRITY_NGBR_QCI_9,1597227728.0,900,NRCell,Huawei
1696903200000,TOL034_01,INTRA_FREQUENCY_HO_OUT_ATT,15.0,900,NRCell,Huawei
1696903200000,TOL034_01,INTRA_FREQUENCY_HO_OUT_SUCC,15.0,900,NRCell,Huawei
1696903200000,TOL034_01,RRC_SETUP_ATT,81.0,900,NRCell,Huawei
1696903200000,TOL034_01,RRC_SETUP_SUCC,81.0,900,NRCell,Huawei
1696903200000,TOL034_01,S1SIG_Connection_Setup_SR_DEN,81.0,900,NRCell,Huawei
1696903200000,TOL034_01,S1SIG_Connection_Setup_SR_NUM,81.0,900,NRCell,Huawei
1696903200000,TOL034_01,SERVICE_LATENCY_OVER_AIR_INTERFACE_DEN,26194.0,900,NRCell,Huawei
1696903200000,TOL034_01,SERVICE_LATENCY_OVER_AIR_INTERFACE_NUM,35148.0,900,NRCell,Huawei
1696903200000,TOL034_01,VOICE_TRAFFIC,1821.0,900,NRCell,Huawei
1696903200000,TOL034_01,VOLTE_CALL_SETUP_ATT,0.0,900,NRCell,Huawei
1696903200000,TOL034_01,VOLTE_CALL_SETUP_SUCC,0.0,900,NRCell,Huawei
1696903200000,VAL002_01,DCR_DEN,36.0,900,NRCell,Huawei
1696903200000,VAL002_01,DCR_NUM,0.0,900,NRCell,Huawei
1696903200000,VAL002_01,DROP_CALL_VOLTE_DEN,0.0,900,NRCell,Huawei
1696903200000,VAL002_01,DROP_CALL_VOLTE_NUM,0.0,900,NRCell,Huawei
1696903200000,VAL002_01,ERAB_SR_DEN,34.0,900,NRCell,Huawei
1696903200000,VAL002_01,ERAB_SR_NUM,34.0,900,NRCell,Huawei
1696903200000,VAL002_01,INTEGRITY_NGBR_QCI_9,72645800.0,900,NRCell,Huawei
1696903200000,VAL002_01,INTRA_FREQUENCY_HO_OUT_ATT,6.0,900,NRCell,Huawei
1696903200000,VAL002_01,INTRA_FREQUENCY_HO_OUT_SUCC,6.0,900,NRCell,Huawei
1696903200000,VAL002_01,RRC_SETUP_ATT,30.0,900,NRCell,Huawei
1696903200000,VAL002_01,RRC_SETUP_SUCC,30.0,900,NRCell,Huawei
1696903200000,VAL002_01,S1SIG_Connection_Setup_SR_DEN,30.0,900,NRCell,Huawei
1696903200000,VAL002_01,S1SIG_Connection_Setup_SR_NUM,30.0,900,NRCell,Huawei
1696903200000,VAL002_01,SERVICE_LATENCY_OVER_AIR_INTERFACE_DEN,987.0,900,NRCell,Huawei
1696903200000,VAL002_01,SERVICE_LATENCY_OVER_AIR_INTERFACE_NUM,1357.0,900,NRCell,Huawei
1696903200000,VAL002_01,VOICE_TRAFFIC,9.0,900,NRCell,Huawei
1696903200000,VAL002_01,VOLTE_CALL_SETUP_ATT,1.0,900,NRCell,Huawei
1696903200000,VAL002_01,VOLTE_CALL_SETUP_SUCC,1.0,900,NRCell,Huawei
