startTime,neId,counterCode,counterValue,granularity,neType,vendorName
1696505400000,BCN014_01,DCR_DEN,1094.0,900,NRCell,Huawei
1696505400000,BCN014_01,DCR_NUM,0.0,900,NRCell,Huawei
1696505400000,BCN014_01,DROP_CALL_VOLTE_DEN,2.0,900,NRCell,Huawei
1696505400000,BCN014_01,DROP_CALL_VOLTE_NUM,0.0,900,NRCell,Huawei
1696505400000,BCN014_01,ERAB_SR_DEN,1105.0,900,NRCell,Huawei
1696505400000,BCN014_01,ERAB_SR_NUM,1097.0,900,NRCell,Huawei
1696505400000,BCN014_01,INTEGRITY_NGBR_QCI_9,763943456.0,900,NRCell,Huawei
1696505400000,BCN014_01,INTRA_FREQUENCY_HO_OUT_ATT,16.0,900,NRCell,Huawei
1696505400000,BCN014_01,INTRA_FREQUENCY_HO_OUT_SUCC,16.0,900,NRCell,Huawei
1696505400000,BCN014_01,RRC_SETUP_ATT,733.0,900,NRCell,Huawei
1696505400000,BCN014_01,RRC_SETUP_SUCC,718.0,900,NRCell,Huawei
1696505400000,BCN014_01,S1SIG_Connection_Setup_SR_DEN,718.0,900,NRCell,Huawei
1696505400000,BCN014_01,S1SIG_Connection_Setup_SR_NUM,718.0,900,NRCell,Huawei
1696505400000,BCN014_01,SERVICE_LATENCY_OVER_AIR_INTERFACE_DEN,45356.0,900,NRCell,Huawei
1696505400000,BCN014_01,SERVICE_LATENCY_OVER_AIR_INTERFACE_NUM,61191.0,900,NRCell,Huawei
1696505400000,BCN014_01,VOICE_TRAFFIC,1752.0,900,NRCell,Huawei
1696505400000,BCN014_01,VOLTE_CALL_SETUP_ATT,2.0,900,NRCell,Huawei
1696505400000,BCN014_01,VOLTE_CALL_SETUP_SUCC,2.0,900,NRCell,Huawei
1696505400000,BIL001_01,DCR_DEN,1042.0,900,NRCell,Huawei
1696505400000,BIL001_01,DCR_NUM,0.0,900,NRCell,Huawei
1696505400000,BIL001_01,DROP_CALL_VOLTE_DEN,1.0,900,NRCell,Huawei
1696505400000,BIL001_01,DROP_CALL_VOLTE_NUM,0.0,900,NRCell,Huawei
1696505400000,BIL001_01,ERAB_SR_DEN,1046.0,900,NRCell,Huawei
1696505400000,BIL001_01,ERAB_SR_NUM,1046.0,900,NRCell,Huawei
1696505400000,BIL001_01,INTEGRITY_NGBR_QCI_9,2737733176.0,900,NRCell,Huawei
1696505400000,BIL001_01,INTRA_FREQUENCY_HO_OUT_ATT,16.0,900,NRCell,Huawei
1696505400000,BIL001_01,INTRA_FREQUENCY_HO_OUT_SUCC,16.0,900,NRCell,Huawei
1696505400000,BIL001_01,RRC_SETUP_ATT,525.0,900,NRCell,Huawei
1696505400000,BIL001_01,RRC_SETUP_SUCC,525.0,900,NRCell,Huawei
1696505400000,BIL001_01,S1SIG_Connection_Setup_SR_DEN,525.0,900,NRCell,Huawei
1696505400000,BIL001_01,S1SIG_Connection_Setup_SR_NUM,525.0,900,NRCell,Huawei
1696505400000,BIL001_01,SERVICE_LATENCY_OVER_AIR_INTERFACE_DEN,74316.0,900,NRCell,Huawei
1696505400000,BIL001_01,SERVICE_LATENCY_OVER_AIR_INTERFACE_NUM,81489.0,900,NRCell,Huawei
1696505400000,BIL001_01,VOICE_TRAFFIC,326.0,900,NRCell,Huawei
1696505400000,BIL001_01,VOLTE_CALL_SETUP_ATT,1.0,900,NRCell,Huawei
1696505400000,BIL001_01,VOLTE_CALL_SETUP_SUCC,1.0,900,NRCell,Huawei
1696505400000,MAD033_01,DCR_DEN,788.0,900,NRCell,Huawei
1696505400000,MAD033_01,DCR_NUM,0.0,900,NRCell,Huawei
1696505400000,MAD033_01,DROP_CALL_VOLTE_DEN,0.0,900,NRCell,Huawei
1696505400000,MAD033_01,DROP_CALL_VOLTE_NUM,0.0,900,NRCell,Huawei
1696505400000,MAD033_01,ERAB_SR_DEN,788.0,900,NRCell,Huawei
1696505400000,MAD033_01,ERAB_SR_NUM,788.0,900,NRCell,Huawei
1696505400000,MAD033_01,INTEGRITY_NGBR_QCI_9,1334298400.0,900,NRCell,Huawei
1696505400000,MAD033_01,INTRA_FREQUENCY_HO_OUT_ATT,12.0,900,NRCell,Huawei
1696505400000,MAD033_01,INTRA_FREQUENCY_HO_OUT_SUCC,12.0,900,NRCell,Huawei
1696505400000,MAD033_01,RRC_SETUP_ATT,491.0,900,NRCell,Huawei
1696505400000,MAD033_01,RRC_SETUP_SUCC,488.0,900,NRCell,Huawei
1696505400000,MAD033_01,S1SIG_Connection_Setup_SR_DEN,488.0,900,NRCell,Huawei
1696505400000,MAD033_01,S1SIG_Connection_Setup_SR_NUM,488.0,900,NRCell,Huawei
1696505400000,MAD033_01,SERVICE_LATENCY_OVER_AIR_INTERFACE_DEN,37955.0,900,NRCell,Huawei
1696505400000,MAD033_01,SERVICE_LATENCY_OVER_AIR_INTERFACE_NUM,41433.0,900,NRCell,Huawei
1696505400000,MAD033_01,VOICE_TRAFFIC,0.0,900,NRCell,Huawei
1696505400000,MAD033_01,VOLTE_CALL_SETUP_ATT,0.0,900,NRCell,Huawei
1696505400000,MAD033_01,VOLTE_CALL_SETUP_SUCC,0.0,900,NRCell,Huawei
1696505400000,SAL030_01,DCR_DEN,216.0,900,NRCell,Huawei
1696505400000,SAL030_01,DCR_NUM,1.0,900,NRCell,Huawei
1696505400000,SAL030_01,DROP_CALL_VOLTE_DEN,1.0,900,NRCell,Huawei
1696505400000,SAL030_01,DROP_CALL_VOLTE_NUM,0.0,900,NRCell,Huawei
1696505400000,SAL030_01,ERAB_SR_DEN,212.0,900,NRCell,Huawei
1696505400000,SAL030_01,ERAB_SR_NUM,210.0,900,NRCell,Huawei
1696505400000,SAL030_01,INTEGRITY_NGBR_QCI_9,2830807616.0,900,NRCell,Huawei
1696505400000,SAL030_01,INTRA_FREQUENCY_HO_OUT_ATT,4.0,900,NRCell,Huawei
1696505400000,SAL030_01,INTRA_FREQUENCY_HO_OUT_SUCC,4.0,900,NRCell,Huawei
1696505400000,SAL030_01,RRC_SETUP_ATT,133.0,900,NRCell,Huawei
1696505400000,SAL030_01,RRC_SETUP_SUCC,133.0,900,NRCell,Huawei
1696505400000,SAL030_01,S1SIG_Connection_Setup_SR_DEN,133.0,900,NRCell,Huawei
1696505400000,SAL030_01,S1SIG_Connection_Setup_SR_NUM,133.0,900,NRCell,Huawei
1696505400000,SAL030_01,SERVICE_LATENCY_OVER_AIR_INTERFACE_DEN,10163.0,900,NRCell,Huawei
1696505400000,SAL030_01,SERVICE_LATENCY_OVER_AIR_INTERFACE_NUM,31381.0,900,NRCell,Huawei
1696505400000,SAL030_01,VOICE_TRAFFIC,1222.0,900,NRCell,Huawei
1696505400000,SAL030_01,VOLTE_CALL_SETUP_ATT,0.0,900,NRCell,Huawei
1696505400000,SAL030_01,VOLTE_CALL_SETUP_SUCC,0.0,900,NRCell,Huawei
1696505400000,SEV001_01,DCR_DEN,2470.0,900,NRCell,Huawei
1696505400000,SEV001_01,DCR_NUM,5.0,900,NRCell,Huawei
1696505400000,SEV001_01,DROP_CALL_VOLTE_DEN,2.0,900,NRCell,Huawei
1696505400000,SEV001_01,DROP_CALL_VOLTE_NUM,0.0,900,NRCell,Huawei
1696505400000,SEV001_01,ERAB_SR_DEN,2474.0,900,NRCell,Huawei
1696505400000,SEV001_01,ERAB_SR_NUM,2469.0,900,NRCell,Huawei
1696505400000,SEV001_01,INTEGRITY_NGBR_QCI_9,4015136880.0,900,NRCell,Huawei
1696505400000,SEV001_01,INTRA_FREQUENCY_HO_OUT_ATT,42.0,900,NRCell,Huawei
1696505400000,SEV001_01,INTRA_FREQUENCY_HO_OUT_SUCC,42.0,900,NRCell,Huawei
1696505400000,SEV001_01,RRC_SETUP_ATT,1465.0,900,NRCell,Huawei
1696505400000,SEV001_01,RRC_SETUP_SUCC,1464.0,900,NRCell,Huawei
1696505400000,SEV001_01,S1SIG_Connection_Setup_SR_DEN,1464.0,900,NRCell,Huawei
1696505400000,SEV001_01,S1SIG_Connection_Setup_SR_NUM,1464.0,900,NRCell,Huawei
1696505400000,SEV001_01,SERVICE_LATENCY_OVER_AIR_INTERFACE_DEN,144468.0,900,NRCell,Huawei
1696505400000,SEV001_01,SERVICE_LATENCY_OVER_AIR_INTERFACE_NUM,220661.0,900,NRCell,Huawei
1696505400000,SEV001_01,VOICE_TRAFFIC,1065.0,900,NRCell,Huawei
1696505400000,SEV001_01,VOLTE_CALL_SETUP_ATT,3.0,900,NRCell,Huawei
1696505400000,SEV001_01,VOLTE_CALL_SETUP_SUCC,3.0,900,NRCell,Huawei
1696505400000,SNT002_01,DCR_DEN,849.0,900,NRCell,Huawei
1696505400000,SNT002_01,DCR_NUM,0.0,900,NRCell,Huawei
1696505400000,SNT002_01,DROP_CALL_VOLTE_DEN,1.0,900,NRCell,Huawei
1696505400000,SNT002_01,DROP_CALL_VOLTE_NUM,0.0,900,NRCell,Huawei
1696505400000,SNT002_01,ERAB_SR_DEN,844.0,900,NRCell,Huawei
1696505400000,SNT002_01,ERAB_SR_NUM,844.0,900,NRCell,Huawei
1696505400000,SNT002_01,INTEGRITY_NGBR_QCI_9,763713640.0,900,NRCell,Huawei
1696505400000,SNT002_01,INTRA_FREQUENCY_HO_OUT_ATT,12.0,900,NRCell,Huawei
1696505400000,SNT002_01,INTRA_FREQUENCY_HO_OUT_SUCC,12.0,900,NRCell,Huawei
1696505400000,SNT002_01,RRC_SETUP_ATT,522.0,900,NRCell,Huawei
1696505400000,SNT002_01,RRC_SETUP_SUCC,522.0,900,NRCell,Huawei
1696505400000,SNT002_01,S1SIG_Connection_Setup_SR_DEN,522.0,900,NRCell,Huawei
1696505400000,SNT002_01,S1SIG_Connection_Setup_SR_NUM,522.0,900,NRCell,Huawei
1696505400000,SNT002_01,SERVICE_LATENCY_OVER_AIR_INTERFACE_DEN,29821.0,900,NRCell,Huawei
1696505400000,SNT002_01,SERVICE_LATENCY_OVER_AIR_INTERFACE_NUM,31105.0,900,NRCell,Huawei
1696505400000,SNT002_01,VOICE_TRAFFIC,0.0,900,NRCell,Huawei
1696505400000,SNT002_01,VOLTE_CALL_SETUP_ATT,1.0,900,NRCell,Huawei
1696505400000,SNT002_01,VOLTE_CALL_SETUP_SUCC,1.0,900,NRCell,Huawei
1696505400000,TAR015_01,DCR_DEN,2720.0,900,NRCell,Huawei
1696505400000,TAR015_01,DCR_NUM,3.0,900,NRCell,Huawei
1696505400000,TAR015_01,DROP_CALL_VOLTE_DEN,0.0,900,NRCell,Huawei
1696505400000,TAR015_01,DROP_CALL_VOLTE_NUM,0.0,900,NRCell,Huawei
1696505400000,TAR015_01,ERAB_SR_DEN,2735.0,900,NRCell,Huawei
1696505400000,TAR015_01,ERAB_SR_NUM,2734.0,900,NRCell,Huawei
1696505400000,TAR015_01,INTEGRITY_NGBR_QCI_9,5040289560.0,900,NRCell,Huawei
1696505400000,TAR015_01,INTRA_FREQUENCY_HO_OUT_ATT,33.0,900,NRCell,Huawei
1696505400000,TAR015_01,INTRA_FREQUENCY_HO_OUT_SUCC,33.0,900,NRCell,Huawei
1696505400000,TAR015_01,RRC_SETUP_ATT,1551.0,900,NRCell,Huawei
1696505400000,TAR015_01,RRC_SETUP_SUCC,1551.0,900,NRCell,Huawei
1696505400000,TAR015_01,S1SIG_Connection_Setup_SR_DEN,1551.0,900,NRCell,Huawei
1696505400000,TAR015_01,S1SIG_Connection_Setup_SR_NUM,1551.0,900,NRCell,Huawei
1696505400000,TAR015_01,SERVICE_LATENCY_OVER_AIR_INTERFACE_DEN,109353.0,900,NRCell,Huawei
1696505400000,TAR015_01,SERVICE_LATENCY_OVER_AIR_INTERFACE_NUM,182059.0,900,NRCell,Huawei
1696505400000,TAR015_01,VOICE_TRAFFIC,0.0,900,NRCell,Huawei
1696505400000,TAR015_01,VOLTE_CALL_SETUP_ATT,0.0,900,NRCell,Huawei
1696505400000,TAR015_01,VOLTE_CALL_SETUP_SUCC,0.0,900,NRCell,Huawei
1696505400000,TOL034_01,DCR_DEN,3.0,900,NRCell,Huawei
1696505400000,TOL034_01,DCR_NUM,0.0,900,NRCell,Huawei
1696505400000,TOL034_01,DROP_CALL_VOLTE_DEN,0.0,900,NRCell,Huawei
1696505400000,TOL034_01,DROP_CALL_VOLTE_NUM,0.0,900,NRCell,Huawei
1696505400000,TOL034_01,ERAB_SR_DEN,3.0,900,NRCell,Huawei
1696505400000,TOL034_01,ERAB_SR_NUM,3.0,900,NRCell,Huawei
1696505400000,TOL034_01,INTEGRITY_NGBR_QCI_9,3049872.0,900,NRCell,Huawei
1696505400000,TOL034_01,INTRA_FREQUENCY_HO_OUT_ATT,0.0,900,NRCell,Huawei
1696505400000,TOL034_01,INTRA_FREQUENCY_HO_OUT_SUCC,0.0,900,NRCell,Huawei
1696505400000,TOL034_01,RRC_SETUP_ATT,4.0,900,NRCell,Huawei
1696505400000,TOL034_01,RRC_SETUP_SUCC,4.0,900,NRCell,Huawei
1696505400000,TOL034_01,S1SIG_Connection_Setup_SR_DEN,4.0,900,NRCell,Huawei
1696505400000,TOL034_01,S1SIG_Connection_Setup_SR_NUM,4.0,900,NRCell,Huawei
1696505400000,TOL034_01,SERVICE_LATENCY_OVER_AIR_INTERFACE_DEN,459.0,900,NRCell,Huawei
1696505400000,TOL034_01,SERVICE_LATENCY_OVER_AIR_INTERFACE_NUM,472.0,900,NRCell,Huawei
1696505400000,TOL034_01,VOICE_TRAFFIC,0.0,900,NRCell,Huawei
1696505400000,TOL034_01,VOLTE_CALL_SETUP_ATT,0.0,900,NRCell,Huawei
1696505400000,TOL034_01,VOLTE_CALL_SETUP_SUCC,0.0,900,NRCell,Huawei
1696505400000,VAL002_01,DCR_DEN,42.0,900,NRCell,Huawei
1696505400000,VAL002_01,DCR_NUM,0.0,900,NRCell,Huawei
1696505400000,VAL002_01,DROP_CALL_VOLTE_DEN,0.0,900,NRCell,Huawei
1696505400000,VAL002_01,DROP_CALL_VOLTE_NUM,0.0,900,NRCell,Huawei
1696505400000,VAL002_01,ERAB_SR_DEN,42.0,900,NRCell,Huawei
1696505400000,VAL002_01,ERAB_SR_NUM,42.0,900,NRCell,Huawei
1696505400000,VAL002_01,INTEGRITY_NGBR_QCI_9,3629720.0,900,NRCell,Huawei
1696505400000,VAL002_01,INTRA_FREQUENCY_HO_OUT_ATT,0.0,900,NRCell,Huawei
1696505400000,VAL002_01,INTRA_FREQUENCY_HO_OUT_SUCC,0.0,900,NRCell,Huawei
1696505400000,VAL002_01,RRC_SETUP_ATT,21.0,900,NRCell,Huawei
1696505400000,VAL002_01,RRC_SETUP_SUCC,21.0,900,NRCell,Huawei
1696505400000,VAL002_01,S1SIG_Connection_Setup_SR_DEN,21.0,900,NRCell,Huawei
1696505400000,VAL002_01,S1SIG_Connection_Setup_SR_NUM,21.0,900,NRCell,Huawei
1696505400000,VAL002_01,SERVICE_LATENCY_OVER_AIR_INTERFACE_DEN,606.0,900,NRCell,Huawei
1696505400000,VAL002_01,SERVICE_LATENCY_OVER_AIR_INTERFACE_NUM,1171.0,900,NRCell,Huawei
1696505400000,VAL002_01,VOICE_TRAFFIC,0.0,900,NRCell,Huawei
1696505400000,VAL002_01,VOLTE_CALL_SETUP_ATT,0.0,900,NRCell,Huawei
1696505400000,VAL002_01,VOLTE_CALL_SETUP_SUCC,0.0,900,NRCell,Huawei
