startTime,neId,counterCode,counterValue,granularity,neType,vendorName
1696702500000,BCN014_01,DCR_DEN,2912.0,900,NRCell,Huawei
1696702500000,BCN014_01,DCR_NUM,0.0,900,NRCell,Huawei
1696702500000,BCN014_01,DROP_CALL_VOLTE_DEN,44.0,900,NRCell,Huawei
1696702500000,BCN014_01,DROP_CALL_VOLTE_NUM,0.0,900,NRCell,Huawei
1696702500000,BCN014_01,ERAB_SR_DEN,2848.0,900,NRCell,Huawei
1696702500000,BCN014_01,ERAB_SR_NUM,2843.0,900,NRCell,Huawei
1696702500000,BCN014_01,INTEGRITY_NGBR_QCI_9,13926682904.0,900,NRCell,Huawei
1696702500000,BCN014_01,INTRA_FREQUENCY_HO_OUT_ATT,266.0,900,NRCell,Huawei
1696702500000,BCN014_01,INTRA_FREQUENCY_HO_OUT_SUCC,266.0,900,NRCell,Huawei
1696702500000,BCN014_01,RRC_SETUP_ATT,1661.0,900,NRCell,Huawei
1696702500000,BCN014_01,RRC_SETUP_SUCC,1657.0,900,NRCell,Huawei
1696702500000,BCN014_01,S1SIG_Connection_Setup_SR_DEN,1657.0,900,NRCell,Huawei
1696702500000,BCN014_01,S1SIG_Connection_Setup_SR_NUM,1657.0,900,NRCell,Huawei
1696702500000,BCN014_01,SERVICE_LATENCY_OVER_AIR_INTERFACE_DEN,369763.0,900,NRCell,Huawei
1696702500000,BCN014_01,SERVICE_LATENCY_OVER_AIR_INTERFACE_NUM,606009.0,900,NRCell,Huawei
1696702500000,BCN014_01,VOICE_TRAFFIC,24326.0,900,NRCell,Huawei
1696702500000,BCN014_01,VOLTE_CALL_SETUP_ATT,38.0,900,NRCell,Huawei
1696702500000,BCN014_01,VOLTE_CALL_SETUP_SUCC,38.0,900,NRCell,Huawei
1696702500000,BIL001_01,DCR_DEN,2758.0,900,NRCell,Huawei
1696702500000,BIL001_01,DCR_NUM,3.0,900,NRCell,Huawei
1696702500000,BIL001_01,DROP_CALL_VOLTE_DEN,29.0,900,NRCell,Huawei
1696702500000,BIL001_01,DROP_CALL_VOLTE_NUM,0.0,900,NRCell,Huawei
1696702500000,BIL001_01,ERAB_SR_DEN,2790.0,900,NRCell,Huawei
1696702500000,BIL001_01,ERAB_SR_NUM,2788.0,900,NRCell,Huawei
1696702500000,BIL001_01,INTEGRITY_NGBR_QCI_9,10413750760.0,900,NRCell,Huawei
1696702500000,BIL001_01,INTRA_FREQUENCY_HO_OUT_ATT,212.0,900,NRCell,Huawei
1696702500000,BIL001_01,INTRA_FREQUENCY_HO_OUT_SUCC,212.0,900,NRCell,Huawei
1696702500000,BIL001_01,RRC_SETUP_ATT,1682.0,900,NRCell,Huawei
1696702500000,BIL001_01,RRC_SETUP_SUCC,1671.0,900,NRCell,Huawei
1696702500000,BIL001_01,S1SIG_Connection_Setup_SR_DEN,1671.0,900,NRCell,Huawei
1696702500000,BIL001_01,S1SIG_Connection_Setup_SR_NUM,1671.0,900,NRCell,Huawei
1696702500000,BIL001_01,SERVICE_LATENCY_OVER_AIR_INTERFACE_DEN,284313.0,900,NRCell,Huawei
1696702500000,BIL001_01,SERVICE_LATENCY_OVER_AIR_INTERFACE_NUM,445569.0,900,NRCell,Huawei
1696702500000,BIL001_01,VOICE_TRAFFIC,21986.0,900,NRCell,Huawei
1696702500000,BIL001_01,VOLTE_CALL_SETUP_ATT,34.0,900,NRCell,Huawei
1696702500000,BIL001_01,VOLTE_CALL_SETUP_SUCC,34.0,900,NRCell,Huawei
1696702500000,MAD033_01,DCR_DEN,985.0,900,NRCell,Huawei
1696702500000,MAD033_01,DCR_NUM,0.0,900,NRCell,Huawei
1696702500000,MAD033_01,DROP_CALL_VOLTE_DEN,10.0,900,NRCell,Huawei
1696702500000,MAD033_01,DROP_CALL_VOLTE_NUM,0.0,900,NRCell,Huawei
1696702500000,MAD033_01,ERAB_SR_DEN,1015.0,900,NRCell,Huawei
1696702500000,MAD033_01,ERAB_SR_NUM,1013.0,900,NRCell,Huawei
1696702500000,MAD033_01,INTEGRITY_NGBR_QCI_9,4171547552.0,900,NRCell,Huawei
1696702500000,MAD033_01,INTRA_FREQUENCY_HO_OUT_ATT,77.0,900,NRCell,Huawei
1696702500000,MAD033_01,INTRA_FREQUENCY_HO_OUT_SUCC,77.0,900,NRCell,Huawei
1696702500000,MAD033_01,RRC_SETUP_ATT,595.0,900,NRCell,Huawei
1696702500000,MAD033_01,RRC_SETUP_SUCC,595.0,900,NRCell,Huawei
1696702500000,MAD033_01,S1SIG_Connection_Setup_SR_DEN,595.0,900,NRCell,Huawei
1696702500000,MAD033_01,S1SIG_Connection_Setup_SR_NUM,595.0,900,NRCell,Huawei
1696702500000,MAD033_01,SERVICE_LATENCY_OVER_AIR_INTERFACE_DEN,172885.0,900,NRCell,Huawei
1696702500000,MAD033_01,SERVICE_LATENCY_OVER_AIR_INTERFACE_NUM,197736.0,900,NRCell,Huawei
1696702500000,MAD033_01,VOICE_TRAFFIC,13469.0,900,NRCell,Huawei
1696702500000,MAD033_01,VOLTE_CALL_SETUP_ATT,9.0,900,NRCell,Huawei
1696702500000,MAD033_01,VOLTE_CALL_SETUP_SUCC,9.0,900,NRCell,Huawei
1696702500000,SAL030_01,DCR_DEN,239.0,900,NRCell,Huawei
1696702500000,SAL030_01,DCR_NUM,0.0,900,NRCell,Huawei
1696702500000,SAL030_01,DROP_CALL_VOLTE_DEN,3.0,900,NRCell,Huawei
1696702500000,SAL030_01,DROP_CALL_VOLTE_NUM,0.0,900,NRCell,Huawei
1696702500000,SAL030_01,ERAB_SR_DEN,248.0,900,NRCell,Huawei
1696702500000,SAL030_01,ERAB_SR_NUM,248.0,900,NRCell,Huawei
1696702500000,SAL030_01,INTEGRITY_NGBR_QCI_9,1805068376.0,900,NRCell,Huawei
1696702500000,SAL030_01,INTRA_FREQUENCY_HO_OUT_ATT,14.0,900,NRCell,Huawei
1696702500000,SAL030_01,INTRA_FREQUENCY_HO_OUT_SUCC,14.0,900,NRCell,Huawei
1696702500000,SAL030_01,RRC_SETUP_ATT,150.0,900,NRCell,Huawei
1696702500000,SAL030_01,RRC_SETUP_SUCC,150.0,900,NRCell,Huawei
1696702500000,SAL030_01,S1SIG_Connection_Setup_SR_DEN,150.0,900,NRCell,Huawei
1696702500000,SAL030_01,S1SIG_Connection_Setup_SR_NUM,150.0,900,NRCell,Huawei
1696702500000,SAL030_01,SERVICE_LATENCY_OVER_AIR_INTERFACE_DEN,35657.0,900,NRCell,Huawei
1696702500000,SAL030_01,SERVICE_LATENCY_OVER_AIR_INTERFACE_NUM,65987.0,900,NRCell,Huawei
1696702500000,SAL030_01,VOICE_TRAFFIC,1006.0,900,NRCell,Huawei
1696702500000,SAL030_01,VOLTE_CALL_SETUP_ATT,3.0,900,NRCell,Huawei
1696702500000,SAL030_01,VOLTE_CALL_SETUP_SUCC,3.0,900,NRCell,Huawei
1696702500000,SEV001_01,DCR_DEN,3280.0,900,NRCell,Huawei
1696702500000,SEV001_01,DCR_NUM,1.0,900,NRCell,Huawei
1696702500000,SEV001_01,DROP_CALL_VOLTE_DEN,39.0,900,NRCell,Huawei
1696702500000,SEV001_01,DROP_CALL_VOLTE_NUM,0.0,900,NRCell,Huawei
1696702500000,SEV001_01,ERAB_SR_DEN,3281.0,900,NRCell,Huawei
1696702500000,SEV001_01,ERAB_SR_NUM,3279.0,900,NRCell,Huawei
1696702500000,SEV001_01,INTEGRITY_NGBR_QCI_9,18076874064.0,900,NRCell,Huawei
1696702500000,SEV001_01,INTRA_FREQUENCY_HO_OUT_ATT,112.0,900,NRCell,Huawei
1696702500000,SEV001_01,INTRA_FREQUENCY_HO_OUT_SUCC,112.0,900,NRCell,Huawei
1696702500000,SEV001_01,RRC_SETUP_ATT,1793.0,900,NRCell,Huawei
1696702500000,SEV001_01,RRC_SETUP_SUCC,1792.0,900,NRCell,Huawei
1696702500000,SEV001_01,S1SIG_Connection_Setup_SR_DEN,1792.0,900,NRCell,Huawei
1696702500000,SEV001_01,S1SIG_Connection_Setup_SR_NUM,1791.0,900,NRCell,Huawei
1696702500000,SEV001_01,SERVICE_LATENCY_OVER_AIR_INTERFACE_DEN,507084.0,900,NRCell,Huawei
1696702500000,SEV001_01,SERVICE_LATENCY_OVER_AIR_INTERFACE_NUM,1030706.0,900,NRCell,Huawei
1696702500000,SEV001_01,VOICE_TRAFFIC,45584.0,900,NRCell,Huawei
1696702500000,SEV001_01,VOLTE_CALL_SETUP_ATT,32.0,900,NRCell,Huawei
1696702500000,SEV001_01,VOLTE_CALL_SETUP_SUCC,32.0,900,NRCell,Huawei
1696702500000,SNT002_01,DCR_DEN,906.0,900,NRCell,Huawei
1696702500000,SNT002_01,DCR_NUM,1.0,900,NRCell,Huawei
1696702500000,SNT002_01,DROP_CALL_VOLTE_DEN,9.0,900,NRCell,Huawei
1696702500000,SNT002_01,DROP_CALL_VOLTE_NUM,0.0,900,NRCell,Huawei
1696702500000,SNT002_01,ERAB_SR_DEN,912.0,900,NRCell,Huawei
1696702500000,SNT002_01,ERAB_SR_NUM,911.0,900,NRCell,Huawei
1696702500000,SNT002_01,INTEGRITY_NGBR_QCI_9,4261595856.0,900,NRCell,Huawei
1696702500000,SNT002_01,INTRA_FREQUENCY_HO_OUT_ATT,69.0,900,NRCell,Huawei
1696702500000,SNT002_01,INTRA_FREQUENCY_HO_OUT_SUCC,69.0,900,NRCell,Huawei
1696702500000,SNT002_01,RRC_SETUP_ATT,542.0,900,NRCell,Huawei
1696702500000,SNT002_01,RRC_SETUP_SUCC,541.0,900,NRCell,Huawei
1696702500000,SNT002_01,S1SIG_Connection_Setup_SR_DEN,541.0,900,NRCell,Huawei
1696702500000,SNT002_01,S1SIG_Connection_Setup_SR_NUM,540.0,900,NRCell,Huawei
1696702500000,SNT002_01,SERVICE_LATENCY_OVER_AIR_INTERFACE_DEN,123477.0,900,NRCell,Huawei
1696702500000,SNT002_01,SERVICE_LATENCY_OVER_AIR_INTERFACE_NUM,153196.0,900,NRCell,Huawei
1696702500000,SNT002_01,VOICE_TRAFFIC,6277.0,900,NRCell,Huawei
1696702500000,SNT002_01,VOLTE_CALL_SETUP_ATT,10.0,900,NRCell,Huawei
1696702500000,SNT002_01,VOLTE_CALL_SETUP_SUCC,10.0,900,NRCell,Huawei
1696702500000,TAR015_01,DCR_DEN,3821.0,900,NRCell,Huawei
1696702500000,TAR015_01,DCR_NUM,3.0,900,NRCell,Huawei
1696702500000,TAR015_01,DROP_CALL_VOLTE_DEN,37.0,900,NRCell,Huawei
1696702500000,TAR015_01,DROP_CALL_VOLTE_NUM,0.0,900,NRCell,Huawei
1696702500000,TAR015_01,ERAB_SR_DEN,3726.0,900,NRCell,Huawei
1696702500000,TAR015_01,ERAB_SR_NUM,3725.0,900,NRCell,Huawei
1696702500000,TAR015_01,INTEGRITY_NGBR_QCI_9,13629199504.0,900,NRCell,Huawei
1696702500000,TAR015_01,INTRA_FREQUENCY_HO_OUT_ATT,155.0,900,NRCell,Huawei
1696702500000,TAR015_01,INTRA_FREQUENCY_HO_OUT_SUCC,155.0,900,NRCell,Huawei
1696702500000,TAR015_01,RRC_SETUP_ATT,2013.0,900,NRCell,Huawei
1696702500000,TAR015_01,RRC_SETUP_SUCC,2013.0,900,NRCell,Huawei
1696702500000,TAR015_01,S1SIG_Connection_Setup_SR_DEN,2013.0,900,NRCell,Huawei
1696702500000,TAR015_01,S1SIG_Connection_Setup_SR_NUM,2013.0,900,NRCell,Huawei
1696702500000,TAR015_01,SERVICE_LATENCY_OVER_AIR_INTERFACE_DEN,432229.0,900,NRCell,Huawei
1696702500000,TAR015_01,SERVICE_LATENCY_OVER_AIR_INTERFACE_NUM,1612695.0,900,NRCell,Huawei
1696702500000,TAR015_01,VOICE_TRAFFIC,23547.0,900,NRCell,Huawei
1696702500000,TAR015_01,VOLTE_CALL_SETUP_ATT,33.0,900,NRCell,Huawei
1696702500000,TAR015_01,VOLTE_CALL_SETUP_SUCC,33.0,900,NRCell,Huawei
1696702500000,TOL034_01,DCR_DEN,138.0,900,NRCell,Huawei
1696702500000,TOL034_01,DCR_NUM,0.0,900,NRCell,Huawei
1696702500000,TOL034_01,DROP_CALL_VOLTE_DEN,4.0,900,NRCell,Huawei
1696702500000,TOL034_01,DROP_CALL_VOLTE_NUM,0.0,900,NRCell,Huawei
1696702500000,TOL034_01,ERAB_SR_DEN,138.0,900,NRCell,Huawei
1696702500000,TOL034_01,ERAB_SR_NUM,138.0,900,NRCell,Huawei
1696702500000,TOL034_01,INTEGRITY_NGBR_QCI_9,2851790488.0,900,NRCell,Huawei
1696702500000,TOL034_01,INTRA_FREQUENCY_HO_OUT_ATT,14.0,900,NRCell,Huawei
1696702500000,TOL034_01,INTRA_FREQUENCY_HO_OUT_SUCC,14.0,900,NRCell,Huawei
1696702500000,TOL034_01,RRC_SETUP_ATT,107.0,900,NRCell,Huawei
1696702500000,TOL034_01,RRC_SETUP_SUCC,107.0,900,NRCell,Huawei
1696702500000,TOL034_01,S1SIG_Connection_Setup_SR_DEN,107.0,900,NRCell,Huawei
1696702500000,TOL034_01,S1SIG_Connection_Setup_SR_NUM,107.0,900,NRCell,Huawei
1696702500000,TOL034_01,SERVICE_LATENCY_OVER_AIR_INTERFACE_DEN,67717.0,900,NRCell,Huawei
1696702500000,TOL034_01,SERVICE_LATENCY_OVER_AIR_INTERFACE_NUM,76959.0,900,NRCell,Huawei
1696702500000,TOL034_01,VOICE_TRAFFIC,2053.0,900,NRCell,Huawei
1696702500000,TOL034_01,VOLTE_CALL_SETUP_ATT,3.0,900,NRCell,Huawei
1696702500000,TOL034_01,VOLTE_CALL_SETUP_SUCC,3.0,900,NRCell,Huawei
1696702500000,VAL002_01,DCR_DEN,45.0,900,NRCell,Huawei
1696702500000,VAL002_01,DCR_NUM,2.0,900,NRCell,Huawei
1696702500000,VAL002_01,DROP_CALL_VOLTE_DEN,0.0,900,NRCell,Huawei
1696702500000,VAL002_01,DROP_CALL_VOLTE_NUM,0.0,900,NRCell,Huawei
1696702500000,VAL002_01,ERAB_SR_DEN,43.0,900,NRCell,Huawei
1696702500000,VAL002_01,ERAB_SR_NUM,43.0,900,NRCell,Huawei
1696702500000,VAL002_01,INTEGRITY_NGBR_QCI_9,29355984.0,900,NRCell,Huawei
1696702500000,VAL002_01,INTRA_FREQUENCY_HO_OUT_ATT,5.0,900,NRCell,Huawei
1696702500000,VAL002_01,INTRA_FREQUENCY_HO_OUT_SUCC,5.0,900,NRCell,Huawei
1696702500000,VAL002_01,RRC_SETUP_ATT,32.0,900,NRCell,Huawei
1696702500000,VAL002_01,RRC_SETUP_SUCC,32.0,900,NRCell,Huawei
1696702500000,VAL002_01,S1SIG_Connection_Setup_SR_DEN,32.0,900,NRCell,Huawei
1696702500000,VAL002_01,S1SIG_Connection_Setup_SR_NUM,32.0,900,NRCell,Huawei
1696702500000,VAL002_01,SERVICE_LATENCY_OVER_AIR_INTERFACE_DEN,1437.0,900,NRCell,Huawei
1696702500000,VAL002_01,SERVICE_LATENCY_OVER_AIR_INTERFACE_NUM,1824.0,900,NRCell,Huawei
1696702500000,VAL002_01,VOICE_TRAFFIC,0.0,900,NRCell,Huawei
1696702500000,VAL002_01,VOLTE_CALL_SETUP_ATT,0.0,900,NRCell,Huawei
1696702500000,VAL002_01,VOLTE_CALL_SETUP_SUCC,0.0,900,NRCell,Huawei
