startTime,neId,counterCode,counterValue,granularity,neType,vendorName
1696730400000,BCN014_01,DCR_DEN,2768.0,900,NRCell,Huawei
1696730400000,BCN014_01,DCR_NUM,4.0,900,NRCell,Huawei
1696730400000,BCN014_01,DROP_CALL_VOLTE_DEN,26.0,900,NRCell,Huawei
1696730400000,BCN014_01,DROP_CALL_VOLTE_NUM,0.0,900,NRCell,Huawei
1696730400000,BCN014_01,ERAB_SR_DEN,2693.0,900,NRCell,Huawei
1696730400000,BCN014_01,ERAB_SR_NUM,2693.0,900,NRCell,Huawei
1696730400000,BCN014_01,INTEGRITY_NGBR_QCI_9,12476878848.0,900,NRCell,Huawei
1696730400000,BCN014_01,INTRA_FREQUENCY_HO_OUT_ATT,266.0,900,NRCell,Huawei
1696730400000,BCN014_01,INTRA_FREQUENCY_HO_OUT_SUCC,266.0,900,NRCell,Huawei
1696730400000,BCN014_01,RRC_SETUP_ATT,1616.0,900,NRCell,Huawei
1696730400000,BCN014_01,RRC_SETUP_SUCC,1609.0,900,NRCell,Huawei
1696730400000,BCN014_01,S1SIG_Connection_Setup_SR_DEN,1609.0,900,NRCell,Huawei
1696730400000,BCN014_01,S1SIG_Connection_Setup_SR_NUM,1606.0,900,NRCell,Huawei
1696730400000,BCN014_01,SERVICE_LATENCY_OVER_AIR_INTERFACE_DEN,334054.0,900,NRCell,Huawei
1696730400000,BCN014_01,SERVICE_LATENCY_OVER_AIR_INTERFACE_NUM,691710.0,900,NRCell,Huawei
1696730400000,BCN014_01,VOICE_TRAFFIC,24310.0,900,NRCell,Huawei
1696730400000,BCN014_01,VOLTE_CALL_SETUP_ATT,27.0,900,NRCell,Huawei
1696730400000,BCN014_01,VOLTE_CALL_SETUP_SUCC,27.0,900,NRCell,Huawei
1696730400000,BIL001_01,DCR_DEN,2401.0,900,NRCell,Huawei
1696730400000,BIL001_01,DCR_NUM,3.0,900,NRCell,Huawei
1696730400000,BIL001_01,DROP_CALL_VOLTE_DEN,24.0,900,NRCell,Huawei
1696730400000,BIL001_01,DROP_CALL_VOLTE_NUM,0.0,900,NRCell,Huawei
1696730400000,BIL001_01,ERAB_SR_DEN,2427.0,900,NRCell,Huawei
1696730400000,BIL001_01,ERAB_SR_NUM,2425.0,900,NRCell,Huawei
1696730400000,BIL001_01,INTEGRITY_NGBR_QCI_9,13970052688.0,900,NRCell,Huawei
1696730400000,BIL001_01,INTRA_FREQUENCY_HO_OUT_ATT,171.0,900,NRCell,Huawei
1696730400000,BIL001_01,INTRA_FREQUENCY_HO_OUT_SUCC,171.0,900,NRCell,Huawei
1696730400000,BIL001_01,RRC_SETUP_ATT,1435.0,900,NRCell,Huawei
1696730400000,BIL001_01,RRC_SETUP_SUCC,1424.0,900,NRCell,Huawei
1696730400000,BIL001_01,S1SIG_Connection_Setup_SR_DEN,1424.0,900,NRCell,Huawei
1696730400000,BIL001_01,S1SIG_Connection_Setup_SR_NUM,1424.0,900,NRCell,Huawei
1696730400000,BIL001_01,SERVICE_LATENCY_OVER_AIR_INTERFACE_DEN,447237.0,900,NRCell,Huawei
1696730400000,BIL001_01,SERVICE_LATENCY_OVER_AIR_INTERFACE_NUM,712962.0,900,NRCell,Huawei
1696730400000,BIL001_01,VOICE_TRAFFIC,23601.0,900,NRCell,Huawei
1696730400000,BIL001_01,VOLTE_CALL_SETUP_ATT,26.0,900,NRCell,Huawei
1696730400000,BIL001_01,VOLTE_CALL_SETUP_SUCC,26.0,900,NRCell,Huawei
1696730400000,MAD033_01,DCR_DEN,1058.0,900,NRCell,Huawei
1696730400000,MAD033_01,DCR_NUM,1.0,900,NRCell,Huawei
1696730400000,MAD033_01,DROP_CALL_VOLTE_DEN,7.0,900,NRCell,Huawei
1696730400000,MAD033_01,DROP_CALL_VOLTE_NUM,0.0,900,NRCell,Huawei
1696730400000,MAD033_01,ERAB_SR_DEN,1091.0,900,NRCell,Huawei
1696730400000,MAD033_01,ERAB_SR_NUM,1091.0,900,NRCell,Huawei
1696730400000,MAD033_01,INTEGRITY_NGBR_QCI_9,4867651272.0,900,NRCell,Huawei
1696730400000,MAD033_01,INTRA_FREQUENCY_HO_OUT_ATT,108.0,900,NRCell,Huawei
1696730400000,MAD033_01,INTRA_FREQUENCY_HO_OUT_SUCC,108.0,900,NRCell,Huawei
1696730400000,MAD033_01,RRC_SETUP_ATT,651.0,900,NRCell,Huawei
1696730400000,MAD033_01,RRC_SETUP_SUCC,650.0,900,NRCell,Huawei
1696730400000,MAD033_01,S1SIG_Connection_Setup_SR_DEN,650.0,900,NRCell,Huawei
1696730400000,MAD033_01,S1SIG_Connection_Setup_SR_NUM,649.0,900,NRCell,Huawei
1696730400000,MAD033_01,SERVICE_LATENCY_OVER_AIR_INTERFACE_DEN,172609.0,900,NRCell,Huawei
1696730400000,MAD033_01,SERVICE_LATENCY_OVER_AIR_INTERFACE_NUM,241144.0,900,NRCell,Huawei
1696730400000,MAD033_01,VOICE_TRAFFIC,14764.0,900,NRCell,Huawei
1696730400000,MAD033_01,VOLTE_CALL_SETUP_ATT,6.0,900,NRCell,Huawei
1696730400000,MAD033_01,VOLTE_CALL_SETUP_SUCC,6.0,900,NRCell,Huawei
1696730400000,SAL030_01,DCR_DEN,179.0,900,NRCell,Huawei
1696730400000,SAL030_01,DCR_NUM,1.0,900,NRCell,Huawei
1696730400000,SAL030_01,DROP_CALL_VOLTE_DEN,2.0,900,NRCell,Huawei
1696730400000,SAL030_01,DROP_CALL_VOLTE_NUM,0.0,900,NRCell,Huawei
1696730400000,SAL030_01,ERAB_SR_DEN,168.0,900,NRCell,Huawei
1696730400000,SAL030_01,ERAB_SR_NUM,168.0,900,NRCell,Huawei
1696730400000,SAL030_01,INTEGRITY_NGBR_QCI_9,1921894800.0,900,NRCell,Huawei
1696730400000,SAL030_01,INTRA_FREQUENCY_HO_OUT_ATT,6.0,900,NRCell,Huawei
1696730400000,SAL030_01,INTRA_FREQUENCY_HO_OUT_SUCC,6.0,900,NRCell,Huawei
1696730400000,SAL030_01,RRC_SETUP_ATT,95.0,900,NRCell,Huawei
1696730400000,SAL030_01,RRC_SETUP_SUCC,95.0,900,NRCell,Huawei
1696730400000,SAL030_01,S1SIG_Connection_Setup_SR_DEN,95.0,900,NRCell,Huawei
1696730400000,SAL030_01,S1SIG_Connection_Setup_SR_NUM,95.0,900,NRCell,Huawei
1696730400000,SAL030_01,SERVICE_LATENCY_OVER_AIR_INTERFACE_DEN,107026.0,900,NRCell,Huawei
1696730400000,SAL030_01,SERVICE_LATENCY_OVER_AIR_INTERFACE_NUM,165079.0,900,NRCell,Huawei
1696730400000,SAL030_01,VOICE_TRAFFIC,7862.0,900,NRCell,Huawei
1696730400000,SAL030_01,VOLTE_CALL_SETUP_ATT,4.0,900,NRCell,Huawei
1696730400000,SAL030_01,VOLTE_CALL_SETUP_SUCC,4.0,900,NRCell,Huawei
1696730400000,SEV001_01,DCR_DEN,2393.0,900,NRCell,Huawei
1696730400000,SEV001_01,DCR_NUM,6.0,900,NRCell,Huawei
1696730400000,SEV001_01,DROP_CALL_VOLTE_DEN,10.0,900,NRCell,Huawei
1696730400000,SEV001_01,DROP_CALL_VOLTE_NUM,0.0,900,NRCell,Huawei
1696730400000,SEV001_01,ERAB_SR_DEN,2421.0,900,NRCell,Huawei
1696730400000,SEV001_01,ERAB_SR_NUM,2421.0,900,NRCell,Huawei
1696730400000,SEV001_01,INTEGRITY_NGBR_QCI_9,14349054008.0,900,NRCell,Huawei
1696730400000,SEV001_01,INTRA_FREQUENCY_HO_OUT_ATT,95.0,900,NRCell,Huawei
1696730400000,SEV001_01,INTRA_FREQUENCY_HO_OUT_SUCC,95.0,900,NRCell,Huawei
1696730400000,SEV001_01,RRC_SETUP_ATT,1345.0,900,NRCell,Huawei
1696730400000,SEV001_01,RRC_SETUP_SUCC,1344.0,900,NRCell,Huawei
1696730400000,SEV001_01,S1SIG_Connection_Setup_SR_DEN,1344.0,900,NRCell,Huawei
1696730400000,SEV001_01,S1SIG_Connection_Setup_SR_NUM,1344.0,900,NRCell,Huawei
1696730400000,SEV001_01,SERVICE_LATENCY_OVER_AIR_INTERFACE_DEN,439344.0,900,NRCell,Huawei
1696730400000,SEV001_01,SERVICE_LATENCY_OVER_AIR_INTERFACE_NUM,1738663.0,900,NRCell,Huawei
1696730400000,SEV001_01,VOICE_TRAFFIC,24421.0,900,NRCell,Huawei
1696730400000,SEV001_01,VOLTE_CALL_SETUP_ATT,8.0,900,NRCell,Huawei
1696730400000,SEV001_01,VOLTE_CALL_SETUP_SUCC,8.0,900,NRCell,Huawei
1696730400000,SNT002_01,DCR_DEN,1045.0,900,NRCell,Huawei
1696730400000,SNT002_01,DCR_NUM,0.0,900,NRCell,Huawei
1696730400000,SNT002_01,DROP_CALL_VOLTE_DEN,7.0,900,NRCell,Huawei
1696730400000,SNT002_01,DROP_CALL_VOLTE_NUM,0.0,900,NRCell,Huawei
1696730400000,SNT002_01,ERAB_SR_DEN,1032.0,900,NRCell,Huawei
1696730400000,SNT002_01,ERAB_SR_NUM,1032.0,900,NRCell,Huawei
1696730400000,SNT002_01,INTEGRITY_NGBR_QCI_9,3817147984.0,900,NRCell,Huawei
1696730400000,SNT002_01,INTRA_FREQUENCY_HO_OUT_ATT,63.0,900,NRCell,Huawei
1696730400000,SNT002_01,INTRA_FREQUENCY_HO_OUT_SUCC,63.0,900,NRCell,Huawei
1696730400000,SNT002_01,RRC_SETUP_ATT,583.0,900,NRCell,Huawei
1696730400000,SNT002_01,RRC_SETUP_SUCC,581.0,900,NRCell,Huawei
1696730400000,SNT002_01,S1SIG_Connection_Setup_SR_DEN,581.0,900,NRCell,Huawei
1696730400000,SNT002_01,S1SIG_Connection_Setup_SR_NUM,581.0,900,NRCell,Huawei
1696730400000,SNT002_01,SERVICE_LATENCY_OVER_AIR_INTERFACE_DEN,91281.0,900,NRCell,Huawei
1696730400000,SNT002_01,SERVICE_LATENCY_OVER_AIR_INTERFACE_NUM,118618.0,900,NRCell,Huawei
1696730400000,SNT002_01,VOICE_TRAFFIC,2833.0,900,NRCell,Huawei
1696730400000,SNT002_01,VOLTE_CALL_SETUP_ATT,5.0,900,NRCell,Huawei
1696730400000,SNT002_01,VOLTE_CALL_SETUP_SUCC,5.0,900,NRCell,Huawei
1696730400000,TAR015_01,DCR_DEN,2609.0,900,NRCell,Huawei
1696730400000,TAR015_01,DCR_NUM,3.0,900,NRCell,Huawei
1696730400000,TAR015_01,DROP_CALL_VOLTE_DEN,23.0,900,NRCell,Huawei
1696730400000,TAR015_01,DROP_CALL_VOLTE_NUM,0.0,900,NRCell,Huawei
1696730400000,TAR015_01,ERAB_SR_DEN,2579.0,900,NRCell,Huawei
1696730400000,TAR015_01,ERAB_SR_NUM,2578.0,900,NRCell,Huawei
1696730400000,TAR015_01,INTEGRITY_NGBR_QCI_9,12543430120.0,900,NRCell,Huawei
1696730400000,TAR015_01,INTRA_FREQUENCY_HO_OUT_ATT,126.0,900,NRCell,Huawei
1696730400000,TAR015_01,INTRA_FREQUENCY_HO_OUT_SUCC,126.0,900,NRCell,Huawei
1696730400000,TAR015_01,RRC_SETUP_ATT,1405.0,900,NRCell,Huawei
1696730400000,TAR015_01,RRC_SETUP_SUCC,1405.0,900,NRCell,Huawei
1696730400000,TAR015_01,S1SIG_Connection_Setup_SR_DEN,1405.0,900,NRCell,Huawei
1696730400000,TAR015_01,S1SIG_Connection_Setup_SR_NUM,1405.0,900,NRCell,Huawei
1696730400000,TAR015_01,SERVICE_LATENCY_OVER_AIR_INTERFACE_DEN,561170.0,900,NRCell,Huawei
1696730400000,TAR015_01,SERVICE_LATENCY_OVER_AIR_INTERFACE_NUM,2338495.0,900,NRCell,Huawei
1696730400000,TAR015_01,VOICE_TRAFFIC,33439.0,900,NRCell,Huawei
1696730400000,TAR015_01,VOLTE_CALL_SETUP_ATT,18.0,900,NRCell,Huawei
1696730400000,TAR015_01,VOLTE_CALL_SETUP_SUCC,18.0,900,NRCell,Huawei
1696730400000,TOL034_01,DCR_DEN,176.0,900,NRCell,Huawei
1696730400000,TOL034_01,DCR_NUM,0.0,900,NRCell,Huawei
1696730400000,TOL034_01,DROP_CALL_VOLTE_DEN,1.0,900,NRCell,Huawei
1696730400000,TOL034_01,DROP_CALL_VOLTE_NUM,0.0,900,NRCell,Huawei
1696730400000,TOL034_01,ERAB_SR_DEN,185.0,900,NRCell,Huawei
1696730400000,TOL034_01,ERAB_SR_NUM,184.0,900,NRCell,Huawei
1696730400000,TOL034_01,INTEGRITY_NGBR_QCI_9,3778650912.0,900,NRCell,Huawei
1696730400000,TOL034_01,INTRA_FREQUENCY_HO_OUT_ATT,14.0,900,NRCell,Huawei
1696730400000,TOL034_01,INTRA_FREQUENCY_HO_OUT_SUCC,14.0,900,NRCell,Huawei
1696730400000,TOL034_01,RRC_SETUP_ATT,131.0,900,NRCell,Huawei
1696730400000,TOL034_01,RRC_SETUP_SUCC,131.0,900,NRCell,Huawei
1696730400000,TOL034_01,S1SIG_Connection_Setup_SR_DEN,131.0,900,NRCell,Huawei
1696730400000,TOL034_01,S1SIG_Connection_Setup_SR_NUM,131.0,900,NRCell,Huawei
1696730400000,TOL034_01,SERVICE_LATENCY_OVER_AIR_INTERFACE_DEN,14942.0,900,NRCell,Huawei
1696730400000,TOL034_01,SERVICE_LATENCY_OVER_AIR_INTERFACE_NUM,52138.0,900,NRCell,Huawei
1696730400000,TOL034_01,VOICE_TRAFFIC,189.0,900,NRCell,Huawei
1696730400000,TOL034_01,VOLTE_CALL_SETUP_ATT,1.0,900,NRCell,Huawei
1696730400000,TOL034_01,VOLTE_CALL_SETUP_SUCC,1.0,900,NRCell,Huawei
1696730400000,VAL002_01,DCR_DEN,42.0,900,NRCell,Huawei
1696730400000,VAL002_01,DCR_NUM,0.0,900,NRCell,Huawei
1696730400000,VAL002_01,DROP_CALL_VOLTE_DEN,0.0,900,NRCell,Huawei
1696730400000,VAL002_01,DROP_CALL_VOLTE_NUM,0.0,900,NRCell,Huawei
1696730400000,VAL002_01,ERAB_SR_DEN,33.0,900,NRCell,Huawei
1696730400000,VAL002_01,ERAB_SR_NUM,33.0,900,NRCell,Huawei
1696730400000,VAL002_01,INTEGRITY_NGBR_QCI_9,28533504.0,900,NRCell,Huawei
1696730400000,VAL002_01,INTRA_FREQUENCY_HO_OUT_ATT,3.0,900,NRCell,Huawei
1696730400000,VAL002_01,INTRA_FREQUENCY_HO_OUT_SUCC,3.0,900,NRCell,Huawei
1696730400000,VAL002_01,RRC_SETUP_ATT,29.0,900,NRCell,Huawei
1696730400000,VAL002_01,RRC_SETUP_SUCC,29.0,900,NRCell,Huawei
1696730400000,VAL002_01,S1SIG_Connection_Setup_SR_DEN,29.0,900,NRCell,Huawei
1696730400000,VAL002_01,S1SIG_Connection_Setup_SR_NUM,28.0,900,NRCell,Huawei
1696730400000,VAL002_01,SERVICE_LATENCY_OVER_AIR_INTERFACE_DEN,5084.0,900,NRCell,Huawei
1696730400000,VAL002_01,SERVICE_LATENCY_OVER_AIR_INTERFACE_NUM,7990.0,900,NRCell,Huawei
1696730400000,VAL002_01,VOICE_TRAFFIC,0.0,900,NRCell,Huawei
1696730400000,VAL002_01,VOLTE_CALL_SETUP_ATT,0.0,900,NRCell,Huawei
1696730400000,VAL002_01,VOLTE_CALL_SETUP_SUCC,0.0,900,NRCell,Huawei
