startTime,neId,counterCode,counterValue,granularity,neType,vendorName
1696624200000,BCN014_01,DCR_DEN,3796.0,900,NRCell,Huawei
1696624200000,BCN014_01,DCR_NUM,8.0,900,NRCell,Huawei
1696624200000,BCN014_01,DROP_CALL_VOLTE_DEN,49.0,900,NRCell,Huawei
1696624200000,BCN014_01,DROP_CALL_VOLTE_NUM,0.0,900,NRCell,Huawei
1696624200000,BCN014_01,ERAB_SR_DEN,3726.0,900,NRCell,Huawei
1696624200000,BCN014_01,ERAB_SR_NUM,3725.0,900,NRCell,Huawei
1696624200000,BCN014_01,INTEGRITY_NGBR_QCI_9,16423787576.0,900,NRCell,Huawei
1696624200000,BCN014_01,INTRA_FREQUENCY_HO_OUT_ATT,249.0,900,NRCell,Huawei
1696624200000,BCN014_01,INTRA_FREQUENCY_HO_OUT_SUCC,248.0,900,NRCell,Huawei
1696624200000,BCN014_01,RRC_SETUP_ATT,2139.0,900,NRCell,Huawei
1696624200000,BCN014_01,RRC_SETUP_SUCC,2134.0,900,NRCell,Huawei
1696624200000,BCN014_01,S1SIG_Connection_Setup_SR_DEN,2134.0,900,NRCell,Huawei
1696624200000,BCN014_01,S1SIG_Connection_Setup_SR_NUM,2134.0,900,NRCell,Huawei
1696624200000,BCN014_01,SERVICE_LATENCY_OVER_AIR_INTERFACE_DEN,430970.0,900,NRCell,Huawei
1696624200000,BCN014_01,SERVICE_LATENCY_OVER_AIR_INTERFACE_NUM,1286631.0,900,NRCell,Huawei
1696624200000,BCN014_01,VOICE_TRAFFIC,43342.0,900,NRCell,Huawei
1696624200000,BCN014_01,VOLTE_CALL_SETUP_ATT,43.0,900,NRCell,Huawei
1696624200000,BCN014_01,VOLTE_CALL_SETUP_SUCC,43.0,900,NRCell,Huawei
1696624200000,BIL001_01,DCR_DEN,3496.0,900,NRCell,Huawei
1696624200000,BIL001_01,DCR_NUM,3.0,900,NRCell,Huawei
1696624200000,BIL001_01,DROP_CALL_VOLTE_DEN,30.0,900,NRCell,Huawei
1696624200000,BIL001_01,DROP_CALL_VOLTE_NUM,0.0,900,NRCell,Huawei
1696624200000,BIL001_01,ERAB_SR_DEN,3488.0,900,NRCell,Huawei
1696624200000,BIL001_01,ERAB_SR_NUM,3483.0,900,NRCell,Huawei
1696624200000,BIL001_01,INTEGRITY_NGBR_QCI_9,17317590680.0,900,NRCell,Huawei
1696624200000,BIL001_01,INTRA_FREQUENCY_HO_OUT_ATT,243.0,900,NRCell,Huawei
1696624200000,BIL001_01,INTRA_FREQUENCY_HO_OUT_SUCC,242.0,900,NRCell,Huawei
1696624200000,BIL001_01,RRC_SETUP_ATT,2042.0,900,NRCell,Huawei
1696624200000,BIL001_01,RRC_SETUP_SUCC,2010.0,900,NRCell,Huawei
1696624200000,BIL001_01,S1SIG_Connection_Setup_SR_DEN,2009.0,900,NRCell,Huawei
1696624200000,BIL001_01,S1SIG_Connection_Setup_SR_NUM,2007.0,900,NRCell,Huawei
1696624200000,BIL001_01,SERVICE_LATENCY_OVER_AIR_INTERFACE_DEN,441205.0,900,NRCell,Huawei
1696624200000,BIL001_01,SERVICE_LATENCY_OVER_AIR_INTERFACE_NUM,1039293.0,900,NRCell,Huawei
1696624200000,BIL001_01,VOICE_TRAFFIC,23832.0,900,NRCell,Huawei
1696624200000,BIL001_01,VOLTE_CALL_SETUP_ATT,28.0,900,NRCell,Huawei
1696624200000,BIL001_01,VOLTE_CALL_SETUP_SUCC,28.0,900,NRCell,Huawei
1696624200000,MAD033_01,DCR_DEN,1629.0,900,NRCell,Huawei
1696624200000,MAD033_01,DCR_NUM,0.0,900,NRCell,Huawei
1696624200000,MAD033_01,DROP_CALL_VOLTE_DEN,29.0,900,NRCell,Huawei
1696624200000,MAD033_01,DROP_CALL_VOLTE_NUM,0.0,900,NRCell,Huawei
1696624200000,MAD033_01,ERAB_SR_DEN,1638.0,900,NRCell,Huawei
1696624200000,MAD033_01,ERAB_SR_NUM,1638.0,900,NRCell,Huawei
1696624200000,MAD033_01,INTEGRITY_NGBR_QCI_9,6452904048.0,900,NRCell,Huawei
1696624200000,MAD033_01,INTRA_FREQUENCY_HO_OUT_ATT,114.0,900,NRCell,Huawei
1696624200000,MAD033_01,INTRA_FREQUENCY_HO_OUT_SUCC,114.0,900,NRCell,Huawei
1696624200000,MAD033_01,RRC_SETUP_ATT,947.0,900,NRCell,Huawei
1696624200000,MAD033_01,RRC_SETUP_SUCC,946.0,900,NRCell,Huawei
1696624200000,MAD033_01,S1SIG_Connection_Setup_SR_DEN,947.0,900,NRCell,Huawei
1696624200000,MAD033_01,S1SIG_Connection_Setup_SR_NUM,946.0,900,NRCell,Huawei
1696624200000,MAD033_01,SERVICE_LATENCY_OVER_AIR_INTERFACE_DEN,189599.0,900,NRCell,Huawei
1696624200000,MAD033_01,SERVICE_LATENCY_OVER_AIR_INTERFACE_NUM,260135.0,900,NRCell,Huawei
1696624200000,MAD033_01,VOICE_TRAFFIC,20515.0,900,NRCell,Huawei
1696624200000,MAD033_01,VOLTE_CALL_SETUP_ATT,24.0,900,NRCell,Huawei
1696624200000,MAD033_01,VOLTE_CALL_SETUP_SUCC,24.0,900,NRCell,Huawei
1696624200000,SAL030_01,DCR_DEN,224.0,900,NRCell,Huawei
1696624200000,SAL030_01,DCR_NUM,2.0,900,NRCell,Huawei
1696624200000,SAL030_01,DROP_CALL_VOLTE_DEN,1.0,900,NRCell,Huawei
1696624200000,SAL030_01,DROP_CALL_VOLTE_NUM,0.0,900,NRCell,Huawei
1696624200000,SAL030_01,ERAB_SR_DEN,224.0,900,NRCell,Huawei
1696624200000,SAL030_01,ERAB_SR_NUM,224.0,900,NRCell,Huawei
1696624200000,SAL030_01,INTEGRITY_NGBR_QCI_9,3892427848.0,900,NRCell,Huawei
1696624200000,SAL030_01,INTRA_FREQUENCY_HO_OUT_ATT,16.0,900,NRCell,Huawei
1696624200000,SAL030_01,INTRA_FREQUENCY_HO_OUT_SUCC,16.0,900,NRCell,Huawei
1696624200000,SAL030_01,RRC_SETUP_ATT,134.0,900,NRCell,Huawei
1696624200000,SAL030_01,RRC_SETUP_SUCC,134.0,900,NRCell,Huawei
1696624200000,SAL030_01,S1SIG_Connection_Setup_SR_DEN,134.0,900,NRCell,Huawei
1696624200000,SAL030_01,S1SIG_Connection_Setup_SR_NUM,133.0,900,NRCell,Huawei
1696624200000,SAL030_01,SERVICE_LATENCY_OVER_AIR_INTERFACE_DEN,150895.0,900,NRCell,Huawei
1696624200000,SAL030_01,SERVICE_LATENCY_OVER_AIR_INTERFACE_NUM,186135.0,900,NRCell,Huawei
1696624200000,SAL030_01,VOICE_TRAFFIC,102.0,900,NRCell,Huawei
1696624200000,SAL030_01,VOLTE_CALL_SETUP_ATT,1.0,900,NRCell,Huawei
1696624200000,SAL030_01,VOLTE_CALL_SETUP_SUCC,1.0,900,NRCell,Huawei
1696624200000,SEV001_01,DCR_DEN,4261.0,900,NRCell,Huawei
1696624200000,SEV001_01,DCR_NUM,3.0,900,NRCell,Huawei
1696624200000,SEV001_01,DROP_CALL_VOLTE_DEN,42.0,900,NRCell,Huawei
1696624200000,SEV001_01,DROP_CALL_VOLTE_NUM,0.0,900,NRCell,Huawei
1696624200000,SEV001_01,ERAB_SR_DEN,4300.0,900,NRCell,Huawei
1696624200000,SEV001_01,ERAB_SR_NUM,4298.0,900,NRCell,Huawei
1696624200000,SEV001_01,INTEGRITY_NGBR_QCI_9,13735801848.0,900,NRCell,Huawei
1696624200000,SEV001_01,INTRA_FREQUENCY_HO_OUT_ATT,105.0,900,NRCell,Huawei
1696624200000,SEV001_01,INTRA_FREQUENCY_HO_OUT_SUCC,105.0,900,NRCell,Huawei
1696624200000,SEV001_01,RRC_SETUP_ATT,2319.0,900,NRCell,Huawei
1696624200000,SEV001_01,RRC_SETUP_SUCC,2315.0,900,NRCell,Huawei
1696624200000,SEV001_01,S1SIG_Connection_Setup_SR_DEN,2315.0,900,NRCell,Huawei
1696624200000,SEV001_01,S1SIG_Connection_Setup_SR_NUM,2315.0,900,NRCell,Huawei
1696624200000,SEV001_01,SERVICE_LATENCY_OVER_AIR_INTERFACE_DEN,470264.0,900,NRCell,Huawei
1696624200000,SEV001_01,SERVICE_LATENCY_OVER_AIR_INTERFACE_NUM,1016334.0,900,NRCell,Huawei
1696624200000,SEV001_01,VOICE_TRAFFIC,33169.0,900,NRCell,Huawei
1696624200000,SEV001_01,VOLTE_CALL_SETUP_ATT,44.0,900,NRCell,Huawei
1696624200000,SEV001_01,VOLTE_CALL_SETUP_SUCC,44.0,900,NRCell,Huawei
1696624200000,SNT002_01,DCR_DEN,1766.0,900,NRCell,Huawei
1696624200000,SNT002_01,DCR_NUM,0.0,900,NRCell,Huawei
1696624200000,SNT002_01,DROP_CALL_VOLTE_DEN,28.0,900,NRCell,Huawei
1696624200000,SNT002_01,DROP_CALL_VOLTE_NUM,0.0,900,NRCell,Huawei
1696624200000,SNT002_01,ERAB_SR_DEN,1820.0,900,NRCell,Huawei
1696624200000,SNT002_01,ERAB_SR_NUM,1820.0,900,NRCell,Huawei
1696624200000,SNT002_01,INTEGRITY_NGBR_QCI_9,4604926568.0,900,NRCell,Huawei
1696624200000,SNT002_01,INTRA_FREQUENCY_HO_OUT_ATT,83.0,900,NRCell,Huawei
1696624200000,SNT002_01,INTRA_FREQUENCY_HO_OUT_SUCC,83.0,900,NRCell,Huawei
1696624200000,SNT002_01,RRC_SETUP_ATT,1009.0,900,NRCell,Huawei
1696624200000,SNT002_01,RRC_SETUP_SUCC,1008.0,900,NRCell,Huawei
1696624200000,SNT002_01,S1SIG_Connection_Setup_SR_DEN,1008.0,900,NRCell,Huawei
1696624200000,SNT002_01,S1SIG_Connection_Setup_SR_NUM,1008.0,900,NRCell,Huawei
1696624200000,SNT002_01,SERVICE_LATENCY_OVER_AIR_INTERFACE_DEN,171450.0,900,NRCell,Huawei
1696624200000,SNT002_01,SERVICE_LATENCY_OVER_AIR_INTERFACE_NUM,239495.0,900,NRCell,Huawei
1696624200000,SNT002_01,VOICE_TRAFFIC,19321.0,900,NRCell,Huawei
1696624200000,SNT002_01,VOLTE_CALL_SETUP_ATT,26.0,900,NRCell,Huawei
1696624200000,SNT002_01,VOLTE_CALL_SETUP_SUCC,26.0,900,NRCell,Huawei
1696624200000,TAR015_01,DCR_DEN,4762.0,900,NRCell,Huawei
1696624200000,TAR015_01,DCR_NUM,6.0,900,NRCell,Huawei
1696624200000,TAR015_01,DROP_CALL_VOLTE_DEN,60.0,900,NRCell,Huawei
1696624200000,TAR015_01,DROP_CALL_VOLTE_NUM,0.0,900,NRCell,Huawei
1696624200000,TAR015_01,ERAB_SR_DEN,4717.0,900,NRCell,Huawei
1696624200000,TAR015_01,ERAB_SR_NUM,4715.0,900,NRCell,Huawei
1696624200000,TAR015_01,INTEGRITY_NGBR_QCI_9,18837779496.0,900,NRCell,Huawei
1696624200000,TAR015_01,INTRA_FREQUENCY_HO_OUT_ATT,173.0,900,NRCell,Huawei
1696624200000,TAR015_01,INTRA_FREQUENCY_HO_OUT_SUCC,173.0,900,NRCell,Huawei
1696624200000,TAR015_01,RRC_SETUP_ATT,2495.0,900,NRCell,Huawei
1696624200000,TAR015_01,RRC_SETUP_SUCC,2494.0,900,NRCell,Huawei
1696624200000,TAR015_01,S1SIG_Connection_Setup_SR_DEN,2494.0,900,NRCell,Huawei
1696624200000,TAR015_01,S1SIG_Connection_Setup_SR_NUM,2494.0,900,NRCell,Huawei
1696624200000,TAR015_01,SERVICE_LATENCY_OVER_AIR_INTERFACE_DEN,547414.0,900,NRCell,Huawei
1696624200000,TAR015_01,SERVICE_LATENCY_OVER_AIR_INTERFACE_NUM,1012704.0,900,NRCell,Huawei
1696624200000,TAR015_01,VOICE_TRAFFIC,37045.0,900,NRCell,Huawei
1696624200000,TAR015_01,VOLTE_CALL_SETUP_ATT,56.0,900,NRCell,Huawei
1696624200000,TAR015_01,VOLTE_CALL_SETUP_SUCC,55.0,900,NRCell,Huawei
1696624200000,TOL034_01,DCR_DEN,268.0,900,NRCell,Huawei
1696624200000,TOL034_01,DCR_NUM,0.0,900,NRCell,Huawei
1696624200000,TOL034_01,DROP_CALL_VOLTE_DEN,4.0,900,NRCell,Huawei
1696624200000,TOL034_01,DROP_CALL_VOLTE_NUM,0.0,900,NRCell,Huawei
1696624200000,TOL034_01,ERAB_SR_DEN,249.0,900,NRCell,Huawei
1696624200000,TOL034_01,ERAB_SR_NUM,249.0,900,NRCell,Huawei
1696624200000,TOL034_01,INTEGRITY_NGBR_QCI_9,3690566560.0,900,NRCell,Huawei
1696624200000,TOL034_01,INTRA_FREQUENCY_HO_OUT_ATT,19.0,900,NRCell,Huawei
1696624200000,TOL034_01,INTRA_FREQUENCY_HO_OUT_SUCC,19.0,900,NRCell,Huawei
1696624200000,TOL034_01,RRC_SETUP_ATT,163.0,900,NRCell,Huawei
1696624200000,TOL034_01,RRC_SETUP_SUCC,163.0,900,NRCell,Huawei
1696624200000,TOL034_01,S1SIG_Connection_Setup_SR_DEN,163.0,900,NRCell,Huawei
1696624200000,TOL034_01,S1SIG_Connection_Setup_SR_NUM,163.0,900,NRCell,Huawei
1696624200000,TOL034_01,SERVICE_LATENCY_OVER_AIR_INTERFACE_DEN,49330.0,900,NRCell,Huawei
1696624200000,TOL034_01,SERVICE_LATENCY_OVER_AIR_INTERFACE_NUM,82025.0,900,NRCell,Huawei
1696624200000,TOL034_01,VOICE_TRAFFIC,497.0,900,NRCell,Huawei
1696624200000,TOL034_01,VOLTE_CALL_SETUP_ATT,1.0,900,NRCell,Huawei
1696624200000,TOL034_01,VOLTE_CALL_SETUP_SUCC,1.0,900,NRCell,Huawei
1696624200000,VAL002_01,DCR_DEN,29.0,900,NRCell,Huawei
1696624200000,VAL002_01,DCR_NUM,0.0,900,NRCell,Huawei
1696624200000,VAL002_01,DROP_CALL_VOLTE_DEN,1.0,900,NRCell,Huawei
1696624200000,VAL002_01,DROP_CALL_VOLTE_NUM,0.0,900,NRCell,Huawei
1696624200000,VAL002_01,ERAB_SR_DEN,24.0,900,NRCell,Huawei
1696624200000,VAL002_01,ERAB_SR_NUM,24.0,900,NRCell,Huawei
1696624200000,VAL002_01,INTEGRITY_NGBR_QCI_9,448988400.0,900,NRCell,Huawei
1696624200000,VAL002_01,INTRA_FREQUENCY_HO_OUT_ATT,8.0,900,NRCell,Huawei
1696624200000,VAL002_01,INTRA_FREQUENCY_HO_OUT_SUCC,8.0,900,NRCell,Huawei
1696624200000,VAL002_01,RRC_SETUP_ATT,19.0,900,NRCell,Huawei
1696624200000,VAL002_01,RRC_SETUP_SUCC,19.0,900,NRCell,Huawei
1696624200000,VAL002_01,S1SIG_Connection_Setup_SR_DEN,19.0,900,NRCell,Huawei
1696624200000,VAL002_01,S1SIG_Connection_Setup_SR_NUM,19.0,900,NRCell,Huawei
1696624200000,VAL002_01,SERVICE_LATENCY_OVER_AIR_INTERFACE_DEN,29886.0,900,NRCell,Huawei
1696624200000,VAL002_01,SERVICE_LATENCY_OVER_AIR_INTERFACE_NUM,36531.0,900,NRCell,Huawei
1696624200000,VAL002_01,VOICE_TRAFFIC,71.0,900,NRCell,Huawei
1696624200000,VAL002_01,VOLTE_CALL_SETUP_ATT,1.0,900,NRCell,Huawei
1696624200000,VAL002_01,VOLTE_CALL_SETUP_SUCC,1.0,900,NRCell,Huawei
