startTime,neId,counterCode,counterValue,granularity,neType,vendorName
1696516200000,BCN014_01,DCR_DEN,3702.0,900,NRCell,Huawei
1696516200000,BCN014_01,DCR_NUM,3.0,900,NRCell,Huawei
1696516200000,BCN014_01,DROP_CALL_VOLTE_DEN,34.0,900,NRCell,Huawei
1696516200000,BCN014_01,DROP_CALL_VOLTE_NUM,0.0,900,NRCell,Huawei
1696516200000,BCN014_01,ERAB_SR_DEN,3691.0,900,NRCell,Huawei
1696516200000,BCN014_01,ERAB_SR_NUM,3690.0,900,NRCell,Huawei
1696516200000,BCN014_01,INTEGRITY_NGBR_QCI_9,11881205168.0,900,NRCell,Huawei
1696516200000,BCN014_01,INTRA_FREQUENCY_HO_OUT_ATT,282.0,900,NRCell,Huawei
1696516200000,BCN014_01,INTRA_FREQUENCY_HO_OUT_SUCC,282.0,900,NRCell,Huawei
1696516200000,BCN014_01,RRC_SETUP_ATT,2131.0,900,NRCell,Huawei
1696516200000,BCN014_01,RRC_SETUP_SUCC,2129.0,900,NRCell,Huawei
1696516200000,BCN014_01,S1SIG_Connection_Setup_SR_DEN,2130.0,900,NRCell,Huawei
1696516200000,BCN014_01,S1SIG_Connection_Setup_SR_NUM,2130.0,900,NRCell,Huawei
1696516200000,BCN014_01,SERVICE_LATENCY_OVER_AIR_INTERFACE_DEN,422769.0,900,NRCell,Huawei
1696516200000,BCN014_01,SERVICE_LATENCY_OVER_AIR_INTERFACE_NUM,640718.0,900,NRCell,Huawei
1696516200000,BCN014_01,VOICE_TRAFFIC,34342.0,900,NRCell,Huawei
1696516200000,BCN014_01,VOLTE_CALL_SETUP_ATT,33.0,900,NRCell,Huawei
1696516200000,BCN014_01,VOLTE_CALL_SETUP_SUCC,33.0,900,NRCell,Huawei
1696516200000,BIL001_01,DCR_DEN,4016.0,900,NRCell,Huawei
1696516200000,BIL001_01,DCR_NUM,4.0,900,NRCell,Huawei
1696516200000,BIL001_01,DROP_CALL_VOLTE_DEN,20.0,900,NRCell,Huawei
1696516200000,BIL001_01,DROP_CALL_VOLTE_NUM,0.0,900,NRCell,Huawei
1696516200000,BIL001_01,ERAB_SR_DEN,4103.0,900,NRCell,Huawei
1696516200000,BIL001_01,ERAB_SR_NUM,4100.0,900,NRCell,Huawei
1696516200000,BIL001_01,INTEGRITY_NGBR_QCI_9,13857623384.0,900,NRCell,Huawei
1696516200000,BIL001_01,INTRA_FREQUENCY_HO_OUT_ATT,197.0,900,NRCell,Huawei
1696516200000,BIL001_01,INTRA_FREQUENCY_HO_OUT_SUCC,197.0,900,NRCell,Huawei
1696516200000,BIL001_01,RRC_SETUP_ATT,2237.0,900,NRCell,Huawei
1696516200000,BIL001_01,RRC_SETUP_SUCC,2222.0,900,NRCell,Huawei
1696516200000,BIL001_01,S1SIG_Connection_Setup_SR_DEN,2220.0,900,NRCell,Huawei
1696516200000,BIL001_01,S1SIG_Connection_Setup_SR_NUM,2220.0,900,NRCell,Huawei
1696516200000,BIL001_01,SERVICE_LATENCY_OVER_AIR_INTERFACE_DEN,452408.0,900,NRCell,Huawei
1696516200000,BIL001_01,SERVICE_LATENCY_OVER_AIR_INTERFACE_NUM,705629.0,900,NRCell,Huawei
1696516200000,BIL001_01,VOICE_TRAFFIC,22301.0,900,NRCell,Huawei
1696516200000,BIL001_01,VOLTE_CALL_SETUP_ATT,20.0,900,NRCell,Huawei
1696516200000,BIL001_01,VOLTE_CALL_SETUP_SUCC,20.0,900,NRCell,Huawei
1696516200000,MAD033_01,DCR_DEN,2207.0,900,NRCell,Huawei
1696516200000,MAD033_01,DCR_NUM,1.0,900,NRCell,Huawei
1696516200000,MAD033_01,DROP_CALL_VOLTE_DEN,23.0,900,NRCell,Huawei
1696516200000,MAD033_01,DROP_CALL_VOLTE_NUM,0.0,900,NRCell,Huawei
1696516200000,MAD033_01,ERAB_SR_DEN,2217.0,900,NRCell,Huawei
1696516200000,MAD033_01,ERAB_SR_NUM,2217.0,900,NRCell,Huawei
1696516200000,MAD033_01,INTEGRITY_NGBR_QCI_9,9016174368.0,900,NRCell,Huawei
1696516200000,MAD033_01,INTRA_FREQUENCY_HO_OUT_ATT,168.0,900,NRCell,Huawei
1696516200000,MAD033_01,INTRA_FREQUENCY_HO_OUT_SUCC,168.0,900,NRCell,Huawei
1696516200000,MAD033_01,RRC_SETUP_ATT,1381.0,900,NRCell,Huawei
1696516200000,MAD033_01,RRC_SETUP_SUCC,1377.0,900,NRCell,Huawei
1696516200000,MAD033_01,S1SIG_Connection_Setup_SR_DEN,1377.0,900,NRCell,Huawei
1696516200000,MAD033_01,S1SIG_Connection_Setup_SR_NUM,1377.0,900,NRCell,Huawei
1696516200000,MAD033_01,SERVICE_LATENCY_OVER_AIR_INTERFACE_DEN,228442.0,900,NRCell,Huawei
1696516200000,MAD033_01,SERVICE_LATENCY_OVER_AIR_INTERFACE_NUM,331387.0,900,NRCell,Huawei
1696516200000,MAD033_01,VOICE_TRAFFIC,27647.0,900,NRCell,Huawei
1696516200000,MAD033_01,VOLTE_CALL_SETUP_ATT,20.0,900,NRCell,Huawei
1696516200000,MAD033_01,VOLTE_CALL_SETUP_SUCC,20.0,900,NRCell,Huawei
1696516200000,SAL030_01,DCR_DEN,269.0,900,NRCell,Huawei
1696516200000,SAL030_01,DCR_NUM,1.0,900,NRCell,Huawei
1696516200000,SAL030_01,DROP_CALL_VOLTE_DEN,0.0,900,NRCell,Huawei
1696516200000,SAL030_01,DROP_CALL_VOLTE_NUM,0.0,900,NRCell,Huawei
1696516200000,SAL030_01,ERAB_SR_DEN,275.0,900,NRCell,Huawei
1696516200000,SAL030_01,ERAB_SR_NUM,275.0,900,NRCell,Huawei
1696516200000,SAL030_01,INTEGRITY_NGBR_QCI_9,4322223248.0,900,NRCell,Huawei
1696516200000,SAL030_01,INTRA_FREQUENCY_HO_OUT_ATT,17.0,900,NRCell,Huawei
1696516200000,SAL030_01,INTRA_FREQUENCY_HO_OUT_SUCC,17.0,900,NRCell,Huawei
1696516200000,SAL030_01,RRC_SETUP_ATT,156.0,900,NRCell,Huawei
1696516200000,SAL030_01,RRC_SETUP_SUCC,156.0,900,NRCell,Huawei
1696516200000,SAL030_01,S1SIG_Connection_Setup_SR_DEN,156.0,900,NRCell,Huawei
1696516200000,SAL030_01,S1SIG_Connection_Setup_SR_NUM,156.0,900,NRCell,Huawei
1696516200000,SAL030_01,SERVICE_LATENCY_OVER_AIR_INTERFACE_DEN,75593.0,900,NRCell,Huawei
1696516200000,SAL030_01,SERVICE_LATENCY_OVER_AIR_INTERFACE_NUM,92466.0,900,NRCell,Huawei
1696516200000,SAL030_01,VOICE_TRAFFIC,0.0,900,NRCell,Huawei
1696516200000,SAL030_01,VOLTE_CALL_SETUP_ATT,0.0,900,NRCell,Huawei
1696516200000,SAL030_01,VOLTE_CALL_SETUP_SUCC,0.0,900,NRCell,Huawei
1696516200000,SEV001_01,DCR_DEN,3887.0,900,NRCell,Huawei
1696516200000,SEV001_01,DCR_NUM,4.0,900,NRCell,Huawei
1696516200000,SEV001_01,DROP_CALL_VOLTE_DEN,28.0,900,NRCell,Huawei
1696516200000,SEV001_01,DROP_CALL_VOLTE_NUM,1.0,900,NRCell,Huawei
1696516200000,SEV001_01,ERAB_SR_DEN,3918.0,900,NRCell,Huawei
1696516200000,SEV001_01,ERAB_SR_NUM,3914.0,900,NRCell,Huawei
1696516200000,SEV001_01,INTEGRITY_NGBR_QCI_9,10467609064.0,900,NRCell,Huawei
1696516200000,SEV001_01,INTRA_FREQUENCY_HO_OUT_ATT,153.0,900,NRCell,Huawei
1696516200000,SEV001_01,INTRA_FREQUENCY_HO_OUT_SUCC,153.0,900,NRCell,Huawei
1696516200000,SEV001_01,RRC_SETUP_ATT,2098.0,900,NRCell,Huawei
1696516200000,SEV001_01,RRC_SETUP_SUCC,2095.0,900,NRCell,Huawei
1696516200000,SEV001_01,S1SIG_Connection_Setup_SR_DEN,2095.0,900,NRCell,Huawei
1696516200000,SEV001_01,S1SIG_Connection_Setup_SR_NUM,2095.0,900,NRCell,Huawei
1696516200000,SEV001_01,SERVICE_LATENCY_OVER_AIR_INTERFACE_DEN,460486.0,900,NRCell,Huawei
1696516200000,SEV001_01,SERVICE_LATENCY_OVER_AIR_INTERFACE_NUM,741669.0,900,NRCell,Huawei
1696516200000,SEV001_01,VOICE_TRAFFIC,40557.0,900,NRCell,Huawei
1696516200000,SEV001_01,VOLTE_CALL_SETUP_ATT,27.0,900,NRCell,Huawei
1696516200000,SEV001_01,VOLTE_CALL_SETUP_SUCC,27.0,900,NRCell,Huawei
1696516200000,SNT002_01,DCR_DEN,2323.0,900,NRCell,Huawei
1696516200000,SNT002_01,DCR_NUM,2.0,900,NRCell,Huawei
1696516200000,SNT002_01,DROP_CALL_VOLTE_DEN,11.0,900,NRCell,Huawei
1696516200000,SNT002_01,DROP_CALL_VOLTE_NUM,0.0,900,NRCell,Huawei
1696516200000,SNT002_01,ERAB_SR_DEN,2410.0,900,NRCell,Huawei
1696516200000,SNT002_01,ERAB_SR_NUM,2406.0,900,NRCell,Huawei
1696516200000,SNT002_01,INTEGRITY_NGBR_QCI_9,9199867120.0,900,NRCell,Huawei
1696516200000,SNT002_01,INTRA_FREQUENCY_HO_OUT_ATT,141.0,900,NRCell,Huawei
1696516200000,SNT002_01,INTRA_FREQUENCY_HO_OUT_SUCC,140.0,900,NRCell,Huawei
1696516200000,SNT002_01,RRC_SETUP_ATT,1365.0,900,NRCell,Huawei
1696516200000,SNT002_01,RRC_SETUP_SUCC,1362.0,900,NRCell,Huawei
1696516200000,SNT002_01,S1SIG_Connection_Setup_SR_DEN,1363.0,900,NRCell,Huawei
1696516200000,SNT002_01,S1SIG_Connection_Setup_SR_NUM,1363.0,900,NRCell,Huawei
1696516200000,SNT002_01,SERVICE_LATENCY_OVER_AIR_INTERFACE_DEN,212109.0,900,NRCell,Huawei
1696516200000,SNT002_01,SERVICE_LATENCY_OVER_AIR_INTERFACE_NUM,311508.0,900,NRCell,Huawei
1696516200000,SNT002_01,VOICE_TRAFFIC,15828.0,900,NRCell,Huawei
1696516200000,SNT002_01,VOLTE_CALL_SETUP_ATT,13.0,900,NRCell,Huawei
1696516200000,SNT002_01,VOLTE_CALL_SETUP_SUCC,13.0,900,NRCell,Huawei
1696516200000,TAR015_01,DCR_DEN,4334.0,900,NRCell,Huawei
1696516200000,TAR015_01,DCR_NUM,5.0,900,NRCell,Huawei
1696516200000,TAR015_01,DROP_CALL_VOLTE_DEN,30.0,900,NRCell,Huawei
1696516200000,TAR015_01,DROP_CALL_VOLTE_NUM,0.0,900,NRCell,Huawei
1696516200000,TAR015_01,ERAB_SR_DEN,4255.0,900,NRCell,Huawei
1696516200000,TAR015_01,ERAB_SR_NUM,4252.0,900,NRCell,Huawei
1696516200000,TAR015_01,INTEGRITY_NGBR_QCI_9,12292332544.0,900,NRCell,Huawei
1696516200000,TAR015_01,INTRA_FREQUENCY_HO_OUT_ATT,210.0,900,NRCell,Huawei
1696516200000,TAR015_01,INTRA_FREQUENCY_HO_OUT_SUCC,210.0,900,NRCell,Huawei
1696516200000,TAR015_01,RRC_SETUP_ATT,2334.0,900,NRCell,Huawei
1696516200000,TAR015_01,RRC_SETUP_SUCC,2329.0,900,NRCell,Huawei
1696516200000,TAR015_01,S1SIG_Connection_Setup_SR_DEN,2329.0,900,NRCell,Huawei
1696516200000,TAR015_01,S1SIG_Connection_Setup_SR_NUM,2329.0,900,NRCell,Huawei
1696516200000,TAR015_01,SERVICE_LATENCY_OVER_AIR_INTERFACE_DEN,398450.0,900,NRCell,Huawei
1696516200000,TAR015_01,SERVICE_LATENCY_OVER_AIR_INTERFACE_NUM,756126.0,900,NRCell,Huawei
1696516200000,TAR015_01,VOICE_TRAFFIC,18412.0,900,NRCell,Huawei
1696516200000,TAR015_01,VOLTE_CALL_SETUP_ATT,31.0,900,NRCell,Huawei
1696516200000,TAR015_01,VOLTE_CALL_SETUP_SUCC,31.0,900,NRCell,Huawei
1696516200000,TOL034_01,DCR_DEN,197.0,900,NRCell,Huawei
1696516200000,TOL034_01,DCR_NUM,0.0,900,NRCell,Huawei
1696516200000,TOL034_01,DROP_CALL_VOLTE_DEN,1.0,900,NRCell,Huawei
1696516200000,TOL034_01,DROP_CALL_VOLTE_NUM,0.0,900,NRCell,Huawei
1696516200000,TOL034_01,ERAB_SR_DEN,200.0,900,NRCell,Huawei
1696516200000,TOL034_01,ERAB_SR_NUM,200.0,900,NRCell,Huawei
1696516200000,TOL034_01,INTEGRITY_NGBR_QCI_9,1231692440.0,900,NRCell,Huawei
1696516200000,TOL034_01,INTRA_FREQUENCY_HO_OUT_ATT,14.0,900,NRCell,Huawei
1696516200000,TOL034_01,INTRA_FREQUENCY_HO_OUT_SUCC,14.0,900,NRCell,Huawei
1696516200000,TOL034_01,RRC_SETUP_ATT,129.0,900,NRCell,Huawei
1696516200000,TOL034_01,RRC_SETUP_SUCC,129.0,900,NRCell,Huawei
1696516200000,TOL034_01,S1SIG_Connection_Setup_SR_DEN,129.0,900,NRCell,Huawei
1696516200000,TOL034_01,S1SIG_Connection_Setup_SR_NUM,129.0,900,NRCell,Huawei
1696516200000,TOL034_01,SERVICE_LATENCY_OVER_AIR_INTERFACE_DEN,46613.0,900,NRCell,Huawei
1696516200000,TOL034_01,SERVICE_LATENCY_OVER_AIR_INTERFACE_NUM,54961.0,900,NRCell,Huawei
1696516200000,TOL034_01,VOICE_TRAFFIC,1224.0,900,NRCell,Huawei
1696516200000,TOL034_01,VOLTE_CALL_SETUP_ATT,0.0,900,NRCell,Huawei
1696516200000,TOL034_01,VOLTE_CALL_SETUP_SUCC,0.0,900,NRCell,Huawei
1696516200000,VAL002_01,DCR_DEN,162.0,900,NRCell,Huawei
1696516200000,VAL002_01,DCR_NUM,0.0,900,NRCell,Huawei
1696516200000,VAL002_01,DROP_CALL_VOLTE_DEN,1.0,900,NRCell,Huawei
1696516200000,VAL002_01,DROP_CALL_VOLTE_NUM,0.0,900,NRCell,Huawei
1696516200000,VAL002_01,ERAB_SR_DEN,155.0,900,NRCell,Huawei
1696516200000,VAL002_01,ERAB_SR_NUM,155.0,900,NRCell,Huawei
1696516200000,VAL002_01,INTEGRITY_NGBR_QCI_9,352361344.0,900,NRCell,Huawei
1696516200000,VAL002_01,INTRA_FREQUENCY_HO_OUT_ATT,10.0,900,NRCell,Huawei
1696516200000,VAL002_01,INTRA_FREQUENCY_HO_OUT_SUCC,9.0,900,NRCell,Huawei
1696516200000,VAL002_01,RRC_SETUP_ATT,102.0,900,NRCell,Huawei
1696516200000,VAL002_01,RRC_SETUP_SUCC,102.0,900,NRCell,Huawei
1696516200000,VAL002_01,S1SIG_Connection_Setup_SR_DEN,102.0,900,NRCell,Huawei
1696516200000,VAL002_01,S1SIG_Connection_Setup_SR_NUM,102.0,900,NRCell,Huawei
1696516200000,VAL002_01,SERVICE_LATENCY_OVER_AIR_INTERFACE_DEN,8606.0,900,NRCell,Huawei
1696516200000,VAL002_01,SERVICE_LATENCY_OVER_AIR_INTERFACE_NUM,10547.0,900,NRCell,Huawei
1696516200000,VAL002_01,VOICE_TRAFFIC,1007.0,900,NRCell,Huawei
1696516200000,VAL002_01,VOLTE_CALL_SETUP_ATT,0.0,900,NRCell,Huawei
1696516200000,VAL002_01,VOLTE_CALL_SETUP_SUCC,0.0,900,NRCell,Huawei
