startTime,neId,counterCode,counterValue,granularity,neType,vendorName
1696712400000,BCN014_01,DCR_DEN,2685.0,900,NRCell,Huawei
1696712400000,BCN014_01,DCR_NUM,5.0,900,NRCell,Huawei
1696712400000,BCN014_01,DROP_CALL_VOLTE_DEN,36.0,900,NRCell,Huawei
1696712400000,BCN014_01,DROP_CALL_VOLTE_NUM,0.0,900,NRCell,Huawei
1696712400000,BCN014_01,ERAB_SR_DEN,2609.0,900,NRCell,Huawei
1696712400000,BCN014_01,ERAB_SR_NUM,2604.0,900,NRCell,Huawei
1696712400000,BCN014_01,INTEGRITY_NGBR_QCI_9,11788082728.0,900,NRCell,Huawei
1696712400000,BCN014_01,INTRA_FREQUENCY_HO_OUT_ATT,267.0,900,NRCell,Huawei
1696712400000,BCN014_01,INTRA_FREQUENCY_HO_OUT_SUCC,266.0,900,NRCell,Huawei
1696712400000,BCN014_01,RRC_SETUP_ATT,1639.0,900,NRCell,Huawei
1696712400000,BCN014_01,RRC_SETUP_SUCC,1632.0,900,NRCell,Huawei
1696712400000,BCN014_01,S1SIG_Connection_Setup_SR_DEN,1632.0,900,NRCell,Huawei
1696712400000,BCN014_01,S1SIG_Connection_Setup_SR_NUM,1625.0,900,NRCell,Huawei
1696712400000,BCN014_01,SERVICE_LATENCY_OVER_AIR_INTERFACE_DEN,390032.0,900,NRCell,Huawei
1696712400000,BCN014_01,SERVICE_LATENCY_OVER_AIR_INTERFACE_NUM,621897.0,900,NRCell,Huawei
1696712400000,BCN014_01,VOICE_TRAFFIC,28437.0,900,NRCell,Huawei
1696712400000,BCN014_01,VOLTE_CALL_SETUP_ATT,33.0,900,NRCell,Huawei
1696712400000,BCN014_01,VOLTE_CALL_SETUP_SUCC,33.0,900,NRCell,Huawei
1696712400000,BIL001_01,DCR_DEN,2622.0,900,NRCell,Huawei
1696712400000,BIL001_01,DCR_NUM,5.0,900,NRCell,Huawei
1696712400000,BIL001_01,DROP_CALL_VOLTE_DEN,33.0,900,NRCell,Huawei
1696712400000,BIL001_01,DROP_CALL_VOLTE_NUM,0.0,900,NRCell,Huawei
1696712400000,BIL001_01,ERAB_SR_DEN,2645.0,900,NRCell,Huawei
1696712400000,BIL001_01,ERAB_SR_NUM,2645.0,900,NRCell,Huawei
1696712400000,BIL001_01,INTEGRITY_NGBR_QCI_9,13600360696.0,900,NRCell,Huawei
1696712400000,BIL001_01,INTRA_FREQUENCY_HO_OUT_ATT,195.0,900,NRCell,Huawei
1696712400000,BIL001_01,INTRA_FREQUENCY_HO_OUT_SUCC,195.0,900,NRCell,Huawei
1696712400000,BIL001_01,RRC_SETUP_ATT,1653.0,900,NRCell,Huawei
1696712400000,BIL001_01,RRC_SETUP_SUCC,1626.0,900,NRCell,Huawei
1696712400000,BIL001_01,S1SIG_Connection_Setup_SR_DEN,1626.0,900,NRCell,Huawei
1696712400000,BIL001_01,S1SIG_Connection_Setup_SR_NUM,1623.0,900,NRCell,Huawei
1696712400000,BIL001_01,SERVICE_LATENCY_OVER_AIR_INTERFACE_DEN,401953.0,900,NRCell,Huawei
1696712400000,BIL001_01,SERVICE_LATENCY_OVER_AIR_INTERFACE_NUM,868391.0,900,NRCell,Huawei
1696712400000,BIL001_01,VOICE_TRAFFIC,19876.0,900,NRCell,Huawei
1696712400000,BIL001_01,VOLTE_CALL_SETUP_ATT,36.0,900,NRCell,Huawei
1696712400000,BIL001_01,VOLTE_CALL_SETUP_SUCC,36.0,900,NRCell,Huawei
1696712400000,MAD033_01,DCR_DEN,1097.0,900,NRCell,Huawei
1696712400000,MAD033_01,DCR_NUM,3.0,900,NRCell,Huawei
1696712400000,MAD033_01,DROP_CALL_VOLTE_DEN,18.0,900,NRCell,Huawei
1696712400000,MAD033_01,DROP_CALL_VOLTE_NUM,0.0,900,NRCell,Huawei
1696712400000,MAD033_01,ERAB_SR_DEN,1121.0,900,NRCell,Huawei
1696712400000,MAD033_01,ERAB_SR_NUM,1121.0,900,NRCell,Huawei
1696712400000,MAD033_01,INTEGRITY_NGBR_QCI_9,4790760936.0,900,NRCell,Huawei
1696712400000,MAD033_01,INTRA_FREQUENCY_HO_OUT_ATT,128.0,900,NRCell,Huawei
1696712400000,MAD033_01,INTRA_FREQUENCY_HO_OUT_SUCC,128.0,900,NRCell,Huawei
1696712400000,MAD033_01,RRC_SETUP_ATT,675.0,900,NRCell,Huawei
1696712400000,MAD033_01,RRC_SETUP_SUCC,674.0,900,NRCell,Huawei
1696712400000,MAD033_01,S1SIG_Connection_Setup_SR_DEN,674.0,900,NRCell,Huawei
1696712400000,MAD033_01,S1SIG_Connection_Setup_SR_NUM,671.0,900,NRCell,Huawei
1696712400000,MAD033_01,SERVICE_LATENCY_OVER_AIR_INTERFACE_DEN,128407.0,900,NRCell,Huawei
1696712400000,MAD033_01,SERVICE_LATENCY_OVER_AIR_INTERFACE_NUM,151842.0,900,NRCell,Huawei
1696712400000,MAD033_01,VOICE_TRAFFIC,11257.0,900,NRCell,Huawei
1696712400000,MAD033_01,VOLTE_CALL_SETUP_ATT,19.0,900,NRCell,Huawei
1696712400000,MAD033_01,VOLTE_CALL_SETUP_SUCC,19.0,900,NRCell,Huawei
1696712400000,SAL030_01,DCR_DEN,220.0,900,NRCell,Huawei
1696712400000,SAL030_01,DCR_NUM,1.0,900,NRCell,Huawei
1696712400000,SAL030_01,DROP_CALL_VOLTE_DEN,1.0,900,NRCell,Huawei
1696712400000,SAL030_01,DROP_CALL_VOLTE_NUM,0.0,900,NRCell,Huawei
1696712400000,SAL030_01,ERAB_SR_DEN,225.0,900,NRCell,Huawei
1696712400000,SAL030_01,ERAB_SR_NUM,224.0,900,NRCell,Huawei
1696712400000,SAL030_01,INTEGRITY_NGBR_QCI_9,1906940944.0,900,NRCell,Huawei
1696712400000,SAL030_01,INTRA_FREQUENCY_HO_OUT_ATT,11.0,900,NRCell,Huawei
1696712400000,SAL030_01,INTRA_FREQUENCY_HO_OUT_SUCC,11.0,900,NRCell,Huawei
1696712400000,SAL030_01,RRC_SETUP_ATT,121.0,900,NRCell,Huawei
1696712400000,SAL030_01,RRC_SETUP_SUCC,121.0,900,NRCell,Huawei
1696712400000,SAL030_01,S1SIG_Connection_Setup_SR_DEN,121.0,900,NRCell,Huawei
1696712400000,SAL030_01,S1SIG_Connection_Setup_SR_NUM,121.0,900,NRCell,Huawei
1696712400000,SAL030_01,SERVICE_LATENCY_OVER_AIR_INTERFACE_DEN,49722.0,900,NRCell,Huawei
1696712400000,SAL030_01,SERVICE_LATENCY_OVER_AIR_INTERFACE_NUM,153944.0,900,NRCell,Huawei
1696712400000,SAL030_01,VOICE_TRAFFIC,5109.0,900,NRCell,Huawei
1696712400000,SAL030_01,VOLTE_CALL_SETUP_ATT,1.0,900,NRCell,Huawei
1696712400000,SAL030_01,VOLTE_CALL_SETUP_SUCC,1.0,900,NRCell,Huawei
1696712400000,SEV001_01,DCR_DEN,2686.0,900,NRCell,Huawei
1696712400000,SEV001_01,DCR_NUM,4.0,900,NRCell,Huawei
1696712400000,SEV001_01,DROP_CALL_VOLTE_DEN,17.0,900,NRCell,Huawei
1696712400000,SEV001_01,DROP_CALL_VOLTE_NUM,0.0,900,NRCell,Huawei
1696712400000,SEV001_01,ERAB_SR_DEN,2697.0,900,NRCell,Huawei
1696712400000,SEV001_01,ERAB_SR_NUM,2694.0,900,NRCell,Huawei
1696712400000,SEV001_01,INTEGRITY_NGBR_QCI_9,12524877416.0,900,NRCell,Huawei
1696712400000,SEV001_01,INTRA_FREQUENCY_HO_OUT_ATT,104.0,900,NRCell,Huawei
1696712400000,SEV001_01,INTRA_FREQUENCY_HO_OUT_SUCC,104.0,900,NRCell,Huawei
1696712400000,SEV001_01,RRC_SETUP_ATT,1492.0,900,NRCell,Huawei
1696712400000,SEV001_01,RRC_SETUP_SUCC,1492.0,900,NRCell,Huawei
1696712400000,SEV001_01,S1SIG_Connection_Setup_SR_DEN,1492.0,900,NRCell,Huawei
1696712400000,SEV001_01,S1SIG_Connection_Setup_SR_NUM,1491.0,900,NRCell,Huawei
1696712400000,SEV001_01,SERVICE_LATENCY_OVER_AIR_INTERFACE_DEN,290133.0,900,NRCell,Huawei
1696712400000,SEV001_01,SERVICE_LATENCY_OVER_AIR_INTERFACE_NUM,587213.0,900,NRCell,Huawei
1696712400000,SEV001_01,VOICE_TRAFFIC,13604.0,900,NRCell,Huawei
1696712400000,SEV001_01,VOLTE_CALL_SETUP_ATT,20.0,900,NRCell,Huawei
1696712400000,SEV001_01,VOLTE_CALL_SETUP_SUCC,20.0,900,NRCell,Huawei
1696712400000,SNT002_01,DCR_DEN,1060.0,900,NRCell,Huawei
1696712400000,SNT002_01,DCR_NUM,3.0,900,NRCell,Huawei
1696712400000,SNT002_01,DROP_CALL_VOLTE_DEN,7.0,900,NRCell,Huawei
1696712400000,SNT002_01,DROP_CALL_VOLTE_NUM,0.0,900,NRCell,Huawei
1696712400000,SNT002_01,ERAB_SR_DEN,1101.0,900,NRCell,Huawei
1696712400000,SNT002_01,ERAB_SR_NUM,1099.0,900,NRCell,Huawei
1696712400000,SNT002_01,INTEGRITY_NGBR_QCI_9,3826195936.0,900,NRCell,Huawei
1696712400000,SNT002_01,INTRA_FREQUENCY_HO_OUT_ATT,94.0,900,NRCell,Huawei
1696712400000,SNT002_01,INTRA_FREQUENCY_HO_OUT_SUCC,93.0,900,NRCell,Huawei
1696712400000,SNT002_01,RRC_SETUP_ATT,680.0,900,NRCell,Huawei
1696712400000,SNT002_01,RRC_SETUP_SUCC,666.0,900,NRCell,Huawei
1696712400000,SNT002_01,S1SIG_Connection_Setup_SR_DEN,666.0,900,NRCell,Huawei
1696712400000,SNT002_01,S1SIG_Connection_Setup_SR_NUM,665.0,900,NRCell,Huawei
1696712400000,SNT002_01,SERVICE_LATENCY_OVER_AIR_INTERFACE_DEN,111868.0,900,NRCell,Huawei
1696712400000,SNT002_01,SERVICE_LATENCY_OVER_AIR_INTERFACE_NUM,129875.0,900,NRCell,Huawei
1696712400000,SNT002_01,VOICE_TRAFFIC,4989.0,900,NRCell,Huawei
1696712400000,SNT002_01,VOLTE_CALL_SETUP_ATT,10.0,900,NRCell,Huawei
1696712400000,SNT002_01,VOLTE_CALL_SETUP_SUCC,10.0,900,NRCell,Huawei
1696712400000,TAR015_01,DCR_DEN,3233.0,900,NRCell,Huawei
1696712400000,TAR015_01,DCR_NUM,0.0,900,NRCell,Huawei
1696712400000,TAR015_01,DROP_CALL_VOLTE_DEN,22.0,900,NRCell,Huawei
1696712400000,TAR015_01,DROP_CALL_VOLTE_NUM,0.0,900,NRCell,Huawei
1696712400000,TAR015_01,ERAB_SR_DEN,3191.0,900,NRCell,Huawei
1696712400000,TAR015_01,ERAB_SR_NUM,3191.0,900,NRCell,Huawei
1696712400000,TAR015_01,INTEGRITY_NGBR_QCI_9,15224969896.0,900,NRCell,Huawei
1696712400000,TAR015_01,INTRA_FREQUENCY_HO_OUT_ATT,156.0,900,NRCell,Huawei
1696712400000,TAR015_01,INTRA_FREQUENCY_HO_OUT_SUCC,156.0,900,NRCell,Huawei
1696712400000,TAR015_01,RRC_SETUP_ATT,1751.0,900,NRCell,Huawei
1696712400000,TAR015_01,RRC_SETUP_SUCC,1751.0,900,NRCell,Huawei
1696712400000,TAR015_01,S1SIG_Connection_Setup_SR_DEN,1751.0,900,NRCell,Huawei
1696712400000,TAR015_01,S1SIG_Connection_Setup_SR_NUM,1751.0,900,NRCell,Huawei
1696712400000,TAR015_01,SERVICE_LATENCY_OVER_AIR_INTERFACE_DEN,424324.0,900,NRCell,Huawei
1696712400000,TAR015_01,SERVICE_LATENCY_OVER_AIR_INTERFACE_NUM,1577759.0,900,NRCell,Huawei
1696712400000,TAR015_01,VOICE_TRAFFIC,24611.0,900,NRCell,Huawei
1696712400000,TAR015_01,VOLTE_CALL_SETUP_ATT,24.0,900,NRCell,Huawei
1696712400000,TAR015_01,VOLTE_CALL_SETUP_SUCC,24.0,900,NRCell,Huawei
1696712400000,TOL034_01,DCR_DEN,130.0,900,NRCell,Huawei
1696712400000,TOL034_01,DCR_NUM,0.0,900,NRCell,Huawei
1696712400000,TOL034_01,DROP_CALL_VOLTE_DEN,0.0,900,NRCell,Huawei
1696712400000,TOL034_01,DROP_CALL_VOLTE_NUM,0.0,900,NRCell,Huawei
1696712400000,TOL034_01,ERAB_SR_DEN,108.0,900,NRCell,Huawei
1696712400000,TOL034_01,ERAB_SR_NUM,108.0,900,NRCell,Huawei
1696712400000,TOL034_01,INTEGRITY_NGBR_QCI_9,3487993576.0,900,NRCell,Huawei
1696712400000,TOL034_01,INTRA_FREQUENCY_HO_OUT_ATT,14.0,900,NRCell,Huawei
1696712400000,TOL034_01,INTRA_FREQUENCY_HO_OUT_SUCC,14.0,900,NRCell,Huawei
1696712400000,TOL034_01,RRC_SETUP_ATT,91.0,900,NRCell,Huawei
1696712400000,TOL034_01,RRC_SETUP_SUCC,89.0,900,NRCell,Huawei
1696712400000,TOL034_01,S1SIG_Connection_Setup_SR_DEN,89.0,900,NRCell,Huawei
1696712400000,TOL034_01,S1SIG_Connection_Setup_SR_NUM,89.0,900,NRCell,Huawei
1696712400000,TOL034_01,SERVICE_LATENCY_OVER_AIR_INTERFACE_DEN,52205.0,900,NRCell,Huawei
1696712400000,TOL034_01,SERVICE_LATENCY_OVER_AIR_INTERFACE_NUM,88023.0,900,NRCell,Huawei
1696712400000,TOL034_01,VOICE_TRAFFIC,1418.0,900,NRCell,Huawei
1696712400000,TOL034_01,VOLTE_CALL_SETUP_ATT,1.0,900,NRCell,Huawei
1696712400000,TOL034_01,VOLTE_CALL_SETUP_SUCC,1.0,900,NRCell,Huawei
1696712400000,VAL002_01,DCR_DEN,40.0,900,NRCell,Huawei
1696712400000,VAL002_01,DCR_NUM,0.0,900,NRCell,Huawei
1696712400000,VAL002_01,DROP_CALL_VOLTE_DEN,2.0,900,NRCell,Huawei
1696712400000,VAL002_01,DROP_CALL_VOLTE_NUM,0.0,900,NRCell,Huawei
1696712400000,VAL002_01,ERAB_SR_DEN,45.0,900,NRCell,Huawei
1696712400000,VAL002_01,ERAB_SR_NUM,45.0,900,NRCell,Huawei
1696712400000,VAL002_01,INTEGRITY_NGBR_QCI_9,81119648.0,900,NRCell,Huawei
1696712400000,VAL002_01,INTRA_FREQUENCY_HO_OUT_ATT,8.0,900,NRCell,Huawei
1696712400000,VAL002_01,INTRA_FREQUENCY_HO_OUT_SUCC,8.0,900,NRCell,Huawei
1696712400000,VAL002_01,RRC_SETUP_ATT,32.0,900,NRCell,Huawei
1696712400000,VAL002_01,RRC_SETUP_SUCC,32.0,900,NRCell,Huawei
1696712400000,VAL002_01,S1SIG_Connection_Setup_SR_DEN,32.0,900,NRCell,Huawei
1696712400000,VAL002_01,S1SIG_Connection_Setup_SR_NUM,32.0,900,NRCell,Huawei
1696712400000,VAL002_01,SERVICE_LATENCY_OVER_AIR_INTERFACE_DEN,2087.0,900,NRCell,Huawei
1696712400000,VAL002_01,SERVICE_LATENCY_OVER_AIR_INTERFACE_NUM,3696.0,900,NRCell,Huawei
1696712400000,VAL002_01,VOICE_TRAFFIC,191.0,900,NRCell,Huawei
1696712400000,VAL002_01,VOLTE_CALL_SETUP_ATT,1.0,900,NRCell,Huawei
1696712400000,VAL002_01,VOLTE_CALL_SETUP_SUCC,1.0,900,NRCell,Huawei
