startTime,neId,counterCode,counterValue,granularity,neType,vendorName
1696485600000,BCN014_01,DCR_DEN,1096.0,900,NRCell,Huawei
1696485600000,BCN014_01,DCR_NUM,0.0,900,NRCell,Huawei
1696485600000,BCN014_01,DROP_CALL_VOLTE_DEN,4.0,900,NRCell,Huawei
1696485600000,BCN014_01,DROP_CALL_VOLTE_NUM,0.0,900,NRCell,Huawei
1696485600000,BCN014_01,ERAB_SR_DEN,1078.0,900,NRCell,Huawei
1696485600000,BCN014_01,ERAB_SR_NUM,1078.0,900,NRCell,Huawei
1696485600000,BCN014_01,INTEGRITY_NGBR_QCI_9,9406766608.0,900,NRCell,Huawei
1696485600000,BCN014_01,INTRA_FREQUENCY_HO_OUT_ATT,40.0,900,NRCell,Huawei
1696485600000,BCN014_01,INTRA_FREQUENCY_HO_OUT_SUCC,40.0,900,NRCell,Huawei
1696485600000,BCN014_01,RRC_SETUP_ATT,645.0,900,NRCell,Huawei
1696485600000,BCN014_01,RRC_SETUP_SUCC,645.0,900,NRCell,Huawei
1696485600000,BCN014_01,S1SIG_Connection_Setup_SR_DEN,645.0,900,NRCell,Huawei
1696485600000,BCN014_01,S1SIG_Connection_Setup_SR_NUM,645.0,900,NRCell,Huawei
1696485600000,BCN014_01,SERVICE_LATENCY_OVER_AIR_INTERFACE_DEN,250598.0,900,NRCell,Huawei
1696485600000,BCN014_01,SERVICE_LATENCY_OVER_AIR_INTERFACE_NUM,327197.0,900,NRCell,Huawei
1696485600000,BCN014_01,VOICE_TRAFFIC,10011.0,900,NRCell,Huawei
1696485600000,BCN014_01,VOLTE_CALL_SETUP_ATT,6.0,900,NRCell,Huawei
1696485600000,BCN014_01,VOLTE_CALL_SETUP_SUCC,6.0,900,NRCell,Huawei
1696485600000,BIL001_01,DCR_DEN,792.0,900,NRCell,Huawei
1696485600000,BIL001_01,DCR_NUM,0.0,900,NRCell,Huawei
1696485600000,BIL001_01,DROP_CALL_VOLTE_DEN,3.0,900,NRCell,Huawei
1696485600000,BIL001_01,DROP_CALL_VOLTE_NUM,0.0,900,NRCell,Huawei
1696485600000,BIL001_01,ERAB_SR_DEN,814.0,900,NRCell,Huawei
1696485600000,BIL001_01,ERAB_SR_NUM,812.0,900,NRCell,Huawei
1696485600000,BIL001_01,INTEGRITY_NGBR_QCI_9,10485522000.0,900,NRCell,Huawei
1696485600000,BIL001_01,INTRA_FREQUENCY_HO_OUT_ATT,24.0,900,NRCell,Huawei
1696485600000,BIL001_01,INTRA_FREQUENCY_HO_OUT_SUCC,24.0,900,NRCell,Huawei
1696485600000,BIL001_01,RRC_SETUP_ATT,509.0,900,NRCell,Huawei
1696485600000,BIL001_01,RRC_SETUP_SUCC,509.0,900,NRCell,Huawei
1696485600000,BIL001_01,S1SIG_Connection_Setup_SR_DEN,509.0,900,NRCell,Huawei
1696485600000,BIL001_01,S1SIG_Connection_Setup_SR_NUM,509.0,900,NRCell,Huawei
1696485600000,BIL001_01,SERVICE_LATENCY_OVER_AIR_INTERFACE_DEN,250779.0,900,NRCell,Huawei
1696485600000,BIL001_01,SERVICE_LATENCY_OVER_AIR_INTERFACE_NUM,365658.0,900,NRCell,Huawei
1696485600000,BIL001_01,VOICE_TRAFFIC,10953.0,900,NRCell,Huawei
1696485600000,BIL001_01,VOLTE_CALL_SETUP_ATT,2.0,900,NRCell,Huawei
1696485600000,BIL001_01,VOLTE_CALL_SETUP_SUCC,2.0,900,NRCell,Huawei
1696485600000,MAD033_01,DCR_DEN,985.0,900,NRCell,Huawei
1696485600000,MAD033_01,DCR_NUM,0.0,900,NRCell,Huawei
1696485600000,MAD033_01,DROP_CALL_VOLTE_DEN,6.0,900,NRCell,Huawei
1696485600000,MAD033_01,DROP_CALL_VOLTE_NUM,0.0,900,NRCell,Huawei
1696485600000,MAD033_01,ERAB_SR_DEN,955.0,900,NRCell,Huawei
1696485600000,MAD033_01,ERAB_SR_NUM,954.0,900,NRCell,Huawei
1696485600000,MAD033_01,INTEGRITY_NGBR_QCI_9,2417345968.0,900,NRCell,Huawei
1696485600000,MAD033_01,INTRA_FREQUENCY_HO_OUT_ATT,13.0,900,NRCell,Huawei
1696485600000,MAD033_01,INTRA_FREQUENCY_HO_OUT_SUCC,13.0,900,NRCell,Huawei
1696485600000,MAD033_01,RRC_SETUP_ATT,580.0,900,NRCell,Huawei
1696485600000,MAD033_01,RRC_SETUP_SUCC,580.0,900,NRCell,Huawei
1696485600000,MAD033_01,S1SIG_Connection_Setup_SR_DEN,580.0,900,NRCell,Huawei
1696485600000,MAD033_01,S1SIG_Connection_Setup_SR_NUM,580.0,900,NRCell,Huawei
1696485600000,MAD033_01,SERVICE_LATENCY_OVER_AIR_INTERFACE_DEN,143383.0,900,NRCell,Huawei
1696485600000,MAD033_01,SERVICE_LATENCY_OVER_AIR_INTERFACE_NUM,164850.0,900,NRCell,Huawei
1696485600000,MAD033_01,VOICE_TRAFFIC,1506.0,900,NRCell,Huawei
1696485600000,MAD033_01,VOLTE_CALL_SETUP_ATT,5.0,900,NRCell,Huawei
1696485600000,MAD033_01,VOLTE_CALL_SETUP_SUCC,5.0,900,NRCell,Huawei
1696485600000,SAL030_01,DCR_DEN,117.0,900,NRCell,Huawei
1696485600000,SAL030_01,DCR_NUM,0.0,900,NRCell,Huawei
1696485600000,SAL030_01,DROP_CALL_VOLTE_DEN,0.0,900,NRCell,Huawei
1696485600000,SAL030_01,DROP_CALL_VOLTE_NUM,0.0,900,NRCell,Huawei
1696485600000,SAL030_01,ERAB_SR_DEN,121.0,900,NRCell,Huawei
1696485600000,SAL030_01,ERAB_SR_NUM,121.0,900,NRCell,Huawei
1696485600000,SAL030_01,INTEGRITY_NGBR_QCI_9,1769920072.0,900,NRCell,Huawei
1696485600000,SAL030_01,INTRA_FREQUENCY_HO_OUT_ATT,1.0,900,NRCell,Huawei
1696485600000,SAL030_01,INTRA_FREQUENCY_HO_OUT_SUCC,1.0,900,NRCell,Huawei
1696485600000,SAL030_01,RRC_SETUP_ATT,79.0,900,NRCell,Huawei
1696485600000,SAL030_01,RRC_SETUP_SUCC,79.0,900,NRCell,Huawei
1696485600000,SAL030_01,S1SIG_Connection_Setup_SR_DEN,79.0,900,NRCell,Huawei
1696485600000,SAL030_01,S1SIG_Connection_Setup_SR_NUM,79.0,900,NRCell,Huawei
1696485600000,SAL030_01,SERVICE_LATENCY_OVER_AIR_INTERFACE_DEN,27808.0,900,NRCell,Huawei
1696485600000,SAL030_01,SERVICE_LATENCY_OVER_AIR_INTERFACE_NUM,52958.0,900,NRCell,Huawei
1696485600000,SAL030_01,VOICE_TRAFFIC,398.0,900,NRCell,Huawei
1696485600000,SAL030_01,VOLTE_CALL_SETUP_ATT,0.0,900,NRCell,Huawei
1696485600000,SAL030_01,VOLTE_CALL_SETUP_SUCC,0.0,900,NRCell,Huawei
1696485600000,SEV001_01,DCR_DEN,2763.0,900,NRCell,Huawei
1696485600000,SEV001_01,DCR_NUM,0.0,900,NRCell,Huawei
1696485600000,SEV001_01,DROP_CALL_VOLTE_DEN,1.0,900,NRCell,Huawei
1696485600000,SEV001_01,DROP_CALL_VOLTE_NUM,0.0,900,NRCell,Huawei
1696485600000,SEV001_01,ERAB_SR_DEN,2757.0,900,NRCell,Huawei
1696485600000,SEV001_01,ERAB_SR_NUM,2756.0,900,NRCell,Huawei
1696485600000,SEV001_01,INTEGRITY_NGBR_QCI_9,8130513008.0,900,NRCell,Huawei
1696485600000,SEV001_01,INTRA_FREQUENCY_HO_OUT_ATT,22.0,900,NRCell,Huawei
1696485600000,SEV001_01,INTRA_FREQUENCY_HO_OUT_SUCC,22.0,900,NRCell,Huawei
1696485600000,SEV001_01,RRC_SETUP_ATT,1515.0,900,NRCell,Huawei
1696485600000,SEV001_01,RRC_SETUP_SUCC,1515.0,900,NRCell,Huawei
1696485600000,SEV001_01,S1SIG_Connection_Setup_SR_DEN,1515.0,900,NRCell,Huawei
1696485600000,SEV001_01,S1SIG_Connection_Setup_SR_NUM,1515.0,900,NRCell,Huawei
1696485600000,SEV001_01,SERVICE_LATENCY_OVER_AIR_INTERFACE_DEN,226375.0,900,NRCell,Huawei
1696485600000,SEV001_01,SERVICE_LATENCY_OVER_AIR_INTERFACE_NUM,326467.0,900,NRCell,Huawei
1696485600000,SEV001_01,VOICE_TRAFFIC,1960.0,900,NRCell,Huawei
1696485600000,SEV001_01,VOLTE_CALL_SETUP_ATT,1.0,900,NRCell,Huawei
1696485600000,SEV001_01,VOLTE_CALL_SETUP_SUCC,1.0,900,NRCell,Huawei
1696485600000,SNT002_01,DCR_DEN,876.0,900,NRCell,Huawei
1696485600000,SNT002_01,DCR_NUM,1.0,900,NRCell,Huawei
1696485600000,SNT002_01,DROP_CALL_VOLTE_DEN,3.0,900,NRCell,Huawei
1696485600000,SNT002_01,DROP_CALL_VOLTE_NUM,0.0,900,NRCell,Huawei
1696485600000,SNT002_01,ERAB_SR_DEN,885.0,900,NRCell,Huawei
1696485600000,SNT002_01,ERAB_SR_NUM,884.0,900,NRCell,Huawei
1696485600000,SNT002_01,INTEGRITY_NGBR_QCI_9,1130427896.0,900,NRCell,Huawei
1696485600000,SNT002_01,INTRA_FREQUENCY_HO_OUT_ATT,9.0,900,NRCell,Huawei
1696485600000,SNT002_01,INTRA_FREQUENCY_HO_OUT_SUCC,9.0,900,NRCell,Huawei
1696485600000,SNT002_01,RRC_SETUP_ATT,536.0,900,NRCell,Huawei
1696485600000,SNT002_01,RRC_SETUP_SUCC,536.0,900,NRCell,Huawei
1696485600000,SNT002_01,S1SIG_Connection_Setup_SR_DEN,536.0,900,NRCell,Huawei
1696485600000,SNT002_01,S1SIG_Connection_Setup_SR_NUM,536.0,900,NRCell,Huawei
1696485600000,SNT002_01,SERVICE_LATENCY_OVER_AIR_INTERFACE_DEN,43905.0,900,NRCell,Huawei
1696485600000,SNT002_01,SERVICE_LATENCY_OVER_AIR_INTERFACE_NUM,64156.0,900,NRCell,Huawei
1696485600000,SNT002_01,VOICE_TRAFFIC,654.0,900,NRCell,Huawei
1696485600000,SNT002_01,VOLTE_CALL_SETUP_ATT,3.0,900,NRCell,Huawei
1696485600000,SNT002_01,VOLTE_CALL_SETUP_SUCC,3.0,900,NRCell,Huawei
1696485600000,TAR015_01,DCR_DEN,2707.0,900,NRCell,Huawei
1696485600000,TAR015_01,DCR_NUM,0.0,900,NRCell,Huawei
1696485600000,TAR015_01,DROP_CALL_VOLTE_DEN,4.0,900,NRCell,Huawei
1696485600000,TAR015_01,DROP_CALL_VOLTE_NUM,0.0,900,NRCell,Huawei
1696485600000,TAR015_01,ERAB_SR_DEN,2701.0,900,NRCell,Huawei
1696485600000,TAR015_01,ERAB_SR_NUM,2701.0,900,NRCell,Huawei
1696485600000,TAR015_01,INTEGRITY_NGBR_QCI_9,7762578552.0,900,NRCell,Huawei
1696485600000,TAR015_01,INTRA_FREQUENCY_HO_OUT_ATT,29.0,900,NRCell,Huawei
1696485600000,TAR015_01,INTRA_FREQUENCY_HO_OUT_SUCC,29.0,900,NRCell,Huawei
1696485600000,TAR015_01,RRC_SETUP_ATT,1513.0,900,NRCell,Huawei
1696485600000,TAR015_01,RRC_SETUP_SUCC,1513.0,900,NRCell,Huawei
1696485600000,TAR015_01,S1SIG_Connection_Setup_SR_DEN,1513.0,900,NRCell,Huawei
1696485600000,TAR015_01,S1SIG_Connection_Setup_SR_NUM,1513.0,900,NRCell,Huawei
1696485600000,TAR015_01,SERVICE_LATENCY_OVER_AIR_INTERFACE_DEN,189087.0,900,NRCell,Huawei
1696485600000,TAR015_01,SERVICE_LATENCY_OVER_AIR_INTERFACE_NUM,262448.0,900,NRCell,Huawei
1696485600000,TAR015_01,VOICE_TRAFFIC,6681.0,900,NRCell,Huawei
1696485600000,TAR015_01,VOLTE_CALL_SETUP_ATT,4.0,900,NRCell,Huawei
1696485600000,TAR015_01,VOLTE_CALL_SETUP_SUCC,4.0,900,NRCell,Huawei
1696485600000,TOL034_01,DCR_DEN,18.0,900,NRCell,Huawei
1696485600000,TOL034_01,DCR_NUM,0.0,900,NRCell,Huawei
1696485600000,TOL034_01,DROP_CALL_VOLTE_DEN,0.0,900,NRCell,Huawei
1696485600000,TOL034_01,DROP_CALL_VOLTE_NUM,0.0,900,NRCell,Huawei
1696485600000,TOL034_01,ERAB_SR_DEN,18.0,900,NRCell,Huawei
1696485600000,TOL034_01,ERAB_SR_NUM,18.0,900,NRCell,Huawei
1696485600000,TOL034_01,INTEGRITY_NGBR_QCI_9,3979396304.0,900,NRCell,Huawei
1696485600000,TOL034_01,INTRA_FREQUENCY_HO_OUT_ATT,0.0,900,NRCell,Huawei
1696485600000,TOL034_01,INTRA_FREQUENCY_HO_OUT_SUCC,0.0,900,NRCell,Huawei
1696485600000,TOL034_01,RRC_SETUP_ATT,12.0,900,NRCell,Huawei
1696485600000,TOL034_01,RRC_SETUP_SUCC,12.0,900,NRCell,Huawei
1696485600000,TOL034_01,S1SIG_Connection_Setup_SR_DEN,12.0,900,NRCell,Huawei
1696485600000,TOL034_01,S1SIG_Connection_Setup_SR_NUM,12.0,900,NRCell,Huawei
1696485600000,TOL034_01,SERVICE_LATENCY_OVER_AIR_INTERFACE_DEN,80110.0,900,NRCell,Huawei
1696485600000,TOL034_01,SERVICE_LATENCY_OVER_AIR_INTERFACE_NUM,115860.0,900,NRCell,Huawei
1696485600000,TOL034_01,VOICE_TRAFFIC,0.0,900,NRCell,Huawei
1696485600000,TOL034_01,VOLTE_CALL_SETUP_ATT,0.0,900,NRCell,Huawei
1696485600000,TOL034_01,VOLTE_CALL_SETUP_SUCC,0.0,900,NRCell,Huawei
1696485600000,VAL002_01,DCR_DEN,1.0,900,NRCell,Huawei
1696485600000,VAL002_01,DCR_NUM,0.0,900,NRCell,Huawei
1696485600000,VAL002_01,DROP_CALL_VOLTE_DEN,0.0,900,NRCell,Huawei
1696485600000,VAL002_01,DROP_CALL_VOLTE_NUM,0.0,900,NRCell,Huawei
1696485600000,VAL002_01,ERAB_SR_DEN,1.0,900,NRCell,Huawei
1696485600000,VAL002_01,ERAB_SR_NUM,1.0,900,NRCell,Huawei
1696485600000,VAL002_01,INTEGRITY_NGBR_QCI_9,1065439784.0,900,NRCell,Huawei
1696485600000,VAL002_01,INTRA_FREQUENCY_HO_OUT_ATT,2.0,900,NRCell,Huawei
1696485600000,VAL002_01,INTRA_FREQUENCY_HO_OUT_SUCC,2.0,900,NRCell,Huawei
1696485600000,VAL002_01,RRC_SETUP_ATT,2.0,900,NRCell,Huawei
1696485600000,VAL002_01,RRC_SETUP_SUCC,2.0,900,NRCell,Huawei
1696485600000,VAL002_01,S1SIG_Connection_Setup_SR_DEN,2.0,900,NRCell,Huawei
1696485600000,VAL002_01,S1SIG_Connection_Setup_SR_NUM,2.0,900,NRCell,Huawei
1696485600000,VAL002_01,SERVICE_LATENCY_OVER_AIR_INTERFACE_DEN,16354.0,900,NRCell,Huawei
1696485600000,VAL002_01,SERVICE_LATENCY_OVER_AIR_INTERFACE_NUM,24034.0,900,NRCell,Huawei
1696485600000,VAL002_01,VOICE_TRAFFIC,0.0,900,NRCell,Huawei
1696485600000,VAL002_01,VOLTE_CALL_SETUP_ATT,0.0,900,NRCell,Huawei
1696485600000,VAL002_01,VOLTE_CALL_SETUP_SUCC,0.0,900,NRCell,Huawei
