startTime,neId,counterCode,counterValue,granularity,neType,vendorName
1696912200000,BCN014_01,DCR_DEN,1428.0,900,NRCell,Huawei
1696912200000,BCN014_01,DCR_NUM,0.0,900,NRCell,Huawei
1696912200000,BCN014_01,DROP_CALL_VOLTE_DEN,11.0,900,NRCell,Huawei
1696912200000,BCN014_01,DROP_CALL_VOLTE_NUM,0.0,900,NRCell,Huawei
1696912200000,BCN014_01,ERAB_SR_DEN,1428.0,900,NRCell,Huawei
1696912200000,BCN014_01,ERAB_SR_NUM,1426.0,900,NRCell,Huawei
1696912200000,BCN014_01,INTEGRITY_NGBR_QCI_9,15339341592.0,900,NRCell,Huawei
1696912200000,BCN014_01,INTRA_FREQUENCY_HO_OUT_ATT,51.0,900,NRCell,Huawei
1696912200000,BCN014_01,INTRA_FREQUENCY_HO_OUT_SUCC,51.0,900,NRCell,Huawei
1696912200000,BCN014_01,RRC_SETUP_ATT,864.0,900,NRCell,Huawei
1696912200000,BCN014_01,RRC_SETUP_SUCC,862.0,900,NRCell,Huawei
1696912200000,BCN014_01,S1SIG_Connection_Setup_SR_DEN,862.0,900,NRCell,Huawei
1696912200000,BCN014_01,S1SIG_Connection_Setup_SR_NUM,862.0,900,NRCell,Huawei
1696912200000,BCN014_01,SERVICE_LATENCY_OVER_AIR_INTERFACE_DEN,557456.0,900,NRCell,Huawei
1696912200000,BCN014_01,SERVICE_LATENCY_OVER_AIR_INTERFACE_NUM,731438.0,900,NRCell,Huawei
1696912200000,BCN014_01,VOICE_TRAFFIC,30952.0,900,NRCell,Huawei
1696912200000,BCN014_01,VOLTE_CALL_SETUP_ATT,9.0,900,NRCell,Huawei
1696912200000,BCN014_01,VOLTE_CALL_SETUP_SUCC,9.0,900,NRCell,Huawei
1696912200000,BIL001_01,DCR_DEN,1225.0,900,NRCell,Huawei
1696912200000,BIL001_01,DCR_NUM,3.0,900,NRCell,Huawei
1696912200000,BIL001_01,DROP_CALL_VOLTE_DEN,7.0,900,NRCell,Huawei
1696912200000,BIL001_01,DROP_CALL_VOLTE_NUM,0.0,900,NRCell,Huawei
1696912200000,BIL001_01,ERAB_SR_DEN,1181.0,900,NRCell,Huawei
1696912200000,BIL001_01,ERAB_SR_NUM,1181.0,900,NRCell,Huawei
1696912200000,BIL001_01,INTEGRITY_NGBR_QCI_9,11493643144.0,900,NRCell,Huawei
1696912200000,BIL001_01,INTRA_FREQUENCY_HO_OUT_ATT,51.0,900,NRCell,Huawei
1696912200000,BIL001_01,INTRA_FREQUENCY_HO_OUT_SUCC,51.0,900,NRCell,Huawei
1696912200000,BIL001_01,RRC_SETUP_ATT,735.0,900,NRCell,Huawei
1696912200000,BIL001_01,RRC_SETUP_SUCC,733.0,900,NRCell,Huawei
1696912200000,BIL001_01,S1SIG_Connection_Setup_SR_DEN,733.0,900,NRCell,Huawei
1696912200000,BIL001_01,S1SIG_Connection_Setup_SR_NUM,733.0,900,NRCell,Huawei
1696912200000,BIL001_01,SERVICE_LATENCY_OVER_AIR_INTERFACE_DEN,384249.0,900,NRCell,Huawei
1696912200000,BIL001_01,SERVICE_LATENCY_OVER_AIR_INTERFACE_NUM,511627.0,900,NRCell,Huawei
1696912200000,BIL001_01,VOICE_TRAFFIC,17237.0,900,NRCell,Huawei
1696912200000,BIL001_01,VOLTE_CALL_SETUP_ATT,6.0,900,NRCell,Huawei
1696912200000,BIL001_01,VOLTE_CALL_SETUP_SUCC,6.0,900,NRCell,Huawei
1696912200000,MAD033_01,DCR_DEN,528.0,900,NRCell,Huawei
1696912200000,MAD033_01,DCR_NUM,0.0,900,NRCell,Huawei
1696912200000,MAD033_01,DROP_CALL_VOLTE_DEN,2.0,900,NRCell,Huawei
1696912200000,MAD033_01,DROP_CALL_VOLTE_NUM,0.0,900,NRCell,Huawei
1696912200000,MAD033_01,ERAB_SR_DEN,528.0,900,NRCell,Huawei
1696912200000,MAD033_01,ERAB_SR_NUM,528.0,900,NRCell,Huawei
1696912200000,MAD033_01,INTEGRITY_NGBR_QCI_9,4095494240.0,900,NRCell,Huawei
1696912200000,MAD033_01,INTRA_FREQUENCY_HO_OUT_ATT,20.0,900,NRCell,Huawei
1696912200000,MAD033_01,INTRA_FREQUENCY_HO_OUT_SUCC,20.0,900,NRCell,Huawei
1696912200000,MAD033_01,RRC_SETUP_ATT,329.0,900,NRCell,Huawei
1696912200000,MAD033_01,RRC_SETUP_SUCC,328.0,900,NRCell,Huawei
1696912200000,MAD033_01,S1SIG_Connection_Setup_SR_DEN,328.0,900,NRCell,Huawei
1696912200000,MAD033_01,S1SIG_Connection_Setup_SR_NUM,328.0,900,NRCell,Huawei
1696912200000,MAD033_01,SERVICE_LATENCY_OVER_AIR_INTERFACE_DEN,219262.0,900,NRCell,Huawei
1696912200000,MAD033_01,SERVICE_LATENCY_OVER_AIR_INTERFACE_NUM,232890.0,900,NRCell,Huawei
1696912200000,MAD033_01,VOICE_TRAFFIC,9608.0,900,NRCell,Huawei
1696912200000,MAD033_01,VOLTE_CALL_SETUP_ATT,3.0,900,NRCell,Huawei
1696912200000,MAD033_01,VOLTE_CALL_SETUP_SUCC,3.0,900,NRCell,Huawei
1696912200000,SAL030_01,DCR_DEN,192.0,900,NRCell,Huawei
1696912200000,SAL030_01,DCR_NUM,0.0,900,NRCell,Huawei
1696912200000,SAL030_01,DROP_CALL_VOLTE_DEN,1.0,900,NRCell,Huawei
1696912200000,SAL030_01,DROP_CALL_VOLTE_NUM,0.0,900,NRCell,Huawei
1696912200000,SAL030_01,ERAB_SR_DEN,172.0,900,NRCell,Huawei
1696912200000,SAL030_01,ERAB_SR_NUM,172.0,900,NRCell,Huawei
1696912200000,SAL030_01,INTEGRITY_NGBR_QCI_9,2433242344.0,900,NRCell,Huawei
1696912200000,SAL030_01,INTRA_FREQUENCY_HO_OUT_ATT,3.0,900,NRCell,Huawei
1696912200000,SAL030_01,INTRA_FREQUENCY_HO_OUT_SUCC,3.0,900,NRCell,Huawei
1696912200000,SAL030_01,RRC_SETUP_ATT,98.0,900,NRCell,Huawei
1696912200000,SAL030_01,RRC_SETUP_SUCC,97.0,900,NRCell,Huawei
1696912200000,SAL030_01,S1SIG_Connection_Setup_SR_DEN,97.0,900,NRCell,Huawei
1696912200000,SAL030_01,S1SIG_Connection_Setup_SR_NUM,97.0,900,NRCell,Huawei
1696912200000,SAL030_01,SERVICE_LATENCY_OVER_AIR_INTERFACE_DEN,72862.0,900,NRCell,Huawei
1696912200000,SAL030_01,SERVICE_LATENCY_OVER_AIR_INTERFACE_NUM,132383.0,900,NRCell,Huawei
1696912200000,SAL030_01,VOICE_TRAFFIC,130.0,900,NRCell,Huawei
1696912200000,SAL030_01,VOLTE_CALL_SETUP_ATT,0.0,900,NRCell,Huawei
1696912200000,SAL030_01,VOLTE_CALL_SETUP_SUCC,0.0,900,NRCell,Huawei
1696912200000,SEV001_01,DCR_DEN,1949.0,900,NRCell,Huawei
1696912200000,SEV001_01,DCR_NUM,6.0,900,NRCell,Huawei
1696912200000,SEV001_01,DROP_CALL_VOLTE_DEN,2.0,900,NRCell,Huawei
1696912200000,SEV001_01,DROP_CALL_VOLTE_NUM,0.0,900,NRCell,Huawei
1696912200000,SEV001_01,ERAB_SR_DEN,1926.0,900,NRCell,Huawei
1696912200000,SEV001_01,ERAB_SR_NUM,1925.0,900,NRCell,Huawei
1696912200000,SEV001_01,INTEGRITY_NGBR_QCI_9,10702447240.0,900,NRCell,Huawei
1696912200000,SEV001_01,INTRA_FREQUENCY_HO_OUT_ATT,33.0,900,NRCell,Huawei
1696912200000,SEV001_01,INTRA_FREQUENCY_HO_OUT_SUCC,32.0,900,NRCell,Huawei
1696912200000,SEV001_01,RRC_SETUP_ATT,1096.0,900,NRCell,Huawei
1696912200000,SEV001_01,RRC_SETUP_SUCC,1095.0,900,NRCell,Huawei
1696912200000,SEV001_01,S1SIG_Connection_Setup_SR_DEN,1095.0,900,NRCell,Huawei
1696912200000,SEV001_01,S1SIG_Connection_Setup_SR_NUM,1095.0,900,NRCell,Huawei
1696912200000,SEV001_01,SERVICE_LATENCY_OVER_AIR_INTERFACE_DEN,296024.0,900,NRCell,Huawei
1696912200000,SEV001_01,SERVICE_LATENCY_OVER_AIR_INTERFACE_NUM,599362.0,900,NRCell,Huawei
1696912200000,SEV001_01,VOICE_TRAFFIC,3758.0,900,NRCell,Huawei
1696912200000,SEV001_01,VOLTE_CALL_SETUP_ATT,3.0,900,NRCell,Huawei
1696912200000,SEV001_01,VOLTE_CALL_SETUP_SUCC,3.0,900,NRCell,Huawei
1696912200000,SNT002_01,DCR_DEN,605.0,900,NRCell,Huawei
1696912200000,SNT002_01,DCR_NUM,2.0,900,NRCell,Huawei
1696912200000,SNT002_01,DROP_CALL_VOLTE_DEN,4.0,900,NRCell,Huawei
1696912200000,SNT002_01,DROP_CALL_VOLTE_NUM,0.0,900,NRCell,Huawei
1696912200000,SNT002_01,ERAB_SR_DEN,607.0,900,NRCell,Huawei
1696912200000,SNT002_01,ERAB_SR_NUM,607.0,900,NRCell,Huawei
1696912200000,SNT002_01,INTEGRITY_NGBR_QCI_9,5689607488.0,900,NRCell,Huawei
1696912200000,SNT002_01,INTRA_FREQUENCY_HO_OUT_ATT,14.0,900,NRCell,Huawei
1696912200000,SNT002_01,INTRA_FREQUENCY_HO_OUT_SUCC,14.0,900,NRCell,Huawei
1696912200000,SNT002_01,RRC_SETUP_ATT,350.0,900,NRCell,Huawei
1696912200000,SNT002_01,RRC_SETUP_SUCC,348.0,900,NRCell,Huawei
1696912200000,SNT002_01,S1SIG_Connection_Setup_SR_DEN,348.0,900,NRCell,Huawei
1696912200000,SNT002_01,S1SIG_Connection_Setup_SR_NUM,348.0,900,NRCell,Huawei
1696912200000,SNT002_01,SERVICE_LATENCY_OVER_AIR_INTERFACE_DEN,172719.0,900,NRCell,Huawei
1696912200000,SNT002_01,SERVICE_LATENCY_OVER_AIR_INTERFACE_NUM,196421.0,900,NRCell,Huawei
1696912200000,SNT002_01,VOICE_TRAFFIC,3375.0,900,NRCell,Huawei
1696912200000,SNT002_01,VOLTE_CALL_SETUP_ATT,4.0,900,NRCell,Huawei
1696912200000,SNT002_01,VOLTE_CALL_SETUP_SUCC,4.0,900,NRCell,Huawei
1696912200000,TAR015_01,DCR_DEN,2653.0,900,NRCell,Huawei
1696912200000,TAR015_01,DCR_NUM,3.0,900,NRCell,Huawei
1696912200000,TAR015_01,DROP_CALL_VOLTE_DEN,8.0,900,NRCell,Huawei
1696912200000,TAR015_01,DROP_CALL_VOLTE_NUM,0.0,900,NRCell,Huawei
1696912200000,TAR015_01,ERAB_SR_DEN,2619.0,900,NRCell,Huawei
1696912200000,TAR015_01,ERAB_SR_NUM,2614.0,900,NRCell,Huawei
1696912200000,TAR015_01,INTEGRITY_NGBR_QCI_9,10111111136.0,900,NRCell,Huawei
1696912200000,TAR015_01,INTRA_FREQUENCY_HO_OUT_ATT,57.0,900,NRCell,Huawei
1696912200000,TAR015_01,INTRA_FREQUENCY_HO_OUT_SUCC,57.0,900,NRCell,Huawei
1696912200000,TAR015_01,RRC_SETUP_ATT,1528.0,900,NRCell,Huawei
1696912200000,TAR015_01,RRC_SETUP_SUCC,1526.0,900,NRCell,Huawei
1696912200000,TAR015_01,S1SIG_Connection_Setup_SR_DEN,1526.0,900,NRCell,Huawei
1696912200000,TAR015_01,S1SIG_Connection_Setup_SR_NUM,1526.0,900,NRCell,Huawei
1696912200000,TAR015_01,SERVICE_LATENCY_OVER_AIR_INTERFACE_DEN,373112.0,900,NRCell,Huawei
1696912200000,TAR015_01,SERVICE_LATENCY_OVER_AIR_INTERFACE_NUM,836410.0,900,NRCell,Huawei
1696912200000,TAR015_01,VOICE_TRAFFIC,19987.0,900,NRCell,Huawei
1696912200000,TAR015_01,VOLTE_CALL_SETUP_ATT,4.0,900,NRCell,Huawei
1696912200000,TAR015_01,VOLTE_CALL_SETUP_SUCC,4.0,900,NRCell,Huawei
1696912200000,TOL034_01,DCR_DEN,41.0,900,NRCell,Huawei
1696912200000,TOL034_01,DCR_NUM,0.0,900,NRCell,Huawei
1696912200000,TOL034_01,DROP_CALL_VOLTE_DEN,0.0,900,NRCell,Huawei
1696912200000,TOL034_01,DROP_CALL_VOLTE_NUM,0.0,900,NRCell,Huawei
1696912200000,TOL034_01,ERAB_SR_DEN,37.0,900,NRCell,Huawei
1696912200000,TOL034_01,ERAB_SR_NUM,37.0,900,NRCell,Huawei
1696912200000,TOL034_01,INTEGRITY_NGBR_QCI_9,3227947224.0,900,NRCell,Huawei
1696912200000,TOL034_01,INTRA_FREQUENCY_HO_OUT_ATT,2.0,900,NRCell,Huawei
1696912200000,TOL034_01,INTRA_FREQUENCY_HO_OUT_SUCC,2.0,900,NRCell,Huawei
1696912200000,TOL034_01,RRC_SETUP_ATT,29.0,900,NRCell,Huawei
1696912200000,TOL034_01,RRC_SETUP_SUCC,29.0,900,NRCell,Huawei
1696912200000,TOL034_01,S1SIG_Connection_Setup_SR_DEN,29.0,900,NRCell,Huawei
1696912200000,TOL034_01,S1SIG_Connection_Setup_SR_NUM,29.0,900,NRCell,Huawei
1696912200000,TOL034_01,SERVICE_LATENCY_OVER_AIR_INTERFACE_DEN,59130.0,900,NRCell,Huawei
1696912200000,TOL034_01,SERVICE_LATENCY_OVER_AIR_INTERFACE_NUM,93538.0,900,NRCell,Huawei
1696912200000,TOL034_01,VOICE_TRAFFIC,0.0,900,NRCell,Huawei
1696912200000,TOL034_01,VOLTE_CALL_SETUP_ATT,0.0,900,NRCell,Huawei
1696912200000,TOL034_01,VOLTE_CALL_SETUP_SUCC,0.0,900,NRCell,Huawei
1696912200000,VAL002_01,DCR_DEN,8.0,900,NRCell,Huawei
1696912200000,VAL002_01,DCR_NUM,0.0,900,NRCell,Huawei
1696912200000,VAL002_01,DROP_CALL_VOLTE_DEN,1.0,900,NRCell,Huawei
1696912200000,VAL002_01,DROP_CALL_VOLTE_NUM,0.0,900,NRCell,Huawei
1696912200000,VAL002_01,ERAB_SR_DEN,5.0,900,NRCell,Huawei
1696912200000,VAL002_01,ERAB_SR_NUM,5.0,900,NRCell,Huawei
1696912200000,VAL002_01,INTEGRITY_NGBR_QCI_9,1254648.0,900,NRCell,Huawei
1696912200000,VAL002_01,INTRA_FREQUENCY_HO_OUT_ATT,1.0,900,NRCell,Huawei
1696912200000,VAL002_01,INTRA_FREQUENCY_HO_OUT_SUCC,1.0,900,NRCell,Huawei
1696912200000,VAL002_01,RRC_SETUP_ATT,5.0,900,NRCell,Huawei
1696912200000,VAL002_01,RRC_SETUP_SUCC,5.0,900,NRCell,Huawei
1696912200000,VAL002_01,S1SIG_Connection_Setup_SR_DEN,5.0,900,NRCell,Huawei
1696912200000,VAL002_01,S1SIG_Connection_Setup_SR_NUM,5.0,900,NRCell,Huawei
1696912200000,VAL002_01,SERVICE_LATENCY_OVER_AIR_INTERFACE_DEN,3967.0,900,NRCell,Huawei
1696912200000,VAL002_01,SERVICE_LATENCY_OVER_AIR_INTERFACE_NUM,4024.0,900,NRCell,Huawei
1696912200000,VAL002_01,VOICE_TRAFFIC,1081.0,900,NRCell,Huawei
1696912200000,VAL002_01,VOLTE_CALL_SETUP_ATT,0.0,900,NRCell,Huawei
1696912200000,VAL002_01,VOLTE_CALL_SETUP_SUCC,0.0,900,NRCell,Huawei
