startTime,neId,counterCode,counterValue,granularity,neType,vendorName
1696629600000,BCN014_01,DCR_DEN,4025.0,900,NRCell,Huawei
1696629600000,BCN014_01,DCR_NUM,1.0,900,NRCell,Huawei
1696629600000,BCN014_01,DROP_CALL_VOLTE_DEN,53.0,900,NRCell,Huawei
1696629600000,BCN014_01,DROP_CALL_VOLTE_NUM,0.0,900,NRCell,Huawei
1696629600000,BCN014_01,ERAB_SR_DEN,4038.0,900,NRCell,Huawei
1696629600000,BCN014_01,ERAB_SR_NUM,4032.0,900,NRCell,Huawei
1696629600000,BCN014_01,INTEGRITY_NGBR_QCI_9,15051973672.0,900,NRCell,Huawei
1696629600000,BCN014_01,INTRA_FREQUENCY_HO_OUT_ATT,274.0,900,NRCell,Huawei
1696629600000,BCN014_01,INTRA_FREQUENCY_HO_OUT_SUCC,274.0,900,NRCell,Huawei
1696629600000,BCN014_01,RRC_SETUP_ATT,2312.0,900,NRCell,Huawei
1696629600000,BCN014_01,RRC_SETUP_SUCC,2308.0,900,NRCell,Huawei
1696629600000,BCN014_01,S1SIG_Connection_Setup_SR_DEN,2308.0,900,NRCell,Huawei
1696629600000,BCN014_01,S1SIG_Connection_Setup_SR_NUM,2307.0,900,NRCell,Huawei
1696629600000,BCN014_01,SERVICE_LATENCY_OVER_AIR_INTERFACE_DEN,413795.0,900,NRCell,Huawei
1696629600000,BCN014_01,SERVICE_LATENCY_OVER_AIR_INTERFACE_NUM,880807.0,900,NRCell,Huawei
1696629600000,BCN014_01,VOICE_TRAFFIC,35286.0,900,NRCell,Huawei
1696629600000,BCN014_01,VOLTE_CALL_SETUP_ATT,47.0,900,NRCell,Huawei
1696629600000,BCN014_01,VOLTE_CALL_SETUP_SUCC,46.0,900,NRCell,Huawei
1696629600000,BIL001_01,DCR_DEN,3745.0,900,NRCell,Huawei
1696629600000,BIL001_01,DCR_NUM,3.0,900,NRCell,Huawei
1696629600000,BIL001_01,DROP_CALL_VOLTE_DEN,48.0,900,NRCell,Huawei
1696629600000,BIL001_01,DROP_CALL_VOLTE_NUM,0.0,900,NRCell,Huawei
1696629600000,BIL001_01,ERAB_SR_DEN,3749.0,900,NRCell,Huawei
1696629600000,BIL001_01,ERAB_SR_NUM,3749.0,900,NRCell,Huawei
1696629600000,BIL001_01,INTEGRITY_NGBR_QCI_9,12875649040.0,900,NRCell,Huawei
1696629600000,BIL001_01,INTRA_FREQUENCY_HO_OUT_ATT,243.0,900,NRCell,Huawei
1696629600000,BIL001_01,INTRA_FREQUENCY_HO_OUT_SUCC,243.0,900,NRCell,Huawei
1696629600000,BIL001_01,RRC_SETUP_ATT,2092.0,900,NRCell,Huawei
1696629600000,BIL001_01,RRC_SETUP_SUCC,2085.0,900,NRCell,Huawei
1696629600000,BIL001_01,S1SIG_Connection_Setup_SR_DEN,2085.0,900,NRCell,Huawei
1696629600000,BIL001_01,S1SIG_Connection_Setup_SR_NUM,2085.0,900,NRCell,Huawei
1696629600000,BIL001_01,SERVICE_LATENCY_OVER_AIR_INTERFACE_DEN,446183.0,900,NRCell,Huawei
1696629600000,BIL001_01,SERVICE_LATENCY_OVER_AIR_INTERFACE_NUM,839722.0,900,NRCell,Huawei
1696629600000,BIL001_01,VOICE_TRAFFIC,39008.0,900,NRCell,Huawei
1696629600000,BIL001_01,VOLTE_CALL_SETUP_ATT,49.0,900,NRCell,Huawei
1696629600000,BIL001_01,VOLTE_CALL_SETUP_SUCC,49.0,900,NRCell,Huawei
1696629600000,MAD033_01,DCR_DEN,1519.0,900,NRCell,Huawei
1696629600000,MAD033_01,DCR_NUM,3.0,900,NRCell,Huawei
1696629600000,MAD033_01,DROP_CALL_VOLTE_DEN,21.0,900,NRCell,Huawei
1696629600000,MAD033_01,DROP_CALL_VOLTE_NUM,0.0,900,NRCell,Huawei
1696629600000,MAD033_01,ERAB_SR_DEN,1540.0,900,NRCell,Huawei
1696629600000,MAD033_01,ERAB_SR_NUM,1540.0,900,NRCell,Huawei
1696629600000,MAD033_01,INTEGRITY_NGBR_QCI_9,6527843912.0,900,NRCell,Huawei
1696629600000,MAD033_01,INTRA_FREQUENCY_HO_OUT_ATT,106.0,900,NRCell,Huawei
1696629600000,MAD033_01,INTRA_FREQUENCY_HO_OUT_SUCC,105.0,900,NRCell,Huawei
1696629600000,MAD033_01,RRC_SETUP_ATT,892.0,900,NRCell,Huawei
1696629600000,MAD033_01,RRC_SETUP_SUCC,891.0,900,NRCell,Huawei
1696629600000,MAD033_01,S1SIG_Connection_Setup_SR_DEN,891.0,900,NRCell,Huawei
1696629600000,MAD033_01,S1SIG_Connection_Setup_SR_NUM,890.0,900,NRCell,Huawei
1696629600000,MAD033_01,SERVICE_LATENCY_OVER_AIR_INTERFACE_DEN,156294.0,900,NRCell,Huawei
1696629600000,MAD033_01,SERVICE_LATENCY_OVER_AIR_INTERFACE_NUM,207902.0,900,NRCell,Huawei
1696629600000,MAD033_01,VOICE_TRAFFIC,10490.0,900,NRCell,Huawei
1696629600000,MAD033_01,VOLTE_CALL_SETUP_ATT,20.0,900,NRCell,Huawei
1696629600000,MAD033_01,VOLTE_CALL_SETUP_SUCC,20.0,900,NRCell,Huawei
1696629600000,SAL030_01,DCR_DEN,193.0,900,NRCell,Huawei
1696629600000,SAL030_01,DCR_NUM,0.0,900,NRCell,Huawei
1696629600000,SAL030_01,DROP_CALL_VOLTE_DEN,2.0,900,NRCell,Huawei
1696629600000,SAL030_01,DROP_CALL_VOLTE_NUM,0.0,900,NRCell,Huawei
1696629600000,SAL030_01,ERAB_SR_DEN,182.0,900,NRCell,Huawei
1696629600000,SAL030_01,ERAB_SR_NUM,182.0,900,NRCell,Huawei
1696629600000,SAL030_01,INTEGRITY_NGBR_QCI_9,2980122152.0,900,NRCell,Huawei
1696629600000,SAL030_01,INTRA_FREQUENCY_HO_OUT_ATT,13.0,900,NRCell,Huawei
1696629600000,SAL030_01,INTRA_FREQUENCY_HO_OUT_SUCC,13.0,900,NRCell,Huawei
1696629600000,SAL030_01,RRC_SETUP_ATT,104.0,900,NRCell,Huawei
1696629600000,SAL030_01,RRC_SETUP_SUCC,104.0,900,NRCell,Huawei
1696629600000,SAL030_01,S1SIG_Connection_Setup_SR_DEN,104.0,900,NRCell,Huawei
1696629600000,SAL030_01,S1SIG_Connection_Setup_SR_NUM,104.0,900,NRCell,Huawei
1696629600000,SAL030_01,SERVICE_LATENCY_OVER_AIR_INTERFACE_DEN,39539.0,900,NRCell,Huawei
1696629600000,SAL030_01,SERVICE_LATENCY_OVER_AIR_INTERFACE_NUM,65971.0,900,NRCell,Huawei
1696629600000,SAL030_01,VOICE_TRAFFIC,728.0,900,NRCell,Huawei
1696629600000,SAL030_01,VOLTE_CALL_SETUP_ATT,3.0,900,NRCell,Huawei
1696629600000,SAL030_01,VOLTE_CALL_SETUP_SUCC,3.0,900,NRCell,Huawei
1696629600000,SEV001_01,DCR_DEN,3604.0,900,NRCell,Huawei
1696629600000,SEV001_01,DCR_NUM,4.0,900,NRCell,Huawei
1696629600000,SEV001_01,DROP_CALL_VOLTE_DEN,51.0,900,NRCell,Huawei
1696629600000,SEV001_01,DROP_CALL_VOLTE_NUM,0.0,900,NRCell,Huawei
1696629600000,SEV001_01,ERAB_SR_DEN,3704.0,900,NRCell,Huawei
1696629600000,SEV001_01,ERAB_SR_NUM,3696.0,900,NRCell,Huawei
1696629600000,SEV001_01,INTEGRITY_NGBR_QCI_9,15346701856.0,900,NRCell,Huawei
1696629600000,SEV001_01,INTRA_FREQUENCY_HO_OUT_ATT,146.0,900,NRCell,Huawei
1696629600000,SEV001_01,INTRA_FREQUENCY_HO_OUT_SUCC,146.0,900,NRCell,Huawei
1696629600000,SEV001_01,RRC_SETUP_ATT,2023.0,900,NRCell,Huawei
1696629600000,SEV001_01,RRC_SETUP_SUCC,2021.0,900,NRCell,Huawei
1696629600000,SEV001_01,S1SIG_Connection_Setup_SR_DEN,2021.0,900,NRCell,Huawei
1696629600000,SEV001_01,S1SIG_Connection_Setup_SR_NUM,2019.0,900,NRCell,Huawei
1696629600000,SEV001_01,SERVICE_LATENCY_OVER_AIR_INTERFACE_DEN,532895.0,900,NRCell,Huawei
1696629600000,SEV001_01,SERVICE_LATENCY_OVER_AIR_INTERFACE_NUM,878375.0,900,NRCell,Huawei
1696629600000,SEV001_01,VOICE_TRAFFIC,41182.0,900,NRCell,Huawei
1696629600000,SEV001_01,VOLTE_CALL_SETUP_ATT,52.0,900,NRCell,Huawei
1696629600000,SEV001_01,VOLTE_CALL_SETUP_SUCC,52.0,900,NRCell,Huawei
1696629600000,SNT002_01,DCR_DEN,1415.0,900,NRCell,Huawei
1696629600000,SNT002_01,DCR_NUM,0.0,900,NRCell,Huawei
1696629600000,SNT002_01,DROP_CALL_VOLTE_DEN,18.0,900,NRCell,Huawei
1696629600000,SNT002_01,DROP_CALL_VOLTE_NUM,0.0,900,NRCell,Huawei
1696629600000,SNT002_01,ERAB_SR_DEN,1440.0,900,NRCell,Huawei
1696629600000,SNT002_01,ERAB_SR_NUM,1440.0,900,NRCell,Huawei
1696629600000,SNT002_01,INTEGRITY_NGBR_QCI_9,5140812000.0,900,NRCell,Huawei
1696629600000,SNT002_01,INTRA_FREQUENCY_HO_OUT_ATT,88.0,900,NRCell,Huawei
1696629600000,SNT002_01,INTRA_FREQUENCY_HO_OUT_SUCC,88.0,900,NRCell,Huawei
1696629600000,SNT002_01,RRC_SETUP_ATT,838.0,900,NRCell,Huawei
1696629600000,SNT002_01,RRC_SETUP_SUCC,835.0,900,NRCell,Huawei
1696629600000,SNT002_01,S1SIG_Connection_Setup_SR_DEN,835.0,900,NRCell,Huawei
1696629600000,SNT002_01,S1SIG_Connection_Setup_SR_NUM,835.0,900,NRCell,Huawei
1696629600000,SNT002_01,SERVICE_LATENCY_OVER_AIR_INTERFACE_DEN,182056.0,900,NRCell,Huawei
1696629600000,SNT002_01,SERVICE_LATENCY_OVER_AIR_INTERFACE_NUM,214052.0,900,NRCell,Huawei
1696629600000,SNT002_01,VOICE_TRAFFIC,13974.0,900,NRCell,Huawei
1696629600000,SNT002_01,VOLTE_CALL_SETUP_ATT,19.0,900,NRCell,Huawei
1696629600000,SNT002_01,VOLTE_CALL_SETUP_SUCC,19.0,900,NRCell,Huawei
1696629600000,TAR015_01,DCR_DEN,4079.0,900,NRCell,Huawei
1696629600000,TAR015_01,DCR_NUM,3.0,900,NRCell,Huawei
1696629600000,TAR015_01,DROP_CALL_VOLTE_DEN,42.0,900,NRCell,Huawei
1696629600000,TAR015_01,DROP_CALL_VOLTE_NUM,0.0,900,NRCell,Huawei
1696629600000,TAR015_01,ERAB_SR_DEN,4058.0,900,NRCell,Huawei
1696629600000,TAR015_01,ERAB_SR_NUM,4057.0,900,NRCell,Huawei
1696629600000,TAR015_01,INTEGRITY_NGBR_QCI_9,16334454256.0,900,NRCell,Huawei
1696629600000,TAR015_01,INTRA_FREQUENCY_HO_OUT_ATT,153.0,900,NRCell,Huawei
1696629600000,TAR015_01,INTRA_FREQUENCY_HO_OUT_SUCC,153.0,900,NRCell,Huawei
1696629600000,TAR015_01,RRC_SETUP_ATT,2179.0,900,NRCell,Huawei
1696629600000,TAR015_01,RRC_SETUP_SUCC,2178.0,900,NRCell,Huawei
1696629600000,TAR015_01,S1SIG_Connection_Setup_SR_DEN,2178.0,900,NRCell,Huawei
1696629600000,TAR015_01,S1SIG_Connection_Setup_SR_NUM,2177.0,900,NRCell,Huawei
1696629600000,TAR015_01,SERVICE_LATENCY_OVER_AIR_INTERFACE_DEN,528826.0,900,NRCell,Huawei
1696629600000,TAR015_01,SERVICE_LATENCY_OVER_AIR_INTERFACE_NUM,1563595.0,900,NRCell,Huawei
1696629600000,TAR015_01,VOICE_TRAFFIC,41821.0,900,NRCell,Huawei
1696629600000,TAR015_01,VOLTE_CALL_SETUP_ATT,47.0,900,NRCell,Huawei
1696629600000,TAR015_01,VOLTE_CALL_SETUP_SUCC,47.0,900,NRCell,Huawei
1696629600000,TOL034_01,DCR_DEN,217.0,900,NRCell,Huawei
1696629600000,TOL034_01,DCR_NUM,2.0,900,NRCell,Huawei
1696629600000,TOL034_01,DROP_CALL_VOLTE_DEN,2.0,900,NRCell,Huawei
1696629600000,TOL034_01,DROP_CALL_VOLTE_NUM,0.0,900,NRCell,Huawei
1696629600000,TOL034_01,ERAB_SR_DEN,208.0,900,NRCell,Huawei
1696629600000,TOL034_01,ERAB_SR_NUM,208.0,900,NRCell,Huawei
1696629600000,TOL034_01,INTEGRITY_NGBR_QCI_9,3029959984.0,900,NRCell,Huawei
1696629600000,TOL034_01,INTRA_FREQUENCY_HO_OUT_ATT,27.0,900,NRCell,Huawei
1696629600000,TOL034_01,INTRA_FREQUENCY_HO_OUT_SUCC,27.0,900,NRCell,Huawei
1696629600000,TOL034_01,RRC_SETUP_ATT,148.0,900,NRCell,Huawei
1696629600000,TOL034_01,RRC_SETUP_SUCC,146.0,900,NRCell,Huawei
1696629600000,TOL034_01,S1SIG_Connection_Setup_SR_DEN,146.0,900,NRCell,Huawei
1696629600000,TOL034_01,S1SIG_Connection_Setup_SR_NUM,146.0,900,NRCell,Huawei
1696629600000,TOL034_01,SERVICE_LATENCY_OVER_AIR_INTERFACE_DEN,71792.0,900,NRCell,Huawei
1696629600000,TOL034_01,SERVICE_LATENCY_OVER_AIR_INTERFACE_NUM,123946.0,900,NRCell,Huawei
1696629600000,TOL034_01,VOICE_TRAFFIC,1221.0,900,NRCell,Huawei
1696629600000,TOL034_01,VOLTE_CALL_SETUP_ATT,3.0,900,NRCell,Huawei
1696629600000,TOL034_01,VOLTE_CALL_SETUP_SUCC,3.0,900,NRCell,Huawei
1696629600000,VAL002_01,DCR_DEN,18.0,900,NRCell,Huawei
1696629600000,VAL002_01,DCR_NUM,0.0,900,NRCell,Huawei
1696629600000,VAL002_01,DROP_CALL_VOLTE_DEN,0.0,900,NRCell,Huawei
1696629600000,VAL002_01,DROP_CALL_VOLTE_NUM,0.0,900,NRCell,Huawei
1696629600000,VAL002_01,ERAB_SR_DEN,15.0,900,NRCell,Huawei
1696629600000,VAL002_01,ERAB_SR_NUM,15.0,900,NRCell,Huawei
1696629600000,VAL002_01,INTEGRITY_NGBR_QCI_9,249045808.0,900,NRCell,Huawei
1696629600000,VAL002_01,INTRA_FREQUENCY_HO_OUT_ATT,3.0,900,NRCell,Huawei
1696629600000,VAL002_01,INTRA_FREQUENCY_HO_OUT_SUCC,2.0,900,NRCell,Huawei
1696629600000,VAL002_01,RRC_SETUP_ATT,21.0,900,NRCell,Huawei
1696629600000,VAL002_01,RRC_SETUP_SUCC,21.0,900,NRCell,Huawei
1696629600000,VAL002_01,S1SIG_Connection_Setup_SR_DEN,21.0,900,NRCell,Huawei
1696629600000,VAL002_01,S1SIG_Connection_Setup_SR_NUM,21.0,900,NRCell,Huawei
1696629600000,VAL002_01,SERVICE_LATENCY_OVER_AIR_INTERFACE_DEN,1384.0,900,NRCell,Huawei
1696629600000,VAL002_01,SERVICE_LATENCY_OVER_AIR_INTERFACE_NUM,1643.0,900,NRCell,Huawei
1696629600000,VAL002_01,VOICE_TRAFFIC,109.0,900,NRCell,Huawei
1696629600000,VAL002_01,VOLTE_CALL_SETUP_ATT,0.0,900,NRCell,Huawei
1696629600000,VAL002_01,VOLTE_CALL_SETUP_SUCC,0.0,900,NRCell,Huawei
