startTime,neId,counterCode,counterValue,granularity,neType,vendorName
1696467600000,BCN014_01,DCR_DEN,3361.0,900,NRCell,Huawei
1696467600000,BCN014_01,DCR_NUM,5.0,900,NRCell,Huawei
1696467600000,BCN014_01,DROP_CALL_VOLTE_DEN,39.0,900,NRCell,Huawei
1696467600000,BCN014_01,DROP_CALL_VOLTE_NUM,0.0,900,NRCell,Huawei
1696467600000,BCN014_01,ERAB_SR_DEN,3285.0,900,NRCell,Huawei
1696467600000,BCN014_01,ERAB_SR_NUM,3285.0,900,NRCell,Huawei
1696467600000,BCN014_01,INTEGRITY_NGBR_QCI_9,15312338520.0,900,NRCell,Huawei
1696467600000,BCN014_01,INTRA_FREQUENCY_HO_OUT_ATT,259.0,900,NRCell,Huawei
1696467600000,BCN014_01,INTRA_FREQUENCY_HO_OUT_SUCC,259.0,900,NRCell,Huawei
1696467600000,BCN014_01,RRC_SETUP_ATT,1891.0,900,NRCell,Huawei
1696467600000,BCN014_01,RRC_SETUP_SUCC,1885.0,900,NRCell,Huawei
1696467600000,BCN014_01,S1SIG_Connection_Setup_SR_DEN,1885.0,900,NRCell,Huawei
1696467600000,BCN014_01,S1SIG_Connection_Setup_SR_NUM,1885.0,900,NRCell,Huawei
1696467600000,BCN014_01,SERVICE_LATENCY_OVER_AIR_INTERFACE_DEN,419115.0,900,NRCell,Huawei
1696467600000,BCN014_01,SERVICE_LATENCY_OVER_AIR_INTERFACE_NUM,1003159.0,900,NRCell,Huawei
1696467600000,BCN014_01,VOICE_TRAFFIC,26958.0,900,NRCell,Huawei
1696467600000,BCN014_01,VOLTE_CALL_SETUP_ATT,37.0,900,NRCell,Huawei
1696467600000,BCN014_01,VOLTE_CALL_SETUP_SUCC,37.0,900,NRCell,Huawei
1696467600000,BIL001_01,DCR_DEN,2676.0,900,NRCell,Huawei
1696467600000,BIL001_01,DCR_NUM,3.0,900,NRCell,Huawei
1696467600000,BIL001_01,DROP_CALL_VOLTE_DEN,27.0,900,NRCell,Huawei
1696467600000,BIL001_01,DROP_CALL_VOLTE_NUM,0.0,900,NRCell,Huawei
1696467600000,BIL001_01,ERAB_SR_DEN,2719.0,900,NRCell,Huawei
1696467600000,BIL001_01,ERAB_SR_NUM,2717.0,900,NRCell,Huawei
1696467600000,BIL001_01,INTEGRITY_NGBR_QCI_9,17889658480.0,900,NRCell,Huawei
1696467600000,BIL001_01,INTRA_FREQUENCY_HO_OUT_ATT,177.0,900,NRCell,Huawei
1696467600000,BIL001_01,INTRA_FREQUENCY_HO_OUT_SUCC,177.0,900,NRCell,Huawei
1696467600000,BIL001_01,RRC_SETUP_ATT,1554.0,900,NRCell,Huawei
1696467600000,BIL001_01,RRC_SETUP_SUCC,1543.0,900,NRCell,Huawei
1696467600000,BIL001_01,S1SIG_Connection_Setup_SR_DEN,1543.0,900,NRCell,Huawei
1696467600000,BIL001_01,S1SIG_Connection_Setup_SR_NUM,1540.0,900,NRCell,Huawei
1696467600000,BIL001_01,SERVICE_LATENCY_OVER_AIR_INTERFACE_DEN,444867.0,900,NRCell,Huawei
1696467600000,BIL001_01,SERVICE_LATENCY_OVER_AIR_INTERFACE_NUM,1065556.0,900,NRCell,Huawei
1696467600000,BIL001_01,VOICE_TRAFFIC,31702.0,900,NRCell,Huawei
1696467600000,BIL001_01,VOLTE_CALL_SETUP_ATT,26.0,900,NRCell,Huawei
1696467600000,BIL001_01,VOLTE_CALL_SETUP_SUCC,26.0,900,NRCell,Huawei
1696467600000,MAD033_01,DCR_DEN,1619.0,900,NRCell,Huawei
1696467600000,MAD033_01,DCR_NUM,0.0,900,NRCell,Huawei
1696467600000,MAD033_01,DROP_CALL_VOLTE_DEN,16.0,900,NRCell,Huawei
1696467600000,MAD033_01,DROP_CALL_VOLTE_NUM,0.0,900,NRCell,Huawei
1696467600000,MAD033_01,ERAB_SR_DEN,1650.0,900,NRCell,Huawei
1696467600000,MAD033_01,ERAB_SR_NUM,1650.0,900,NRCell,Huawei
1696467600000,MAD033_01,INTEGRITY_NGBR_QCI_9,6077018904.0,900,NRCell,Huawei
1696467600000,MAD033_01,INTRA_FREQUENCY_HO_OUT_ATT,182.0,900,NRCell,Huawei
1696467600000,MAD033_01,INTRA_FREQUENCY_HO_OUT_SUCC,182.0,900,NRCell,Huawei
1696467600000,MAD033_01,RRC_SETUP_ATT,1079.0,900,NRCell,Huawei
1696467600000,MAD033_01,RRC_SETUP_SUCC,1077.0,900,NRCell,Huawei
1696467600000,MAD033_01,S1SIG_Connection_Setup_SR_DEN,1077.0,900,NRCell,Huawei
1696467600000,MAD033_01,S1SIG_Connection_Setup_SR_NUM,1075.0,900,NRCell,Huawei
1696467600000,MAD033_01,SERVICE_LATENCY_OVER_AIR_INTERFACE_DEN,161589.0,900,NRCell,Huawei
1696467600000,MAD033_01,SERVICE_LATENCY_OVER_AIR_INTERFACE_NUM,281076.0,900,NRCell,Huawei
1696467600000,MAD033_01,VOICE_TRAFFIC,24856.0,900,NRCell,Huawei
1696467600000,MAD033_01,VOLTE_CALL_SETUP_ATT,12.0,900,NRCell,Huawei
1696467600000,MAD033_01,VOLTE_CALL_SETUP_SUCC,12.0,900,NRCell,Huawei
1696467600000,SAL030_01,DCR_DEN,185.0,900,NRCell,Huawei
1696467600000,SAL030_01,DCR_NUM,1.0,900,NRCell,Huawei
1696467600000,SAL030_01,DROP_CALL_VOLTE_DEN,2.0,900,NRCell,Huawei
1696467600000,SAL030_01,DROP_CALL_VOLTE_NUM,0.0,900,NRCell,Huawei
1696467600000,SAL030_01,ERAB_SR_DEN,156.0,900,NRCell,Huawei
1696467600000,SAL030_01,ERAB_SR_NUM,156.0,900,NRCell,Huawei
1696467600000,SAL030_01,INTEGRITY_NGBR_QCI_9,2735008656.0,900,NRCell,Huawei
1696467600000,SAL030_01,INTRA_FREQUENCY_HO_OUT_ATT,13.0,900,NRCell,Huawei
1696467600000,SAL030_01,INTRA_FREQUENCY_HO_OUT_SUCC,13.0,900,NRCell,Huawei
1696467600000,SAL030_01,RRC_SETUP_ATT,93.0,900,NRCell,Huawei
1696467600000,SAL030_01,RRC_SETUP_SUCC,93.0,900,NRCell,Huawei
1696467600000,SAL030_01,S1SIG_Connection_Setup_SR_DEN,93.0,900,NRCell,Huawei
1696467600000,SAL030_01,S1SIG_Connection_Setup_SR_NUM,93.0,900,NRCell,Huawei
1696467600000,SAL030_01,SERVICE_LATENCY_OVER_AIR_INTERFACE_DEN,53582.0,900,NRCell,Huawei
1696467600000,SAL030_01,SERVICE_LATENCY_OVER_AIR_INTERFACE_NUM,101443.0,900,NRCell,Huawei
1696467600000,SAL030_01,VOICE_TRAFFIC,1628.0,900,NRCell,Huawei
1696467600000,SAL030_01,VOLTE_CALL_SETUP_ATT,2.0,900,NRCell,Huawei
1696467600000,SAL030_01,VOLTE_CALL_SETUP_SUCC,2.0,900,NRCell,Huawei
1696467600000,SEV001_01,DCR_DEN,3473.0,900,NRCell,Huawei
1696467600000,SEV001_01,DCR_NUM,3.0,900,NRCell,Huawei
1696467600000,SEV001_01,DROP_CALL_VOLTE_DEN,31.0,900,NRCell,Huawei
1696467600000,SEV001_01,DROP_CALL_VOLTE_NUM,0.0,900,NRCell,Huawei
1696467600000,SEV001_01,ERAB_SR_DEN,3535.0,900,NRCell,Huawei
1696467600000,SEV001_01,ERAB_SR_NUM,3515.0,900,NRCell,Huawei
1696467600000,SEV001_01,INTEGRITY_NGBR_QCI_9,15265070976.0,900,NRCell,Huawei
1696467600000,SEV001_01,INTRA_FREQUENCY_HO_OUT_ATT,127.0,900,NRCell,Huawei
1696467600000,SEV001_01,INTRA_FREQUENCY_HO_OUT_SUCC,127.0,900,NRCell,Huawei
1696467600000,SEV001_01,RRC_SETUP_ATT,1933.0,900,NRCell,Huawei
1696467600000,SEV001_01,RRC_SETUP_SUCC,1918.0,900,NRCell,Huawei
1696467600000,SEV001_01,S1SIG_Connection_Setup_SR_DEN,1918.0,900,NRCell,Huawei
1696467600000,SEV001_01,S1SIG_Connection_Setup_SR_NUM,1918.0,900,NRCell,Huawei
1696467600000,SEV001_01,SERVICE_LATENCY_OVER_AIR_INTERFACE_DEN,655105.0,900,NRCell,Huawei
1696467600000,SEV001_01,SERVICE_LATENCY_OVER_AIR_INTERFACE_NUM,1734866.0,900,NRCell,Huawei
1696467600000,SEV001_01,VOICE_TRAFFIC,48848.0,900,NRCell,Huawei
1696467600000,SEV001_01,VOLTE_CALL_SETUP_ATT,30.0,900,NRCell,Huawei
1696467600000,SEV001_01,VOLTE_CALL_SETUP_SUCC,30.0,900,NRCell,Huawei
1696467600000,SNT002_01,DCR_DEN,1728.0,900,NRCell,Huawei
1696467600000,SNT002_01,DCR_NUM,0.0,900,NRCell,Huawei
1696467600000,SNT002_01,DROP_CALL_VOLTE_DEN,16.0,900,NRCell,Huawei
1696467600000,SNT002_01,DROP_CALL_VOLTE_NUM,0.0,900,NRCell,Huawei
1696467600000,SNT002_01,ERAB_SR_DEN,1773.0,900,NRCell,Huawei
1696467600000,SNT002_01,ERAB_SR_NUM,1772.0,900,NRCell,Huawei
1696467600000,SNT002_01,INTEGRITY_NGBR_QCI_9,8283338256.0,900,NRCell,Huawei
1696467600000,SNT002_01,INTRA_FREQUENCY_HO_OUT_ATT,136.0,900,NRCell,Huawei
1696467600000,SNT002_01,INTRA_FREQUENCY_HO_OUT_SUCC,136.0,900,NRCell,Huawei
1696467600000,SNT002_01,RRC_SETUP_ATT,1049.0,900,NRCell,Huawei
1696467600000,SNT002_01,RRC_SETUP_SUCC,1048.0,900,NRCell,Huawei
1696467600000,SNT002_01,S1SIG_Connection_Setup_SR_DEN,1048.0,900,NRCell,Huawei
1696467600000,SNT002_01,S1SIG_Connection_Setup_SR_NUM,1048.0,900,NRCell,Huawei
1696467600000,SNT002_01,SERVICE_LATENCY_OVER_AIR_INTERFACE_DEN,252381.0,900,NRCell,Huawei
1696467600000,SNT002_01,SERVICE_LATENCY_OVER_AIR_INTERFACE_NUM,374578.0,900,NRCell,Huawei
1696467600000,SNT002_01,VOICE_TRAFFIC,18636.0,900,NRCell,Huawei
1696467600000,SNT002_01,VOLTE_CALL_SETUP_ATT,20.0,900,NRCell,Huawei
1696467600000,SNT002_01,VOLTE_CALL_SETUP_SUCC,20.0,900,NRCell,Huawei
1696467600000,TAR015_01,DCR_DEN,4126.0,900,NRCell,Huawei
1696467600000,TAR015_01,DCR_NUM,5.0,900,NRCell,Huawei
1696467600000,TAR015_01,DROP_CALL_VOLTE_DEN,27.0,900,NRCell,Huawei
1696467600000,TAR015_01,DROP_CALL_VOLTE_NUM,0.0,900,NRCell,Huawei
1696467600000,TAR015_01,ERAB_SR_DEN,4105.0,900,NRCell,Huawei
1696467600000,TAR015_01,ERAB_SR_NUM,4101.0,900,NRCell,Huawei
1696467600000,TAR015_01,INTEGRITY_NGBR_QCI_9,14895612600.0,900,NRCell,Huawei
1696467600000,TAR015_01,INTRA_FREQUENCY_HO_OUT_ATT,196.0,900,NRCell,Huawei
1696467600000,TAR015_01,INTRA_FREQUENCY_HO_OUT_SUCC,195.0,900,NRCell,Huawei
1696467600000,TAR015_01,RRC_SETUP_ATT,2268.0,900,NRCell,Huawei
1696467600000,TAR015_01,RRC_SETUP_SUCC,2266.0,900,NRCell,Huawei
1696467600000,TAR015_01,S1SIG_Connection_Setup_SR_DEN,2266.0,900,NRCell,Huawei
1696467600000,TAR015_01,S1SIG_Connection_Setup_SR_NUM,2266.0,900,NRCell,Huawei
1696467600000,TAR015_01,SERVICE_LATENCY_OVER_AIR_INTERFACE_DEN,702525.0,900,NRCell,Huawei
1696467600000,TAR015_01,SERVICE_LATENCY_OVER_AIR_INTERFACE_NUM,2074035.0,900,NRCell,Huawei
1696467600000,TAR015_01,VOICE_TRAFFIC,80132.0,900,NRCell,Huawei
1696467600000,TAR015_01,VOLTE_CALL_SETUP_ATT,31.0,900,NRCell,Huawei
1696467600000,TAR015_01,VOLTE_CALL_SETUP_SUCC,31.0,900,NRCell,Huawei
1696467600000,TOL034_01,DCR_DEN,195.0,900,NRCell,Huawei
1696467600000,TOL034_01,DCR_NUM,0.0,900,NRCell,Huawei
1696467600000,TOL034_01,DROP_CALL_VOLTE_DEN,1.0,900,NRCell,Huawei
1696467600000,TOL034_01,DROP_CALL_VOLTE_NUM,0.0,900,NRCell,Huawei
1696467600000,TOL034_01,ERAB_SR_DEN,218.0,900,NRCell,Huawei
1696467600000,TOL034_01,ERAB_SR_NUM,218.0,900,NRCell,Huawei
1696467600000,TOL034_01,INTEGRITY_NGBR_QCI_9,3260550064.0,900,NRCell,Huawei
1696467600000,TOL034_01,INTRA_FREQUENCY_HO_OUT_ATT,15.0,900,NRCell,Huawei
1696467600000,TOL034_01,INTRA_FREQUENCY_HO_OUT_SUCC,15.0,900,NRCell,Huawei
1696467600000,TOL034_01,RRC_SETUP_ATT,124.0,900,NRCell,Huawei
1696467600000,TOL034_01,RRC_SETUP_SUCC,124.0,900,NRCell,Huawei
1696467600000,TOL034_01,S1SIG_Connection_Setup_SR_DEN,124.0,900,NRCell,Huawei
1696467600000,TOL034_01,S1SIG_Connection_Setup_SR_NUM,123.0,900,NRCell,Huawei
1696467600000,TOL034_01,SERVICE_LATENCY_OVER_AIR_INTERFACE_DEN,102737.0,900,NRCell,Huawei
1696467600000,TOL034_01,SERVICE_LATENCY_OVER_AIR_INTERFACE_NUM,148902.0,900,NRCell,Huawei
1696467600000,TOL034_01,VOICE_TRAFFIC,843.0,900,NRCell,Huawei
1696467600000,TOL034_01,VOLTE_CALL_SETUP_ATT,1.0,900,NRCell,Huawei
1696467600000,TOL034_01,VOLTE_CALL_SETUP_SUCC,1.0,900,NRCell,Huawei
1696467600000,VAL002_01,DCR_DEN,44.0,900,NRCell,Huawei
1696467600000,VAL002_01,DCR_NUM,4.0,900,NRCell,Huawei
1696467600000,VAL002_01,DROP_CALL_VOLTE_DEN,0.0,900,NRCell,Huawei
1696467600000,VAL002_01,DROP_CALL_VOLTE_NUM,0.0,900,NRCell,Huawei
1696467600000,VAL002_01,ERAB_SR_DEN,36.0,900,NRCell,Huawei
1696467600000,VAL002_01,ERAB_SR_NUM,36.0,900,NRCell,Huawei
1696467600000,VAL002_01,INTEGRITY_NGBR_QCI_9,1632950392.0,900,NRCell,Huawei
1696467600000,VAL002_01,INTRA_FREQUENCY_HO_OUT_ATT,6.0,900,NRCell,Huawei
1696467600000,VAL002_01,INTRA_FREQUENCY_HO_OUT_SUCC,6.0,900,NRCell,Huawei
1696467600000,VAL002_01,RRC_SETUP_ATT,25.0,900,NRCell,Huawei
1696467600000,VAL002_01,RRC_SETUP_SUCC,25.0,900,NRCell,Huawei
1696467600000,VAL002_01,S1SIG_Connection_Setup_SR_DEN,25.0,900,NRCell,Huawei
1696467600000,VAL002_01,S1SIG_Connection_Setup_SR_NUM,25.0,900,NRCell,Huawei
1696467600000,VAL002_01,SERVICE_LATENCY_OVER_AIR_INTERFACE_DEN,32350.0,900,NRCell,Huawei
1696467600000,VAL002_01,SERVICE_LATENCY_OVER_AIR_INTERFACE_NUM,42388.0,900,NRCell,Huawei
1696467600000,VAL002_01,VOICE_TRAFFIC,355.0,900,NRCell,Huawei
1696467600000,VAL002_01,VOLTE_CALL_SETUP_ATT,0.0,900,NRCell,Huawei
1696467600000,VAL002_01,VOLTE_CALL_SETUP_SUCC,0.0,900,NRCell,Huawei
