startTime,neId,counterCode,counterValue,granularity,neType,vendorName
1696464900000,BCN014_01,DCR_DEN,3366.0,900,NRCell,Huawei
1696464900000,BCN014_01,DCR_NUM,3.0,900,NRCell,Huawei
1696464900000,BCN014_01,DROP_CALL_VOLTE_DEN,29.0,900,NRCell,Huawei
1696464900000,BCN014_01,DROP_CALL_VOLTE_NUM,0.0,900,NRCell,Huawei
1696464900000,BCN014_01,ERAB_SR_DEN,3345.0,900,NRCell,Huawei
1696464900000,BCN014_01,ERAB_SR_NUM,3338.0,900,NRCell,Huawei
1696464900000,BCN014_01,INTEGRITY_NGBR_QCI_9,13230695088.0,900,NRCell,Huawei
1696464900000,BCN014_01,INTRA_FREQUENCY_HO_OUT_ATT,243.0,900,NRCell,Huawei
1696464900000,BCN014_01,INTRA_FREQUENCY_HO_OUT_SUCC,243.0,900,NRCell,Huawei
1696464900000,BCN014_01,RRC_SETUP_ATT,1903.0,900,NRCell,Huawei
1696464900000,BCN014_01,RRC_SETUP_SUCC,1900.0,900,NRCell,Huawei
1696464900000,BCN014_01,S1SIG_Connection_Setup_SR_DEN,1900.0,900,NRCell,Huawei
1696464900000,BCN014_01,S1SIG_Connection_Setup_SR_NUM,1900.0,900,NRCell,Huawei
1696464900000,BCN014_01,SERVICE_LATENCY_OVER_AIR_INTERFACE_DEN,379892.0,900,NRCell,Huawei
1696464900000,BCN014_01,SERVICE_LATENCY_OVER_AIR_INTERFACE_NUM,839919.0,900,NRCell,Huawei
1696464900000,BCN014_01,VOICE_TRAFFIC,29158.0,900,NRCell,Huawei
1696464900000,BCN014_01,VOLTE_CALL_SETUP_ATT,24.0,900,NRCell,Huawei
1696464900000,BCN014_01,VOLTE_CALL_SETUP_SUCC,24.0,900,NRCell,Huawei
1696464900000,BIL001_01,DCR_DEN,2908.0,900,NRCell,Huawei
1696464900000,BIL001_01,DCR_NUM,0.0,900,NRCell,Huawei
1696464900000,BIL001_01,DROP_CALL_VOLTE_DEN,21.0,900,NRCell,Huawei
1696464900000,BIL001_01,DROP_CALL_VOLTE_NUM,0.0,900,NRCell,Huawei
1696464900000,BIL001_01,ERAB_SR_DEN,2932.0,900,NRCell,Huawei
1696464900000,BIL001_01,ERAB_SR_NUM,2931.0,900,NRCell,Huawei
1696464900000,BIL001_01,INTEGRITY_NGBR_QCI_9,16067191248.0,900,NRCell,Huawei
1696464900000,BIL001_01,INTRA_FREQUENCY_HO_OUT_ATT,237.0,900,NRCell,Huawei
1696464900000,BIL001_01,INTRA_FREQUENCY_HO_OUT_SUCC,237.0,900,NRCell,Huawei
1696464900000,BIL001_01,RRC_SETUP_ATT,1716.0,900,NRCell,Huawei
1696464900000,BIL001_01,RRC_SETUP_SUCC,1706.0,900,NRCell,Huawei
1696464900000,BIL001_01,S1SIG_Connection_Setup_SR_DEN,1706.0,900,NRCell,Huawei
1696464900000,BIL001_01,S1SIG_Connection_Setup_SR_NUM,1706.0,900,NRCell,Huawei
1696464900000,BIL001_01,SERVICE_LATENCY_OVER_AIR_INTERFACE_DEN,532092.0,900,NRCell,Huawei
1696464900000,BIL001_01,SERVICE_LATENCY_OVER_AIR_INTERFACE_NUM,962381.0,900,NRCell,Huawei
1696464900000,BIL001_01,VOICE_TRAFFIC,36151.0,900,NRCell,Huawei
1696464900000,BIL001_01,VOLTE_CALL_SETUP_ATT,18.0,900,NRCell,Huawei
1696464900000,BIL001_01,VOLTE_CALL_SETUP_SUCC,18.0,900,NRCell,Huawei
1696464900000,MAD033_01,DCR_DEN,2162.0,900,NRCell,Huawei
1696464900000,MAD033_01,DCR_NUM,3.0,900,NRCell,Huawei
1696464900000,MAD033_01,DROP_CALL_VOLTE_DEN,18.0,900,NRCell,Huawei
1696464900000,MAD033_01,DROP_CALL_VOLTE_NUM,0.0,900,NRCell,Huawei
1696464900000,MAD033_01,ERAB_SR_DEN,2168.0,900,NRCell,Huawei
1696464900000,MAD033_01,ERAB_SR_NUM,2161.0,900,NRCell,Huawei
1696464900000,MAD033_01,INTEGRITY_NGBR_QCI_9,7665104312.0,900,NRCell,Huawei
1696464900000,MAD033_01,INTRA_FREQUENCY_HO_OUT_ATT,189.0,900,NRCell,Huawei
1696464900000,MAD033_01,INTRA_FREQUENCY_HO_OUT_SUCC,189.0,900,NRCell,Huawei
1696464900000,MAD033_01,RRC_SETUP_ATT,1307.0,900,NRCell,Huawei
1696464900000,MAD033_01,RRC_SETUP_SUCC,1298.0,900,NRCell,Huawei
1696464900000,MAD033_01,S1SIG_Connection_Setup_SR_DEN,1298.0,900,NRCell,Huawei
1696464900000,MAD033_01,S1SIG_Connection_Setup_SR_NUM,1298.0,900,NRCell,Huawei
1696464900000,MAD033_01,SERVICE_LATENCY_OVER_AIR_INTERFACE_DEN,216871.0,900,NRCell,Huawei
1696464900000,MAD033_01,SERVICE_LATENCY_OVER_AIR_INTERFACE_NUM,383897.0,900,NRCell,Huawei
1696464900000,MAD033_01,VOICE_TRAFFIC,33994.0,900,NRCell,Huawei
1696464900000,MAD033_01,VOLTE_CALL_SETUP_ATT,23.0,900,NRCell,Huawei
1696464900000,MAD033_01,VOLTE_CALL_SETUP_SUCC,22.0,900,NRCell,Huawei
1696464900000,SAL030_01,DCR_DEN,349.0,900,NRCell,Huawei
1696464900000,SAL030_01,DCR_NUM,8.0,900,NRCell,Huawei
1696464900000,SAL030_01,DROP_CALL_VOLTE_DEN,1.0,900,NRCell,Huawei
1696464900000,SAL030_01,DROP_CALL_VOLTE_NUM,1.0,900,NRCell,Huawei
1696464900000,SAL030_01,ERAB_SR_DEN,352.0,900,NRCell,Huawei
1696464900000,SAL030_01,ERAB_SR_NUM,347.0,900,NRCell,Huawei
1696464900000,SAL030_01,INTEGRITY_NGBR_QCI_9,4939480896.0,900,NRCell,Huawei
1696464900000,SAL030_01,INTRA_FREQUENCY_HO_OUT_ATT,14.0,900,NRCell,Huawei
1696464900000,SAL030_01,INTRA_FREQUENCY_HO_OUT_SUCC,14.0,900,NRCell,Huawei
1696464900000,SAL030_01,RRC_SETUP_ATT,204.0,900,NRCell,Huawei
1696464900000,SAL030_01,RRC_SETUP_SUCC,204.0,900,NRCell,Huawei
1696464900000,SAL030_01,S1SIG_Connection_Setup_SR_DEN,204.0,900,NRCell,Huawei
1696464900000,SAL030_01,S1SIG_Connection_Setup_SR_NUM,204.0,900,NRCell,Huawei
1696464900000,SAL030_01,SERVICE_LATENCY_OVER_AIR_INTERFACE_DEN,61866.0,900,NRCell,Huawei
1696464900000,SAL030_01,SERVICE_LATENCY_OVER_AIR_INTERFACE_NUM,93599.0,900,NRCell,Huawei
1696464900000,SAL030_01,VOICE_TRAFFIC,6739.0,900,NRCell,Huawei
1696464900000,SAL030_01,VOLTE_CALL_SETUP_ATT,3.0,900,NRCell,Huawei
1696464900000,SAL030_01,VOLTE_CALL_SETUP_SUCC,1.0,900,NRCell,Huawei
1696464900000,SEV001_01,DCR_DEN,3890.0,900,NRCell,Huawei
1696464900000,SEV001_01,DCR_NUM,15.0,900,NRCell,Huawei
1696464900000,SEV001_01,DROP_CALL_VOLTE_DEN,33.0,900,NRCell,Huawei
1696464900000,SEV001_01,DROP_CALL_VOLTE_NUM,1.0,900,NRCell,Huawei
1696464900000,SEV001_01,ERAB_SR_DEN,3923.0,900,NRCell,Huawei
1696464900000,SEV001_01,ERAB_SR_NUM,3916.0,900,NRCell,Huawei
1696464900000,SEV001_01,INTEGRITY_NGBR_QCI_9,18101110144.0,900,NRCell,Huawei
1696464900000,SEV001_01,INTRA_FREQUENCY_HO_OUT_ATT,173.0,900,NRCell,Huawei
1696464900000,SEV001_01,INTRA_FREQUENCY_HO_OUT_SUCC,173.0,900,NRCell,Huawei
1696464900000,SEV001_01,RRC_SETUP_ATT,2146.0,900,NRCell,Huawei
1696464900000,SEV001_01,RRC_SETUP_SUCC,2140.0,900,NRCell,Huawei
1696464900000,SEV001_01,S1SIG_Connection_Setup_SR_DEN,2140.0,900,NRCell,Huawei
1696464900000,SEV001_01,S1SIG_Connection_Setup_SR_NUM,2140.0,900,NRCell,Huawei
1696464900000,SEV001_01,SERVICE_LATENCY_OVER_AIR_INTERFACE_DEN,690530.0,900,NRCell,Huawei
1696464900000,SEV001_01,SERVICE_LATENCY_OVER_AIR_INTERFACE_NUM,4372413.0,900,NRCell,Huawei
1696464900000,SEV001_01,VOICE_TRAFFIC,51715.0,900,NRCell,Huawei
1696464900000,SEV001_01,VOLTE_CALL_SETUP_ATT,36.0,900,NRCell,Huawei
1696464900000,SEV001_01,VOLTE_CALL_SETUP_SUCC,35.0,900,NRCell,Huawei
1696464900000,SNT002_01,DCR_DEN,1955.0,900,NRCell,Huawei
1696464900000,SNT002_01,DCR_NUM,0.0,900,NRCell,Huawei
1696464900000,SNT002_01,DROP_CALL_VOLTE_DEN,14.0,900,NRCell,Huawei
1696464900000,SNT002_01,DROP_CALL_VOLTE_NUM,0.0,900,NRCell,Huawei
1696464900000,SNT002_01,ERAB_SR_DEN,1955.0,900,NRCell,Huawei
1696464900000,SNT002_01,ERAB_SR_NUM,1955.0,900,NRCell,Huawei
1696464900000,SNT002_01,INTEGRITY_NGBR_QCI_9,10770233312.0,900,NRCell,Huawei
1696464900000,SNT002_01,INTRA_FREQUENCY_HO_OUT_ATT,150.0,900,NRCell,Huawei
1696464900000,SNT002_01,INTRA_FREQUENCY_HO_OUT_SUCC,150.0,900,NRCell,Huawei
1696464900000,SNT002_01,RRC_SETUP_ATT,1113.0,900,NRCell,Huawei
1696464900000,SNT002_01,RRC_SETUP_SUCC,1111.0,900,NRCell,Huawei
1696464900000,SNT002_01,S1SIG_Connection_Setup_SR_DEN,1111.0,900,NRCell,Huawei
1696464900000,SNT002_01,S1SIG_Connection_Setup_SR_NUM,1111.0,900,NRCell,Huawei
1696464900000,SNT002_01,SERVICE_LATENCY_OVER_AIR_INTERFACE_DEN,264053.0,900,NRCell,Huawei
1696464900000,SNT002_01,SERVICE_LATENCY_OVER_AIR_INTERFACE_NUM,402412.0,900,NRCell,Huawei
1696464900000,SNT002_01,VOICE_TRAFFIC,10573.0,900,NRCell,Huawei
1696464900000,SNT002_01,VOLTE_CALL_SETUP_ATT,16.0,900,NRCell,Huawei
1696464900000,SNT002_01,VOLTE_CALL_SETUP_SUCC,16.0,900,NRCell,Huawei
1696464900000,TAR015_01,DCR_DEN,4523.0,900,NRCell,Huawei
1696464900000,TAR015_01,DCR_NUM,10.0,900,NRCell,Huawei
1696464900000,TAR015_01,DROP_CALL_VOLTE_DEN,29.0,900,NRCell,Huawei
1696464900000,TAR015_01,DROP_CALL_VOLTE_NUM,0.0,900,NRCell,Huawei
1696464900000,TAR015_01,ERAB_SR_DEN,4504.0,900,NRCell,Huawei
1696464900000,TAR015_01,ERAB_SR_NUM,4496.0,900,NRCell,Huawei
1696464900000,TAR015_01,INTEGRITY_NGBR_QCI_9,17120775880.0,900,NRCell,Huawei
1696464900000,TAR015_01,INTRA_FREQUENCY_HO_OUT_ATT,192.0,900,NRCell,Huawei
1696464900000,TAR015_01,INTRA_FREQUENCY_HO_OUT_SUCC,191.0,900,NRCell,Huawei
1696464900000,TAR015_01,RRC_SETUP_ATT,2430.0,900,NRCell,Huawei
1696464900000,TAR015_01,RRC_SETUP_SUCC,2426.0,900,NRCell,Huawei
1696464900000,TAR015_01,S1SIG_Connection_Setup_SR_DEN,2426.0,900,NRCell,Huawei
1696464900000,TAR015_01,S1SIG_Connection_Setup_SR_NUM,2425.0,900,NRCell,Huawei
1696464900000,TAR015_01,SERVICE_LATENCY_OVER_AIR_INTERFACE_DEN,435601.0,900,NRCell,Huawei
1696464900000,TAR015_01,SERVICE_LATENCY_OVER_AIR_INTERFACE_NUM,1626462.0,900,NRCell,Huawei
1696464900000,TAR015_01,VOICE_TRAFFIC,24305.0,900,NRCell,Huawei
1696464900000,TAR015_01,VOLTE_CALL_SETUP_ATT,31.0,900,NRCell,Huawei
1696464900000,TAR015_01,VOLTE_CALL_SETUP_SUCC,30.0,900,NRCell,Huawei
1696464900000,TOL034_01,DCR_DEN,247.0,900,NRCell,Huawei
1696464900000,TOL034_01,DCR_NUM,0.0,900,NRCell,Huawei
1696464900000,TOL034_01,DROP_CALL_VOLTE_DEN,1.0,900,NRCell,Huawei
1696464900000,TOL034_01,DROP_CALL_VOLTE_NUM,0.0,900,NRCell,Huawei
1696464900000,TOL034_01,ERAB_SR_DEN,249.0,900,NRCell,Huawei
1696464900000,TOL034_01,ERAB_SR_NUM,249.0,900,NRCell,Huawei
1696464900000,TOL034_01,INTEGRITY_NGBR_QCI_9,3702304488.0,900,NRCell,Huawei
1696464900000,TOL034_01,INTRA_FREQUENCY_HO_OUT_ATT,10.0,900,NRCell,Huawei
1696464900000,TOL034_01,INTRA_FREQUENCY_HO_OUT_SUCC,10.0,900,NRCell,Huawei
1696464900000,TOL034_01,RRC_SETUP_ATT,152.0,900,NRCell,Huawei
1696464900000,TOL034_01,RRC_SETUP_SUCC,149.0,900,NRCell,Huawei
1696464900000,TOL034_01,S1SIG_Connection_Setup_SR_DEN,149.0,900,NRCell,Huawei
1696464900000,TOL034_01,S1SIG_Connection_Setup_SR_NUM,149.0,900,NRCell,Huawei
1696464900000,TOL034_01,SERVICE_LATENCY_OVER_AIR_INTERFACE_DEN,75077.0,900,NRCell,Huawei
1696464900000,TOL034_01,SERVICE_LATENCY_OVER_AIR_INTERFACE_NUM,110640.0,900,NRCell,Huawei
1696464900000,TOL034_01,VOICE_TRAFFIC,6967.0,900,NRCell,Huawei
1696464900000,TOL034_01,VOLTE_CALL_SETUP_ATT,0.0,900,NRCell,Huawei
1696464900000,TOL034_01,VOLTE_CALL_SETUP_SUCC,0.0,900,NRCell,Huawei
1696464900000,VAL002_01,DCR_DEN,139.0,900,NRCell,Huawei
1696464900000,VAL002_01,DCR_NUM,0.0,900,NRCell,Huawei
1696464900000,VAL002_01,DROP_CALL_VOLTE_DEN,1.0,900,NRCell,Huawei
1696464900000,VAL002_01,DROP_CALL_VOLTE_NUM,0.0,900,NRCell,Huawei
1696464900000,VAL002_01,ERAB_SR_DEN,127.0,900,NRCell,Huawei
1696464900000,VAL002_01,ERAB_SR_NUM,127.0,900,NRCell,Huawei
1696464900000,VAL002_01,INTEGRITY_NGBR_QCI_9,1117775168.0,900,NRCell,Huawei
1696464900000,VAL002_01,INTRA_FREQUENCY_HO_OUT_ATT,10.0,900,NRCell,Huawei
1696464900000,VAL002_01,INTRA_FREQUENCY_HO_OUT_SUCC,10.0,900,NRCell,Huawei
1696464900000,VAL002_01,RRC_SETUP_ATT,74.0,900,NRCell,Huawei
1696464900000,VAL002_01,RRC_SETUP_SUCC,74.0,900,NRCell,Huawei
1696464900000,VAL002_01,S1SIG_Connection_Setup_SR_DEN,74.0,900,NRCell,Huawei
1696464900000,VAL002_01,S1SIG_Connection_Setup_SR_NUM,74.0,900,NRCell,Huawei
1696464900000,VAL002_01,SERVICE_LATENCY_OVER_AIR_INTERFACE_DEN,31794.0,900,NRCell,Huawei
1696464900000,VAL002_01,SERVICE_LATENCY_OVER_AIR_INTERFACE_NUM,47603.0,900,NRCell,Huawei
1696464900000,VAL002_01,VOICE_TRAFFIC,754.0,900,NRCell,Huawei
1696464900000,VAL002_01,VOLTE_CALL_SETUP_ATT,0.0,900,NRCell,Huawei
1696464900000,VAL002_01,VOLTE_CALL_SETUP_SUCC,0.0,900,NRCell,Huawei
